ref,greek,lemma,pos,didakta,rel,syn,line,didakta_1,didakta_2,didakta_3,didakta_4
2274106.1,μῆνις,μῆνιν,n-s---fa-,AccObj.,2274106.2,OBJ,Ref=1.1,AccObj.,,,
2274106.2,ἀείδω,ἄειδε,v2spma---,PresNoni. | ImprComm. | Act.,2274106.32,PRED_CO,Ref=1.1,PresNoni.,ImprComm.,Act.,
2274106.3,θεά,θεά,n-s---fv-,Voc. ,2274106.2,ExD,Ref=1.1,Voc.,,,
2274106.4,Πηληιάδης,Πηληϊάδεω,n-s---mg-,Agr.,2274106.5,ATR,Ref=1.1,Agr.,,,
2274106.5,Ἀχιλλεύς,Ἀχιλῆος,n-s---mg-,GenSubj. ,2274106.1,ATR,Ref=1.1,GenSubj.,,,
2274106.6,οὐλόμενος,οὐλομένην,a-s---fa-,Agr.,2274106.1,ATR,Ref=1.2|SpaceAfter=No,Agr.,,,
,,,,,,,Ref=1.2,,,,
2274106.6,ὅς,ἣ,p-s---fn-,NomSubj. ,2274106.23,SBJ,Ref=1.2,NomSubj.,,,
2274106.9,μυρίος,μυρί’,a-p---na-,Agr.,2274106.11,ATR,Ref=1.2,Agr.,,,
2274106.1,Ἀχαιός,Ἀχαιοῖς,a-p---md-,DatVerb. ,2274106.12,OBJ,Ref=1.2,DatVerb.,,,
2274106.11,ἄλγος,ἄλγε’,n-p---na-,AccObj. ,2274106.12,OBJ,Ref=1.2,AccObj.,,,
2274106.12,τίθημι,ἔθηκε,v3saia---,Aor. | Ind. | Act.,2274106.23,ATR_CO,Ref=1.2|SpaceAfter=No,Aor.,Ind.,Act.,
2274106.14,πολύς,πολλάς,a-p---fa-,,2274106.17,ATR,Ref=1.2,,,,
2274106.15,δέ,δ’,g--------,Agr.,2274106.23,AuxY,Ref=1.3,Agr.,,,
2274106.16,ἴφθιμος,ἰφθίμους,a-p---ma-,,2274106.17,ATR,Ref=1.3,,,,
2274106.17,ψυχή,ψυχάς,n-p---fa-,Agr.,2274106.19,OBJ,Ref=1.3,Agr.,,,
2274106.18,Ἅιδης,Ἄϊδι,n-s---md-,AccObj. ,2274106.19,OBJ,Ref=1.3,AccObj.,,,
2274106.19,προιάπτω,προΐαψεν,v3saia---,DatVerb.,2274106.23,ATR_CO,Ref=1.3,DatVerb.,,,
2274106.2,ἥρως,ἡρώων,n-p---mg-,Aor. | Ind. | Act.,,ATR,Ref=1.3,Aor.,Ind.,Act.,
,,,,GenPos. ,,,Ref=1.4|SpaceAfter=No,GenPos.,,,
,,,,,,,Ref=1.4,,,,
2274106.22,αὐτός,αὐτούς,a-p---ma-,AccObj.,2274106.25,OBJ,Ref=1.4,AccObj.,,,
2274106.23,δέ,δέ,g--------,,2274106.1,COORD,Ref=1.4,,,,
2274106.24,ἑλώριον,ἑλώρια,n-p---na-,AccDoubl. ,2274106.25,OCOMP,Ref=1.4,AccDoubl.,,,
2274106.25,τεύχω,τεῦχε,v3siia---,ImpfCons. | Ind.| Act.,2274106.23,ATR_CO,Ref=1.4,ImpfCons.,Ind.,Act.,
2274106.26,κύων,κύνεσσιν,n-p---md-,DatVerb.,2274106.28,OBJ_CO,Ref=1.4,DatVerb.,,,
2274106.27,οἰωνός,οἰωνοῖσί,n-p---md-,DatVerb.,2274106.28,OBJ_CO,Ref=1.5,DatVerb.,,,
2274106.28,τε,τε,g--------,,2274106.25,COORD,Ref=1.5,,,,
2274106.29,πᾶς,πᾶσι,a-p---md-,Agr.,2274106.27,ATR,Ref=1.5|SpaceAfter=No,Agr.,,,
,,,,,,,Ref=1.5,,,,
2274106.31,Ζεύς,Διός,n-s---mg-,GenPos. ,2274106.34,ATR,Ref=1.5,GenPos.,,,
2274106.32,δέ,δ’,g--------,,2274106.0,COORD,Ref=1.5,,,,
2274106.33,τελέω,ἐτελείετο,v3siie---,Impf. | Ind. | MidSpon.,2274106.32,PRED_CO,Ref=1.5,Impf.,Ind.,MidSpon.,
2274106.34,βουλή,βουλή,n-s---fn-,NomSubj.,2274106.33,SBJ,Ref=1.5|SpaceAfter=No,NomSubj.,,,
,,,,,,,Ref=1.5,,,,
2274106.36,ἐκ,ἐξ,r--------,,2274106.41,AuxP,Ref=1.6,,,,
2274106.36,ὅς,οὗ,p-s---mg-,GBP,2274106.36,ADV,Ref=1.6,GBP,,,
2274106.38,δή,δή,g--------,,2274106.41,AuxY,Ref=1.6,,,,
2274106.38,ὁ,τὰ,l-p---na-,,2274106.4,ATR,Ref=1.6,,,,
2274106.4,πρῶτος,πρῶτα,a-p---na-,AccAdv. ,2274106.41,ADV,Ref=1.6,AccAdv.,,,
2274106.41,διίστημι,διαστήτην,v3daia---,Aor. | Ind.| Act.,2274106.33,ADV,Ref=1.6,Aor.,Ind.,Act.,
2274106.42,ἐρίζω,ἐρίσαντε,v-dapamn-,AorNoni. | PartCirc. | Act. | Agr.,2274106.41,ADV,Ref=1.6,AorNoni.,PartCirc.,Act.,Agr.
2274106.43,Ἀτρείδης,Ἀτρεΐδης,n-s---mn-,NomSubj.,2274106.47,SBJ_CO,Ref=1.7,NomSubj.,,,
2274106.44,τε,τε,g--------,,2274106.47,AuxY,Ref=1.7,,,,
2274106.45,ἄναξ,ἄναξ,n-s---mn-,Agr.,2274106.43,ATR,Ref=1.7,Agr.,,,
2274106.46,ἀνήρ,ἀνδρῶν,n-p---mg-,GenObj. ,2274106.45,ATR,Ref=1.7,GenObj.,,,
2274106.47,καί,καί,c--------,,2274106.41,COORD,Ref=1.7,,,,
2274106.48,δῖος,δῖος,a-s---mn-,Agr.,2274106.49,ATR,Ref=1.7,Agr.,,,
2274106.49,Ἀχιλλεύς,Ἀχιλλεύς,n-s---mn-,NomSubj.,2274106.47,SBJ_CO,Ref=1.7|SpaceAfter=No,NomSubj.,,,
,,,,,,,Ref=1.7,,,,
,,,,,,,,,,,
,,,,,,,,,,,
,,,,,,,,,,,
,,,,,,,,,,,
2274106.49,τίς,τίς,x--------,,2274107.7,SBJ,Ref=1.8,,,,
2274107.2,τε,τ’,g--------,,2274107.7,AuxY,Ref=1.8,,,,
2274107.2,ἄρα,ἄρ,g--------,,2274107.7,AuxY,Ref=1.8,,,,
2274107.2,σφεῖς,σφωε,p-d---ma-,AccObj. ,2274107.7,OBJ,Ref=1.8,AccObj.,,,
2274107.5,θεός,θεῶν,n-p---mg-,GenPart.,2274107.1,ATR,Ref=1.8,GenPart.,,,
2274107.6,ἔρις,ἔριδι,n-s---fd-,DatMean.,2274107.8,ADV,Ref=1.8,DatMean.,,,
2274107.7,συνίημι,ξυνέηκε,v3saia---,Aor. | Ind. | Act.,2274107.0,PRED,Ref=1.8,Aor.,Ind.,Act.,
2274107.8,μάχομαι,μάχεσθαι,v--pne---,PresNoni. | InfDyn. | MidRecip. ,2274107.7,ADV,Ref=1.8|SpaceAfter=No,PresNoni.,InfDyn.,MidRecip.,
,,,,,,,Ref=1.8,,,,
,,,,,,,,,,,
,,,,,,,,,,,
,,,,,,,,,,,
,,,,,,,,,,,
,,,,,,,_,,,,
2274108.1,Λητώ,Λητοῦς,n-s---fg-,GenPos. ,2274108.2,ATR_CO,Ref=1.9,GenPos.,,,
2274108.2,καί,καί,c--------,,2274108.4,COORD,Ref=1.9,,,,
2274108.3,Ζεύς,Διός,n-s---mg-,GenPos.  ,2274108.2,ATR_CO,Ref=1.9,GenPos.,,,
2274108.4,υἱός,υἱός,n-s---mn-,NomInd.,2274108.6,SBJ,Ref=1.9|SpaceAfter=No,NomInd.,,,
,,,,,,,Ref=1.9,,,,
,,,,,,,,,,,
,,,,,,,,,,,
,,,,,,,,,,,
,,,,,,,,,,,
2274108.4,ὁ,ὃ,p-s---mn-,NomSubj.,2274109.8,SBJ,Ref=1.9,NomSubj.,,,
2274109.2,γάρ,γάρ,g--------,,2274109.8,AuxY,Ref=1.9,,,,
2274109.3,βασιλεύς,βασιλῆϊ,n-s---md-,DatCaus.,2274109.4,OBJ,Ref=1.9,DatCaus.,,,
2274109.4,χολόω,χολωθείς,v-sappmn-,AorNoni. | PartCirc. | Pass. | Agr.,2274109.8,ADV,Ref=1.9,AorNoni.,PartCirc.,Pass.,Agr.
2274109.5,νόσος,νοῦσον,n-s---fa-,AccObj. ,2274109.8,OBJ,Ref=1.10,AccObj.,,,
2274109.6,ἀνά,ἀνά,r--------,Prep4.,2274109.8,AuxP,Ref=1.10,Prep4.,,,
2274109.7,στρατός,στρατόν,n-s---ma-,GBP,2274109.6,OBJ,Ref=1.10,GBP,,,
2274109.8,ὄρνυμι,ὄρσε,v3saia---,Aor. | Ind.| Act.,2274109.12,PRED_CO,Ref=1.10,Aor.,Ind.,Act.,
2274109.9,κακός,κακήν,a-s---fa-,Agr.,2274109.5,ATR,Ref=1.10|SpaceAfter=No,Agr.,,,
,,,,,,,Ref=1.10,,,,
2274109.11,ὀλέκω,ὀλέκοντο,v3piie---,ImpfCons. | Ind. | Pass. ,2274109.12,PRED_CO,Ref=1.10,ImpfCons.,Ind.,Pass.,
2274109.12,δέ,δέ,g--------,,2274109.0,COORD,Ref=1.10,,,,
2274109.13,λαός,λαοί,n-p---mn-,NomSubj.,2274109.11,SBJ,Ref=1.10|SpaceAfter=No,NomSubj.,,,
,,,,,,,Ref=1.10,,,,
2274109.15,οὕνεκα,οὕνεκα,c--------,,2274109.12,AuxC,Ref=1.11,,,,
2274109.15,ὁ,τὸν,l-s---ma-,Agr.,2274109.17,ATR,Ref=1.11,Agr.,,,
2274109.17,Χρύσης,Χρύσην,n-s---ma-,AccObj. ,2274109.18,OBJ,Ref=1.11,AccObj.,,,
2274109.18,ἀτιμάζω,ἠτίμασεν,v3saia---,Aor.| Ind. | Act.,2274109.15,ADV,Ref=1.11,Aor.,Ind.,Act.,
2274109.19,ἀρητήρ,ἀρητῆρα,n-s---fa-,Agr.,2274109.17,ATR,Ref=1.11,Agr.,,,
2274109.2,Ἀτρείδης,Ἀτρεΐδης,n-s---mn-,NomSubj.,2274109.18,SBJ,Ref=1.12|SpaceAfter=No,NomSubj.,,,
,,,,,,,Ref=1.12,,,,
,,,,,,,,,,,
,,,,,,,,,,,
,,,,,,,,,,,
,,,,,,,,,,,
2274109.2,ὁ,ὃ,p-s---mn-,NomSubj.,2274110.26,SBJ,Ref=1.12,NomSubj.,,,
2274110.2,γάρ,γάρ,g--------,,2274110.3,AuxY,Ref=1.12,,,,
2274110.3,ἔρχομαι,ἦλθε,v3saia---,Aor. | Ind.| Act.,2274110.26,PRED_CO,Ref=1.12,Aor.,Ind.,Act.,
2274110.4,θοός,θοάς,a-p---fa-,Agr.,2274110.6,ATR,Ref=1.12,Agr.,,,
2274110.5,ἐπί,ἐπί,r--------,Prep3.,2274110.3,AuxP,Ref=1.12,Prep3.,,,
2274110.6,ναῦς,νῆας,n-p---fa-,GBP,2274110.5,OBJ,Ref=1.12,GBP,,,
2274110.7,Ἀχαιός,Ἀχαιῶν,a-p---mg-,GenPos. ,2274110.6,ATR,Ref=1.12,GenPos.,,,
2274110.8,λύω,λυσόμενός,v-sfpmmn-,FutNoni. | PartSupp. | MidIndir. | Agr.,2274110.12,ADV_CO,Ref=1.13,FutNoni.,PartSupp.,MidIndir.,Agr.
2274110.9,τε,τε,g--------,,2274110.12,AuxY,Ref=1.13,,,,
2274110.1,θυγάτηρ,θύγατρα,n-s---fa-,AccObj. ,2274110.8,OBJ,Ref=1.13,AccObj.,,,
2274110.11,φέρω,φέρων,v-sppamn-,PresNoni. | PartCirc. |Act. | Agr.,2274110.12,ADV_CO,Ref=1.13,PresNoni.,PartCirc.,Act.,Agr.
2274110.12,τε,τ’,g--------,,2274110.15,COORD,Ref=1.13,,,,
2274110.13,ἀπερείσιος,ἀπερείσι’,a-p---na-,Agr.,2274110.14,ATR,Ref=1.13,Agr.,,,
2274110.14,ἄποινα,ἄποινα,n-p---na-,AccObj. ,2274110.11,OBJ,Ref=1.13|SpaceAfter=No,AccObj.,,,
,,,,,,,Ref=1.13,,,,
2274110.16,στέμμα,στέμματ’,n-p---na-,AccObj. ,2274110.17,OBJ,Ref=1.14,AccObj.,,,
2274110.17,ἔχω,ἔχων,v-sppamn-,PresNoni. | PartCirc. |Act. | Agr.,2274110.15,ADV_CO,Ref=1.14,PresNoni.,PartCirc.,Act.,Agr.
2274110.18,ἐν,ἐν,r--------,Prep3.,2274110.17,AuxP,Ref=1.14,Prep3.,,,
2274110.18,χείρ,χερσὶν,n-p---fd-,GBP,2274110.18,OBJ,Ref=1.14,GBP,,,
2274110.2,ἑκηβόλος,ἑκηβόλου,a-s---mg-,Agr.,2274110.21,ATR,Ref=1.14,Agr.,,,
2274110.21,Ἀπόλλων,Ἀπόλλωνος,n-s---mg-,GenPos. ,2274110.16,ATR,Ref=1.14,GenPos.,,,
2274110.22,χρύσεος,χρυσέῳ,a-s---nd-,Agr.,2274110.24,ATR,Ref=1.15,Agr.,,,
2274110.23,ἀνά,ἀνά,r--------,Prep3.,2274110.17,AuxP,Ref=1.15,Prep3.,,,
2274110.24,σκῆπτρον,σκήπτρῳ,n-s---nd-,GBP,2274110.23,ADV,Ref=1.15|SpaceAfter=No,GBP,,,
,,,,,,,Ref=1.15,,,,
2274110.26,καί,καί,c--------,,2274110.0,COORD,Ref=1.15,,,,
2274110.27,λίσσομαι,λίσσετο,v3siie---,Impf. | Ind. | MidSpee. ,2274110.26,PRED_CO,Ref=1.15,Impf.,Ind.,MidSpee.,
2274110.28,πᾶς,πάντας,a-p---ma-,Agr.,2274110.29,ATR,Ref=1.15,Agr.,,,
2274110.29,Ἀχαιός,Ἀχαιούς,a-p---ma-,AccObj. ,2274110.32,OBJ_CO,Ref=1.15|SpaceAfter=No,AccObj.,,,
,,,,,,,Ref=1.15,,,,
2274110.31,Ἀτρείδης,Ἀτρεΐδα,n-d---ma-,Agr.,2274110.35,OBJ_AP_CO,Ref=1.16,Agr.,,,
2274110.32,δέ,δέ,g--------,,2274110.27,COORD,Ref=1.16,,,,
2274110.33,μάλιστα,μάλιστα,d--------,,2274110.31,AuxZ,Ref=1.16,,,,
2274110.34,δύο,δύω,m--------,,2274110.31,ATR,Ref=1.16|SpaceAfter=No,,,,
,,,,,,,Ref=1.16,,,,
2274110.36,κοσμήτωρ,κοσμήτορε,n-d---ma-,AccObj. ,2274110.35,OBJ_AP_CO,Ref=1.16,AccObj.,,,
2274110.37,λαός,λαῶν,n-p---mg-,GenObj.,2274110.36,ATR,Ref=1.16|SpaceAfter=No,GenObj.,,,
,,,,,,,Ref=1.16,,,,
,,,,,,,,,,,
,,,,,,,,,,,
,,,,,,,,,,,
,,,,,,,,,,,
2274111.1,Ἀτρείδης,Ἀτρεΐδαι,n-p---mv-,Voc. ,2274111.3,ExD_CO,Ref=1.17,Voc.,,,
2274111.2,τε,τε,g--------,,2274111.3,AuxY,Ref=1.17,,,,
2274111.3,καί,καί,c--------,,2274111.11,COORD,Ref=1.17,,,,
2274111.4,ἄλλος,ἄλλοι,a-p---mv-,Agr.,2274111.6,ATR,Ref=1.17,Agr.,,,
2274111.5,ἐυκνήμις,ἐϋκνήμιδες,a-p---mv-,Agr.,2274111.6,ATR,Ref=1.17,Agr.,,,
2274111.6,Ἀχαιός,Ἀχαιοί,a-p---mv-,Voc. ,2274111.3,ExD_CO,Ref=1.17|SpaceAfter=No,Voc.,,,
,,,,,,,Ref=1.17,,,,
2274111.6,σύ,ὑμῖν,p-p----d-,DatVerb. ,2274111.11,OBJ,Ref=1.18,DatVerb.,,,
2274111.9,μέν,μέν,g--------,,2274111.11,AuxY,Ref=1.18,,,,
2274111.1,θεός,θεοί,n-p---mn-,NomSubj.,2274111.11,SBJ,Ref=1.18,NomSubj.,,,
2274111.11,δίδωμι,δοῖεν,v3paoa---,AorNoni.  | OptWish. | Act. ,2274111.0,PRED,Ref=1.18,AorNoni.,OptWish.,Act.,
2274111.12,Ὀλύμπιος,Ὀλύμπια,a-p---na-,Agr.,2274111.13,ATR,Ref=1.18,Agr.,,,
2274111.13,δῶμα,δώματ’,n-p---na-,AccObj. ,2274111.14,OBJ,Ref=1.18,AccObj.,,,
2274111.14,ἔχω,ἔχοντες,v-pppamn-,PresNoni. | PartAttr. | Act. |Agr. ,2274111.1,ATR,Ref=1.18,PresNoni.,PartAttr.,Act.,Agr.
2274111.15,ἐκπέρθω,ἐκπέρσαι,**,AorNoni.  |InfDyn. | Act. ,2274111.2,OBJ_CO,Ref=1.19,AorNoni.,InfDyn.,Act.,
2274111.16,Πρίαμος,Πριάμοιο,n-s---mg-,GenPos. ,2274111.17,ATR,Ref=1.19,GenPos.,,,
2274111.17,πόλις,πόλιν,n-s---fa-,AccObj. ,2274111.15,OBJ,Ref=1.19|SpaceAfter=No,AccObj.,,,
,,,,,,,Ref=1.19,,,,
2274111.19,εὖ,εὖ,d--------,,2274111.22,ADV,Ref=1.19,,,,
2274111.2,δέ,δ’,g--------,,2274111.11,COORD,Ref=1.19,,,,
2274111.21,οἴκαδε,οἴκαδ’,d--------,,2274111.22,OBJ,Ref=1.19,,,,
2274111.22,ἱκνέομαι,ἱκέσθαι,v--anm---,AorNoni. |InfDyn. | MidMotion.,2274111.2,OBJ_CO,Ref=1.19|SpaceAfter=No,AorNoni.,InfDyn.,MidMotion.,
,,,,,,,Ref=1.19,,,,
,,,,,,,,,,,
,,,,,,,,,,,
,,,,,,,,,,,
,,,,,,,,,,,
2274112.1,παῖς,παῖδα,n-s---fa-,AccObj. ,2274112.4,OBJ,Ref=1.20,AccObj.,,,
2274112.2,δέ,δ’,g--------,,2274112.8,AuxY,Ref=1.20,,,,
2274112.2,ἐγώ,ἐμοὶ,p-s---md-,DatPos. ,2274112.1,ATR,Ref=1.20,DatPos.,,,
2274112.4,λύω,λύσαιτε,v2paoa---,AorNoni.  | OptComm. | Act. ,2274112.8,PRED_CO,Ref=1.20,AorNoni.,OptComm.,Act.,
2274112.5,φίλος,φίλην,a-s---fa-,Agr.,2274112.1,ATR,Ref=1.20|SpaceAfter=No,Agr.,,,
,,,,,,,Ref=1.20,,,,
2274112.5,ὁ,τὰ,l-p---na-,Agr.,2274112.9,ATR,Ref=1.20,Agr.,,,
2274112.8,δέ,δ’,g--------,,2274112.0,COORD,Ref=1.20,,,,
2274112.9,ἄποινα,ἄποινα,n-p---na-,AccObj. ,2274112.1,OBJ,Ref=1.20,AccObj.,,,
2274112.1,δέχομαι,δέχεσθαι,v--pne---,PresNoni. | InfComm. | MidIndir. ,2274112.8,PRED_CO,Ref=1.20|SpaceAfter=No,PresNoni.,InfComm.,MidIndir.,
,,,,,,,Ref=1.20,,,,
2274112.12,ἅζομαι,ἁζόμενοι,v-pppemn-,PresNoni. | PartCirc. | MidMent. | Agr.,2274112.8,ADV,Ref=1.21,PresNoni.,PartCirc.,MidMent.,Agr.
2274112.13,Ζεύς,Διός,n-s---mg-,GenPos.  ,2274112.14,ATR,Ref=1.21,GenPos.,,,
2274112.14,υἱός,υἱόν,n-s---ma-,Agr.,2274112.18,OBJ_AP,Ref=1.21,Agr.,,,
2274112.15,ἑκηβόλος,ἑκηβόλον,a-s---ma-,Agr.,2274112.16,ATR,Ref=1.21,Agr.,,,
2274112.16,Ἀπόλλων,Ἀπόλλωνα,n-s---ma-,AccObj. ,2274112.18,OBJ_AP,Ref=1.21|SpaceAfter=No,AccObj.,,,
,,,,,,,Ref=1.21,,,,
,,,,,,,,,,,
,,,,,,,,,,,
,,,,,,,,,,,
,,,,,,,,,,,
2274113.1,ἔνθα,ἔνθ’,d--------,,2274113.5,AuxY,Ref=1.22,,,,
2274113.2,ἄλλος,ἄλλοι,a-p---mn-,Agr.,2274113.6,ATR,Ref=1.22,Agr.,,,
2274113.3,μέν,μέν,g--------,,2274113.5,AuxY,Ref=1.22,,,,
2274113.4,πᾶς,πάντες,a-p---mn-,Agr.,2274113.6,ATR,Ref=1.22,Agr.,,,
2274113.5,ἐπευφημέω,ἐπευφήμησαν,v3paia---,Aor. | Ind. | Act.,2274113.0,PRED,Ref=1.22,Aor.,Ind.,Act.,
2274113.6,Ἀχαιός,Ἀχαιοί,a-p---mn-,NomSubj.,2274113.5,SBJ,Ref=1.22,NomSubj.,,,
2274113.7,αἰδέομαι,αἰδεῖσθαί,v--pne---,PresNoni. |InfDyn. | MidMent.,2274113.1,OBJ_CO,Ref=1.23,PresNoni.,InfDyn.,MidMent.,
2274113.8,τε,θ’,g--------,,2274113.1,AuxY,Ref=1.23,,,,
2274113.9,ἱερεύς,ἱερῆα,n-s---ma-,AccObj. ,2274113.7,OBJ,Ref=1.23,AccObj.,,,
2274113.1,καί,καί,c--------,,2274113.5,COORD,Ref=1.23,,,,
2274113.11,ἀγλαός,ἀγλαά,a-p---na-,Agr.,2274113.13,ATR,Ref=1.23,Agr.,,,
2274113.12,Aor8.   |InfDyn.  | MidIndir. Indirect Reflexive,δέχθαι,v--anm---,AorNoni. |InfDyn. | MidIndir.,2274113.1,OBJ_CO,Ref=1.23,AorNoni.,InfDyn.,MidIndir.,
2274113.13,ἄποινα,ἄποινα,n-p---na-,AccObj. ,2274113.12,OBJ,Ref=1.23|SpaceAfter=No,AccObj.,,,
,,,,,,,Ref=1.23,,,,
,,,,,,,,,,,
,,,,,,,,,,,
,,,,,,,,,,,
,,,,,,,,,,,
2274114.1,ἀλλά,ἀλλ’,d--------,,2274114.5,AuxY,Ref=1.24,,,,
2274114.1,οὐ,οὐκ,d--------,,2274114.5,AuxZ,Ref=1.24,,,,
2274114.3,Ἀτρείδης,Ἀτρεΐδῃ,n-s---md-,Agr.,2274114.4,ATR,Ref=1.24,Agr.,,,
2274114.4,Ἀγαμέμνων,Ἀγαμέμνονι,n-s---md-,DatVerb. ,2274114.5,OBJ,Ref=1.24,DatVerb.,,,
2274114.5,ἁνδάνω,ἥνδανε,v3siia---,ImpfComp. | Ind. | Act.,2274114.13,PRED_CO,Ref=1.24,ImpfComp.,Ind.,Act.,
2274114.6,θυμός,θυμῷ,n-s---md-,DatLoc. ,2274114.5,OBJ,Ref=1.24|SpaceAfter=No,DatLoc.,,,
,,,,,,,Ref=1.24,,,,
2274114.8,ἀλλά,ἀλλά,c--------,,2274114.13,AuxY,Ref=1.25,,,,
2274114.9,κακός,κακῶς,d--------,,2274114.1,ADV,Ref=1.25,,,,
2274114.1,ἀφίημι,ἀφίει,v3siia---,ImpfCons. | Ind. | Act.,2274114.13,PRED_CO,Ref=1.25|SpaceAfter=No,ImpfCons.,Ind.,Act.,
,,,,,,,Ref=1.25,,,,
2274114.12,κρατερός,κρατερόν,a-s---ma-,Agr.,2274114.15,ATR,Ref=1.25,Agr.,,,
2274114.13,δέ,δ’,g--------,,2274114.0,COORD,Ref=1.25,,,,
2274114.14,ἐπί,ἐπί,r--------,Preverb,2274114.16,AuxZ,Ref=1.25,Preverb,,,
2274114.15,μῦθος,μῦθον,n-s---ma-,AccObj.,2274114.16,OBJ,Ref=1.25,AccObj.,,,
2274114.16,τέλλω,ἔτελλε,v3siia---,Impf. | Ind. | Act.,2274114.13,PRED_CO,Ref=1.25|SpaceAfter=No,Impf.,Ind.,Act.,
,,,,,,,Ref=1.25,,,,
,,,,,,,,,,,
,,,,,,,,,,,
,,,,,,,,,,,
,,,,,,,,,,,
2274115.1,μή,μή,d--------,,2274115.8,AuxZ,Ref=1.26,,,,
2274115.1,σύ,σε,p-s----a-,AccDirec.,2274115.8,OBJ,Ref=1.26,AccDirec.,,,
2274115.3,γέρων,γέρον,n-s---mv-,Voc.,2274115.8,ExD,Ref=1.26,Voc.,,,
2274115.4,κοῖλος,κοίλῃσιν,a-p---fd-,Agr.,2274115.7,ATR,Ref=1.26,Agr.,,,
2274115.4,ἐγώ,ἐγὼ,p-s---mn-,NomSubj.,2274115.8,SBJ,Ref=1.26,NomSubj.,,,
2274115.4,παρά,παρὰ,r--------,Prep3.,2274115.8,AuxP,Ref=1.26,Prep3.,,,
2274115.7,ναῦς,νηυσί,n-p---fd-,GBP,2274115.6,ADV,Ref=1.26,GBP,,,
2274115.8,κιχάνω,κιχείω,v1sasa---,AorNoni.  | SubjHort. | Act.,2274115.0,PRED,Ref=1.26,AorNoni.,SubjHort.,Act.,
2274115.9,ἤ,ἤ,c--------,,2274115.12,AuxY,Ref=1.27,,,,
2274115.1,νῦν,νῦν,d--------,,2274115.11,ADV,Ref=1.27,,,,
2274115.11,δηθύνω,δηθύνοντ’,v-sppama-,PresNoni. | PartCirc. | Act | Agr.,2274115.12,ATV_CO,Ref=1.27,PresNoni.,PartCirc.,Act,Agr.
2274115.12,ἤ,ἤ,c--------,,2274115.2,COORD,Ref=1.27,,,,
2274115.13,ὕστερος,ὕστερον,a-s---na-,AccAdv. ,2274115.15,ADV,Ref=1.27,AccAdv.,,,
2274115.14,αὖθις,αὖτις,d--------,,2274115.15,ADV,Ref=1.27,,,,
2274115.15,εἶμι,ἰόντα,v-sppama-,PresNoni. | PartCirc. | Act | Agr.,2274115.12,ATV_CO,Ref=1.27|SpaceAfter=No,PresNoni.,PartCirc.,Act,Agr.
,,,,,,,Ref=1.27,,,,
2274115.17,μή,μή,c--------,,2274115.8,AuxC,Ref=1.28,,,,
2274115.18,νῦν,νύ,d--------,,2274115.21,ADV,Ref=1.28,,,,
2274115.18,σύ,τοι,p-s----d-,DatVerb. ,2274115.21,OBJ,Ref=1.28,DatVerb.,,,
2274115.18,οὐ,οὐ,d--------,,2274115.21,AuxZ,Ref=1.28,,,,
2274115.21,χραισμέω,χραίσμῃ,v3spsa---,AorNoni. | SubjDoubt. | Act.,2274115.17,ADV,Ref=1.28,AorNoni.,SubjDoubt.,Act.,
2274115.22,σκῆπτρον,σκῆπτρον,n-s---nn-,NomSubj.,2274115.23,SBJ_CO,Ref=1.28,NomSubj.,,,
2274115.23,καί,καί,c--------,,2274115.21,COORD,Ref=1.28,,,,
2274115.24,στέμμα,στέμμα,n-s---nn-,NomSubj.,2274115.23,SBJ_CO,Ref=1.28,NomSubj.,,,
2274115.25,θεός,θεοῖο,n-s---mg-,GenPos. ,2274115.24,ATR,Ref=1.28|SpaceAfter=No,GenPos.,,,
,,,,,,,Ref=1.28,,,,
,,,,,,,,,,,
,,,,,,,,,,,
,,,,,,,,,,,
,,,,,,,,,,,
2274115.25,ὁ,τὴν,p-s---fa-,AccObj. ,2274116.5,OBJ,Ref=1.29,AccObj.,,,
2274116.2,δέ,δ’,g--------,,2274116.0,COORD,Ref=1.29,,,,
2274116.2,ἐγώ,ἐγὼ,p-s---mn-,NomSubj.,2274116.5,SBJ,Ref=1.29,NomSubj.,,,
2274116.2,οὐ,οὐ,d--------,,2274116.5,AuxZ,Ref=1.29,,,,
2274116.5,λύω,λύσω,v1sfia---,Fut. | Ind. | Act.   ,2274116.2,PRED_CO,Ref=1.29|SpaceAfter=No,Fut.,Ind.,Act.,
,,,,,,,Ref=1.29,,,,
,,,,,,,,,,,
,,,,,,,,,,,
,,,,,,,,,,,
,,,,,,,,,,,
2274117.1,πρίν,πρίν,d--------,,2274117.5,ADV,Ref=1.29,,,,
2274117.1,μιν,μιν,p-s---fa-,AccObj. ,2274117.5,OBJ,Ref=1.29,AccObj.,,,
2274117.3,καί,καί,d--------,,2274117.4,AuxZ,Ref=1.29,,,,
2274117.4,γῆρας,γῆρας,n-s---nn-,NomSubj.,2274117.5,SBJ,Ref=1.29,NomSubj.,,,
2274117.4,ἔπειμι,ἔπεισιν,v3spia---,PresPerf. | Ind. | Act.,2274117.0,PRED,Ref=1.29,PresPerf.,Ind.,Act.,
2274117.6,ἡμέτερος,ἡμετέρῳ,a-s---md-,Agr.,2274117.8,ATR,Ref=1.30,Agr.,,,
2274117.7,ἐν,ἐνί,r--------,Prep3.,2274117.5,AuxP,Ref=1.30,Prep3.,,,
2274117.8,οἶκος,οἴκῳ,n-s---md-,GBP,2274117.7,ADV,Ref=1.30,GBP,,,
2274117.9,ἐν,ἐν,r--------,Prep3.,2274117.5,AuxP,Ref=1.30,Prep3.,,,
2274117.1,Ἄργος,Ἄργεϊ,n-s---nd-,GBP,2274117.9,ADV,Ref=1.30,GBP,,,
2274117.11,τηλόθι,τηλόθι,r--------,Prep3.,2274117.5,AuxP,Ref=1.30,Prep3.,,,
2274117.12,πάτρη,πάτρης,n-s---fg-,GBP,2274117.11,ADV,Ref=1.30,GBP,,,
2274117.13,ἱστός,ἱστόν,n-s---ma-,AccObj. ,2274117.14,OBJ,Ref=1.31,AccObj.,,,
2274117.14,ἐποίχομαι,ἐποιχομένην,v-sppefa-,PresNoni. | PartCirc. | MidMotion. | Agr.,2274117.15,ATV_CO,Ref=1.31,PresNoni.,PartCirc.,MidMotion.,Agr.
2274117.15,καί,καί,c--------,,2274117.2,COORD,Ref=1.31,,,,
2274117.16,ἐμός,ἐμόν,a-s---na-,Agr.,2274117.17,ATR,Ref=1.31,Agr.,,,
2274117.17,λέχος,λέχος,n-s---na-,AccObj. ,2274117.18,OBJ,Ref=1.31,AccObj.,,,
2274117.18,ἀντιάω,ἀντιόωσαν,v-sppafa-,PresNoni. | PartCirc. | Act. | Agr.,2274117.15,ATV_CO,Ref=1.31|SpaceAfter=No,PresNoni.,PartCirc.,Act.,Agr.
,,,,,,,Ref=1.31,,,,
,,,,,,,,,,,
,,,,,,,,,,,
,,,,,,,,,,,
,,,,,,,,,,,
2274118.1,ἀλλά,ἀλλ’,d--------,,2274118.2,AuxY,Ref=1.32,,,,
2274118.2,εἶμι,ἴθι,v2spma---,PresNoni. | ImprComm. | Act.,2274118.11,PRED_CO,Ref=1.32,PresNoni.,ImprComm.,Act.,
2274118.3,μή,μή,d--------,,2274118.5,AuxZ,Ref=1.32,,,,
2274118.3,ἐγώ,μ’,p-s---ma-,AccObj. ,2274118.5,OBJ,Ref=1.32,AccObj.,,,
2274118.5,ἐρεθίζω,ἐρέθιζε,v2spma---,PresNoni. | ImprComm.  | Act,2274118.11,PRED_CO,Ref=1.32,PresNoni.,ImprComm.,Act,
2274118.6,σῶς,σαώτερος,a-s---mnc,AccAdv.,2274118.9,AtvV,Ref=1.32,AccAdv.,,,
2274118.7,ὡς,ὥς,c--------,,2274118.11,AuxC,Ref=1.32,,,,
2274118.8,ἄν,κε,g--------,,2274118.9,AuxZ,Ref=1.32,,,,
2274118.9,νέομαι,νέηαι,v2spse---,PresNoni. | SubjSubor. | MidMotion.,2274118.7,ADV,Ref=1.32|SpaceAfter=No,PresNoni.,SubjSubor.,MidMotion.,
,,,,,,,Ref=1.32,,,,
,,,,,,,,,,,
,,,,,,,,,,,
,,,,,,,,,,,
,,,,,,,,,,,
2274119.1,ὡς,ὡς,d--------,,2274119.2,ADV,Ref=1.33,,,,
2274119.2,φημί,ἔφατ’,v3siie---,Impf. | Ind. | MidSpee.,2274119.5,PRED_CO,Ref=1.33|SpaceAfter=No,Impf.,Ind.,MidSpee.,
,,,,,,,Ref=1.33,,,,
2274119.4,δείδω,ἔδεισεν,v3saia---,AorIngr. | Ind. | Act.,2274119.8,PRED_CO,Ref=1.33,AorIngr.,Ind.,Act.,
2274119.5,δέ,δ’,g--------,,2274119.0,COORD,Ref=1.33,,,,
2274119.5,ὁ,ὃ,l-s---mn-,Agr.,2274119.7,ATR,Ref=1.33,Agr.,,,
2274119.7,γέρων,γέρων,n-s---mn-,NomSubj.,2274119.8,SBJ,Ref=1.33,NomSubj.,,,
2274119.8,καί,καί,c--------,,2274119.5,COORD,Ref=1.33,,,,
2274119.9,πείθω,ἐπείθετο,v3siie---,Impf. | Ind. |  MidSpon.,2274119.8,PRED_CO,Ref=1.33,Impf.,Ind.,MidSpon.,
2274119.1,μῦθος,μύθῳ,n-s---md-,DatVerb. ,2274119.9,OBJ,Ref=1.33|SpaceAfter=No,DatVerb.,,,
,,,,,,,Ref=1.33,,,,
,,,,,,,,,,,
,,,,,,,,,,,
,,,,,,,,,,,
,,,,,,,,,,,
2274120.1,βαίνω,βῆ,v3saia---,Aor. | Ind. | Act.,2274120.2,PRED_CO,Ref=1.34,Aor.,Ind.,Act.,
2274120.2,δέ,δ’,g--------,,2274120.0,COORD,Ref=1.34,,,,
2274120.3,ἀκέων,ἀκέων,a-s---mn-,Agr.,2274120.1,AtvV,Ref=1.34,Agr.,,,
2274120.3,παρά,παρὰ,r--------,Prep3.,2274120.1,AuxP,Ref=1.34,Prep3.,,,
2274120.5,θίς,θῖνα,n-s---fa-,GBP,2274120.4,OBJ,Ref=1.34,GBP,,,
2274120.6,πολύφλοισβος,πολυφλοίσβοιο,a-s---fg-,Agr.,2274120.7,ATR,Ref=1.34,Agr.,,,
2274120.7,θάλασσα,θαλάσσης,n-s---fg-,GenPos,2274120.5,ATR,Ref=1.34|SpaceAfter=No,GenPos,,,
,,,,,,,Ref=1.34,,,,
,,,,,,,,,,,
,,,,,,,,,,,
,,,,,,,,,,,
,,,,,,,,,,,
2274121.1,πολύς,πολλά,a-p---na-,AccAdv.,2274121.6,ADV,Ref=1.35,AccAdv.,,,
2274121.2,δέ,δ’,g--------,,2274121.0,COORD,Ref=1.35,,,,
2274121.3,ἔπειτα,ἔπειτ’,d--------,,2274121.6,ADV,Ref=1.35,,,,
2274121.4,ἀπάνευθε,ἀπάνευθε,d--------,,2274121.5,OBJ,Ref=1.35,,,,
2274121.5,κίω,κιών,v-sapamn-,AorNoni. | PartCirc. | Act. | Agr.,2274121.6,ADV,Ref=1.35,AorNoni.,PartCirc.,Act.,Agr.
2274121.6,ἀράομαι,ἠρᾶθ’,v3siie---,Impf. | Ind. | MidSpee.,2274121.2,PRED_CO,Ref=1.35,Impf.,Ind.,MidSpee.,
2274121.6,ὁ,ὃ,l-s---mn-,Agr.,2274121.8,ATR,Ref=1.35,Agr.,,,
2274121.8,γεραιός,γεραιός,a-s---mn-,NomSubj.,2274121.6,SBJ,Ref=1.35,NomSubj.,,,
2274121.9,Ἀπόλλων,Ἀπόλλωνι,n-s---md-,DatVerb. ,2274121.6,OBJ,Ref=1.36,DatVerb.,,,
2274121.1,ἄναξ,ἄνακτι,n-s---md-,Agr.,2274121.9,ATR,Ref=1.36|SpaceAfter=No,Agr.,,,
,,,,,,,Ref=1.36,,,,
2274121.1,ὁ,τὸν,p-s---ma-,AccObj. ,2274121.14,OBJ,Ref=1.36,AccObj.,,,
2274121.13,εὔκομος,ἠΰκομος,a-s---fn-,Agr.,2274121.15,ATR,Ref=1.36,Agr.,,,
2274121.14,τίκτω,τέκε,v3saia---,Aor. | Ind. | Act.  ,2274121.9,ATR,Ref=1.36,Aor.,Ind.,Act.,
2274121.15,Λητώ,Λητώ,n-s---fn-,NomSubj.,2274121.14,SBJ,Ref=1.36|SpaceAfter=No,NomSubj.,,,
,,,,,,,Ref=1.36,,,,
,,,,,,,,,,,
,,,,,,,,,,,
,,,,,,,,,,,
,,,,,,,,,,,
2274122.1,κλύω,κλῦθί,v2sama---,AorNoni. | ImprComm.  | Act,2274122.37,PRED_CO,Ref=1.37,AorNoni.,ImprComm.,Act,
2274122.1,ἐγώ,μευ,p-s---mg-,GenVerb.,2274122.1,OBJ,Ref=1.37,GenVerb.,,,
2274122.3,ἀργυρότοξος,ἀργυρότοξ’,a-s---mv-,Voc. ,2274122.15,ExD_AP,Ref=1.37|SpaceAfter=No,Voc.,,,
,,,,,,,Ref=1.37,,,,
2274122.3,ὅς,ὃς,p-s---mn-,NomSubj.,2274122.12,SBJ,Ref=1.37,NomSubj.,,,
2274122.6,Χρύση,Χρύσην,n-s---ma-,AccObj. ,2274122.9,OBJ_CO,Ref=1.37,AccObj.,,,
2274122.7,ἀμφιβαίνω,ἀμφιβέβηκας,v2sria---,Perf. | Ind. | Act,2274122.12,ATR_CO,Ref=1.37,Perf.,Ind.,Act,
2274122.8,Κίλλα,Κίλλάν,n-s---fa-,AccObj. ,2274122.9,OBJ_CO,Ref=1.38,AccObj.,,,
2274122.9,τε,τε,g--------,,2274122.7,COORD,Ref=1.38,,,,
2274122.1,ζάθεος,ζαθέην,a-s---fa-,Agr.,2274122.8,ATR,Ref=1.38,Agr.,,,
2274122.11,Τένεδος,Τενέδοιό,n-s---fg-,GenVerb. ,2274122.14,OBJ,Ref=1.38,GenVerb.,,,
2274122.12,τε,τε,g--------,,2274122.15,COORD,Ref=1.38,,,,
2274122.13,ἶφι,ἶφι,d--------,,2274122.14,ADV,Ref=1.38,,,,
2274122.14,ἀνάσσω,ἀνάσσεις,v2spia---,PresPerf. | Ind. | Act.,2274122.12,ATR_CO,Ref=1.38|SpaceAfter=No,PresPerf.,Ind.,Act.,
,,,,,,,Ref=1.38,,,,
2274122.16,Σμινθεύς,Σμινθεῦ,n-s---mv-,Voc. ,2274122.15,ExD_AP,Ref=1.39,Voc.,,,
2274122.17,εἰ,εἴ,c--------,,2274122.25,AuxC,Ref=1.39,,,,
2274122.18,ποτέ,ποτέ,g--------,,2274122.23,ADV,Ref=1.39,,,,
2274122.18,σύ,τοι,p-s----d-,DatAdvn.,2274122.23,OBJ,Ref=1.39,DatAdvn.,,,
2274122.2,χαρίεις,χαρίεντ’,a-s---md-,DatCaus.,2274122.22,ATR,Ref=1.39,DatCaus.,,,
2274122.21,ἐπί,ἐπί,r--------,Preverb,2274122.23,AuxZ,Ref=1.39,Preverb,,,
2274122.22,ναός,νηόν,n-s---ma-,AccObj.,2274122.23,OBJ,Ref=1.39,AccObj.,,,
2274122.23,ἐρέφω,ἔρεψα,v1saia---,Aor. | Ind. | Act.,2274122.17,ADV_CO,Ref=1.39|SpaceAfter=No,Aor.,Ind.,Act.,
,,,,,,,Ref=1.39,,,,
2274122.25,ἤ,ἤ,c--------,,2274122.41,COORD,Ref=1.40,,,,
2274122.26,εἰ,εἰ,c--------,,2274122.25,AuxC,Ref=1.40,,,,
2274122.27,δή,δή,g--------,,2274122.33,AuxY,Ref=1.40,,,,
2274122.28,ποτέ,ποτέ,g--------,,2274122.33,ADV,Ref=1.40,,,,
2274122.28,σύ,τοι,p-s----d-,DatAdvn.,2274122.33,OBJ,Ref=1.40,DatAdvn.,,,
2274122.3,κατά,κατά,r--------,Preverb,2274122.33,AuxZ,Ref=1.40,Preverb,,,
2274122.31,πίων,πίονα,a-p---na-,Agr. ,2274122.32,ATR,Ref=1.40,Agr.,,,
2274122.32,μηρία,μηρί’,n-p---na-,AccObj.,2274122.33,OBJ,Ref=1.40,AccObj.,,,
2274122.33,καίω,ἔκηα,v1saia---,Aor. | Ind. | Act.,2274122.26,ADV_CO,Ref=1.40,Aor.,Ind.,Act.,
2274122.34,ταῦρος,ταύρων,n-p---mg-,GenPos.,2274122.35,ATR_CO,Ref=1.41,GenPos.,,,
2274122.35,ἠδέ,ἠδ’,c--------,,2274122.32,COORD,Ref=1.41,,,,
2274122.36,αἴξ,αἰγῶν,n-p---mg-,GenPos.,2274122.35,ATR_CO,Ref=1.41|SpaceAfter=No,GenPos.,,,
,,,,,,,Ref=1.41,,,,
2274122.36,ὁ,τὸ,p-s---na-,,2274122.42,ATR,Ref=1.41,,,,
2274122.39,δέ,δέ,g--------,,2274122.38,AuxZ,Ref=1.41,,,,
2274122.39,ἐγώ,μοι,p-s---md-,DatAdvn. ,2274122.41,OBJ,Ref=1.41,DatAdvn.,,,
2274122.41,κραίνω,κρήηνον,v2sama---,AorNoni.  | ImprComm.   | Act.,2274122.37,PRED_CO,Ref=1.41,AorNoni.,ImprComm.,Act.,
2274122.42,ἔλδωρ,ἐέλδωρ,n-s---na-,AccObj. ,2274122.41,OBJ,Ref=1.41|SpaceAfter=No,AccObj.,,,
,,,,,,,Ref=1.41,,,,
,,,,,,,,,,,
,,,,,,,,,,,
,,,,,,,,,,,
,,,,,,,,,,,
2274123.1,τίνω,τίσειαν,v3paoa---,AorNoni.  | OptWish. | Act. ,2274123.0,PRED,Ref=1.42,AorNoni.,OptWish.,Act.,
2274123.2,Δαναοί,Δαναοί,n-p---mn-,NomSubj.,2274123.1,SBJ,Ref=1.42,NomSubj.,,,
2274123.3,ἐμός,ἐμά,a-p---na-,Agr.,2274123.4,ATR,Ref=1.42,Agr.,,,
2274123.4,δάκρυον,δάκρυα,n-p---na-,AccObj. ,2274123.1,OBJ,Ref=1.42,AccObj.,,,
2274123.5,σός,σοῖσι,a-p---nd-,Agr.,2274123.6,ATR,Ref=1.42,Agr.,,,
2274123.6,βέλος,βέλεσσιν,n-p---nd-,DatCaus. ,2274123.1,ADV,Ref=1.42|SpaceAfter=No,DatCaus.,,,
,,,,,,,Ref=1.42,,,,
,,,,,,,,,,,
,,,,,,,,,,,
,,,,,,,,,,,
,,,,,,,,,,,
2274124.1,ὡς,ὡς,d--------,,2274124.2,ADV,Ref=1.43,,,,
2274124.2,φημί,ἔφατ’,v3siie---,Impf. | Ind. | MidSpee.,2274124.12,PRED_CO,Ref=1.43,Impf.,Ind.,MidSpee.,
2274124.3,εὔχομαι,εὐχόμενος,v-sppemn-,PresNoni. | PartCirc.| MidSpee. | Agr.,2274124.2,ADV,Ref=1.43|SpaceAfter=No,PresNoni.,PartCirc.,MidSpee.,Agr.
,,,,,,,Ref=1.43,,,,
2274124.3,ὁ,τοῦ,p-s---mg-,GenVerb. ,2274124.7,OBJ,Ref=1.43,GenVerb.,,,
2274124.6,δέ,δ’,g--------,,2274124.12,AuxY,Ref=1.43,,,,
2274124.7,κλύω,ἔκλυε,v3siia---,ImpfComp. | Ind. | Act.,2274124.12,PRED_CO,Ref=1.43,ImpfComp.,Ind.,Act.,
2274124.8,Φοῖβος,Φοῖβος,n-s---mn-,Agr.,2274124.9,ATR,Ref=1.43,Agr.,,,
2274124.9,Ἀπόλλων,Ἀπόλλων,n-s---mn-,NomSubj.,2274124.7,SBJ,Ref=1.43|SpaceAfter=No,NomSubj.,,,
,,,,,,,Ref=1.43,,,,
2274124.11,βαίνω,βῆ,v3saia---,Aor. | Ind. | Act.,2274124.12,PRED_CO,Ref=1.44,Aor.,Ind.,Act.,
2274124.12,δέ,δέ,g--------,,2274124.0,COORD,Ref=1.44,,,,
2274124.13,κατά,κατ’,r--------,Prep3.,2274124.11,AuxP,Ref=1.44,Prep3.,,,
2274124.14,Ὄλυμπος,Οὐλύμποιο,n-s---mg-,Agr.,2274124.15,ATR,Ref=1.44,Agr.,,,
2274124.15,κάρηνον,καρήνων,n-p---ng-,GBP,2274124.13,OBJ,Ref=1.44,GBP,,,
2274124.16,χώομαι,χωόμενος,v-sppemn-,PresNoni. | PartCirc.| MidMent. | Agr.,2274124.11,ADV,Ref=1.44,PresNoni.,PartCirc.,MidMent.,Agr.
2274124.17,κῆρ,κῆρ,n-s---na-,AccResp.,2274124.16,OBJ,Ref=1.44|SpaceAfter=No,AccResp.,,,
,,,,,,,Ref=1.44,,,,
2274124.19,τόξον,τόξ’,n-p---na-,AccObj. ,2274124.23,OBJ_CO,Ref=1.45,AccObj.,,,
2274124.2,ὦμος,ὤμοισιν,n-p---md-,DatLoc. ,2274124.21,OBJ,Ref=1.45,DatLoc.,,,
2274124.21,ἔχω,ἔχων,v-sppamn-,PresNoni. | PartCirc.| Act. | Agr.,2274124.11,ADV,Ref=1.45,PresNoni.,PartCirc.,Act.,Agr.
2274124.22,ἀμφηρεφής,ἀμφηρεφέα,a-s---fa-,Agr.,2274124.24,ATR,Ref=1.45,Agr.,,,
2274124.23,τε,τε,g--------,,2274124.21,COORD,Ref=1.45,,,,
2274124.24,φαρέτρα,φαρέτρην,n-s---fa-,AccObj. ,2274124.23,OBJ_CO,Ref=1.45|SpaceAfter=No,AccObj.,,,
,,,,,,,Ref=1.45,,,,
,,,,,,,,,,,
,,,,,,,,,,,
,,,,,,,,,,,
,,,,,,,,,,,
2274125.1,κλάζω,ἔκλαγξαν,v3paia---,AorIngr. | Ind. |Act.,2274125.2,PRED_CO,Ref=1.46,AorIngr.,Ind.,Act.,
2274125.2,δέ,δ’,g--------,,2274125.0,COORD,Ref=1.46,,,,
2274125.2,ἄρα,ἄρ’,g--------,,2274125.1,AuxY,Ref=1.46,,,,
2274125.4,ὀιστός,ὀϊστοί,n-p---mn-,NomSubj.,2274125.1,SBJ,Ref=1.46,NomSubj.,,,
2274125.5,ἐπί,ἐπ’,r--------,Prep3.,2274125.1,AuxP,Ref=1.46,Prep3.,,,
2274125.6,ὦμος,ὤμων,n-p---mg-,GBP,2274125.5,OBJ,Ref=1.46,GBP,,,
2274125.7,χώομαι,χωομένοιο,v-sppemg-,PresNoni. | PartAttr. | MidMent. | GenPos.,2274125.6,ATR,Ref=1.46|SpaceAfter=No,PresNoni.,PartAttr.,MidMent.,GenPos.
,,,,,,,Ref=1.46,,,,
2274125.9,αὐτός,αὐτοῦ,a-s---mg-,GenAbs.,2274125.1,SBJ,Ref=1.47,GenAbs.,,,
2274125.1,κινέω,κινηθέντος,v-sappmg-,AorNoni. | PartGen.| Pass. | GenAbs.,2274125.1,ADV,Ref=1.47|SpaceAfter=No,AorNoni.,PartGen.,Pass.,GenAbs.
,,,,,,,Ref=1.47,,,,
,,,,,,,,,,,
,,,,,,,,,,,
,,,,,,,,,,,
,,,,,,,,,,,
2274125.1,ὁ,ὃ,p-s---mn-,NomSubj.,2274126.3,SBJ,Ref=1.47,NomSubj.,,,
2274126.2,δέ,δ’,g--------,,2274126.0,COORD,Ref=1.47,,,,
2274126.3,εἶμι,ἤϊε,v3siia---,Impf. | Ind. | Act.,2274126.2,PRED_CO,Ref=1.47,Impf.,Ind.,Act.,
2274126.4,νύξ,νυκτί,n-s---fd-,DatVerb.,2274126.5,OBJ,Ref=1.47,DatVerb.,,,
2274126.5,ἔοικα,ἐοικώς,v-srpamn-,PerfNoni. | PartCirc. | Act. | Agr.,2274126.3,ADV,Ref=1.47|SpaceAfter=No,PerfNoni.,PartCirc.,Act.,Agr.
,,,,,,,Ref=1.47,,,,
,,,,,,,,,,,
,,,,,,,,,,,
,,,,,,,,,,,
,,,,,,,,,,,
2274127.1,ἕζομαι,ἕζετ’,v3spie---,Aor. | Ind. | MidMotion.,2274127.7,PRED_CO,Ref=1.48,Aor.,Ind.,MidMotion.,
2274127.2,ἔπειτα,ἔπειτ’,d--------,,2274127.1,ADV,Ref=1.48,,,,
2274127.3,ἀπάνευθε,ἀπάνευθε,r--------,Prep3.,2274127.1,AuxP,Ref=1.48,Prep3.,,,
2274127.4,ναῦς,νεῶν,n-p---fg-,GBP,2274127.3,ADV,Ref=1.48|SpaceAfter=No,GBP,,,
,,,,,,,Ref=1.48,,,,
2274127.6,μετά,μετά,r--------,Preverb,2274127.9,AuxZ,Ref=1.48,Preverb,,,
2274127.7,δέ,δ’,g--------,,2274127.0,COORD,Ref=1.48,,,,
2274127.8,ἰός,ἰόν,n-s---ma-,AccObj. ,2274127.9,OBJ,Ref=1.48,AccObj.,,,
2274127.9,ἵημι,ἕηκε,v3saia---,Aor. | Ind. | Act,2274127.7,PRED_CO,Ref=1.48|SpaceAfter=No,Aor.,Ind.,Act,
,,,,,,,Ref=1.48,,,,
,,,,,,,,,,,
,,,,,,,,,,,
,,,,,,,,,,,
,,,,,,,,,,,
2274128.1,δεινός,δεινή,a-s---fn-,NomPred. ,2274128.3,ATR,Ref=1.49,NomPred.,,,
2274128.2,δέ,δέ,g--------,,2274128.0,COORD,Ref=1.49,,,,
2274128.3,κλαγγή,κλαγγή,n-s---fn-,NomSubj.,2274128.4,SBJ,Ref=1.49,NomSubj.,,,
2274128.4,γίγνομαι,γένετ’,v3saim---,Aor. | Ind. | MidSpon.,2274128.2,PRED_CO,Ref=1.49,Aor.,Ind.,MidSpon.,
2274128.5,ἀργύρεος,ἀργυρέοιο,a-s---mg-,Agr.,2274128.6,ATR,Ref=1.49,Agr.,,,
2274128.6,βιός,βιοῖο,n-s---mg-,GenSep.,2274128.3,ATR,Ref=1.49|SpaceAfter=No,GenSep.,,,
,,,,,,,Ref=1.49,,,,
,,,,,,,,,,,
,,,,,,,,,,,
,,,,,,,,,,,
,,,,,,,,,,,
2274129.1,ὀρεύς,οὐρῆας,n-p---ma-,AccObj. ,2274129.5,OBJ_CO,Ref=1.50,AccObj.,,,
2274129.2,μέν,μέν,g--------,,2274129.9,AuxY,Ref=1.50,,,,
2274129.3,πρῶτος,πρῶτον,a-s---na-,AccAdv. ,2274129.4,ADV,Ref=1.50,AccAdv.,,,
2274129.4,ἐποίχομαι,ἐπῴχετο,v3siie---,Impf. | Ind. | MidMotion.,2274129.9,PRED_CO,Ref=1.50,Impf.,Ind.,MidMotion.,
2274129.5,καί,καί,c--------,,2274129.4,COORD,Ref=1.50,,,,
2274129.6,κύων,κύνας,n-p---ma-,AccObj. ,2274129.5,OBJ_CO,Ref=1.50,AccObj.,,,
2274129.7,ἀργός,ἀργούς,a-p---ma-,Agr.,2274129.6,ATR,Ref=1.50|SpaceAfter=No,Agr.,,,
,,,,,,,Ref=1.50,,,,
2274129.9,ἀτάρ,αὐτάρ,c--------,,2274129.0,COORD,Ref=1.51,,,,
2274129.1,ἔπειτα,ἔπειτ’,d--------,,2274129.15,ADV,Ref=1.51,,,,
2274129.11,αὐτός,αὐτοῖσι,a-p---md-,DatVerb. ,2274129.14,OBJ,Ref=1.51,DatVerb.,,,
2274129.12,βέλος,βέλος,n-s---na-,AccObj. ,2274129.14,OBJ,Ref=1.51,AccObj.,,,
2274129.13,ἐχεπευκής,ἐχεπευκές,a-s---na-,Agr.,2274129.12,ATR,Ref=1.51,Agr.,,,
2274129.14,ἐφίημι,ἐφιείς,v-sppamn-,PresNoni. | PartCirc. | Act. | Agr.,2274129.15,ADV,Ref=1.51,PresNoni.,PartCirc.,Act.,Agr.
2274129.15,βάλλω,βάλλ’,v3siia---,ImpfComp. | Ind. | Act.,2274129.9,PRED_CO,Ref=1.52|SpaceAfter=No,ImpfComp.,Ind.,Act.,
,,,,,,,Ref=1.52,,,,
,,,,,,,,,,,
,,,,,,,,,,,
,,,,,,,,,,,
,,,,,,,,,,,
2274130.1,ἀεί,αἰεί,d--------,,2274130.5,ADV,Ref=1.52,,,,
2274130.2,δέ,δέ,g--------,,2274130.0,COORD,Ref=1.52,,,,
2274130.3,πυρή,πυραί,n-p---fn-,NomSubj.,2274130.5,SBJ,Ref=1.52,NomSubj.,,,
2274130.4,νέκυς,νεκύων,n-p---mg-,GenExpl. ,2274130.3,ATR,Ref=1.52,GenExpl.,,,
2274130.5,καίω,καίοντο,v3piie---,Impf. | Ind. | Pass.,2274130.2,PRED_CO,Ref=1.52,Impf.,Ind.,Pass.,
2274130.6,θαμέες,θαμειαί,a-p---fn-,Agr.,2274130.3,ATV,Ref=1.52|SpaceAfter=No,Agr.,,,
,,,,,,,Ref=1.52,,,,
,,,,,,,,,,,
,,,,,,,,,,,
,,,,,,,,,,,
,,,,,,,,,,,
2274131.1,ἐννῆμαρ,ἐννῆμαρ,d--------,,2274131.5,ADV,Ref=1.53,,,,
2274131.2,μέν,μέν,g--------,,2274131.11,AuxY,Ref=1.53,,,,
2274131.3,ἀνά,ἀνά,r--------,Prep3.,2274131.5,AuxP,Ref=1.53,Prep3.,,,
2274131.4,στρατός,στρατόν,n-s---ma-,GBP,2274131.3,OBJ,Ref=1.53,GBP,,,
2274131.5,οἴχομαι,ᾤχετο,v3siie---,Impf. | Ind. | MidMotion. ,2274131.11,PRED_CO,Ref=1.53,Impf.,Ind.,MidMotion.,
2274131.6,κῆλον,κῆλα,n-p---nn-,NomSubj.,2274131.5,SBJ,Ref=1.53,NomSubj.,,,
2274131.7,θεός,θεοῖο,n-s---mg-,GenPos. ,2274131.6,ATR,Ref=1.53|SpaceAfter=No,GenPos.,,,
,,,,,,,Ref=1.53,,,,
2274131.7,ὁ,τῇ,l-s---fd-,Agr.,2274131.1,ATR,Ref=1.54,Agr.,,,
2274131.1,δέκατος,δεκάτῃ,a-s---fd-,DatTime.,2274131.14,ADV,Ref=1.54,DatTime.,,,
2274131.11,δέ,δ’,g--------,,2274131.0,COORD,Ref=1.54,,,,
2274131.12,ἀγορά,ἀγορήν,n-s---fa-,AccDirec.,2274131.14,OBJ,Ref=1.54,AccDirec.,,,
2274131.13,δέ,δέ,g--------,,2274131.12,AuxZ,Ref=1.54,,,,
2274131.14,καλέω,καλέσσατο,v3saim---,Aor. | Ind. | MidSpee.,2274131.11,PRED_CO,Ref=1.54,Aor.,Ind.,MidSpee.,
2274131.15,λαός,λαόν,n-s---ma-,AccObj. ,2274131.14,OBJ,Ref=1.54,AccObj.,,,
2274131.16,Ἀχιλλεύς,Ἀχιλλεύς,n-s---mn-,NomSubj.,2274131.14,SBJ,Ref=1.54|SpaceAfter=No,NomSubj.,,,
,,,,,,,Ref=1.54,,,,
,,,,,,,,,,,
,,,,,,,,,,,
,,,,,,,,,,,
,,,,,,,,,,,
2274131.16,ὁ,τῷ,p-s---md-,Agr.,2274132.4,ATR,Ref=1.55,Agr.,,,
2274132.2,γάρ,γάρ,g--------,,2274132.5,AuxY,Ref=1.55,,,,
2274132.3,ἐπί,ἐπί,r--------,Prep3.,2274132.5,AuxP,Ref=1.55,Prep3.,,,
2274132.4,φρήν,φρεσί,n-p----d-,GBP,2274132.3,OBJ,Ref=1.55,GBP,,,
2274132.5,τίθημι,θῆκε,v3saia---,Aor. | Ind. | Act.,2274132.0,PRED,Ref=1.55,Aor.,Ind.,Act.,
2274132.6,θεά,θεά,n-s---fn-,Agr.,2274132.1,SBJ_AP,Ref=1.55,Agr.,,,
2274132.7,λευκώλενος,λευκώλενος,a-s---fn-,Agr.,2274132.8,ATR,Ref=1.55,Agr.,,,
2274132.8,Ἥρα,Ἥρη,n-s---fn-,NomSubj.,2274132.1,SBJ_AP,Ref=1.55|SpaceAfter=No,NomSubj.,,,
,,,,,,,Ref=1.55,,,,
,,,,,,,,,,,
,,,,,,,,,,,
,,,,,,,,,,,
,,,,,,,,,,,
2274133.1,κήδω,κήδετο,v3siie---,Impf.  | Ind. | MidMent.,2274133.0,PRED,Ref=1.56,Impf.,Ind.,MidMent.,
2274133.2,γάρ,γάρ,g--------,,2274133.1,AuxY,Ref=1.56,,,,
2274133.3,Δαναοί,Δαναῶν,n-p---mg-,GenCaus.,2274133.1,OBJ,Ref=1.56|SpaceAfter=No,GenCaus.,,,
,,,,,,,Ref=1.56,,,,
2274133.5,ὅτι,ὅτι,c--------,,2274133.1,AuxC,Ref=1.56,,,,
2274133.5,ἄρα,ῥα,g--------,,2274133.8,AuxY,Ref=1.56,,,,
2274133.7,θνήσκω,θνήσκοντας,v-pppama-,PresNoni. | PartSupp. | Act. | AccAdv. ,2274133.8,AtvV,Ref=1.56,PresNoni.,PartSupp.,Act.,AccAdv.
2274133.8,ὁράω,ὁρᾶτο,v3siie---,Impf. | Ind. | MidMent. ,2274133.5,ADV,Ref=1.56|SpaceAfter=No,Impf.,Ind.,MidMent.,
,,,,,,,Ref=1.56,,,,
,,,,,,,,,,,
,,,,,,,,,,,
,,,,,,,,,,,
,,,,,,,,,,,
2274133.8,ὁ,οἳ,p-p---mn-,NomSubj.,2274134.7,SBJ,Ref=1.57,NomSubj.,,,
2274134.2,δέ,δ’,g--------,,2274134.0,COORD,Ref=1.57,,,,
2274134.3,ἐπεί,ἐπεί,c--------,,2274134.13,AuxC,Ref=1.57,,,,
2274134.4,οὖν,οὖν,g--------,,2274134.3,AuxY,Ref=1.57,,,,
2274134.5,ἀγείρω,ἤγερθεν,v3paip---,Aor. | Ind.| Pass.,2274134.7,ADV_CO,Ref=1.57,Aor.,Ind.,Pass.,
2274134.6,ὁμηγερής,ὁμηγερέες,a-p---mn-,NomPred.,2274134.8,PNOM,Ref=1.57,NomPred.,,,
2274134.7,τε,τε,g--------,,2274134.3,COORD,Ref=1.57,,,,
2274134.8,γίγνομαι,γένοντο,v3paim---,Aor. | Ind.| MidSpon.,2274134.7,ADV_CO,Ref=1.57|SpaceAfter=No,Aor.,Ind.,MidSpon.,
,,,,,,,Ref=1.57,,,,
2274134.8,ὁ,τοῖσι,p-p---md-,DatLoc. ,2274134.13,OBJ,Ref=1.58,DatLoc.,,,
2274134.11,δέ,δ’,g--------,,2274134.13,AuxY,Ref=1.58,,,,
2274134.12,ἀνίστημι,ἀνιστάμενος,v-sppemn-,PresNoni. | PartCirc. | MidMotion. | Agr.,2274134.13,ADV,Ref=1.58,PresNoni.,PartCirc.,MidMotion.,Agr.
2274134.13,μετάφημι,μετέφη,v3siia---,Impf. | Ind.| Act.,2274134.2,PRED_CO,Ref=1.58,Impf.,Ind.,Act.,
2274134.14,πούς,πόδας,n-p---ma-,AccResp.,2274134.15,ATR,Ref=1.58,AccResp.,,,
2274134.15,ὠκύς,ὠκύς,a-s---mn-,Agr.,2274134.16,ATR,Ref=1.58,Agr.,,,
2274134.16,Ἀχιλλεύς,Ἀχιλλεύς,n-s---mn-,NomSubj.,2274134.13,SBJ,Ref=1.58|SpaceAfter=No,NomSubj.,,,
,,,,,,,Ref=1.58,,,,
,,,,,,,,,,,
,,,,,,,,,,,
,,,,,,,,,,,
,,,,,,,,,,,
2274135.1,Ἀτρείδης,Ἀτρεΐδη,n-s---mv-,Voc. ,2274135.5,ExD,Ref=1.59,Voc.,,,
2274135.2,νῦν,νῦν,d--------,,2274135.5,ADV,Ref=1.59,,,,
2274135.2,ἐγώ,ἄμμε,p-p---ma-,AccSubj. ,2274135.7,SBJ,Ref=1.59,AccSubj.,,,
2274135.4,παλιμπλάζομαι,παλιμπλαγχθέντας,v-pappma-,AorNoni. | PartCirc. | Pass. | Agr.,2274135.7,ADV,Ref=1.59,AorNoni.,PartCirc.,Pass.,Agr.
2274135.5,οἴομαι,ὀΐω,v1spia---,Pres. | Ind.| Act.,2274135.0,PRED,Ref=1.59,Pres.,Ind.,Act.,
2274135.6,ἄψ,ἄψ,d--------,,2274135.7,ADV,Ref=1.60,,,,
2274135.7,ἀπονοστέω,ἀπονοστήσειν,v--tna---,FutNoni. |InfDyn.| Act.,2274135.5,OBJ,Ref=1.60|SpaceAfter=No,FutNoni.,InfDyn.,Act.,
,,,,,,,Ref=1.60,,,,
2274135.9,εἰ,εἴ,c--------,,2274135.7,AuxC,Ref=1.60,,,,
2274135.1,ἄν,κεν,g--------,,2274135.13,AuxZ,Ref=1.60,,,,
2274135.11,θάνατος,θάνατόν,n-s---ma-,AccObj. ,2274135.13,OBJ,Ref=1.60,AccObj.,,,
2274135.12,γε,γε,g--------,,2274135.11,AuxZ,Ref=1.60,,,,
2274135.13,φεύγω,φύγοιμεν,v1paoa---,AorNoni. | OptSubor. | Act.,2274135.9,ADV,Ref=1.60|SpaceAfter=No,AorNoni.,OptSubor.,Act.,
,,,,,,,Ref=1.60,,,,
2274135.15,εἰ,εἰ,c--------,,2274135.5,AuxC,Ref=1.61,,,,
2274135.16,δή,δή,g--------,,2274135.2,AuxY,Ref=1.61,,,,
2274135.17,ὁμοῦ,ὁμοῦ,d--------,,2274135.2,ADV,Ref=1.61,,,,
2274135.18,πόλεμος,πόλεμός,n-s---mn-,NomSubj.,2274135.21,SBJ_CO,Ref=1.61,NomSubj.,,,
2274135.19,τε,τε,g--------,,2274135.21,AuxY,Ref=1.61,,,,
2274135.2,δαμάζω,δαμᾷ,v3sfia---,FutHypo. | Ind.| Act.,2274135.15,ADV,Ref=1.61,FutHypo.,Ind.,Act.,
2274135.21,καί,καί,c--------,,2274135.2,COORD,Ref=1.61,,,,
2274135.22,λοιμός,λοιμός,n-s---mn-,NomSubj.,2274135.21,SBJ_CO,Ref=1.61,NomSubj.,,,
2274135.23,Ἀχαιός,Ἀχαιούς,a-p---ma-,AccObj. ,2274135.2,OBJ,Ref=1.61|SpaceAfter=No,AccObj.,,,
,,,,,,,Ref=1.61,,,,
,,,,,,,,,,,
,,,,,,,,,,,
,,,,,,,,,,,
,,,,,,,,,,,
2274136.1,ἀλλά,ἀλλ’,d--------,,2274136.6,AuxZ,Ref=1.62,,,,
2274136.2,ἄγε,ἄγε,d--------,,2274136.6,AuxY,Ref=1.62,,,,
2274136.3,δή,δή,g--------,,2274136.6,AuxY,Ref=1.62,,,,
2274136.3,τις,τινα,p-s---ma-,Agr.,2274136.9,ATR,Ref=1.62,Agr.,,,
2274136.5,μάντις,μάντιν,n-s---ma-,AccObj. ,2274136.9,OBJ_CO,Ref=1.62,AccObj.,,,
2274136.5,ἐρέω,ἐρείομεν,v1ppsa---,PresNoni. | SubjHort. | Act.,2274136.0,PRED,Ref=1.62,PresNoni.,SubjHort.,Act.,
2274136.7,ἤ,ἤ,c--------,,2274136.9,AuxY,Ref=1.62,,,,
2274136.8,ἱερεύς,ἱερῆα,n-s---ma-,AccObj. ,2274136.9,OBJ_CO,Ref=1.62,AccObj.,,,
2274136.9,ἤ,ἤ,c--------,,2274136.6,COORD,Ref=1.63,,,,
2274136.1,καί,καί,d--------,,2274136.11,AuxZ,Ref=1.63,,,,
2274136.11,ὀνειροπόλος,ὀνειροπόλον,n-s---ma-,AccObj. ,2274136.9,OBJ_CO,Ref=1.63|SpaceAfter=No,AccObj.,,,
,,,,,,,Ref=1.63,,,,
2274136.13,καί,καί,d--------,,2274136.19,AuxY,Ref=1.63,,,,
2274136.14,γάρ,γάρ,g--------,,2274136.19,AuxY,Ref=1.63,,,,
2274136.15,τε,τ’,g--------,,2274136.19,AuxY,Ref=1.63,,,,
2274136.16,ὄναρ,ὄναρ,n-s---nn-,NomSubj.,2274136.19,SBJ,Ref=1.63,NomSubj.,,,
2274136.17,ἐκ,ἐκ,r--------,Prep1.,2274136.19,AuxP,Ref=1.63,Prep1.,,,
2274136.18,Ζεύς,Διός,n-s---mg-,GBP,2274136.17,PNOM,Ref=1.63,GBP,,,
2274136.18,εἰμί,ἐστιν,v3spia---,PresIter. | Ind.| Act.,2274136.6,ExD,Ref=1.63|SpaceAfter=No,PresIter.,Ind.,Act.,
,,,,,,,Ref=1.63,,,,
2274136.18,ὅς,ὅς,p-s---mn-,NomSubj.,2274136.23,SBJ,Ref=1.64,NomSubj.,,,
2274136.22,ἄν,κ’,g--------,,2274136.23,AuxZ,Ref=1.64,,,,
2274136.23,εἶπον,εἴποι,v3saoa---,AorNoni. | OptSubor. | Act.,2274136.9,ATR,Ref=1.64,AorNoni.,OptSubor.,Act.,
2274136.23,ὅς,ὅ,p-s---na-,,2274136.27,ADV,Ref=1.64,,,,
2274136.23,τις,τι,p-s---na-,AccCaus.,2274136.24,ATR,Ref=1.64,AccCaus.,,,
2274136.26,τόσος,τόσσον,a-s---na-,AccAdv.,2274136.27,ADV,Ref=1.64,AccAdv.,,,
2274136.27,χώομαι,ἐχώσατο,v3saim---,AorIngr. | Ind.| MidMent.,2274136.3,OBJ_AP,Ref=1.64,AorIngr.,Ind.,MidMent.,
2274136.28,Φοῖβος,Φοῖβος,n-s---mn-,Agr.,2274136.29,ATR,Ref=1.64,Agr.,,,
2274136.29,Ἀπόλλων,Ἀπόλλων,n-s---mn-,NomSubj.,2274136.27,SBJ,Ref=1.64|SpaceAfter=No,NomSubj.,,,
,,,,,,,Ref=1.64,,,,
2274136.31,εἴτε,εἴτ’,d--------,,2274136.3,AuxC,Ref=1.65,,,,
2274136.31,ἄρα,ἄρ’,g--------,,2274136.36,AuxY,Ref=1.65,,,,
2274136.31,ὁ,ὅ,p-s---mn-,NomSubj.,2274136.36,SBJ,Ref=1.65,NomSubj.,,,
2274136.34,γε,γ’,g--------,,2274136.33,AuxZ,Ref=1.65,,,,
2274136.35,εὐχωλή,εὐχωλῆς,n-s---fg-,GenCaus.,2274136.37,OBJ_CO,Ref=1.65,GenCaus.,,,
2274136.36,ἐπιμέμφομαι,ἐπιμέμφεται,v3spie---,Pres. | Ind.| MidSpee.,2274136.31,OBJ_AP,Ref=1.65,Pres.,Ind.,MidSpee.,
2274136.37,ἠδέ,ἠδ’,c--------,,2274136.36,COORD,Ref=1.65,,,,
2274136.38,ἑκατόμβη,ἑκατόμβης,n-s---fg-,GenCaus.,2274136.37,OBJ_CO,Ref=1.65|SpaceAfter=No,GenCaus.,,,
,,,,,,,Ref=1.65,,,,
2274136.4,εἰ,αἴ,c--------,,2274136.6,AuxC,Ref=1.66,,,,
2274136.41,ἄν,κέν,g--------,,2274136.48,AuxZ,Ref=1.66,,,,
2274136.42,πως,πως,g--------,,2274136.48,ADV,Ref=1.66,,,,
2274136.43,ἀρνός,ἀρνῶν,n-p---mg-,GenPos.,2274136.46,ATR_CO,Ref=1.66,GenPos.,,,
2274136.44,κνῖσα,κνίσης,n-s---fg-,GenVerb.  ,2274136.49,OBJ,Ref=1.66,GenVerb.,,,
2274136.45,αἴξ,αἰγῶν,n-p---mg-,GenPos.,2274136.46,ATR_CO,Ref=1.66,GenPos.,,,
2274136.46,τε,τε,g--------,,2274136.44,COORD,Ref=1.66,,,,
2274136.47,τέλειος,τελείων,a-p---mg-,Agr.,2274136.45,ATR,Ref=1.66,Agr.,,,
2274136.47,βούλομαι,βούλεται,v3spse---,PresNoni. | SubjSubor.| MidMent.,2274136.4,ADV,Ref=1.67,PresNoni.,SubjSubor.,MidMent.,
2274136.49,ἀντιάω,ἀντιάσας,v-sapamn-,AorNoni. | PartCirc. | Act. | Agr.,2274136.48,ADV,Ref=1.67,AorNoni.,PartCirc.,Act.,Agr.
2274136.49,ἐγώ,ἡμῖν,p-p---md-,DatAdvn.,2274136.53,OBJ,Ref=1.67,DatAdvn.,,,
2274136.51,ἀπό,ἀπό,r--------,Preverb,2274136.53,AuxZ,Ref=1.67,Preverb,,,
2274136.52,λοιγός,λοιγόν,n-s---ma-,AccObj. ,2274136.53,OBJ,Ref=1.67,AccObj.,,,
2274136.53,ἀμύνω,ἀμῦναι,v--ana---,AorNoni. | InfDyn. | Act.,2274136.48,OBJ,Ref=1.67|SpaceAfter=No,AorNoni.,InfDyn.,Act.,
,,,,,,,Ref=1.67,,,,
,,,,,,,,,,,
,,,,,,,,,,,
,,,,,,,,,,,
,,,,,,,,,,,
2274137.1,ἤτοι,ἤτοι,g--------,,2274137.8,AuxY,Ref=1.68,,,,
2274137.1,ὁ,ὅ,p-s---mn-,NomSubj.,2274137.8,SBJ,Ref=1.68,NomSubj.,,,
2274137.3,γε,γ’,g--------,Preverb,2274137.2,AuxZ,Ref=1.68,Preverb,,,
2274137.4,ὡς,ὡς,d--------,,2274137.5,ADV,Ref=1.68,,,,
2274137.5,εἶπον,εἰπών,v-sapamn-,AorNoni. | PartCirc. | MidSpee. | Agr.,2274137.8,ADV,Ref=1.68,AorNoni.,PartCirc.,MidSpee.,Agr.
2274137.6,κατά,κατ’,r--------,Preverb,2274137.8,AuxZ,Ref=1.68,Preverb,,,
2274137.6,ἄρα,ἄρ’,g--------,,2274137.8,AuxY,Ref=1.68,,,,
2274137.8,ἕζομαι,ἕζετο,v3siie---,Impf. | Ind. | MidMotion.,2274137.0,PRED,Ref=1.68|SpaceAfter=No,Impf.,Ind.,MidMotion.,
,,,,,,,Ref=1.68,,,,
,,,,,,,,,,,
,,,,,,,,,,,
,,,,,,,,,,,
,,,,,,,,,,,
2274137.8,ὁ,τοῖσι,p-p---md-,DatLoc.,2274138.3,OBJ,Ref=1.68,DatLoc.,,,
2274138.2,δέ,δ’,g--------,,2274138.0,COORD,Ref=1.68,,,,
2274138.3,ἀνίστημι,ἀνέστη,v3saia---,Aor. | Ind. | Act.,2274138.2,PRED_CO,Ref=1.68,Aor.,Ind.,Act.,
2274138.4,Κάλχας,Κάλχας,n-s---mn-,NomSubj.,2274138.3,SBJ,Ref=1.69,NomSubj.,,,
2274138.5,Θεστορίδης,Θεστορίδης,n-s---mn-,Agr.,2274138.4,ATR,Ref=1.69,Agr.,,,
2274138.6,οἰωνοπόλος,οἰωνοπόλων,n-p---mg-,GenComp.,2274138.8,ATR,Ref=1.69,GenComp.,,,
2274138.7,ὄχα,ὄχ’,d--------,,2274138.8,AuxZ,Ref=1.69,,,,
2274138.8,ἄριστος,ἄριστος,a-s---mn-,Agr.,2274138.4,ATR,Ref=1.69|SpaceAfter=No,Agr.,,,
,,,,,,,Ref=1.69,,,,
2274138.8,ὅς,ὃς,p-s---mn-,NomSubj. ,2274138.22,SBJ,Ref=1.70,NomSubj.,,,
2274138.11,οἶδα,ᾔδη,v3slia---,Pperf. | Ind. | Act.,2274138.22,ATR_CO,Ref=1.70,Pperf.,Ind.,Act.,
2274138.11,ὁ,τά,p-p---na-,AccObj. ,2274138.19,OBJ_CO,Ref=1.70,AccObj.,,,
2274138.13,τε,τ’,g--------,,2274138.19,AuxY,Ref=1.70,,,,
2274138.13,εἰμί,ἐόντα,v-pppana-,PresNoni. | PartSupp. | Act. | Agr.,2274138.12,ATR,Ref=1.70,PresNoni.,PartSupp.,Act.,Agr.
2274138.13,ὁ,τά,p-p---na-,AccObj. ,2274138.19,OBJ_CO,Ref=1.70,AccObj.,,,
2274138.16,τε,τ’,g--------,,2274138.19,AuxY,Ref=1.70,,,,
2274138.16,εἰμί,ἐσσόμενα,v-pfpmna-,FutNoni. | PartSupp. | MidSpon. | Agr.,2274138.15,ATR,Ref=1.70,FutNoni.,PartSupp.,MidSpon.,Agr.
2274138.18,πρό,πρό,r--------,Preverb,2274138.2,AuxZ,Ref=1.70,Preverb,,,
2274138.19,τε,τ’,g--------,,2274138.11,COORD,Ref=1.70,,,,
2274138.19,εἰμί,ἐόντα,v-pppana-,PresNoni. | PartSupp. | Act. | Agr.,2274138.19,OBJ_CO,Ref=1.70|SpaceAfter=No,PresNoni.,PartSupp.,Act.,Agr.
,,,,,,,Ref=1.70,,,,
2274138.22,καί,καί,c--------,,2274138.4,COORD,Ref=1.71,,,,
2274138.23,ναῦς,νήεσσ’,n-p---fd-,DatVerb. ,2274138.24,OBJ,Ref=1.71,DatVerb.,,,
2274138.24,ἡγέομαι,ἡγήσατ’,v3saim---,Aor. | Ind. | MidMent.,2274138.22,ATR_CO,Ref=1.71,Aor.,Ind.,MidMent.,
2274138.25,Ἀχαιός,Ἀχαιῶν,a-p---mg-,GenPos. ,2274138.23,ATR,Ref=1.71,GenPos.,,,
2274138.26,Ἴλιος,Ἴλιον,n-s---fa-,GBP,2274138.27,OBJ,Ref=1.71,GBP,,,
2274138.27,εἴσω,εἴσω,r--------,Prep3.,2274138.24,AuxP,Ref=1.71,Prep3.,,,
2274138.27,ἑός,ἣν,a-s---fa-,Agr.,2274138.3,ATR,Ref=1.72,Agr.,,,
2274138.29,διά,διά,r--------,Prep1.,2274138.24,AuxP,Ref=1.72,Prep1.,,,
2274138.3,μαντοσύνη,μαντοσύνην,n-s---fa-,GBP,2274138.29,ADV,Ref=1.72|SpaceAfter=No,GBP,,,
,,,,,,,Ref=1.72,,,,
2274138.3,ὁ,τήν,p-s---fa-,AccObj. ,2274138.34,OBJ,Ref=1.72,AccObj.,,,
2274138.3,ἕ,οἱ,p-s---md-,DatVerb. ,2274138.34,OBJ,Ref=1.72,DatVerb.,,,
2274138.34,πόρω,πόρε,v3saia---,Aor. | Ind. | Act.,2274138.3,ATR,Ref=1.72,Aor.,Ind.,Act.,
2274138.35,Φοῖβος,Φοῖβος,n-s---mn-,Agr.,2274138.36,ATR,Ref=1.72,Agr.,,,
2274138.36,Ἀπόλλων,Ἀπόλλων,n-s---mn-,NomSubj.,2274138.34,SBJ,Ref=1.72|SpaceAfter=No,NomSubj.,,,
,,,,,,,Ref=1.72,,,,
,,,,,,,,,,,
,,,,,,,,,,,
,,,,,,,,,,,
,,,,,,,,,,,
2274138.36,ὁ,ὅ,p-s---mn-,NomSubj.,2274139.6,SBJ,Ref=1.73,NomSubj.,,,
2274138.36,σφεῖς,σφιν,p-p---md-,DatLoc. ,2274139.6,OBJ,Ref=1.73,DatLoc.,,,
2274139.3,εὖ,ἐύ,d--------,,2274139.4,ADV,Ref=1.73,,,,
2274139.4,φρονέω,φρονέων,v-sppamn-,PresNoni. | PartCirc. | Act. | Agr.,2274139.6,ADV,Ref=1.73,PresNoni.,PartCirc.,Act.,Agr.
2274139.5,ἀγοράομαι,ἀγορήσατο,v3saim---,Aor. | Ind. | MidSpee.,2274139.6,PRED_CO,Ref=1.73,Aor.,Ind.,MidSpee.,
2274139.6,καί,καί,c--------,,2274139.0,COORD,Ref=1.73,,,,
2274139.7,μετεῖπον,μετέειπεν,v3saia---,Aor. | Ind. | Act.,2274139.6,PRED_CO,Ref=1.73|SpaceAfter=No,Aor.,Ind.,Act.,
,,,,,,,Ref=1.73,,,,
,,,,,,,,,,,
,,,,,,,,,,,
,,,,,,,,,,,
,,,,,,,,,,,
2274140.1,ὦ,ὦ,i--------,,2274140.2,AuxZ,Ref=1.74,,,,
2274140.2,Ἀχιλλεύς,Ἀχιλεῦ,n-s---mv-,Voc. ,2274140.13,ExD_AP,Ref=1.74,Voc.,,,
2274140.3,κέλομαι,κέλεαί,v2spie---,Pres. | Ind. | MidSpee.,2274140.0,PRED,Ref=1.74,Pres.,Ind.,MidSpee.,
2274140.3,ἐγώ,με,p-s---ma-,AccObj. ,2274140.7,SBJ,Ref=1.74,AccObj.,,,
2274140.5,Ζεύς,Διί,n-s---md-,DatExpr.,2274140.6,ATR,Ref=1.74,DatExpr.,,,
2274140.6,φίλος,φίλε,a-s---mv-,Voc. ,2274140.13,ExD_AP,Ref=1.74,Voc.,,,
2274140.7,μυθέομαι,μυθήσασθαι,v--ane---,AorNoni. |InfDyn.| MidSpee. ,2274140.3,OBJ,Ref=1.74,AorNoni.,InfDyn.,MidSpee.,
2274140.8,μῆνις,μῆνιν,n-s---fa-,AccObj. ,2274140.7,OBJ,Ref=1.75,AccObj.,,,
2274140.9,Ἀπόλλων,Ἀπόλλωνος,n-s---mg-,GenSubj.,2274140.14,ATR_AP,Ref=1.75,GenSubj.,,,
2274140.1,ἑκατηβελέτης,ἑκατηβελέταο,n-s---mg-,Agr.,2274140.11,ATR,Ref=1.75,Agr.,,,
2274140.11,ἄναξ,ἄνακτος,n-s---mg-,Agr.,2274140.14,ATR_AP,Ref=1.75|SpaceAfter=No,Agr.,,,
,,,,,,,Ref=1.75,,,,
,,,,,,,,,,,
,,,,,,,,,,,
,,,,,,,,,,,
,,,,,,,,,,,
2274140.11,σύ,τοὶ,p-s----d-,DatVerb. ,2274141.4,OBJ,Ref=1.76,DatVerb.,,,
2274141.2,γάρ,γάρ,g--------,,2274141.4,AuxY,Ref=1.76,,,,
2274141.2,ἐγώ,ἐγὼν,p-s---mn-,NomSubj.,2274141.4,SBJ,Ref=1.76,NomSubj.,,,
2274141.4,ἐρῶ,ἐρέω,v1sfia---,Fut. | Ind. | Act.,2274141.0,PRED,Ref=1.76|SpaceAfter=No,Fut.,Ind.,Act.,
,,,,,,,Ref=1.76,,,,
,,,,,,,,,,,
,,,,,,,,,,,
,,,,,,,,,,,
,,,,,,,,,,,
2274141.4,σύ,σὺ,p-s----n-,NomSubj.,2274142.4,SBJ,Ref=1.76,NomSubj.,,,
2274142.2,δέ,δέ,g--------,,2274142.0,COORD,Ref=1.76,,,,
2274142.3,συντίθημι,σύνθεο,v2samm---,AorNoni.  | ImprComm. | MidIndir.,2274142.4,PRED_CO,Ref=1.76,AorNoni.,ImprComm.,MidIndir.,
2274142.4,καί,καί,c--------,,2274142.2,COORD,Ref=1.76,,,,
2274142.4,ἐγώ,μοι,p-s---md-,DatAdvn. ,2274142.6,OBJ,Ref=1.76,DatAdvn.,,,
2274142.6,ὄμνυμι,ὄμοσσον,v2sama---,AorNoni.  | ImprComm. | Act.,2274142.4,PRED_CO,Ref=1.76,AorNoni.,ImprComm.,Act.,
2274142.7,ἦ,ἦ,d--------,,2274142.14,AuxY,Ref=1.77,,,,
2274142.8,μέν,μέν,g--------,,2274142.14,AuxY,Ref=1.77,,,,
2274142.8,ἐγώ,μοι,p-s---md-,DatVerb. ,2274142.14,OBJ,Ref=1.77,DatVerb.,,,
2274142.1,πρόφρων,πρόφρων,a-s---mn-,Agr.,2274142.14,AtvV,Ref=1.77,Agr.,,,
2274142.11,ἔπος,ἔπεσιν,n-p---nd-,DatMean.,2274142.12,ADV_CO,Ref=1.77,DatMean.,,,
2274142.12,καί,καί,c--------,,2274142.14,COORD,Ref=1.77,,,,
2274142.12,χείρ,χερσὶν,n-p---fd-,DatMean.,2274142.12,ADV_CO,Ref=1.77,DatMean.,,,
2274142.14,ἀρήγω,ἀρήξειν,v--fna---,FutNoni.| InfDyn. | Act.,2274142.6,OBJ,Ref=1.77|SpaceAfter=No,FutNoni.,InfDyn.,Act.,
,,,,,,,Ref=1.77,,,,
,,,,,,,,,,,
,,,,,,,,,,,
,,,,,,,,,,,
,,,,,,,,,,,
2274143.1,ἦ,ἦ,d--------,,2274143.3,AuxY,Ref=1.78,,,,
2274143.2,γάρ,γάρ,g--------,,2274143.3,AuxY,Ref=1.78,,,,
2274143.3,οἴομαι,ὀΐομαι,v1spie---,Pres. | Ind. | MidMent.,2274143.0,PRED,Ref=1.78,Pres.,Ind.,MidMent.,
2274143.4,ἀνήρ,ἄνδρα,n-s---ma-,AccObj. ,2274143.5,SBJ,Ref=1.78,AccObj.,,,
2274143.5,χολόω,χολωσέμεν,v--fna---,FutNoni. | InfDyn. | Act.,2274143.3,OBJ,Ref=1.78|SpaceAfter=No,FutNoni.,InfDyn.,Act.,
,,,,,,,Ref=1.78,,,,
2274143.5,ὅς,ὃς,p-s---mn-,NomSubj.,2274143.11,SBJ,Ref=1.78,NomSubj.,,,
2274143.8,μέγας,μέγα,a-s---na-,AccAdv.,2274143.11,ADV,Ref=1.78,AccAdv.,,,
2274143.9,πᾶς,πάντων,a-p---mg-,Agr.,2274143.1,ATR,Ref=1.78,Agr.,,,
2274143.1,Ἀργεῖος,Ἀργείων,a-p---mg-,GenVerb.  ,2274143.11,OBJ,Ref=1.79,GenVerb.,,,
2274143.11,κρατέω,κρατέει,v3spia---,PresPerf. | Ind. | Act.,2274143.12,ATR_CO,Ref=1.79,PresPerf.,Ind.,Act.,
2274143.12,καί,καί,c--------,,2274143.4,COORD,Ref=1.79,,,,
2274143.12,ἕ,οἱ,p-s---md-,DatVerb. ,2274143.14,OBJ,Ref=1.79,DatVerb.,,,
2274143.14,πείθω,πείθονται,v3ppie---,Pres. | Ind. | MidSpon.,2274143.12,ATR_CO,Ref=1.79,Pres.,Ind.,MidSpon.,
2274143.15,Ἀχαιός,Ἀχαιοί,a-p---mn-,NomSubj.,2274143.14,SBJ,Ref=1.79|SpaceAfter=No,NomSubj.,,,
,,,,,,,Ref=1.79,,,,
,,,,,,,,,,,
,,,,,,,,,,,
,,,,,,,,,,,
,,,,,,,,,,,
2274144.1,κρείσσων,κρείσσων,a-s---mnc,NomPred.,2274144.9,PNOM,Ref=1.80,NomPred.,,,
2274144.2,γάρ,γάρ,g--------,,2274144.9,AuxY,Ref=1.80,,,,
2274144.3,βασιλεύς,βασιλεύς,n-s---mn-,NomSubj.,2274144.9,SBJ,Ref=1.80,NomSubj.,,,
2274144.4,ὅτε,ὅτε,c--------,,2274144.9,AuxC,Ref=1.80,,,,
2274144.4,χώομαι,χώσεται,v3sasm---,AorNoni. | SubjSubor.| MidMent.,2274144.4,ADV,Ref=1.80,AorNoni.,SubjSubor.,MidMent.,
2274144.6,ἀνήρ,ἀνδρί,n-s---md-,DatCaus.,2274144.5,OBJ,Ref=1.80,DatCaus.,,,
2274144.7,χερείων,χέρηϊ,a-s---md-,Agr.,2274144.6,ATR,Ref=1.80|SpaceAfter=No,Agr.,,,
,,,,,,,Ref=1.80,,,,
,,,,,,,,,,,
,,,,,,,,,,,
,,,,,,,,,,,
,,,,,,,,,,,
2274145.1,εἰ,εἴ,c--------,,2274145.15,AuxC,Ref=1.81,,,,
2274145.2,πέρ,περ,g--------,,2274145.1,AuxZ,Ref=1.81,,,,
2274145.3,γάρ,γάρ,g--------,,2274145.15,AuxY,Ref=1.81,,,,
2274145.4,τε,τε,g--------,,2274145.9,AuxY,Ref=1.81,,,,
2274145.5,χόλος,χόλον,n-s---ma-,AccObj. ,2274145.9,OBJ,Ref=1.81,AccObj.,,,
2274145.6,γε,γε,g--------,,2274145.5,AuxZ,Ref=1.81,,,,
2274145.7,καί,καί,d--------,,2274145.8,AuxZ,Ref=1.81,,,,
2274145.8,αὐτῆμαρ,αὐτῆμαρ,d--------,,2274145.9,ADV,Ref=1.81,,,,
2274145.9,καταπέσσω,καταπέψῃ,v3sasa---,AorNoni. | SubjSubor. | Act.,2274145.1,ADV,Ref=1.81|SpaceAfter=No,AorNoni.,SubjSubor.,Act.,
,,,,,,,Ref=1.81,,,,
2274145.11,ἀλλά,ἀλλά,d--------,,2274145.15,AuxY,Ref=1.82,,,,
2274145.12,τε,τε,g--------,,2274145.15,AuxY,Ref=1.82,,,,
2274145.13,καί,καί,d--------,,2274145.14,AuxZ,Ref=1.82,,,,
2274145.14,μετόπισθε,μετόπισθεν,d--------,,2274145.15,ADV,Ref=1.82,,,,
2274145.15,ἔχω,ἔχει,v3spia---,Pres. | Ind. | Act.,2274145.0,PRED,Ref=1.82,Pres.,Ind.,Act.,
2274145.16,κότος,κότον,n-s---ma-,AccObj. ,2274145.15,OBJ,Ref=1.82|SpaceAfter=No,AccObj.,,,
,,,,,,,Ref=1.82,,,,
2274145.18,ὄφρα,ὄφρα,c--------,,2274145.15,AuxC,Ref=1.82,,,,
2274145.19,τελέω,τελέσσῃ,v3sasa---,AorNoni. | SubjSubor. | Act.,2274145.18,ADV,Ref=1.82|SpaceAfter=No,AorNoni.,SubjSubor.,Act.,
,,,,,,,Ref=1.82,,,,
2274145.21,ἐν,ἐν,r--------,Prep3.,2274145.15,AuxP,Ref=1.83,Prep3.,,,
2274145.22,στῆθος,στήθεσσιν,n-p---nd-,GBP,2274145.21,OBJ,Ref=1.83,GBP,,,
2274145.22,ἑός,ἑοῖσι,a-p---nd-,Agr.,2274145.22,ATR,Ref=1.83|SpaceAfter=No,Agr.,,,
,,,,,,,Ref=1.83,,,,
,,,,,,,,,,,
,,,,,,,,,,,
,,,,,,,,,,,
,,,,,,,,,,,
2274145.22,σύ,σὺ,p-s----n-,,2274146.3,SBJ,Ref=1.83,,,,
2274146.2,δέ,δέ,g--------,,2274146.0,COORD,Ref=1.83,,,,
2274146.3,φράζω,φράσαι,v2samm---,AorNoni. | ImprComm. | MidSpee.,2274146.2,PRED_CO,Ref=1.83,AorNoni.,ImprComm.,MidSpee.,
2274146.4,εἰ,εἴ,c--------,,2274146.3,AuxC,Ref=1.83,,,,
2274146.4,ἐγώ,με,p-s---ma-,AccObj. ,2274146.6,OBJ,Ref=1.83,AccObj.,,,
2274146.4,σώζω,σαώσεις,v2sasa---,AorNoni. | SubjSubor. | Act.,2274146.4,OBJ,Ref=1.83|SpaceAfter=No,AorNoni.,SubjSubor.,Act.,
,,,,,,,Ref=1.83,,,,
,,,,,,,,,,,
,,,,,,,,,,,
,,,,,,,,,,,
,,,,,,,,,,,
2274146.4,ὁ,τὸν,p-s---ma-,AccObj. ,2274147.4,OBJ,Ref=1.84,AccObj.,,,
2274147.2,δέ,δ’,g--------,,2274147.0,COORD,Ref=1.84,,,,
2274147.3,ἀπαμείβομαι,ἀπαμειβόμενος,v-sppemn-,PresNoni. | PartCirc. | MidRecip. | Agr.,2274147.4,ADV,Ref=1.84,PresNoni.,PartCirc.,MidRecip.,Agr.
2274147.4,πρόσφημι,προσέφη,v3siia---,Impf. | Ind. | Act.,2274147.2,PRED_CO,Ref=1.84,Impf.,Ind.,Act.,
2274147.5,πούς,πόδας,n-p---ma-,AccResp.,2274147.6,ATR,Ref=1.84,AccResp.,,,
2274147.6,ὠκύς,ὠκύς,a-s---mn-,Agr.,2274147.7,ATR,Ref=1.84,Agr.,,,
2274147.7,Ἀχιλλεύς,Ἀχιλλεύς,n-s---mn-,NomSubj.,2274147.4,SBJ,Ref=1.84|SpaceAfter=No,NomSubj.,,,
,,,,,,,Ref=1.84,,,,
,,,,,,,,,,,
,,,,,,,,,,,
,,,,,,,,,,,
,,,,,,,,,,,
2274148.1,θαρσέω,θαρσήσας,v-sapamn-,AorNoni. | PartCirc. | Act. | Agr.,2274148.3,ADV,Ref=1.85,AorNoni.,PartCirc.,Act.,Agr.
2274148.2,μάλα,μάλα,d--------,,2274148.1,ADV,Ref=1.85,,,,
2274148.3,εἶπον,εἰπέ,v2sama---,AorNoni.  | ImprComm. | Act.,2274148.0,PRED,Ref=1.85,AorNoni.,ImprComm.,Act.,
2274148.4,θεοπρόπιον,θεοπρόπιον,n-s---na-,AccObj. ,2274148.3,OBJ,Ref=1.85,AccObj.,,,
2274148.4,ὅς,ὅ,p-s---na-,AccObj. ,2274148.7,OBJ,Ref=1.85,AccObj.,,,
2274148.4,τις,τι,p-s---na-,Agr.,2274148.5,ATR,Ref=1.85,Agr.,,,
2274148.7,οἶδα,οἶσθα,v2sria---,Perf. | Ind. | Act.,2274148.4,ATR,Ref=1.85|SpaceAfter=No,Perf.,Ind.,Act.,
,,,,,,,Ref=1.85,,,,
,,,,,,,,,,,
,,,,,,,,,,,
,,,,,,,,,,,
,,,,,,,,,,,
2274148.7,οὐ,οὐ,d--------,,2274149.31,AuxZ,Ref=1.86,,,,
2274149.2,μά,μά,g--------,,2274149.4,AuxZ,Ref=1.86,,,,
2274149.3,γάρ,γάρ,g--------,,2274149.31,AuxY,Ref=1.86,,,,
2274149.4,Ἀπόλλων,Ἀπόλλωνα,n-s---ma-,AccOath.,2274149.31,ExD,Ref=1.86,AccOath.,,,
2274149.5,Ζεύς,Διί,n-s---md-,DatExpr.,2274149.6,ATR,Ref=1.86,DatExpr.,,,
2274149.6,φίλος,φίλον,a-s---ma-,Agr.,2274149.4,ATR,Ref=1.86|SpaceAfter=No,Agr.,,,
,,,,,,,Ref=1.86,,,,
2274149.6,ὅς,ᾧ,p-s---md-,DatVerb. ,2274149.12,OBJ,Ref=1.86,DatVerb.,,,
2274149.9,τε,τε,g--------,,2274149.15,AuxY,Ref=1.86,,,,
2274149.9,σύ,σὺ,p-s----n-,NomSubj.,2274149.15,SBJ,Ref=1.86,NomSubj.,,,
2274149.11,Κάλχας,Κάλχαν,n-s---mv-,Voc. ,2274149.15,ExD,Ref=1.86,Voc.,,,
2274149.12,εὔχομαι,εὐχόμενος,v-sppemn-,PresNoni. | PartCirc. | MidSpee. | Agr.,2274149.15,ADV,Ref=1.87,PresNoni.,PartCirc.,MidSpee.,Agr.
2274149.13,Δαναοί,Δαναοῖσι,n-p---md-,DatVerb. ,2274149.15,OBJ,Ref=1.87,DatVerb.,,,
2274149.14,θεοπροπία,θεοπροπίας,n-p---fa-,AccObj. ,2274149.15,OBJ,Ref=1.87,AccObj.,,,
2274149.15,ἀναφαίνω,ἀναφαίνεις,v2spia---,PresIter. | Ind. | Act.,2274149.4,ATR,Ref=1.87|SpaceAfter=No,PresIter.,Ind.,Act.,
,,,,,,,Ref=1.87,,,,
2274149.15,οὐ,οὔ,d--------,,2274149.31,AuxZ,Ref=1.88,,,,
2274149.15,τις,τις,p-s---mn-,NomSubj.,2274149.31,SBJ,Ref=1.88,NomSubj.,,,
2274149.15,ἐγώ,ἐμεῦ,p-s---mg-,GenAbs.,2274149.21,SBJ,Ref=1.88,GenAbs.,,,
2274149.2,ζάω,ζῶντος,v-sppamg-,PresNoni. | PartGen. | Act. | GenAbs.,2274149.21,ADV_CO,Ref=1.88,PresNoni.,PartGen.,Act.,GenAbs.
2274149.21,καί,καί,c--------,,2274149.31,COORD,Ref=1.88,,,,
2274149.22,ἐπί,ἐπί,r--------,Prep3.,2274149.24,AuxP,Ref=1.88,Prep3.,,,
2274149.23,χθών,χθονί,n-s---fd-,GBP,2274149.22,ADV,Ref=1.88,GBP,,,
2274149.24,δέρκομαι,δερκομένοιο,v-sppemg-,PresNoni. | PartGen. | MidMent. | GenAbs.,2274149.21,ADV_CO,Ref=1.88,PresNoni.,PartGen.,MidMent.,GenAbs.
2274149.24,σύ,σοὶ,p-s----d-,DatVerb. ,2274149.31,OBJ,Ref=1.89,DatVerb.,,,
2274149.26,κοῖλος,κοίλῃς,a-p---fd-,Agr.,2274149.28,ATR,Ref=1.89,Agr.,,,
2274149.26,παρά,παρὰ,r--------,Prep3.,2274149.31,AuxP,Ref=1.89,Prep3.,,,
2274149.28,ναῦς,νηυσί,n-p---fd-,GBP,2274149.27,ADV,Ref=1.89,GBP,,,
2274149.29,βαρύς,βαρείας,a-p---fa-,Agr.,2274149.3,ATR,Ref=1.89,Agr.,,,
2274149.29,χείρ,χεῖρας,n-p---fa-,AccObj. ,2274149.31,OBJ,Ref=1.89,AccObj.,,,
2274149.31,ἐπιφέρω,ἐποίσει,v3sfia---,Fut. | Ind. | Act.,2274149.0,PRED,Ref=1.89,Fut.,Ind.,Act.,
2274149.32,σύμπας,συμπάντων,a-p---mg-,Agr.,2274149.33,ATR,Ref=1.90,Agr.,,,
2274149.33,Δαναοί,Δαναῶν,n-p---mg-,GenPart.,2274149.18,ATR,Ref=1.90|SpaceAfter=No,GenPart.,,,
,,,,,,,Ref=1.90,,,,
2274149.33,οὐ,οὐ,d--------,,2274149.37,AuxZ,Ref=1.90|SpaceAfter=No,,,,
2274149.36,δέ,δ’,g--------,,2274149.37,AuxZ,Ref=1.90,,,,
2274149.37,ἐάν,ἤν,c--------,,2274149.31,AuxC,Ref=1.90,,,,
2274149.38,Ἀγαμέμνων,Ἀγαμέμνονα,n-s---ma-,AccObj. ,2274149.39,OBJ,Ref=1.90,AccObj.,,,
2274149.39,εἶπον,εἴπῃς,v2sasa---,AorNoni. | SubjDelib. | Act.,2274149.37,ADV,Ref=1.90|SpaceAfter=No,AorNoni.,SubjDelib.,Act.,
,,,,,,,Ref=1.90,,,,
2274149.39,ὅς,ὃς,p-s---mn-,NomSubj.,2274149.46,SBJ,Ref=1.91,NomSubj.,,,
2274149.42,νῦν,νῦν,d--------,,2274149.46,ADV,Ref=1.91,,,,
2274149.43,πολύς,πολλόν,a-s---na-,AccAdv.,2274149.44,AuxZ,Ref=1.91,AccAdv.,,,
2274149.44,ἄριστος,ἄριστος,a-s---mn-,NomPred.,2274149.47,PNOM,Ref=1.91,NomPred.,,,
2274149.45,Ἀχαιός,Ἀχαιῶν,a-p---mg-,GenComp.,2274149.44,ATR,Ref=1.91,GenComp.,,,
2274149.46,εὔχομαι,εὔχεται,v3spie---,Pres. | Ind. | MidSpee.,2274149.38,ATR,Ref=1.91,Pres.,Ind.,MidSpee.,
2274149.46,εἰμί,εἶναι,v--pna---,PresNoni. | InfDyn. | Act.,2274149.46,OBJ,Ref=1.91|SpaceAfter=No,PresNoni.,InfDyn.,Act.,
,,,,,,,Ref=1.91,,,,
,,,,,,,,,,,
,,,,,,,,,,,
,,,,,,,,,,,
,,,,,,,,,,,
2274150.1,καί,καί,d--------,,2274150.5,AuxY,Ref=1.92,,,,
2274150.2,τότε,τότε,d--------,,2274150.5,ADV,Ref=1.92,,,,
2274150.3,δή,δή,g--------,,2274150.5,AuxY,Ref=1.92,,,,
2274150.4,θαρσέω,θάρσησε,v3saia---,AorIngr. | Ind. | Act.,2274150.5,PRED_CO,Ref=1.92,AorIngr.,Ind.,Act.,
2274150.5,καί,καί,c--------,,2274150.0,COORD,Ref=1.92,,,,
2274150.6,αὐδάω,ηὔδα,v3siia---,Impf. | Ind. | Act.,2274150.5,PRED_CO,Ref=1.92,Impf.,Ind.,Act.,
2274150.7,μάντις,μάντις,n-s---mn-,NomSubj.,2274150.5,SBJ,Ref=1.92,NomSubj.,,,
2274150.8,ἀμύμων,ἀμύμων,a-s---mn-,Agr.,2274150.7,ATR,Ref=1.92|SpaceAfter=No,Agr.,,,
,,,,,,,Ref=1.92,,,,
,,,,,,,,,,,
,,,,,,,,,,,
,,,,,,,,,,,
,,,,,,,,,,,
2274150.8,οὐ,οὔ,d--------,,2274151.6,AuxZ,Ref=1.93,,,,
2274151.2,τε,τ’,g--------,,2274151.9,AuxY,Ref=1.93,,,,
2274151.2,ἄρα,ἄρ,g--------,,2274151.7,AuxY,Ref=1.93,,,,
2274151.2,ὁ,ὅ,p-s---mn-,NomSubj.,2274151.7,SBJ,Ref=1.93,NomSubj.,,,
2274151.5,γε,γ’,g--------,,2274151.4,AuxZ,Ref=1.93,,,,
2274151.6,εὐχωλή,εὐχωλῆς,n-s---fg-,GenCaus.,2274151.9,OBJ_CO,Ref=1.93,GenCaus.,,,
2274151.7,ἐπιμέμφομαι,ἐπιμέμφεται,v3spie---,Pres. | Ind. | MidSpee.,2274151.12,PRED_CO,Ref=1.93,Pres.,Ind.,MidSpee.,
2274151.7,οὐ,οὐ,d--------,,2274151.1,AuxZ,Ref=1.93|SpaceAfter=No,,,,
2274151.9,δέ,δ’,g--------,,2274151.4,COORD,Ref=1.93,,,,
2274151.1,ἑκατόμβη,ἑκατόμβης,n-s---fg-,GenCaus.,2274151.9,ADV_CO,Ref=1.93|SpaceAfter=No,GenCaus.,,,
,,,,,,,Ref=1.93,,,,
2274151.12,ἀλλά,ἀλλ’,c--------,,2274151.0,COORD,Ref=1.94,,,,
2274151.13,ἕνεκα,ἕνεκ’,r--------,Prep1.,2274151.28,AuxP,Ref=1.94,Prep1.,,,
2274151.14,ἀρητήρ,ἀρητῆρος,n-s---fg-,GBP,2274151.13,ATR,Ref=1.94,GBP,,,
2274151.14,ὅς,ὃν,p-s---ma-,AccObj. ,2274151.16,OBJ,Ref=1.94,AccObj.,,,
2274151.16,ἀτιμάω,ἠτίμησ’,v3saia---,AorIngr. | Ind. | Act.,2274151.23,ATR_CO,Ref=1.94,AorIngr.,Ind.,Act.,
2274151.17,Ἀγαμέμνων,Ἀγαμέμνων,n-s---mn-,NomSubj.,2274151.23,SBJ,Ref=1.94|SpaceAfter=No,NomSubj.,,,
,,,,,,,Ref=1.94,,,,
2274151.17,οὐ,οὐ,d--------,,2274151.21,AuxZ,Ref=1.95|SpaceAfter=No,,,,
2274151.2,δέ,δ’,g--------,,2274151.23,AuxY,Ref=1.95,,,,
2274151.21,ἀπολύω,ἀπέλυσε,v3saia---,Aor. | Ind. | Act.,2274151.23,ATR_CO,Ref=1.95,Aor.,Ind.,Act.,
2274151.22,θυγάτηρ,θύγατρα,n-s---fa-,AccObj. ,2274151.21,OBJ,Ref=1.95,AccObj.,,,
2274151.23,καί,καί,c--------,,2274151.14,COORD,Ref=1.95,,,,
2274151.23,οὐ,οὐκ,d--------,,2274151.25,AuxZ,Ref=1.95,,,,
2274151.25,ἀποδέχομαι,ἀπεδέξατ’,v3saim---,Aor. | Ind. | MidIndir.,2274151.23,ATR_CO,Ref=1.95,Aor.,Ind.,MidIndir.,
2274151.26,ἄποινα,ἄποινα,n-p---na-,AccObj. ,2274151.25,OBJ,Ref=1.95|SpaceAfter=No,AccObj.,,,
,,,,,,,Ref=1.95,,,,
2274151.28,τοὔνεκα,τοὔνεκ’,d--------,,2274151.33,ADV,Ref=1.96,,,,
2274151.28,ἄρα,ἄρ’,g--------,,2274151.33,AuxY,Ref=1.96,,,,
2274151.3,ἄλγος,ἄλγε’,n-p---na-,AccObj. ,2274151.33,OBJ,Ref=1.96,AccObj.,,,
2274151.31,δίδωμι,ἔδωκεν,v3saia---,Aor. | Ind. | Act.,2274151.33,PRED_CO,Ref=1.96,Aor.,Ind.,Act.,
2274151.32,ἑκηβόλος,ἑκηβόλος,a-s---mn-,NomSubj.,2274151.33,SBJ,Ref=1.96,NomSubj.,,,
2274151.33,ἠδέ,ἠδ’,c--------,,2274151.11,COORD,Ref=1.96,,,,
2274151.34,ἔτι,ἔτι,d--------,,2274151.35,ADV,Ref=1.96,,,,
2274151.35,δίδωμι,δώσει,v3sfia---,Fut. | Ind. | Act.,2274151.33,PRED_CO,Ref=1.96|SpaceAfter=No,Fut.,Ind.,Act.,
,,,,,,,Ref=1.96,,,,
,,,,,,,,,,,
,,,,,,,,,,,
,,,,,,,,,,,
,,,,,,,,,,,
2274151.35,οὐ,οὐ,d--------,,2274152.9,AuxZ,Ref=1.97|SpaceAfter=No,,,,
2274152.2,δέ,δ’,g--------,,2274152.0,COORD,Ref=1.97,,,,
2274152.2,ὁ,ὅ,p-s---mn-,NomSubj.,2274152.9,SBJ,Ref=1.97,NomSubj.,,,
2274152.4,γε,γε,g--------,,2274152.3,AuxZ,Ref=1.97,,,,
2274152.5,πρίν,πρίν,d--------,,2274152.9,ADV,Ref=1.97,,,,
2274152.6,Δαναοί,Δαναοῖσιν,n-p---md-,DatAdvn.,2274152.9,OBJ,Ref=1.97,DatAdvn.,,,
2274152.7,ἀεικής,ἀεικέα,a-s---ma-,Agr.,2274152.8,ATR,Ref=1.97,Agr.,,,
2274152.8,λοιγός,λοιγόν,n-s---ma-,AccObj. ,2274152.9,OBJ,Ref=1.97,AccObj.,,,
2274152.9,ἀπωθέω,ἀπώσει,v3sfia---,Fut. | Ind. | Act.,2274152.2,PRED_CO,Ref=1.97,Fut.,Ind.,Act.,
2274152.1,πρίν,πρίν,c--------,,2274152.9,AuxC,Ref=1.98,,,,
2274152.11,γε,γ’,g--------,,2274152.1,AuxZ,Ref=1.98,,,,
2274152.12,ἀπό,ἀπό,r--------,Preverb,2274152.15,AuxZ,Ref=1.98,Preverb,,,
2274152.13,πατήρ,πατρί,n-s---md-,DatVerb.,2274152.15,OBJ,Ref=1.98,DatVerb.,,,
2274152.14,φίλος,φίλῳ,a-s---md-,Agr.,2274152.13,ATR,Ref=1.98,Agr.,,,
2274152.15,δίδωμι,δόμεναι,v--ana---,AorNoni.|| InfDyn. | Act.,2274152.22,ADV_CO,Ref=1.98,AorNoni.,,InfDyn.,Act.
2274152.16,ἑλικῶπις,ἑλικώπιδα,a-s---fa-,Agr.,2274152.17,ATR,Ref=1.98,Agr.,,,
2274152.17,κόρη,κούρην,n-s---fa-,AccObj. ,2274152.15,OBJ,Ref=1.98,AccObj.,,,
2274152.18,ἀπρίατος,ἀπριάτην,a-s---fa-,AccAdv.,2274152.28,ATV_CO,Ref=1.99,AccAdv.,,,
2274152.19,ἀνάποινος,ἀνάποινον,a-s---fa-,AccAdv.,2274152.28,ATV_CO,Ref=1.99|SpaceAfter=No,AccAdv.,,,
,,,,,,,Ref=1.99,,,,
2274152.21,ἄγω,ἄγειν,v--pna---,PresNoni. | InfDyn. | Act.,2274152.22,ADV_CO,Ref=1.99,PresNoni.,InfDyn.,Act.,
2274152.22,τε,θ’,g--------,,2274152.1,COORD,Ref=1.99,,,,
2274152.23,ἱερός,ἱερήν,a-s---fa-,Agr.,2274152.24,ATR,Ref=1.99,Agr.,,,
2274152.24,ἑκατόμβη,ἑκατόμβην,n-s---fa-,AccObj. ,2274152.21,OBJ,Ref=1.99,AccObj.,,,
2274152.25,εἰς,ἐς,r--------,Prep4.,2274152.21,AuxP,Ref=1.100,Prep4.,,,
2274152.26,Χρύση,Χρύσην,n-s---fa-,GBP,2274152.25,OBJ,Ref=1.100|SpaceAfter=No,GBP,,,
,,,,,,,Ref=1.100,,,,
,,,,,,,,,,,
,,,,,,,,,,,
,,,,,,,,,,,
,,,,,,,,,,,
2274153.1,τότε,τότε,d--------,,2274153.5,ADV,Ref=1.100,,,,
2274153.2,ἄν,κέν,g--------,,2274153.5,AuxZ,Ref=1.100,,,,
2274153.2,μιν,μιν,p-s---ma-,AccObj. ,2274153.5,OBJ,Ref=1.100,AccObj.,,,
2274153.4,ἱλάομαι,ἱλασσάμενοι,v-papmmn-,AorNoni. | PartCirc. | MidMent. | Agr.,2274153.5,ADV,Ref=1.100,AorNoni.,PartCirc.,MidMent.,Agr.
2274153.5,πείθω,πεπίθοιμεν,v1paoa---,AorNoni. | OptPoten. | Act.,2274153.0,PRED,Ref=1.100|SpaceAfter=No,AorNoni.,OptPoten.,Act.,
,,,,,,,Ref=1.100,,,,
,,,,,,,,,,,
,,,,,,,,,,,
,,,,,,,,,,,
,,,,,,,,,,,
2274154.1,ἤτοι,ἤτοι,g--------,,2274154.8,AuxY,Ref=1.101,,,,
2274154.1,ὁ,ὅ,p-s---mn-,NomSubj.,2274154.8,SBJ,Ref=1.101,NomSubj.,,,
2274154.3,γε,γ’,g--------,,2274154.2,AuxZ,Ref=1.101,,,,
2274154.4,ὡς,ὡς,d--------,,2274154.5,ADV,Ref=1.101,,,,
2274154.5,εἶπον,εἰπών,v-sapamn-,AorNoni. | PartCirc. | Act. | Agr.,2274154.8,ADV,Ref=1.101,AorNoni.,PartCirc.,Act.,Agr.
2274154.6,κατά,κατ’,r--------,Preverb,2274154.8,AuxZ,Ref=1.101,Preverb,,,
2274154.6,ἄρα,ἄρ’,g--------,,2274154.8,AuxY,Ref=1.101,,,,
2274154.8,ἕζομαι,ἕζετο,v3saim---,Aor. | Ind. | MidMotion.,2274154.0,PRED,Ref=1.101|SpaceAfter=No,Aor.,Ind.,MidMotion.,
,,,,,,,Ref=1.101,,,,
,,,,,,,,,,,
,,,,,,,,,,,
,,,,,,,,,,,
,,,,,,,,,,,
2274154.8,ὁ,τοῖσι,p-p---md-,DatLoc. ,2274155.3,OBJ,Ref=1.101,DatLoc.,,,
2274155.2,δέ,δ’,g--------,,2274155.0,COORD,Ref=1.101,,,,
2274155.3,ἀνίστημι,ἀνέστη,v3saia---,Aor. | Ind. | Act.,2274155.2,PRED_CO,Ref=1.101,Aor.,Ind.,Act.,
2274155.4,ἥρως,ἥρως,n-p---mn-,Agr.,2274155.8,ATR,Ref=1.102,Agr.,,,
2274155.5,Ἀτρείδης,Ἀτρεΐδης,n-s---mn-,Agr.,2274155.8,ATR,Ref=1.102,Agr.,,,
2274155.6,εὐρύς,εὐρύ,a-s---na-,AccSpac. ,2274155.7,AuxZ,Ref=1.102,AccSpac.,,,
2274155.7,κρείων,κρείων,n-s---mn-,Agr.,2274155.8,ATR,Ref=1.102,Agr.,,,
2274155.8,Ἀγαμέμνων,Ἀγαμέμνων,n-s---mn-,NomSubj.,2274155.3,SBJ,Ref=1.102,NomSubj.,,,
2274155.9,ἀχεύω,ἀχνύμενος,v-spppmn-,PresNoni. | PartCirc. | Pass. | Agr.,2274155.3,ADV,Ref=1.103|SpaceAfter=No,PresNoni.,PartCirc.,Pass.,Agr.
,,,,,,,Ref=1.103,,,,
,,,,,,,,,,,
,,,,,,,,,,,
,,,,,,,,,,,
,,,,,,,,,,,
2274156.1,μένος,μένεος,n-s---ng-,GenMat. ,2274156.6,OBJ,Ref=1.103,GenMat.,,,
2274156.2,δέ,δέ,g--------,,2274156.9,AuxY,Ref=1.103,,,,
2274156.3,μέγας,μέγα,a-s---na-,AccAdv.,2274156.6,ADV,Ref=1.103,AccAdv.,,,
2274156.4,φρήν,φρένες,n-p---fn-,NomSubj.,2274156.6,SBJ,Ref=1.103,NomSubj.,,,
2274156.5,ἀμφιμέλας,ἀμφιμέλαιναι,a-p---fn-,Agr.,2274156.4,ATR,Ref=1.103,Agr.,,,
2274156.6,πίμπλημι,πίμπλαντ’,v3piie---,Impf. | Ind. | Pass.,2274156.9,PRED_CO,Ref=1.104|SpaceAfter=No,Impf.,Ind.,Pass.,
,,,,,,,Ref=1.104,,,,
2274156.8,ὄσσε,ὄσσε,n-d---nn-,NomSubj.,2274156.13,SBJ,Ref=1.104,NomSubj.,,,
2274156.9,δέ,δέ,g--------,,2274156.0,COORD,Ref=1.104,,,,
2274156.9,ἕ,οἱ,p-s---md-,DatPos,2274156.8,ATR,Ref=1.104,DatPos,,,
2274156.11,πῦρ,πυρί,n-s---nd-,DatVerb. ,2274156.13,OBJ,Ref=1.104,DatVerb.,,,
2274156.12,λαμπετάω,λαμπετόωντι,v-sppand-,PresNoni. | PartAttr. | Act. | Agr.,2274156.11,ATR,Ref=1.104,PresNoni.,PartAttr.,Act.,Agr.
2274156.13,ἔοικα,ἐΐκτην,v3dlia---,PperfInt. | Ind. | Act.,2274156.9,PRED_CO,Ref=1.104|SpaceAfter=No,PperfInt.,Ind.,Act.,
,,,,,,,Ref=1.104,,,,
,,,,,,,,,,,
,,,,,,,,,,,
,,,,,,,,,,,
,,,,,,,,,,,
2274157.1,Κάλχας,Κάλχαντα,n-s---ma-,AccObj. ,2274157.5,OBJ,Ref=1.105,AccObj.,,,
2274157.2,πρώτιστος,πρώτιστα,a-p---na-,AccAdv.,2274157.5,ADV,Ref=1.105,AccAdv.,,,
2274157.3,κακός,κάκ’,a-p---na-,AccAdv.,2274157.4,ADV,Ref=1.105,AccAdv.,,,
2274157.4,ὄσσομαι,ὀσσόμενος,v-sppemn-,PresNoni. | PartCirc. | MidMent. | Agr.,2274157.5,ADV,Ref=1.105,PresNoni.,PartCirc.,MidMent.,Agr.
2274157.5,προσεῖπον,προσέειπε,v3saia---,Aor. | Ind. | Act.,2274157.0,PRED,Ref=1.105|SpaceAfter=No,Aor.,Ind.,Act.,
,,,,,,,Ref=1.105,,,,
,,,,,,,,,,,
,,,,,,,,,,,
,,,,,,,,,,,
,,,,,,,,,,,
2274158.1,μάντις,μάντι,n-s---mv-,Voc. ,2274158.9,ExD,Ref=1.106,Voc.,,,
2274158.2,κακός,κακῶν,a-p---ng-,GenObj.,2274158.1,ATR,Ref=1.106,GenObj.,,,
2274158.2,οὐ,οὐ,d--------,,2274158.9,AuxZ,Ref=1.106,,,,
2274158.4,πω,πώ,g--------,,2274158.9,ADV,Ref=1.106,,,,
2274158.5,ποτέ,ποτέ,g--------,,2274158.9,AuxY,Ref=1.106,,,,
2274158.5,ἐγώ,μοι,p-s---md-,DatVerb. ,2274158.9,OBJ,Ref=1.106,DatVerb.,,,
2274158.5,ὁ,τὸ,l-s---na-,Agr.,2274158.8,ATR,Ref=1.106,Agr.,,,
2274158.8,κρήγυος,κρήγυον,a-s---na-,AccObj. ,2274158.9,OBJ,Ref=1.106,AccObj.,,,
2274158.9,εἶπον,εἶπας,v2saia---,Aor. | Ind. | Act.,2274158.0,PRED,Ref=1.106|SpaceAfter=No,Aor.,Ind.,Act.,
,,,,,,,Ref=1.106,,,,
,,,,,,,,,,,
,,,,,,,,,,,
,,,,,,,,,,,
,,,,,,,,,,,
2274159.1,ἀεί,αἰεί,d--------,,2274159.5,ADV,Ref=1.107,,,,
2274159.1,σύ,τοι,p-s----d-,DatExpr. ,2274159.5,OBJ,Ref=1.107,DatExpr.,,,
2274159.1,ὁ,τὰ,l-p---nn-,Agr.,2274159.4,ATR,Ref=1.107,Agr.,,,
2274159.4,κακός,κάκ’,a-p---nn-,NomSubj.,2274159.5,SBJ,Ref=1.107,NomSubj.,,,
2274159.4,εἰμί,ἐστὶ,v3spia---,Pres. | Ind. | Act.,2274159.11,PRED_CO,Ref=1.107,Pres.,Ind.,Act.,
2274159.6,φίλος,φίλα,a-p---nn-,NomPred.,2274159.5,PNOM,Ref=1.107,NomPred.,,,
2274159.7,φρήν,φρεσί,n-p----d-,DatLoc. ,2274159.5,ADV,Ref=1.107,DatLoc.,,,
2274159.8,μαντεύομαι,μαντεύεσθαι,v--pne---,PresNoni. | InfDyn. | MidSpee. ,2274159.6,ATR,Ref=1.107|SpaceAfter=No,PresNoni.,InfDyn.,MidSpee.,
,,,,,,,Ref=1.107,,,,
2274159.1,ἐσθλός,ἐσθλόν,a-s---na-,Agr.,2274159.16,ATR,Ref=1.108,Agr.,,,
2274159.11,δέ,δ’,g--------,,2274159.0,COORD,Ref=1.108,,,,
2274159.12,οὔτε,οὔτέ,d--------,,2274159.17,AuxY,Ref=1.108,,,,
2274159.12,τις,τί,p-s---na-,Agr.,2274159.16,ATR,Ref=1.108,Agr.,,,
2274159.14,πω,πω,g--------,,2274159.17,ADV,Ref=1.108,,,,
2274159.15,εἶπον,εἶπας,v2saia---,Aor. | Ind. | Act.,2274159.17,PRED_CO,Ref=1.108,Aor.,Ind.,Act.,
2274159.16,ἔπος,ἔπος,n-s---na-,AccObj. ,2274159.17,OBJ,Ref=1.108,AccObj.,,,
2274159.16,οὔτι,οὔ,d--------,,2274159.11,COORD,Ref=1.108,,,,
2274159.18,τε,τ’,g--------,,2274159.17,AuxZ,Ref=1.108,,,,
2274159.19,τελέω,ἐτέλεσσας,v2saia---,Aor. | Ind. | Act.,2274159.17,PRED_CO,Ref=1.108|SpaceAfter=No,Aor.,Ind.,Act.,
,,,,,,,Ref=1.108,,,,
,,,,,,,,,,,
,,,,,,,,,,,
,,,,,,,,,,,
,,,,,,,,,,,
2274160.1,καί,καί,d--------,,2274160.6,AuxY,Ref=1.109,,,,
2274160.2,νῦν,νῦν,d--------,,2274160.6,ADV,Ref=1.109,,,,
2274160.3,ἐν,ἐν,r--------,Prep3.,2274160.6,AuxP,Ref=1.109,Prep3.,,,
2274160.4,Δαναοί,Δαναοῖσι,n-p---md-,GBP,2274160.3,OBJ,Ref=1.109,GBP,,,
2274160.5,θεοπροπέω,θεοπροπέων,v-sppamn-,PresNoni. | PartCirc. | Act. | Agr.,2274160.6,ADV,Ref=1.109,PresNoni.,PartCirc.,Act.,Agr.
2274160.6,ἀγορεύω,ἀγορεύεις,v2spia---,Pres. | Ind. | Act.,2274160.0,PRED,Ref=1.109,Pres.,Ind.,Act.,
2274160.7,ὡς,ὡς,c--------,,2274160.6,AuxC,Ref=1.110,,,,
2274160.8,δή,δή,g--------,,2274160.14,AuxY,Ref=1.110,,,,
2274160.9,ὅδε,τοῦδ’,p-s---ng-,GBP,2274160.1,ADV,Ref=1.110,GBP,,,
2274160.1,ἕνεκα,ἕνεκά,r--------,Prep1.,2274160.14,AuxP,Ref=1.110,Prep1.,,,
2274160.1,σφεῖς,σφιν,p-p---md-,DatVerb.,2274160.14,OBJ,Ref=1.110,DatVerb.,,,
2274160.12,ἑκηβόλος,ἑκηβόλος,a-s---mn-,NomSubj.,2274160.14,SBJ,Ref=1.110,NomSubj.,,,
2274160.13,ἄλγος,ἄλγεα,n-p---na-,AccObj. ,2274160.14,OBJ,Ref=1.110,AccObj.,,,
2274160.14,τεύχω,τεύχει,v3spia---,Pres. | Ind. | Act.,2274160.7,OBJ,Ref=1.110|SpaceAfter=No,Pres.,Ind.,Act.,
,,,,,,,Ref=1.110,,,,
2274160.16,οὕνεκα,οὕνεκ’,d--------,,2274160.23,ADV,Ref=1.111,,,,
2274160.16,ἐγώ,ἐγὼ,p-s---mn-,NomSubj.,2274160.23,SBJ,Ref=1.111,NomSubj.,,,
2274160.18,κόρη,κούρης,n-s---fg-,GenPos. ,2274160.21,ATR,Ref=1.111,GenPos.,,,
2274160.19,Χρυσηίς,Χρυσηΐδος,n-s---fg-,Agr.,2274160.18,ATR,Ref=1.111,Agr.,,,
2274160.2,ἀγλαός,ἀγλά’,a-p---na-,Agr.,2274160.21,ATR,Ref=1.111,Agr.,,,
2274160.21,ἄποινα,ἄποινα,n-p---na-,AccObj. ,2274160.24,OBJ,Ref=1.111,AccObj.,,,
2274160.21,οὐ,οὐκ,d--------,,2274160.23,AuxZ,Ref=1.112,,,,
2274160.23,ἐθέλω,ἔθελον,v1siia---,Impf. | Ind. | Act.,2274160.9,ATR,Ref=1.112,Impf.,Ind.,Act.,
2274160.24,δέχομαι,δέξασθαι,v--anm---,AorNoni. |InfDyn. | MidIndir. ,2274160.23,OBJ,Ref=1.112|SpaceAfter=No,AorNoni.,InfDyn.,MidIndir.,
,,,,,,,Ref=1.112,,,,
2274160.26,ἐπεί,ἐπεί,c--------,,2274160.23,AuxC,Ref=1.112,,,,
2274160.27,πολύς,πολύ,a-s---na-,AccAdv.,2274160.28,ADV,Ref=1.112,AccAdv.,,,
2274160.28,βούλομαι,βούλομαι,v1spie---,PresPerf. | Ind. | MidMent.,2274160.26,ADV,Ref=1.112,PresPerf.,Ind.,MidMent.,
2274160.29,αὐτός,αὐτήν,a-s---fa-,AccObj. ,2274160.31,OBJ,Ref=1.112,AccObj.,,,
2274160.3,οἴκοι,οἴκοι,d--------,,2274160.31,ADV,Ref=1.113,,,,
2274160.31,ἔχω,ἔχειν,**,PresNoni. | InfDyn. | Act. ,2274160.28,OBJ,Ref=1.113|SpaceAfter=No,PresNoni.,InfDyn.,Act.,
,,,,,,,Ref=1.113,,,,
,,,,,,,,,,,
,,,,,,,,,,,
,,,,,,,,,,,
,,,,,,,,,,,
2274161.1,καί,καί,d--------,,2274161.5,AuxY,Ref=1.113,,,,
2274161.2,γάρ,γάρ,g--------,,2274161.5,AuxY,Ref=1.113,,,,
2274161.2,ἄρα,ῥα,g--------,,2274161.5,AuxY,Ref=1.113,,,,
2274161.4,Κλυταιμνήστρη,Κλυταιμνήστρης,n-s---fg-,Agr.,2274161.29,OBJ_AP,Ref=1.113,Agr.,,,
2274161.5,προβέβουλα,προβέβουλα,v1sria---,Perf. | Ind. | Act.,2274161.0,PRED,Ref=1.113,Perf.,Ind.,Act.,
2274161.6,κουρίδιος,κουριδίης,a-s---fg-,Agr.,2274161.7,ATR,Ref=1.114,Agr.,,,
2274161.7,ἄλοχος,ἀλόχου,n-s---fg-,GenVerb.  ,2274161.29,OBJ_AP,Ref=1.114|SpaceAfter=No,GenVerb.,,,
,,,,,,,Ref=1.114,,,,
2274161.9,ἐπεί,ἐπεί,c--------,,2274161.5,AuxC,Ref=1.114,,,,
2274161.9,οὐ,οὔ,d--------,,2274161.12,AuxZ,Ref=1.114,,,,
2274161.9,ἕ,ἑθέν,p-s---fg-,GenComp.,2274161.13,ATR,Ref=1.114,GenComp.,,,
2274161.9,εἰμί,ἐστι,v3spia---,Pres. | Ind. | Act.,2274161.9,ADV,Ref=1.114,Pres.,Ind.,Act.,
2274161.13,χερείων,χερείων,n-s---fn-,NomPred.,2274161.12,PNOM,Ref=1.114|SpaceAfter=No,NomPred.,,,
,,,,,,,Ref=1.114,,,,
2274161.13,οὐ,οὐ,d--------,,2274161.16,AuxZ,Ref=1.115,,,,
2274161.16,δέμας,δέμας,n-s---na-,AccResp.,2274161.25,ADV_CO,Ref=1.115,AccResp.,,,
2274161.16,οὐδέ,οὐ,g--------,,2274161.19,AuxZ,Ref=1.115|SpaceAfter=No,,,,
2274161.18,δέ,δέ,g--------,,2274161.25,AuxY,Ref=1.115,,,,
2274161.19,φυή,φυήν,n-s---fa-,AccResp.,2274161.25,ADV_CO,Ref=1.115|SpaceAfter=No,AccResp.,,,
,,,,,,,Ref=1.115,,,,
2274161.19,οὐ,οὔ,d--------,,2274161.24,AuxZ,Ref=1.115,,,,
2274161.22,τε,τ’,g--------,,2274161.25,AuxY,Ref=1.115,,,,
2274161.22,ἄρα,ἂρ,g--------,,2274161.24,AuxZ,Ref=1.115,,,,
2274161.22,φρήν,φρένας,n-p---ma-,AccResp.,2274161.25,ADV_CO,Ref=1.115,AccResp.,,,
2274161.25,οὔτε,οὔτέ,d--------,,2274161.12,COORD,Ref=1.115,,,,
2274161.25,τις,τι,p-s---na-,Agr.,2274161.27,ATR,Ref=1.115,Agr.,,,
2274161.27,ἔργον,ἔργα,n-p---na-,AccResp.,2274161.25,ADV_CO,Ref=1.115|SpaceAfter=No,AccResp.,,,
,,,,,,,Ref=1.115,,,,
,,,,,,,,,,,
,,,,,,,,,,,
,,,,,,,,,,,
,,,,,,,,,,,
2274162.1,ἀλλά,ἀλλά,d--------,,2274162.4,AuxY,Ref=1.116,,,,
2274162.2,καί,καί,d--------,,2274162.3,AuxZ,Ref=1.116,,,,
2274162.3,ὡς,ὧς,d--------,,2274162.4,ADV,Ref=1.116,,,,
2274162.4,ἐθέλω,ἐθέλω,v1spia---,Pres. | Ind. | Act.,2274162.0,PRED,Ref=1.116,Pres.,Ind.,Act.,
2274162.5,δίδωμι,δόμεναι,v--ana---,AorNoni. | InfDyn. | Act. ,2274162.4,OBJ,Ref=1.116,AorNoni.,InfDyn.,Act.,
2274162.6,πάλιν,πάλιν,d--------,,2274162.5,OBJ,Ref=1.116,,,,
2274162.7,εἰ,εἰ,c--------,,2274162.4,AuxC,Ref=1.116,,,,
2274162.7,ὁ,τό,p-s---nn-,NomSubj.,2274162.12,SBJ,Ref=1.116,NomSubj.,,,
2274162.9,γε,γ’,g--------,,2274162.8,AuxZ,Ref=1.116,,,,
2274162.1,ἀμείνων,ἄμεινον,a-s---nnc,NomPred.,2274162.12,PNOM,Ref=1.116|SpaceAfter=No,NomPred.,,,
,,,,,,,Ref=1.116,,,,
,,,,,,,,,,,
,,,,,,,,,,,
,,,,,,,,,,,
,,,,,,,,,,,
2274163.1,βούλομαι,βούλομ’,v1spie---,Pres. Enduring results | Mid. Deponent,2274163.0,PRED,Ref=1.117,Pres. Enduring results,Mid. Deponent,,
2274163.1,ἐγώ,ἐγὼ,p-s---mn-,NomSubj.,2274163.1,SBJ,Ref=1.117,NomSubj.,,,
2274163.3,λαός,λαόν,n-s---ma-,AccSubj. ,2274163.6,SBJ,Ref=1.117,AccSubj.,,,
2274163.4,σῶς,σῶν,a-s---ma-,AccDoubl. ,2274163.5,PNOM,Ref=1.117,AccDoubl.,,,
2274163.4,εἰμί,ἔμμεναι,v--pna---,PresNoni. | InfDyn. | Act.,2274163.6,OBJ_CO,Ref=1.117,PresNoni.,InfDyn.,Act.,
2274163.6,ἤ,ἤ,c--------,,2274163.1,COORD,Ref=1.117,,,,
2274163.7,ἀπόλλυμι,ἀπολέσθαι,v--anm---,AorNoni. |InfDyn.  | MidSpon.,2274163.6,OBJ_CO,Ref=1.117|SpaceAfter=No,AorNoni.,InfDyn.,MidSpon.,
,,,,,,,Ref=1.117,,,,
,,,,,,,,,,,
,,,,,,,,,,,
,,,,,,,,,,,
,,,,,,,,,,,
2274164.1,ἀτάρ,αὐτάρ,g--------,,2274164.5,AuxY,Ref=1.118,,,,
2274164.1,ἐγώ,ἐμοὶ,p-s---md-,DatVerb. ,2274164.5,OBJ,Ref=1.118,DatVerb.,,,
2274164.3,γέρας,γέρας,n-s---na-,AccObj. ,2274164.5,OBJ,Ref=1.118,AccObj.,,,
2274164.4,αὐτίκα,αὐτίχ’,d--------,,2274164.5,ADV,Ref=1.118,,,,
2274164.5,ἑτοιμάζω,ἑτοιμάσατ’,v2pama---,AorNoni. | ImprComm. | Act.,2274164.0,PRED,Ref=1.118,AorNoni.,ImprComm.,Act.,
2274164.6,ὄφρα,ὄφρα,c--------,,2274164.5,AuxC,Ref=1.118,,,,
2274164.7,μή,μή,g--------,,2274164.11,AuxZ,Ref=1.118,,,,
2274164.8,οἶος,οἶος,a-s---mn-,Agr.,2274164.11,AtvV,Ref=1.118,Agr.,,,
2274164.9,Ἀργεῖος,Ἀργείων,a-p---mg-,GenPart.,2274164.8,ATR,Ref=1.119,GenPart.,,,
2274164.1,ἀγέραστος,ἀγέραστος,a-s---mn-,NomPred.,2274164.11,PNOM,Ref=1.119,NomPred.,,,
2274164.1,εἰμί,ἔω,v1spsa---,PresNoni. | SubjSubor. | Act.,2274164.6,ADV,Ref=1.119|SpaceAfter=No,PresNoni.,SubjSubor.,Act.,
,,,,,,,Ref=1.119,,,,
2274164.13,ἐπεί,ἐπεί,c--------,,2274164.5,AuxC,Ref=1.119,,,,
2274164.13,οὐ,οὐ,d--------,,2274164.16,AuxZ,Ref=1.119|SpaceAfter=No,,,,
2274164.15,δέ,δέ,g--------,,2274164.14,AuxZ,Ref=1.119,,,,
2274164.16,ἔοικα,ἔοικε,v3sria---,Perf. | Ind. | Act.,2274164.13,ADV,Ref=1.119|SpaceAfter=No,Perf.,Ind.,Act.,
,,,,,,,Ref=1.119,,,,
,,,,,,,,,,,
,,,,,,,,,,,
,,,,,,,,,,,
,,,,,,,,,,,
2274165.1,λεύσσω,λεύσσετε,v2ppia---,Pres. | Ind. | Act.,2274165.0,PRED,Ref=1.120,Pres.,Ind.,Act.,
2274165.2,γάρ,γάρ,g--------,,2274165.1,AuxY,Ref=1.120,,,,
2274165.2,ὁ,τό,p-s---na-,AccObj. ,2274165.12,OBJ_AP,Ref=1.120,AccObj.,,,
2274165.4,γε,γε,g--------,,2274165.3,AuxZ,Ref=1.120,,,,
2274165.5,πᾶς,πάντες,a-p---mn-,NomSubj.,2274165.1,SBJ,Ref=1.120,NomSubj.,,,
2274165.5,ὅς,ὅ,p-s---na-,Agr.,2274165.12,AuxC,Ref=1.120,Agr.,,,
2274165.5,ἐγώ,μοι,p-s---md-,DatPos.,2274165.8,ATR,Ref=1.120,DatPos.,,,
2274165.8,γέρας,γέρας,n-s---nn-,NomSubj.,2274165.9,SBJ,Ref=1.120,NomSubj.,,,
2274165.9,ἔρχομαι,ἔρχεται,v3spie---,Pres. | Ind. | MidMotion.,2274165.6,OBJ_AP,Ref=1.120,Pres.,Ind.,MidMotion.,
2274165.1,ἄλλῃ,ἄλλῃ,d--------,,2274165.9,OBJ,Ref=1.120|SpaceAfter=No,,,,
,,,,,,,Ref=1.120,,,,
,,,,,,,,,,,
,,,,,,,,,,,
,,,,,,,,,,,
,,,,,,,,,,,
2274165.1,ὁ,τὸν,p-s---ma-,AccObj. ,2274166.3,OBJ,Ref=1.121,AccObj.,,,
2274166.2,δέ,δ’,g--------,,2274166.0,COORD,Ref=1.121,,,,
2274166.3,ἀμείβω,ἠμείβετ’,v3siie---,Impf. | Ind. | MidSpee.,2274166.2,PRED_CO,Ref=1.121,Impf.,Ind.,MidSpee.,
2274166.4,ἔπειτα,ἔπειτα,d--------,,2274166.3,ADV,Ref=1.121,,,,
2274166.5,ποδάρκης,ποδάρκης,a-s---mn-,Agr.,2274166.7,ATR,Ref=1.121,Agr.,,,
2274166.6,δῖος,δῖος,a-s---mn-,Agr.,2274166.7,ATR,Ref=1.121,Agr.,,,
2274166.7,Ἀχιλλεύς,Ἀχιλλεύς,n-s---mn-,NomSubj.,2274166.3,SBJ,Ref=1.121|SpaceAfter=No,NomSubj.,,,
,,,,,,,Ref=1.121,,,,
,,,,,,,,,,,
,,,,,,,,,,,
,,,,,,,,,,,
,,,,,,,,,,,
2274167.1,Ἀτρείδης,Ἀτρεΐδη,n-s---mv-,Voc. ,2274167.9,ExD,Ref=1.122,Voc.,,,
2274167.2,κύδιστος,κύδιστε,a-s---mv-,Agr.,2274167.1,ATR,Ref=1.122,Agr.,,,
2274167.3,φιλοκτέανος,φιλοκτεανώτατε,a-s---mvs,Agr.,2274167.1,ATR,Ref=1.122,Agr.,,,
2274167.4,πᾶς,πάντων,a-p---ng-,GenPart.,2274167.3,ATR,Ref=1.122|SpaceAfter=No,GenPart.,,,
,,,,,,,Ref=1.122,,,,
2274167.6,πῶς,πῶς,d--------,,2274167.9,ADV,Ref=1.123,,,,
2274167.7,γάρ,γάρ,g--------,,2274167.9,AuxY,Ref=1.123,,,,
2274167.7,σύ,τοι,p-s----d-,DatVerb. ,2274167.9,OBJ,Ref=1.123,DatVerb.,,,
2274167.9,δίδωμι,δώσουσι,v3pfia---,FutHypo. | Ind. | Act.,2274167.0,PRED,Ref=1.123,FutHypo.,Ind.,Act.,
2274167.1,γέρας,γέρας,n-s---na-,AccObj. ,2274167.9,OBJ,Ref=1.123,AccObj.,,,
2274167.11,μεγάθυμος,μεγάθυμοι,a-p---mn-,Agr.,2274167.12,ATR,Ref=1.123,Agr.,,,
2274167.12,Ἀχαιός,Ἀχαιοί,a-p---mn-,NomSubj.,2274167.9,SBJ,Ref=1.123|SpaceAfter=No,NomSubj.,,,
,,,,,,,Ref=1.123,,,,
,,,,,,,,,,,
,,,,,,,,,,,
,,,,,,,,,,,
,,,,,,,,,,,
2274167.12,οὐ,οὐ,d--------,,2274168.5,AuxZ,Ref=1.124|SpaceAfter=No,,,,
2274168.2,δέ,δέ,g--------,,2274168.0,COORD,Ref=1.124,,,,
2274168.2,τις,τί,p-s---na-,,2274168.5,AuxZ,Ref=1.124,,,,
2274168.4,πού,που,d--------,,2274168.5,AuxY,Ref=1.124,,,,
2274168.5,οἶδα,ἴδμεν,v1pria---,Perf. | Ind. | Act.,2274168.2,PRED_CO,Ref=1.124,Perf.,Ind.,Act.,
2274168.6,ξυνήιος,ξυνήϊα,a-p---na-,AccObj. ,2274168.5,OBJ,Ref=1.124,AccObj.,,,
2274168.7,κεῖμαι,κείμενα,v-pppena-,PresNoni. | PartAttr. | MidSpon. | Agr.,2274168.6,ATV,Ref=1.124,PresNoni.,PartAttr.,MidSpon.,Agr.
2274168.8,πολύς,πολλά,a-p---na-,Agr.,2274168.6,ATR,Ref=1.124|SpaceAfter=No,Agr.,,,
,,,,,,,Ref=1.124,,,,
,,,,,,,,,,,
,,,,,,,,,,,
,,,,,,,,,,,
,,,,,,,,,,,
2274169.1,ἀλλά,ἀλλά,d--------,,2274169.11,AuxY,Ref=1.125,,,,
2274169.1,ὁ,τὰ,p-p---na-,AccObj. ,2274169.5,OBJ,Ref=1.125,AccObj.,,,
2274169.3,μέν,μέν,g--------,,2274169.11,AuxY,Ref=1.125,,,,
2274169.4,πόλις,πολίων,n-p---fg-,GenSep.  ,2274169.5,OBJ,Ref=1.125,GenSep.,,,
2274169.5,ἐκπέρθω,ἐξεπράθομεν,v1paia---,Aor. | Ind. | Act.,2274169.7,ATR,Ref=1.125|SpaceAfter=No,Aor.,Ind.,Act.,
,,,,,,,Ref=1.125,,,,
2274169.5,ὁ,τὰ,p-p---nn-,NomSubj.,2274169.8,SBJ,Ref=1.125,NomSubj.,,,
2274169.8,δατέομαι,δέδασται,v3srie---,Perf. | Ind. | MidSpon.,2274169.11,PRED_CO,Ref=1.125|SpaceAfter=No,Perf.,Ind.,MidSpon.,
,,,,,,,Ref=1.125,,,,
2274169.1,λαός,λαούς,n-p---ma-,AccSubj. ,2274169.16,SBJ,Ref=1.126,AccSubj.,,,
2274169.11,δέ,δ’,g--------,,2274169.0,COORD,Ref=1.126,,,,
2274169.11,οὐ,οὐκ,d--------,,2274169.13,AuxZ,Ref=1.126,,,,
2274169.13,ἐπέοικε,ἐπέοικε,v3sria---,Perf. | Ind. | Act.,2274169.11,PRED_CO,Ref=1.126,Perf.,Ind.,Act.,
2274169.14,παλίλλογος,παλίλλογα,a-p---na-,AccObj. ,2274169.15,ATV,Ref=1.126,AccObj.,,,
2274169.15,οὗτος,ταῦτ’,a-p---na-,Agr.,2274169.16,OBJ,Ref=1.126,Agr.,,,
2274169.16,ἐπαγείρω,ἐπαγείρειν,v--pna---,PresNoni. | InfDyn. | Act.,2274169.13,SBJ,Ref=1.126|SpaceAfter=No,PresNoni.,InfDyn.,Act.,
,,,,,,,Ref=1.126,,,,
,,,,,,,,,,,
,,,,,,,,,,,
,,,,,,,,,,,
,,,,,,,,,,,
2274170.1,ἀλλά,ἀλλά,d--------,,2274170.7,AuxY,Ref=1.127,,,,
2274170.1,σύ,σὺ,p-s----n-,NomSubj.,2274170.7,SBJ,Ref=1.127,NomSubj.,,,
2274170.3,μέν,μέν,g--------,,2274170.7,AuxY,Ref=1.127,,,,
2274170.4,νῦν,νῦν,d--------,,2274170.7,ADV,Ref=1.127,,,,
2274170.5,ὅδε,τήνδε,p-s---fa-,AccObj. ,2274170.7,OBJ,Ref=1.127,AccObj.,,,
2274170.6,θεός,θεῷ,n-s---md-,DatVerb.,2274170.7,OBJ,Ref=1.127,DatVerb.,,,
2274170.7,προίημι,πρόες,v2sama---,AorNoni. | ImprComm. | Act.,2274170.0,PRED,Ref=1.127|SpaceAfter=No,AorNoni.,ImprComm.,Act.,
,,,,,,,Ref=1.127,,,,
,,,,,,,,,,,
,,,,,,,,,,,
,,,,,,,,,,,
,,,,,,,,,,,
2274171.1,ἀτάρ,αὐτάρ,g--------,,2274171.6,AuxY,Ref=1.127,,,,
2274171.2,Ἀχαιός,Ἀχαιοί,a-p---mn-,NomSubj.,2274171.6,SBJ,Ref=1.127,NomSubj.,,,
2274171.3,τριπλόος,τριπλῇ,a-s---fd-,DatMeas. ,2274171.5,ADV_CO,Ref=1.128,DatMeas.,,,
2274171.4,τετραπλόος,τετραπλῇ,a-s---fd-,DatMeas. ,2274171.5,ADV_CO,Ref=1.128,DatMeas.,,,
2274171.5,τε,τ’,g--------,,2274171.6,COORD,Ref=1.128,,,,
2274171.6,ἀποτίνω,ἀποτείσομεν,v1pfia---,FutHypo. | Ind. | Act.,2274171.0,PRED,Ref=1.128|SpaceAfter=No,FutHypo.,Ind.,Act.,
,,,,,,,Ref=1.128,,,,
2274171.8,εἰ,αἴ,c--------,,2274171.6,AuxC,Ref=1.128,,,,
2274171.9,ἄν,κέ,g--------,,2274171.12,AuxY,Ref=1.128,,,,
2274171.1,ποθι,ποθι,d--------,,2274171.12,AuxY,Ref=1.128,,,,
2274171.11,Ζεύς,Ζεύς,n-s---mn-,NomSubj.,2274171.12,SBJ,Ref=1.128,NomSubj.,,,
2274171.12,δίδωμι,δῷσι,v3sasa---,AorNoni. | SubjSubor. | Act.,2274171.8,ADV,Ref=1.129,AorNoni.,SubjSubor.,Act.,
2274171.13,πόλις,πόλιν,n-s---fa-,AccObj. ,2274171.16,OBJ,Ref=1.129,AccObj.,,,
2274171.14,Τροία,Τροίην,n-s---fa-,Agr.,2274171.13,ATR,Ref=1.129,Agr.,,,
2274171.15,εὐτείχεος,εὐτείχεον,a-s---fa-,Agr.,2274171.13,ATR,Ref=1.129,Agr.,,,
2274171.16,ἐξαλαπάζω,ἐξαλαπάξαι,v--pna---,AorNoni. | InfDyn. | Act.,2274171.12,OBJ,Ref=1.129|SpaceAfter=No,AorNoni.,InfDyn.,Act.,
,,,,,,,Ref=1.129,,,,
,,,,,,,,,,,
,,,,,,,,,,,
,,,,,,,,,,,
,,,,,,,,,,,
2274171.16,ὁ,τὸν,p-s---ma-,AccObj. ,2274172.4,OBJ,Ref=1.130,AccObj.,,,
2274172.2,δέ,δ’,g--------,,2274172.0,COORD,Ref=1.130,,,,
2274172.3,ἀπαμείβομαι,ἀπαμειβόμενος,v-sppemn-,PresNoni. | PartCirc. | MidRecip. | Agr.,2274172.4,ADV,Ref=1.130,PresNoni.,PartCirc.,MidRecip.,Agr.
2274172.4,πρόσφημι,προσέφη,v3siia---,Impf. | Ind. | Act.,2274172.2,PRED_CO,Ref=1.130,Impf.,Ind.,Act.,
2274172.5,κρείων,κρείων,n-s---mn-,Agr.,2274172.6,ATR,Ref=1.130,Agr.,,,
2274172.6,Ἀγαμέμνων,Ἀγαμέμνων,n-s---mn-,NomSubj.,2274172.4,SBJ,Ref=1.130|SpaceAfter=No,NomSubj.,,,
,,,,,,,Ref=1.130,,,,
,,,,,,,,,,,
,,,,,,,,,,,
,,,,,,,,,,,
,,,,,,,,,,,
2274173.1,μή,μή,g--------,,2274173.9,AuxZ,Ref=1.131,,,,
2274173.2,δέ,δ’,g--------,,2274173.0,COORD,Ref=1.131,,,,
2274173.3,οὕτως,οὕτως,d--------,,2274173.9,ADV,Ref=1.131,,,,
2274173.4,ἀγαθός,ἀγαθός,a-s---mn-,NomPred.,2274173.6,PNOM,Ref=1.131,NomPred.,,,
2274173.5,πέρ,περ,g--------,,2274173.6,AuxZ,Ref=1.131,,,,
2274173.5,εἰμί,ἐὼν,v-sppamn-,PresNoni. | PartCirc. | Act. | Agr.,2274173.9,ADV,Ref=1.131,PresNoni.,PartCirc.,Act.,Agr.
2274173.7,θεοείκελος,θεοείκελ’,a-s---mv-,Agr.,2274173.8,ATR,Ref=1.131,Agr.,,,
2274173.8,Ἀχιλλεύς,Ἀχιλλεῦ,n-s---mv-,Voc. ,2274173.9,ExD,Ref=1.131,Voc.,,,
2274173.9,κλέπτω,κλέπτε,v2spma---,PresNoni. | ImprComm. | Act.,2274173.2,PRED_CO,Ref=1.132,PresNoni.,ImprComm.,Act.,
2274173.1,νόος,νόῳ,n-s---md-,DatMean. ,2274173.9,OBJ,Ref=1.132|SpaceAfter=No,DatMean.,,,
,,,,,,,Ref=1.132,,,,
2274173.12,ἐπεί,ἐπεί,c--------,,2274173.9,AuxC,Ref=1.132,,,,
2274173.12,οὐ,οὐ,d--------,,2274173.14,AuxZ,Ref=1.132,,,,
2274173.14,παρέρχομαι,παρελεύσεαι,v2sfim---,Fut. | Ind. | MidMent.,2274173.16,ADV_CO,Ref=1.132,Fut.,Ind.,MidMent.,
2274173.14,οὐ,οὐ,d--------,,2274173.18,AuxZ,Ref=1.132|SpaceAfter=No,,,,
2274173.16,δέ,δέ,g--------,,2274173.12,COORD,Ref=1.132,,,,
2274173.16,ἐγώ,με,p-s---ma-,AccObj. ,2274173.16,OBJ,Ref=1.132,AccObj.,,,
2274173.18,πείθω,πείσεις,v2sfia---,Fut. | Ind. | Act.,2274173.16,ADV_CO,Ref=1.132|SpaceAfter=No,Fut.,Ind.,Act.,
,,,,,,,Ref=1.132,,,,
,,,,,,,,,,,
,,,,,,,,,,,
,,,,,,,,,,,
,,,,,,,,,,,
2274174.1,ἦ,ἦ,d--------,,2274174.2,AuxY,Ref=1.133,,,,
2274174.2,ἐθέλω,ἐθέλεις,v2spia---,Pres. | Ind. | Act.,2274174.15,PRED_CO,Ref=1.133,Pres.,Ind.,Act.,
2274174.3,ὄφρα,ὄφρ’,c--------,,2274174.8,AuxC,Ref=1.133,,,,
2274174.4,αὐτός,αὐτός,a-s---mn-,NomSubj.,2274174.5,AtvV,Ref=1.133,NomSubj.,,,
2274174.5,ἔχω,ἔχῃς,v2spsa---,PresNoni. | SubjSubor. | Act.,2274174.3,OBJ,Ref=1.133,PresNoni.,SubjSubor.,Act.,
2274174.6,γέρας,γέρας,n-s---na-,AccObj. ,2274174.5,OBJ_CO,Ref=1.133|SpaceAfter=No,AccObj.,,,
,,,,,,,Ref=1.133,,,,
2274174.8,ἀτάρ,αὐτάρ,g--------,,2274174.2,COORD,Ref=1.133,,,,
2274174.8,ἐγώ,ἔμ’,p-s---ma-,AccSubj.,2274174.11,SBJ,Ref=1.133,AccSubj.,,,
2274174.1,αὔτως,αὔτως,d--------,,2274174.11,ADV,Ref=1.133,,,,
2274174.11,ἧμαι,ἧσθαι,v--rne---,PerfNoni. |InfDyn. | MidIndir.,2274174.8,OBJ_CO,Ref=1.134,PerfNoni.,InfDyn.,MidIndir.,
2274174.12,δεύω,δευόμενον,v-sppema-,PresNoni. | PartCirc. | MidIndir. | Agr.,2274174.11,ADV,Ref=1.134|SpaceAfter=No,PresNoni.,PartCirc.,MidIndir.,Agr.
,,,,,,,Ref=1.134,,,,
2274174.14,κέλομαι,κέλεαι,v2spie---,Pres. | Ind. | MidSpee.,2274174.15,PRED_CO,Ref=1.134,Pres.,Ind.,MidSpee.,
2274174.15,δέ,δέ,g--------,,2274174.0,COORD,Ref=1.134,,,,
2274174.15,ἐγώ,με,p-s---ma-,AccSubj. ,2274174.18,SBJ,Ref=1.134,AccSubj.,,,
2274174.17,ὅδε,τήνδ’,p-s---fa-,AccObj. ,2274174.18,OBJ,Ref=1.134,AccObj.,,,
2274174.18,ἀποδίδωμι,ἀποδοῦναι,v--ana---,Aor. | InfDyn. | Act. ,2274174.14,OBJ,Ref=1.134|SpaceAfter=No,Aor.,InfDyn.,Act.,
,,,,,,,Ref=1.134,,,,
,,,,,,,,,,,
,,,,,,,,,,,
,,,,,,,,,,,
,,,,,,,,,,,
,,,,,,,_,,,,
2274175.1,ἀλλά,ἀλλ’,d--------,,2274175.15,AuxY,Ref=1.135,,,,
2274175.2,εἰ,εἰ,c--------,,2274175.15,AuxC,Ref=1.135,,,,
2274175.3,μέν,μέν,g--------,,2274175.4,AuxY,Ref=1.135,,,,
2274175.4,δίδωμι,δώσουσι,v3pfia---,Fut. | Ind. | Act.,2274175.2,ADV,Ref=1.135,Fut.,Ind.,Act.,
2274175.5,γέρας,γέρας,n-s---na-,AccObj. ,2274175.4,OBJ,Ref=1.135,AccObj.,,,
2274175.6,μεγάθυμος,μεγάθυμοι,a-p---mn-,Agr.,2274175.7,ATR,Ref=1.135,Agr.,,,
2274175.7,Ἀχαιός,Ἀχαιοί,a-p---mn-,NomSubj.,2274175.4,SBJ,Ref=1.135,NomSubj.,,,
2274175.8,ἀραρίσκω,ἄρσαντες,v-papamn-,AorNoni. | PartCirc. | Act. | Agr.,2274175.4,ADV,Ref=1.136,AorNoni.,PartCirc.,Act.,Agr.
2274175.9,κατά,κατά,r--------,Prep3.,2274175.8,AuxP,Ref=1.136,Prep3.,,,
2274175.1,θυμός,θυμόν,n-s---ma-,GBP,2274175.9,OBJ,Ref=1.136,GBP,,,
2274175.11,ὅπως,ὅπως,c--------,,2274175.8,AuxC,Ref=1.136,,,,
2274175.12,ἀντάξιος,ἀντάξιον,a-s---nn-,NomPred.,2274175.13,PNOM,Ref=1.136,NomPred.,,,
2274175.12,εἰμί,ἔσται,v3sfim---,FutHypo. | Ind. | MidSpon.,2274175.11,ADV,Ref=1.136|SpaceAfter=No,FutHypo.,Ind.,MidSpon.,
,,,,,,,Ref=1.136,,,,
,,,,,,,,,,,
,,,,,,,,,,,
,,,,,,,,,,,
,,,,,,,,,,,
2274176.1,εἰ,εἰ,c--------,,2274176.18,AuxC,Ref=1.137,,,,
2274176.2,δέ,δέ,g--------,,2274176.0,COORD,Ref=1.137,,,,
2274176.3,ἄν,κε,g--------,,2274176.5,AuxY,Ref=1.137,,,,
2274176.4,μή,μή,g--------,,2274176.5,AuxZ,Ref=1.137,,,,
2274176.5,δίδωμι,δώωσιν,v3pasa---,AorNoni. | SubjSubor. | Act.,2274176.1,ADV,Ref=1.137,AorNoni.,SubjSubor.,Act.,
2274176.5,ἐγώ,ἐγὼ,p-s---mn-,NomSubj.,2274176.18,SBJ,Ref=1.137,NomSubj.,,,
2274176.7,δέ,δέ,g--------,,2274176.18,AuxY,Ref=1.137,,,,
2274176.8,ἄν,κεν,g--------,,2274176.18,AuxY,Ref=1.137,,,,
2274176.9,αὐτός,αὐτός,a-s---mn-,Agr.,2274176.6,ATV,Ref=1.137,Agr.,,,
2274176.1,αἱρέω,ἕλωμαι,v1sase---,PresNoni. | SubjSubor. | MidIndir.,2274176.18,PRED_CO,Ref=1.137,PresNoni.,SubjSubor.,MidIndir.,
2274176.11,ἤ,ἤ,c--------,,2274176.13,AuxY,Ref=1.138,,,,
2274176.12,τεός,τεόν,a-s---na-,Agr.,2274176.13,ATR_CO,Ref=1.138,Agr.,,,
2274176.13,ἤ,ἤ,c--------,,2274176.16,COORD,Ref=1.138,,,,
2274176.14,Αἴας,Αἴαντος,n-s---mg-,GenPos. ,2274176.13,ATR_CO,Ref=1.138,GenPos.,,,
2274176.15,εἶμι,ἰών,v-sppamn-,PresNoni. | PartAttr. | Act. | Agr.,2274176.1,ADV,Ref=1.138,PresNoni.,PartAttr.,Act.,Agr.
2274176.16,γέρας,γέρας,n-s---na-,AccObj. ,2274176.1,OBJ,Ref=1.138|SpaceAfter=No,AccObj.,,,
,,,,,,,Ref=1.138,,,,
2274176.18,ἤ,ἤ,c--------,,2274176.2,COORD,Ref=1.138,,,,
,,,,,,,_,,,,
2274176.19,Ὀδυσσεύς,Ὀδυσῆος,n-s---mg-,GenPos. ,2274176.23,ATR,Ref=1.138,GenPos.,,,
2274176.2,ἄγω,ἄξω,v1sfia---,Fut. | Ind. | Act.,2274176.18,PRED_CO,Ref=1.139,Fut.,Ind.,Act.,
2274176.21,αἱρέω,ἑλών,v-sapamn-,AorNoni. | PartCirc. | Act. | Agr.,2274176.2,ADV,Ref=1.139|SpaceAfter=No,AorNoni.,PartCirc.,Act.,Agr.
,,,,,,,Ref=1.139,,,,
,,,,,,,,,,,
,,,,,,,,,,,
,,,,,,,,,,,
,,,,,,,,,,,
2274176.21,ὁ,ὃ,p-s---mn-,NomSubj.,2274177.4,SBJ,Ref=1.139,NomSubj.,,,
2274177.2,δέ,δέ,g--------,,2274177.0,COORD,Ref=1.139,,,,
2274177.3,ἄν,κεν,g--------,,2274177.4,AuxY,Ref=1.139,,,,
2274177.4,χολόω,κεχολώσεται,v3stie---,FutperfInten. | Ind. | MidMent.,2274177.2,PRED_CO,Ref=1.139,FutperfInten.,Ind.,MidMent.,
2274177.4,ὅς,ὅν,p-s---ma-,AccObj. ,2274177.7,OBJ,Ref=1.139,AccObj.,,,
2274177.6,ἄν,κεν,g--------,,2274177.7,AuxY,Ref=1.139,,,,
2274177.7,ἱκνέομαι,ἵκωμαι,v1sase---,AorNoni. | SubjSubor. | MidMotion.,2274177.1,ATR,Ref=1.139|SpaceAfter=No,AorNoni.,SubjSubor.,MidMotion.,
,,,,,,,Ref=1.139,,,,
,,,,,,,,,,,
,,,,,,,,,,,
,,,,,,,,,,,
,,,,,,,,,,,
2274178.1,ἀλλά,ἀλλ’,d--------,,2274178.5,AuxY,Ref=1.140,,,,
2274178.2,ἤτοι,ἤτοι,g--------,,2274178.5,AuxY,Ref=1.140,,,,
2274178.3,μέν,μέν,g--------,,2274178.31,AuxY,Ref=1.140,,,,
2274178.4,οὗτος,ταῦτα,a-p---na-,AccObj. ,2274178.5,OBJ,Ref=1.140,AccObj.,,,
2274178.5,μεταφράζω,μεταφρασόμεσθα,v1pfim---,Fut. | Ind. | MidRecip.,2274178.31,PRED_CO,Ref=1.140,Fut.,Ind.,MidRecip.,
2274178.6,καί,καί,d--------,,2274178.7,AuxZ,Ref=1.140,,,,
2274178.7,αὖθις,αὖτις,d--------,,2274178.5,ADV,Ref=1.140|SpaceAfter=No,,,,
,,,,,,,Ref=1.140,,,,
2274178.9,νῦν,νῦν,d--------,,2274178.14,ADV,Ref=1.141,,,,
2274178.1,δέ,δ’,g--------,,2274178.31,AuxY,Ref=1.141,,,,
2274178.11,ἄγε,ἄγε,d--------,,2274178.14,AuxY,Ref=1.141,,,,
2274178.12,ναῦς,νῆα,n-s---fa-,AccObj. ,2274178.14,OBJ,Ref=1.141,AccObj.,,,
2274178.13,μέλας,μέλαιναν,a-s---fa-,Agr.,2274178.12,ATR,Ref=1.141,Agr.,,,
2274178.13,ἐρύω,ἐρύσσομεν,v1pasa---,AorNoni. | SubjHort. | Act.,2274178.31,PRED_CO,Ref=1.141,AorNoni.,SubjHort.,Act.,
2274178.15,εἰς,εἰς,r--------,Prep3.,2274178.14,AuxP,Ref=1.141,Prep3.,,,
2274178.16,ἅλς,ἅλα,n-s---fa-,GBP,2274178.15,OBJ,Ref=1.141,GBP,,,
2274178.17,δῖος,δῖαν,a-s---fa-,Agr.,2274178.16,ATR,Ref=1.141|SpaceAfter=No,Agr.,,,
,,,,,,,Ref=1.141,,,,
2274178.19,ἐν,ἐν,r--------,Preverb,2274178.23,AuxZ,Ref=1.142,Preverb,,,
2274178.2,δέ,δ’,g--------,,2274178.31,AuxY,Ref=1.142,,,,
2274178.21,ἐρέτης,ἐρέτας,n-p---ma-,AccObj. ,2274178.23,OBJ,Ref=1.142,AccObj.,,,
2274178.22,ἐπιτηδές,ἐπιτηδές,d--------,,2274178.23,ADV,Ref=1.142,,,,
2274178.22,ἀγείρω,ἀγείρομεν,v1pasa---,AorNoni. | SubjHort. | Act.,2274178.31,PRED_CO,Ref=1.142|SpaceAfter=No,AorNoni.,SubjHort.,Act.,
,,,,,,,Ref=1.142,,,,
2274178.25,εἰς,ἐς,r--------,Preverb,2274178.28,AuxZ,Ref=1.142,Preverb,,,
2274178.26,δέ,δ’,g--------,,2274178.31,AuxY,Ref=1.142,,,,
2274178.27,ἑκατόμβη,ἑκατόμβην,n-s---fa-,AccObj. ,2274178.28,OBJ,Ref=1.142,AccObj.,,,
2274178.27,τίθημι,θείομεν,v1pasa---,AorNoni. | SubjHort. | Act.,2274178.31,PRED_CO,Ref=1.143|SpaceAfter=No,AorNoni.,SubjHort.,Act.,
,,,,,,,Ref=1.143,,,,
2274178.3,ἀνά,ἄν,r--------,Preverb,2274178.35,AuxZ,Ref=1.143,Preverb,,,
2274178.31,δέ,δ’,g--------,,2274178.0,COORD,Ref=1.143,,,,
2274178.32,αὐτός,αὐτήν,a-s---fa-,Agr.,2274178.33,ATV,Ref=1.143,Agr.,,,
2274178.33,Χρυσηίς,Χρυσηΐδα,n-s---fa-,AccObj. ,2274178.35,OBJ,Ref=1.143,AccObj.,,,
2274178.34,καλλιπάρηος,καλλιπάρῃον,a-s---fa-,Agr.,2274178.33,ATR,Ref=1.143,Agr.,,,
2274178.34,βαίνω,βήσομεν,v1pasa---,AorNoni. | SubjHort. | Act.,2274178.31,PRED_CO,Ref=1.144|SpaceAfter=No,AorNoni.,SubjHort.,Act.,
,,,,,,,Ref=1.144,,,,
,,,,,,,,,,,
,,,,,,,,,,,
,,,,,,,,,,,
,,,,,,,,,,,
2274179.1,εἷς,εἷς,a-s---mn-,Agr.,2274179.5,ATR,Ref=1.144,Agr.,,,
2274179.2,δέ,δέ,g--------,,2274179.0,COORD,Ref=1.144,,,,
2274179.2,τις,τις,p-s---mn-,Agr.,2274179.5,ATR,Ref=1.144,Agr.,,,
2274179.4,ἀρχός,ἀρχός,n-s---mn-,NomSubj.,2274179.5,ATV,Ref=1.144,NomSubj.,,,
2274179.5,ἀνήρ,ἀνήρ,n-s---mn-,NomPred.,2274179.8,SBJ_AP,Ref=1.144,NomPred.,,,
2274179.6,βουληφόρος,βουληφόρος,a-s---mn-,Agr.,2274179.5,ATR,Ref=1.144,Agr.,,,
2274179.6,εἰμί,ἔστω,v3spma---,PresNoni. | ImprAssum. | Act.,2274179.2,PRED_CO,Ref=1.144|SpaceAfter=No,PresNoni.,ImprAssum.,Act.,
,,,,,,,Ref=1.144,,,,
2274179.9,ἤ,ἤ,c--------,,2274179.16,AuxY,Ref=1.145,,,,
2274179.1,Αἴας,Αἴας,n-s---mn-,NomSubj.,2274179.16,SBJ_AP_CO,Ref=1.145,NomSubj.,,,
2274179.11,ἤ,ἤ,c--------,,2274179.16,AuxY,Ref=1.145,,,,
2274179.12,Ἰδομενεύς,Ἰδομενεύς,n-s---mn-,NomSubj.,2274179.16,SBJ_AP_CO,Ref=1.145,NomSubj.,,,
2274179.13,ἤ,ἤ,c--------,,2274179.16,AuxY,Ref=1.145,,,,
2274179.14,δῖος,δῖος,a-s---mn-,Agr.,2274179.15,ATR,Ref=1.145,Agr.,,,
2274179.15,Ὀδυσσεύς,Ὀδυσσεύς,n-s---mn-,NomSubj.,2274179.16,SBJ_AP_CO,Ref=1.145,NomSubj.,,,
2274179.16,ἠέ,ἠέ,c--------,,2274179.8,COORD,Ref=1.146,,,,
2274179.16,σύ,σὺ,p-s----n-,NomSubj.,2274179.16,SBJ_AP_CO,Ref=1.146,NomSubj.,,,
2274179.18,Πηλείδης,Πηλεΐδη,n-s---mv-,Voc. ,2274179.7,ExD,Ref=1.146,Voc.,,,
2274179.19,πᾶς,πάντων,a-p---mg-,Agr.,2274179.21,ATR,Ref=1.146,Agr.,,,
2274179.2,ἔκπαγλος,ἐκπαγλότατ’,a-s---mvs,Agr.,2274179.18,ATR,Ref=1.146,Agr.,,,
2274179.21,ἀνήρ,ἀνδρῶν,n-p---mg-,GenComp.,2274179.2,ATR,Ref=1.146|SpaceAfter=No,GenComp.,,,
,,,,,,,Ref=1.146,,,,
2274179.23,ὄφρα,ὄφρ’,c--------,,2274179.7,AuxC,Ref=1.147,,,,
2274179.23,ἐγώ,ἥμιν,p-p---md-,DatAdvn. ,2274179.26,ADV,Ref=1.147,DatAdvn.,,,
2274179.23,ʽἑκάεργος,ἑκάεργον,a-s---ma-,AccObj. ,2274179.26,OBJ,Ref=1.147,AccObj.,,,
2274179.23,ἱλάσκομαι,ἱλάσσεαι,v2sasm---,AorNoni. | SubjSubor. | MidMent.,2274179.23,ADV,Ref=1.147,AorNoni.,SubjSubor.,MidMent.,
2274179.27,ἱερόν,ἱερά,n-p---na-,AccObj. ,2274179.28,OBJ,Ref=1.147,AccObj.,,,
2274179.28,ῥέζω,ῥέξας,v-sapamn-,AorNoni. | PartCirc. | Act. | Agr.,2274179.26,ADV,Ref=1.147|SpaceAfter=No,AorNoni.,PartCirc.,Act.,Agr.
,,,,,,,Ref=1.147,,,,
,,,,,,,,,,,
,,,,,,,,,,,
,,,,,,,,,,,
,,,,,,,,,,,
2274179.28,ὁ,τὸν,p-s---ma-,AccObj. ,2274180.6,OBJ,Ref=1.148,AccObj.,,,
2274180.2,δέ,δ’,g--------,,2274180.0,COORD,Ref=1.148,,,,
2274180.2,ἄρα,ἄρ’,g--------,,2274180.6,AuxY,Ref=1.148,,,,
2274180.4,ὑπόδρα,ὑπόδρα,d--------,,2274180.5,ADV,Ref=1.148,,,,
2274180.5,εἶδον,ἰδών,v-sapamn-,AorNoni. | PartCirc. | Act. | Agr.,2274180.6,ADV,Ref=1.148,AorNoni.,PartCirc.,Act.,Agr.
2274180.6,πρόσφημι,προσέφη,v3siia---,Impf.| Ind. | Act.,2274180.2,PRED_CO,Ref=1.148,Impf.,Ind.,Act.,
2274180.7,πούς,πόδας,n-p---ma-,AccResp.,2274180.8,ATR,Ref=1.148,AccResp.,,,
2274180.8,ὠκύς,ὠκύς,a-s---mn-,Agr.,2274180.9,ATR,Ref=1.148,Agr.,,,
2274180.9,Ἀχιλλεύς,Ἀχιλλεύς,n-s---mn-,NomSubj.,2274180.6,SBJ,Ref=1.148|SpaceAfter=No,NomSubj.,,,
,,,,,,,Ref=1.148,,,,
,,,,,,,,,,,
,,,,,,,,,,,
,,,,,,,,,,,
,,,,,,,,,,,
2274181.1,ὦ,ὤ,i--------,,2274181.11,AuxY,Ref=1.149,,,,
2274181.1,ἐγώ,μοι,p-s---md-,DatAdvn. ,2274181.1,AuxZ,Ref=1.149,DatAdvn.,,,
2274181.3,ἀναίδεια,ἀναιδείην,n-s---fa-,AccObj. ,2274181.4,OBJ,Ref=1.149,AccObj.,,,
2274181.4,ἐπιέννυμι,ἐπιειμένε,v-srppmv-,PerfNoni. | PartAttr. | Pass. | Agr.,2274181.11,ExD,Ref=1.149,PerfNoni.,PartAttr.,Pass.,Agr.
2274181.5,κερδαλεόφρων,κερδαλεόφρον,a-s---mv-,Voc. ,2274181.11,ExD,Ref=1.149,Voc.,,,
2274181.6,πῶς,πῶς,d--------,,2274181.11,ADV,Ref=1.150,,,,
2274181.6,τις,τίς,p-s---mn-,NomSubj.,2274181.11,SBJ,Ref=1.150,NomSubj.,,,
2274181.6,σύ,τοι,p-s----d-,DatPos.,2274181.1,ATR,Ref=1.150,DatPos.,,,
2274181.9,πρόφρων,πρόφρων,a-s---mn-,,2274181.7,ATV,Ref=1.150,,,,
2274181.1,ἔπος,ἔπεσιν,n-p---nd-,DatVerb. ,2274181.11,OBJ,Ref=1.150,DatVerb.,,,
2274181.11,πείθω,πείθηται,v3spse---,PresNoni. | SubjDelib. | MidSpon.,2274181.0,PRED,Ref=1.150,PresNoni.,SubjDelib.,MidSpon.,
2274181.12,Ἀχαιός,Ἀχαιῶν,a-p---mg-,GenPart.,2274181.7,ATR,Ref=1.150,GenPart.,,,
2274181.13,ἤ,ἤ,c--------,,2274181.16,AuxY,Ref=1.151,,,,
2274181.14,ὁδός,ὁδόν,n-s---fa-,AccObj. ,2274181.15,OBJ,Ref=1.151,AccObj.,,,
2274181.15,ἔρχομαι,ἐλθέμεναι,v--ana---,AorNoni. | InfDyn. | Act.,2274181.16,ADV_CO,Ref=1.151,AorNoni.,InfDyn.,Act.,
2274181.16,ἤ,ἤ,c--------,,2274181.11,COORD,Ref=1.151,,,,
2274181.17,ἀνήρ,ἀνδράσιν,n-p---md-,DatVerb. ,2274181.19,OBJ,Ref=1.151,DatVerb.,,,
2274181.18,ἶφι,ἶφι,d--------,,2274181.19,ADV,Ref=1.151,,,,
2274181.19,μάχομαι,μάχεσθαι,v--pne---,PresNoni. | InfDyn. | MidRecip.,2274181.16,ADV_CO,Ref=1.151|SpaceAfter=No,PresNoni.,InfDyn.,MidRecip.,
,,,,,,,Ref=1.151,,,,
,,,,,,,,,,,
,,,,,,,,,,,
,,,,,,,,,,,
,,,,,,,,,,,
2274181.19,οὐ,οὐ,d--------,,2274182.6,AuxZ,Ref=1.152,,,,
2274182.2,γάρ,γάρ,g--------,,2274182.6,AuxY,Ref=1.152,,,,
2274182.2,ἐγώ,ἐγὼ,p-s---mn-,NomSubj.,2274182.6,SBJ,Ref=1.152,NomSubj.,,,
2274182.4,Τρώς,Τρώων,n-p----g-,Agr.,2274182.7,ATR,Ref=1.152,Agr.,,,
2274182.5,ἕνεκα,ἕνεκ’,r--------,Prep. Reason,2274182.6,AuxP,Ref=1.152,Prep. Reason,,,
2274182.6,ἔρχομαι,ἤλυθον,v1saia---,Aor. | Ind. | Act.,2274182.0,PRED,Ref=1.152,Aor.,Ind.,Act.,
2274182.7,αἰχμητής,αἰχμητάων,n-p---mg-,GBP,2274182.5,ADV,Ref=1.152,GBP,,,
2274182.8,δεῦρο,δεῦρο,d--------,,2274182.6,OBJ,Ref=1.153,,,,
2274182.9,μάχομαι,μαχησόμενος,v-sfpmmn-,FutNoni. | PartCirc. | MidRecip. | Agr.,2274182.6,ADV,Ref=1.153|SpaceAfter=No,FutNoni.,PartCirc.,MidRecip.,Agr.
,,,,,,,Ref=1.153,,,,
2274182.11,ἐπεί,ἐπεί,c--------,,2274182.6,AuxC,Ref=1.153,,,,
2274182.11,οὐ,οὔ,d--------,,2274182.16,AuxZ,Ref=1.153,,,,
2274182.11,τις,τί,p-s---na-,AccAdv.,2274182.16,AuxZ,Ref=1.153,AccAdv.,,,
2274182.11,ἐγώ,μοι,p-s---md-,DatExpr.,2274182.16,ADV,Ref=1.153,DatExpr.,,,
2274182.15,αἴτιος,αἴτιοί,a-p---mn-,NomPred.,2274182.16,PNOM,Ref=1.153,NomPred.,,,
2274182.15,εἰμί,εἰσιν,v3ppia---,Pres. | Ind. | Act.,2274182.11,ADV,Ref=1.153|SpaceAfter=No,Pres.,Ind.,Act.,
,,,,,,,Ref=1.153,,,,
,,,,,,,,,,,
,,,,,,,,,,,
,,,,,,,,,,,
,,,,,,,,,,,
2274182.15,οὐ,οὐ,d--------,,2274183.6,AuxZ,Ref=1.154,,,,
2274183.2,γάρ,γάρ,g--------,,2274183.13,AuxY,Ref=1.154,,,,
2274183.3,πώποτε,πώποτ’,d--------,,2274183.6,ADV,Ref=1.154,,,,
2274183.4,ἐμός,ἐμάς,a-p---fa-,Agr.,2274183.8,ATR,Ref=1.154,Agr.,,,
2274183.5,βοῦς,βοῦς,n-p---fa-,AccObj. ,2274183.8,OBJ,Ref=1.154,AccObj.,,,
2274183.6,ἐλαύνω,ἤλασαν,v3paia---,Aor. | Ind. | Act.,2274183.13,PRED_CO,Ref=1.154,Aor.,Ind.,Act.,
,,,,,,,_,,,,
2274183.6,οὐ,οὐ,d--------,,2274183.34,AuxZ,Ref=1.154|SpaceAfter=No,,,,
2274183.8,δέ,δέ,g--------,,2274183.13,AuxY,Ref=1.154,,,,
2274183.9,μέν,μέν,g--------,,2274183.34,AuxY,Ref=1.154,,,,
2274183.1,ἵππος,ἵππους,n-p---fa-,AccObj. ,2274183.34,OBJ,Ref=1.154|SpaceAfter=No,AccObj.,,,
,,,,,,,Ref=1.155,,,,
2274183.1,οὐ,οὐ,d--------,,2274183.2,AuxZ,Ref=1.155|SpaceAfter=No,,,,
2274183.13,δέ,δέ,g--------,,2274183.0,COORD,Ref=1.155,,,,
2274183.14,ποτέ,ποτ’,g--------,,2274183.2,ADV,Ref=1.155,,,,
2274183.15,ἐν,ἐν,r--------,Prep3.,2274183.2,AuxP,Ref=1.155,Prep3.,,,
2274183.16,Φθία,Φθίῃ,n-s---fd-,GBP,2274183.15,ADV,Ref=1.155,GBP,,,
2274183.17,ἐριβῶλαξ,ἐριβώλακι,a-s---fd-,Agr.,2274183.35,ATR_CO,Ref=1.155,Agr.,,,
2274183.18,βωτιάνειρα,βωτιανείρῃ,n-s---fd-,Agr.,2274183.35,ATR_CO,Ref=1.155,Agr.,,,
2274183.19,καρπός,καρπόν,n-s---ma-,AccObj. ,2274183.2,OBJ,Ref=1.156,AccObj.,,,
2274183.2,δηλέομαι,ἐδηλήσαντ’,v3paie---,Aor. | Ind. | MidSpon.,2274183.13,PRED_CO,Ref=1.156|SpaceAfter=No,Aor.,Ind.,MidSpon.,
,,,,,,,Ref=1.156,,,,
2274183.22,ἐπεί,ἐπεί,c--------,,2274183.13,AuxC,Ref=1.156,,,,
2274183.23,ἦ,ἦ,d--------,,2274183.34,AuxY,Ref=1.156,,,,
,,,,,,,_,,,,
2274183.24,μάλα,μάλα,d--------,,2274183.25,AuxZ,Ref=1.156,,,,
2274183.25,πολύς,πολλά,a-p---nn-,NomSubj.,2274183.36,SBJ_AP,Ref=1.156,NomSubj.,,,
2274183.26,μεταξύ,μεταξύ,d--------,,2274183.37,ADV,Ref=1.156,,,,
2274183.27,ὄρος,οὔρεά,n-p---nn-,NomSubj.,2274183.31,SBJ_AP_CO,Ref=1.157,NomSubj.,,,
2274183.28,τε,τε,g--------,,2274183.31,AuxY,Ref=1.157,,,,
2274183.29,σκιόεις,σκιόεντα,a-p---nn-,Agr.,2274183.27,ATR,Ref=1.157,Agr.,,,
2274183.3,θάλασσα,θάλασσά,n-s---fn-,NomSubj.,2274183.31,SBJ_AP_CO,Ref=1.157,NomSubj.,,,
2274183.31,τε,τε,g--------,,2274183.36,COORD,Ref=1.157,,,,
2274183.32,ἠχήεις,ἠχήεσσα,a-s---fn-,Agr.,2274183.3,ATR,Ref=1.157|SpaceAfter=No,Agr.,,,
,,,,,,,Ref=1.157,,,,
,,,,,,,,,,,
,,,,,,,,,,,
,,,,,,,,,,,
,,,,,,,,,,,
2274184.1,ἀλλά,ἀλλά,d--------,,2274184.7,AuxY,Ref=1.158,,,,
2274184.1,σύ,σοὶ,p-s----d-,DatVerb. ,2274184.7,OBJ,Ref=1.158,DatVerb.,,,
2274184.3,ὦ,ὦ,i--------,,2274184.5,AuxZ,Ref=1.158,,,,
2274184.4,μέγας,μέγ’,a-s---na-,AccAdv.,2274184.5,AuxZ,Ref=1.158,AccAdv.,,,
2274184.5,ἀναιδής,ἀναιδές,a-s---mv-,Voc. ,2274184.7,ExD,Ref=1.158,Voc.,,,
2274184.6,ἅμα,ἅμ’,d--------,,2274184.7,ADV,Ref=1.158,,,,
2274184.7,ἕπομαι,ἑσπόμεθ’,v1paim---,Aor. | Ind. | MidMotion.,2274184.0,PRED,Ref=1.158,Aor.,Ind.,MidMotion.,
2274184.8,ὄφρα,ὄφρα,c--------,,2274184.7,AuxC,Ref=1.158,,,,
2274184.8,σύ,σὺ,p-s----n-,NomSubj.,2274184.1,SBJ,Ref=1.158,NomSubj.,,,
2274184.1,χαίρω,χαίρῃς,v2spsa---,PresNoni. | SubjSubor. | Act.,2274184.8,ADV,Ref=1.158|SpaceAfter=No,PresNoni.,SubjSubor.,Act.,
,,,,,,,Ref=1.158,,,,
2274184.12,τιμή,τιμήν,n-s---fa-,AccObj. ,2274184.13,OBJ,Ref=1.159,AccObj.,,,
2274184.13,ἄρνυμαι,ἀρνύμενοι,v-pppemn-,PresNoni. | PartCirc. | MidIndir. | Agr.,2274184.7,ADV,Ref=1.159,PresNoni.,PartCirc.,MidIndir.,Agr.
2274184.14,Μενέλαος,Μενελάῳ,n-s---md-,DatAdvn.,2274184.16,OBJ_CO,Ref=1.159,DatAdvn.,,,
2274184.14,σύ,σοί,p-s----d-,DatAdvn.,2274184.16,OBJ_CO,Ref=1.159,DatAdvn.,,,
2274184.16,τε,τε,g--------,,2274184.13,COORD,Ref=1.159,,,,
2274184.17,κυνώπης,κυνῶπα,n-s---mv-,Voc. ,2274184.7,ExD,Ref=1.159,Voc.,,,
2274184.18,πρός,πρός,r--------,Prep1. ,2274184.13,AuxP,Ref=1.160,Prep1.,,,
2274184.19,Τρώς,Τρώων,n-p----g-,GBP,2274184.18,OBJ,Ref=1.160|SpaceAfter=No,GBP,,,
,,,,,,,Ref=1.160,,,,
,,,,,,,,,,,
,,,,,,,,,,,
,,,,,,,,,,,
,,,,,,,,,,,
2274184.19,ὁ,τῶν,p-p---ng-,GenVerb. ,2274185.6,OBJ,Ref=1.160,GenVerb.,,,
2274184.19,οὐ,οὔ,d--------,,2274185.4,AuxZ,Ref=1.160,,,,
2274184.19,τις,τι,p-s---na-,AccAdv.,2274185.4,AuxZ,Ref=1.160,AccAdv.,,,
2274185.4,μετατρέπομαι,μετατρέπῃ,v2spie---,Pres. | Ind. | MidMent.,2274185.6,PRED_CO,Ref=1.160,Pres.,Ind.,MidMent.,
2274185.4,οὐ,οὐ,d--------,,2274185.7,AuxZ,Ref=1.160|SpaceAfter=No,,,,
2274185.6,δέ,δ’,g--------,,2274185.0,COORD,Ref=1.160,,,,
2274185.7,ἀλεγίζω,ἀλεγίζεις,v2spia---,Pres. | Ind. | Act.,2274185.6,PRED_CO,Ref=1.160|SpaceAfter=No,Pres.,Ind.,Act.,
,,,,,,,Ref=1.160,,,,
,,,,,,,,,,,
,,,,,,,,,,,
,,,,,,,,,,,
,,,,,,,,,,,
2274186.1,καί,καί,d--------,,2274186.7,AuxY,Ref=1.161,,,,
2274186.2,δή,δή,g--------,,2274186.7,AuxY,Ref=1.161,,,,
2274186.2,ἐγώ,μοι,p-s---md-,DatPos.,2274186.6,OBJ,Ref=1.161,DatPos.,,,
2274186.4,γέρας,γέρας,n-s---na-,AccObj. ,2274186.6,OBJ,Ref=1.161,AccObj.,,,
2274186.5,αὐτός,αὐτός,a-s---mn-,NomSubj.,2274186.6,AtvV,Ref=1.161,NomSubj.,,,
2274186.6,ἀφαιρέω,ἀφαιρήσεσθαι,v--fnm---,FutNoni. | InfDyn. | MidIndir.,2274186.7,OBJ,Ref=1.161,FutNoni.,InfDyn.,MidIndir.,
2274186.7,ἀπειλέω,ἀπειλεῖς,v2spia---,Pres. | Ind. | Act.,2274186.0,PRED,Ref=1.161|SpaceAfter=No,Pres.,Ind.,Act.,
,,,,,,,Ref=1.161,,,,
2274186.7,ὅς,ᾧ,p-s---nd-,GBP,2274186.1,ADV,Ref=1.162,GBP,,,
2274186.1,ἐπί,ἔπι,r--------,Prep. Purpose,2274186.12,AuxP,Ref=1.162,Prep. Purpose,,,
2274186.11,πολύς,πολλά,a-p---na-,AccAdv.,2274186.12,OBJ,Ref=1.162,AccAdv.,,,
2274186.12,μογέω,μόγησα,v1saia---,Aor. | Ind. | Act.,2274186.15,ATR_CO,Ref=1.162|SpaceAfter=No,Aor.,Ind.,Act.,
,,,,,,,Ref=1.162,,,,
2274186.14,δίδωμι,δόσαν,v3paia---,Aor. | Ind. | Act.,2274186.15,ATR_CO,Ref=1.162,Aor.,Ind.,Act.,
2274186.15,δέ,δέ,g--------,,2274186.4,COORD,Ref=1.162,,,,
2274186.15,ἐγώ,μοι,p-s---md-,DatVerb. ,2274186.14,OBJ,Ref=1.162,DatVerb.,,,
2274186.17,υἱός,υἷες,n-p---mn-,NomSubj.,2274186.14,SBJ,Ref=1.162,NomSubj.,,,
2274186.18,Ἀχαιός,Ἀχαιῶν,a-p---mg-,GenPart.,2274186.17,ATR,Ref=1.162|SpaceAfter=No,GenPart.,,,
,,,,,,,Ref=1.162,,,,
,,,,,,,,,,,
,,,,,,,,,,,
,,,,,,,,,,,
,,,,,,,,,,,
2274186.18,οὐ,οὐ,d--------,,2274187.6,AuxZ,Ref=1.163,,,,
2274187.2,μέν,μέν,g--------,,2274187.6,AuxY,Ref=1.163,,,,
2274187.2,σύ,σοί,p-s----d-,DatPos.,2274187.5,ATR,Ref=1.163,DatPos.,,,
2274187.4,ποτέ,ποτε,g--------,,2274187.6,ADV,Ref=1.163,,,,
2274187.5,ἴσος,ἶσον,a-s---na-,AccAdv. ,2274187.7,ATR,Ref=1.163,AccAdv.,,,
2274187.6,ἔχω,ἔχω,v1spia---,PresIter. | Ind. | Act.,2274187.0,PRED,Ref=1.163,PresIter.,Ind.,Act.,
2274187.7,γέρας,γέρας,n-s---na-,AccObj. ,2274187.6,OBJ,Ref=1.163,AccObj.,,,
2274187.8,ὁπότε,ὁππότ’,d--------,,2274187.6,AuxC,Ref=1.163,,,,
2274187.9,Ἀχαιός,Ἀχαιοί,a-p---mn-,NomSubj.,2274187.11,SBJ,Ref=1.163,NomSubj.,,,
2274187.1,Τρώς,Τρώων,n-p----g-,GenPos. ,2274187.14,ATR,Ref=1.164,GenPos.,,,
2274187.11,ἐκπέρθω,ἐκπέρσωσ’,v3pasa---,AorNoni. | SubjSubor. | Act.,2274187.8,ADV,Ref=1.164,AorNoni.,SubjSubor.,Act.,
2274187.12,εὖ,εὖ,d--------,,2274187.13,ADV,Ref=1.164,,,,
2274187.13,ναίω,ναιόμενον,v-sppena-,PresNoni. | PartAttr. | Pass. | Agr.,2274187.14,ATR,Ref=1.164,PresNoni.,PartAttr.,Pass.,Agr.
2274187.14,πτολίεθρον,πτολίεθρον,n-s---na-,AccObj. ,2274187.11,OBJ,Ref=1.164|SpaceAfter=No,AccObj.,,,
,,,,,,,Ref=1.164,,,,
,,,,,,,,,,,
,,,,,,,,,,,
,,,,,,,,,,,
,,,,,,,,,,,
2274188.1,ἀλλά,ἀλλά,d--------,,2274188.9,AuxY,Ref=1.165,,,,
2274188.1,ὁ,τὸ,p-s---na-,Agr.,2274188.4,ATR,Ref=1.165,Agr.,,,
2274188.3,μέν,μέν,g--------,,2274188.9,AuxY,Ref=1.165,,,,
2274188.4,πλείων,πλεῖον,a-s---nac,AccObj. ,2274188.9,OBJ,Ref=1.165,AccObj.,,,
2274188.4,πολυ,πολυάϊκος,---------,,2274188.6,ATR,Ref=1.165,,,,
2274188.6,πόλεμος,πολέμοιο,n-s---mg-,GenSep.,2274188.4,ATR,Ref=1.165,GenSep.,,,
2274188.6,χείρ,χεῖρες,n-p---fn-,NomSubj.,2274188.9,SBJ,Ref=1.166,NomSubj.,,,
2274188.8,ἐμός,ἐμαί,a-p---fn-,Agr.,2274188.7,ATR,Ref=1.166,Agr.,,,
2274188.9,διέπω,διέπουσ’,v3ppia---,PresIter. | Ind. | Act.,2274188.0,PRED,Ref=1.166|SpaceAfter=No,PresIter.,Ind.,Act.,
,,,,,,,Ref=1.166,,,,
,,,,,,,,,,,
,,,,,,,,,,,
,,,,,,,,,,,
,,,,,,,,,,,
2274189.1,ἀτάρ,ἀτάρ,g--------,,2274189.14,AuxY,Ref=1.166,,,,
2274189.2,ἐάν,ἤν,c--------,,2274189.14,AuxC,Ref=1.166,,,,
2274189.3,ποτέ,ποτε,g--------,,2274189.5,AuxY,Ref=1.166,,,,
2274189.4,δασμός,δασμός,n-s---mn-,NomSubj.,2274189.5,SBJ,Ref=1.166,NomSubj.,,,
2274189.5,ἱκνέομαι,ἵκηται,v3sase---,AorNoni. | SubjSubor. | MidMotion.,2274189.2,ADV,Ref=1.166|SpaceAfter=No,AorNoni.,SubjSubor.,MidMotion.,
,,,,,,,Ref=1.166,,,,
2274189.5,σύ,σοὶ,p-s----d-,DatPos.,2274189.9,ATR,Ref=1.167,DatPos.,,,
2274189.5,ὁ,τὸ,l-s---nn-,Agr.,2274189.9,ATR,Ref=1.167,Agr.,,,
2274189.9,γέρας,γέρας,n-s---nn-,NomSubj.,2274189.29,SBJ,Ref=1.167,NomSubj.,,,
2274189.1,πολύς,πολύ,a-s---na-,AccAdv.,2274189.11,AuxZ,Ref=1.167,AccAdv.,,,
2274189.11,μέγας,μεῖζον,a-s---nnc,NomPred.,2274189.29,PNOM,Ref=1.167|SpaceAfter=No,NomPred.,,,
,,,,,,,Ref=1.167,,,,
2274189.11,ἐγώ,ἐγὼ,p-s---mn-,NomSubj.,2274189.19,SBJ,Ref=1.167,NomSubj.,,,
2274189.14,δέ,δ’,g--------,,2274189.0,COORD,Ref=1.167,,,,
,,,,,,,_,,,,
2274189.15,ὀλίγος,ὀλίγον,a-s---na-,AccAdv.,2274189.18,ATR_CO,Ref=1.167,AccAdv.,,,
2274189.16,τε,τε,g--------,,2274189.18,AuxY,Ref=1.167,,,,
2274189.17,φίλος,φίλον,a-s---na-,AccAdv.,2274189.18,ATR_CO,Ref=1.167,AccAdv.,,,
2274189.18,τε,τε,g--------,,2274189.3,COORD,Ref=1.167,,,,
2274189.19,ἔρχομαι,ἔρχομ’,v1spie---,PresCona. | Ind. | MidMotion.,2274189.14,PRED_CO,Ref=1.168,PresCona.,Ind.,MidMotion.,
2274189.2,ἔχω,ἔχων,v-sppamn-,PresNoni. | PartCirc. | Act. | Agr.,2274189.19,ADV,Ref=1.168,PresNoni.,PartCirc.,Act.,Agr.
2274189.21,ἐπί,ἐπί,r--------,Prep3.,2274189.19,AuxP,Ref=1.168,Prep3.,,,
2274189.22,ναῦς,νῆας,n-p---fa-,GBP,2274189.21,OBJ,Ref=1.168|SpaceAfter=No,GBP,,,
,,,,,,,Ref=1.168,,,,
2274189.24,ἐπεί,ἐπεί,c--------,,2274189.19,AuxC,Ref=1.168,,,,
2274189.25,ἄν,κε,g--------,,2274189.26,AuxY,Ref=1.168,,,,
2274189.26,κάμνω,κάμω,v1sasa---,AorNoni. | SubjSubor. | Act.,2274189.24,ADV,Ref=1.168,AorNoni.,SubjSubor.,Act.,
2274189.27,πολεμίζω,πολεμίζων,v-sppamn-,PresNoni. | PartSupp. | Act. | Agr.,2274189.26,ADV,Ref=1.168|SpaceAfter=No,PresNoni.,PartSupp.,Act.,Agr.
,,,,,,,Ref=1.168,,,,
,,,,,,,,,,,
,,,,,,,,,,,
,,,,,,,,,,,
,,,,,,,,,,,
2274190.1,νῦν,νῦν,d--------,,2274190.3,ADV,Ref=1.169,,,,
2274190.2,δέ,δ’,g--------,,2274190.0,COORD,Ref=1.169,,,,
2274190.3,εἶμι,εἶμι,v1spia---,PresCona. | Ind. | MidMotion.,2274190.2,PRED_CO,Ref=1.169,PresCona.,Ind.,MidMotion.,
2274190.4,Φθία,Φθίην,n-s---fa-,AccDirec.,2274190.3,OBJ,Ref=1.169,AccDirec.,,,
2274190.5,δέ,δ’,g--------,,2274190.4,AuxZ,Ref=1.169|SpaceAfter=No,,,,
,,,,,,,Ref=1.169,,,,
2274190.7,ἐπεί,ἐπεί,c--------,,2274190.3,AuxC,Ref=1.169,,,,
2274190.8,ἦ,ἦ,d--------,,2274190.11,AuxY,Ref=1.169,,,,
2274190.9,πολύς,πολύ,a-s---na-,AccAdv.,2274190.1,AuxZ,Ref=1.169,AccAdv.,,,
2274190.1,φέρτατος,φέρτερόν,a-s---nn-,NomPred.,2274190.11,PNOM,Ref=1.169,NomPred.,,,
2274190.1,εἰμί,ἐστιν,v3spia---,PresIter. | Ind. | Act.,2274190.19,ADV_CO,Ref=1.169,PresIter.,Ind.,Act.,
2274190.12,οἴκαδε,οἴκαδ’,d--------,,2274190.13,OBJ,Ref=1.170,,,,
2274190.13,εἶμι,ἴμεν,**,PresNoni. | InfDyn. | Act.,2274190.11,SBJ,Ref=1.170,PresNoni.,InfDyn.,Act.,
2274190.14,σύν,σύν,r--------,Prep1.,2274190.13,AuxP,Ref=1.170,Prep1.,,,
2274190.15,ναῦς,νηυσί,n-p---fd-,GBP,2274190.14,ADV,Ref=1.170,GBP,,,
2274190.16,κορωνίς,κορωνίσιν,a-p---fd-,Agr.,2274190.15,ATR,Ref=1.170|SpaceAfter=No,Agr.,,,
,,,,,,,Ref=1.170,,,,
2274190.16,οὐ,οὐ,d--------,,2274190.21,AuxZ,Ref=1.170|SpaceAfter=No,,,,
2274190.19,δέ,δέ,g--------,,2274190.7,COORD,Ref=1.170,,,,
2274190.19,σοί,σ’,p-s---md-,DatAdvn. ,2274190.28,OBJ,Ref=1.170,DatAdvn.,,,
2274190.21,οἴομαι,ὀΐω,v1spia---,Pres. | Ind. | Act.,2274190.19,ADV_CO,Ref=1.170,Pres.,Ind.,Act.,
2274190.22,ἐνθάδε,ἐνθάδ’,d--------,,2274190.24,ADV,Ref=1.171,,,,
2274190.23,ἄτιμος,ἄτιμος,a-s---mn-,NomPred.,2274190.24,PNOM,Ref=1.171,NomPred.,,,
2274190.23,εἰμί,ἐὼν,v-sppamn-,PresNoni. | PartCirc. | Act. | Agr.,2274190.28,ADV,Ref=1.171,PresNoni.,PartCirc.,Act.,Agr.
2274190.25,ἄφενος,ἄφενος,n-s---na-,AccObj. ,2274190.26,OBJ_CO,Ref=1.171,AccObj.,,,
2274190.26,καί,καί,c--------,,2274190.28,COORD,Ref=1.171,,,,
2274190.27,πλοῦτος,πλοῦτον,n-s---ma-,AccObj. ,2274190.26,OBJ_CO,Ref=1.171,AccObj.,,,
2274190.28,ἀφύσσω,ἀφύξειν,v--tna---,FutNoni. | InfDyn. | Act. ,2274190.21,OBJ,Ref=1.171|SpaceAfter=No,FutNoni.,InfDyn.,Act.,
,,,,,,,Ref=1.171,,,,
,,,,,,,,,,,
,,,,,,,,,,,
,,,,,,,,,,,
,,,,,,,,,,,
2274190.28,ὁ,τὸν,p-s---ma-,AccObj. ,2274191.3,OBJ,Ref=1.172,AccObj.,,,
2274191.2,δέ,δ’,g--------,,2274191.0,COORD,Ref=1.172,,,,
2274191.3,ἀμείβω,ἠμείβετ’,v3siie---,Impf. | Ind. | MidSpee.,2274191.2,PRED_CO,Ref=1.172,Impf.,Ind.,MidSpee.,
2274191.4,ἔπειτα,ἔπειτα,d--------,,2274191.3,ADV,Ref=1.172,,,,
2274191.5,ἄναξ,ἄναξ,n-s---mn-,Agr.,2274191.7,ATR,Ref=1.172,Agr.,,,
2274191.6,ἀνήρ,ἀνδρῶν,n-p---mg-,GenObj.,2274191.5,ATR,Ref=1.172,GenObj.,,,
2274191.7,Ἀγαμέμνων,Ἀγαμέμνων,n-s---mn-,NomSubj.,2274191.3,SBJ,Ref=1.172|SpaceAfter=No,NomSubj.,,,
,,,,,,,Ref=1.172,,,,
,,,,,,,,,,,
,,,,,,,,,,,
,,,,,,,,,,,
,,,,,,,,,,,
2274192.1,φεύγω,φεῦγε,v2spma---,PresNoni. | ImprComm. | Act.,2274192.9,PRED_CO,Ref=1.173,PresNoni.,ImprComm.,Act.,
2274192.2,μάλα,μάλ’,d--------,,2274192.1,ADV,Ref=1.173,,,,
2274192.3,εἰ,εἴ,c--------,,2274192.1,AuxC,Ref=1.173,,,,
2274192.3,σύ,τοι,p-s----d-,DatPos.,2274192.5,ATR,Ref=1.173,DatPos.,,,
2274192.5,θυμός,θυμός,n-s---mn-,NomSubj.,2274192.6,SBJ,Ref=1.173,NomSubj.,,,
2274192.6,ἐπισεύω,ἐπέσσυται,v3spie---,Pres. | Ind. | MidSpon.,2274192.3,ADV,Ref=1.173|SpaceAfter=No,Pres.,Ind.,MidSpon.,
,,,,,,,Ref=1.173,,,,
2274192.6,οὐ,οὐ,d--------,,2274192.12,AuxZ,Ref=1.173|SpaceAfter=No,,,,
2274192.9,δέ,δέ,g--------,,2274192.0,COORD,Ref=1.173,,,,
2274192.9,σύ,σ’,p-s----a-,AccObj. ,2274192.15,SBJ,Ref=1.173,AccObj.,,,
2274192.9,ἐγώ,ἔγωγε,p-s---mn-,NomSubj.,2274192.12,SBJ,Ref=1.173,NomSubj.,,,
2274192.12,λίσσομαι,λίσσομαι,v1spie---,PresCona. | Ind. | MidSpee.,2274192.9,PRED_CO,Ref=1.174,PresCona.,Ind.,MidSpee.,
2274192.13,ἕνεκα,εἵνεκ’,r--------,Prep1.,2274192.15,AuxP,Ref=1.174,Prep1.,,,
2274192.13,ἐγώ,ἐμεῖο,p-s---mg-,GBP,2274192.13,ADV,Ref=1.174,GBP,,,
2274192.15,μένω,μένειν,v--pna---,PresNoni. | InfDyn. | Act.,2274192.12,OBJ,Ref=1.174|SpaceAfter=No,PresNoni.,InfDyn.,Act.,
,,,,,,,Ref=1.174,,,,
,,,,,,,,,,,
,,,,,,,,,,,
,,,,,,,,,,,
,,,,,,,,,,,
2274192.15,πάρειμι,πάρ’,v3ppia---,PresIter. | Ind. | Act.,2274193.11,AuxP_ExD_PRED_CO,Ref=1.174,PresIter.,Ind.,Act.,
2274192.15,ἐγώ,ἔμοιγε,p-s---md-,GBP,2274193.1,OBJ,Ref=1.174,GBP,,,
,,,,,,,_,,,,
2274193.3,καί,καί,d--------,,2274193.4,AuxZ,Ref=1.174,,,,
2274193.4,ἄλλος,ἄλλοι,a-p---mn-,NomSubj.,2274193.15,SBJ,Ref=1.174,NomSubj.,,,
2274193.4,ὅς,οἵ,p-p---mn-,NomSubj.,2274193.8,SBJ,Ref=1.175,NomSubj.,,,
2274193.6,ἄν,κέ,g--------,,2274193.8,AuxY,Ref=1.175,,,,
2274193.6,ἐγώ,με,p-s---ma-,AccObj. ,2274193.8,OBJ,Ref=1.175,AccObj.,,,
2274193.6,τιμάω,τιμήσουσι,v3pasa---,AorNoni. | SubjHomer. | Act.,2274193.4,ATR,Ref=1.175|SpaceAfter=No,AorNoni.,SubjHomer.,Act.,
,,,,,,,Ref=1.175,,,,
,,,,,,,_,,,,
2274193.1,μάλιστα,μάλιστα,d--------,,2274193.16,ADV,Ref=1.175,,,,
2274193.11,δέ,δέ,g--------,,2274193.0,COORD,Ref=1.175,,,,
2274193.12,μητίετα,μητίετα,n-s---mn-,Agr.,2274193.13,ATR,Ref=1.175,Agr.,,,
2274193.13,Ζεύς,Ζεύς,n-s---mn-,NomSubj.,2274193.16,SBJ,Ref=1.175|SpaceAfter=No,NomSubj.,,,
,,,,,,,Ref=1.175,,,,
,,,,,,,,,,,
,,,,,,,,,,,
,,,,,,,,,,,
,,,,,,,,,,,
2274194.1,ἔχθιστος,ἔχθιστος,a-s---mn-,NomPred.,2274194.4,PNOM,Ref=1.176,NomPred.,,,
2274194.2,δέ,δέ,g--------,,2274194.0,COORD,Ref=1.176,,,,
2274194.2,ἐγώ,μοί,p-s---md-,DatExpr.,2274194.4,OBJ,Ref=1.176,DatExpr.,,,
2274194.2,εἰμί,ἐσσι,v2spia---,Pres. | Ind. | Act.,2274194.2,PRED_CO,Ref=1.176,Pres.,Ind.,Act.,
2274194.5,Διοτρεφής,διοτρεφέων,a-p---mg-,Agr.,2274194.6,ATR,Ref=1.176,Agr.,,,
2274194.6,βασιλεύς,βασιλήων,n-p---mg-,GenComp.,2274194.1,ATR,Ref=1.176|SpaceAfter=No,GenComp.,,,
,,,,,,,Ref=1.176,,,,
,,,,,,,,,,,
,,,,,,,,,,,
,,,,,,,,,,,
,,,,,,,,,,,
2274195.1,ἀεί,αἰεί,d--------,,2274195.12,ADV,Ref=1.177,,,,
2274195.2,γάρ,γάρ,g--------,,2274195.12,AuxY,Ref=1.177,,,,
2274195.2,σύ,τοι,p-s----d-,DatExpr.,2274195.12,OBJ,Ref=1.177,DatExpr.,,,
2274195.4,ἔρις,ἔρις,n-s---fn-,NomSubj.,2274195.1,SBJ_CO,Ref=1.177,NomSubj.,,,
2274195.5,τε,τε,g--------,,2274195.1,AuxY,Ref=1.177,,,,
2274195.6,φίλος,φίλη,a-s---fn-,NomPred.,2274195.12,PNOM,Ref=1.177,NomPred.,,,
2274195.7,πόλεμος,πόλεμοί,n-p---mn-,NomSubj.,2274195.1,SBJ_CO,Ref=1.177,NomSubj.,,,
2274195.8,τε,τε,g--------,,2274195.1,AuxY,Ref=1.177,,,,
2274195.9,μάχη,μάχαι,n-p---fn-,NomSubj.,2274195.1,SBJ_CO,Ref=1.177,NomSubj.,,,
2274195.1,τε,τε,g--------,,2274195.12,COORD,Ref=1.177|SpaceAfter=No,,,,
,,,,,,,Ref=1.177,,,,
,,,,,,,,,,,
,,,,,,,,,,,
,,,,,,,,,,,
,,,,,,,,,,,
2274196.1,εἰ,εἰ,c--------,,2274196.11,AuxC,Ref=1.178,,,,
2274196.2,μάλα,μάλα,d--------,,2274196.3,AuxZ,Ref=1.178,,,,
2274196.3,καρτερός,καρτερός,a-s---mn-,NomPred.,2274196.4,PNOM,Ref=1.178,NomPred.,,,
2274196.3,εἰμί,ἐσσι,v2spia---,PresIter. | Ind. | Act.,2274196.1,ADV,Ref=1.178|SpaceAfter=No,PresIter.,Ind.,Act.,
,,,,,,,Ref=1.178,,,,
2274196.6,θεός,θεός,n-s---mn-,NomSubj.,2274196.11,SBJ,Ref=1.178,NomSubj.,,,
2274196.7,πού,που,d--------,,2274196.11,AuxY,Ref=1.178,,,,
2274196.7,σύ,σοὶ,p-s----d-,DatVerb. ,2274196.11,OBJ,Ref=1.178,DatVerb.,,,
2274196.7,ὁ,τό,p-s---na-,AccObj. ,2274196.11,OBJ,Ref=1.178,AccObj.,,,
2274196.1,γε,γ’,g--------,,2274196.9,AuxZ,Ref=1.178,,,,
2274196.11,δίδωμι,ἔδωκεν,v3saia---,Aor. | Ind. | Act.,2274196.0,PRED,Ref=1.178|SpaceAfter=No,Aor.,Ind.,Act.,
,,,,,,,Ref=1.178,,,,
,,,,,,,,,,,
,,,,,,,,,,,
,,,,,,,,,,,
,,,,,,,,,,,
2274197.1,οἴκαδε,οἴκαδ’,d--------,,2274197.2,OBJ,Ref=1.179,,,,
2274197.2,εἶμι,ἰών,v-sppamn-,PresNoni. | PartCirc. | Act. | Agr.,2274197.11,ADV,Ref=1.179,PresNoni.,PartCirc.,Act.,Agr.
2274197.3,σύν,σύν,r--------,Prep1.,2274197.2,AuxP,Ref=1.179,Prep1.,,,
2274197.4,ναῦς,νηυσί,n-p---fd-,GBP,2274197.7,ADV_CO,Ref=1.179,GBP,,,
2274197.5,τε,τε,g--------,,2274197.7,AuxY,Ref=1.179,,,,
2274197.6,σός,σῇς,a-p---fd-,Agr.,2274197.4,ATR,Ref=1.179,Agr.,,,
2274197.7,καί,καί,c--------,,2274197.3,COORD,Ref=1.179,,,,
2274197.8,σός,σοῖς,a-p---md-,Agr.,2274197.9,ATR,Ref=1.179,Agr.,,,
2274197.9,ἑταῖρος,ἑτάροισι,n-p---md-,GBP,2274197.7,ADV_CO,Ref=1.179,GBP,,,
2274197.1,Μυρμιδόνες,Μυρμιδόνεσσιν,n-p---md-,DatVerb. ,2274197.11,OBJ,Ref=1.180,DatVerb.,,,
2274197.11,ἀνάσσω,ἄνασσε,v2spma---,PresNoni. | ImprComm. | Act.,2274197.2,PRED_CO,Ref=1.180|SpaceAfter=No,PresNoni.,ImprComm.,Act.,
,,,,,,,Ref=1.180,,,,
2274197.11,σύ,σέθεν,p-s----g-,GenVerb. ,2274197.17,OBJ,Ref=1.180,GenVerb.,,,
2274197.14,δέ,δ’,g--------,,2274197.2,AuxY,Ref=1.180,,,,
2274197.14,ἐγώ,ἐγὼ,p-s---mn-,NomSubj.,2274197.17,SBJ,Ref=1.180,NomSubj.,,,
2274197.14,οὐ,οὐκ,d--------,,2274197.17,AuxZ,Ref=1.180,,,,
2274197.17,ἀλεγίζω,ἀλεγίζω,v1spia---,Pres. | Ind. | Act.,2274197.2,PRED_CO,Ref=1.180|SpaceAfter=No,Pres.,Ind.,Act.,
,,,,,,,Ref=1.180,,,,
2274197.17,οὐ,οὐ,d--------,,2274197.21,AuxZ,Ref=1.181|SpaceAfter=No,,,,
2274197.2,δέ,δ’,g--------,,2274197.0,COORD,Ref=1.181,,,,
2274197.21,ὄθομαι,ὄθομαι,v1spie---,Pres. | Ind. | MidMent.,2274197.2,PRED_CO,Ref=1.181,Pres.,Ind.,MidMent.,
2274197.22,κοτέω,κοτέοντος,v-sppamg-,PresNoni | PartSupp. | Act. |GenVerb.  ,2274197.21,AtvV,Ref=1.181|SpaceAfter=No,PresNoni,PartSupp.,Act.,GenVerb.
,,,,,,,Ref=1.181,,,,
,,,,,,,,,,,
,,,,,,,,,,,
,,,,,,,,,,,
,,,,,,,,,,,
2274198.1,ἀπειλέω,ἀπειλήσω,v1sfia---,Fut. | Ind. | Act.,2274198.2,PRED_CO,Ref=1.181,Fut.,Ind.,Act.,
2274198.2,δέ,δέ,g--------,,2274198.0,COORD,Ref=1.181,,,,
2274198.2,σύ,τοι,p-s----d-,DatVerb. ,2274198.1,OBJ,Ref=1.181,DatVerb.,,,
2274198.4,ὧδε,ὧδε,d--------,,2274198.1,ADV,Ref=1.181|SpaceAfter=No,,,,
,,,,,,,Ref=1.181,,,,
,,,,,,,,,,,
,,,,,,,,,,,
,,,,,,,,,,,
,,,,,,,,,,,
2274199.1,ὡς,ὡς,d--------,,2274199.3,ADV,Ref=1.182,,,,
2274199.1,ἐγώ,ἔμ’,p-s---ma-,AccDoubl. ,2274199.3,OBJ,Ref=1.182,AccDoubl.,,,
2274199.3,ἀφαιρέω,ἀφαιρεῖται,v3spie---,PresPerf. | Ind. | MidIndir.,2274199.21,ADV,Ref=1.182,PresPerf.,Ind.,MidIndir.,
2274199.4,Χρυσηίς,Χρυσηΐδα,n-s---fa-,AccObj. ,2274199.3,OBJ,Ref=1.182,AccObj.,,,
2274199.5,Φοῖβος,Φοῖβος,n-s---mn-,Agr.,2274199.6,ATR,Ref=1.182,Agr.,,,
2274199.6,Ἀπόλλων,Ἀπόλλων,n-s---mn-,NomSubj.,2274199.3,SBJ,Ref=1.182|SpaceAfter=No,NomSubj.,,,
,,,,,,,Ref=1.182,,,,
2274199.6,ὁ,τὴν,p-s---fa-,AccObj. ,2274199.18,OBJ,Ref=1.183,AccObj.,,,
2274199.9,μέν,μέν,g--------,,2274199.21,AuxY,Ref=1.183,,,,
2274199.9,ἐγώ,ἐγὼ,p-s---mn-,NomSubj.,2274199.18,SBJ,Ref=1.183,NomSubj.,,,
2274199.11,σύν,σύν,r--------,Prep1.,2274199.18,AuxP,Ref=1.183,Prep1.,,,
2274199.11,ναῦς,νηΐ,n-s---fd-,GBP,2274199.15,ADV_CO,Ref=1.183,GBP,,,
2274199.13,τε,τ’,g--------,,2274199.15,AuxY,Ref=1.183,,,,
2274199.14,ἐμός,ἐμῇ,a-s---fd-,Agr.,2274199.12,ATR,Ref=1.183,Agr.,,,
2274199.15,καί,καί,c--------,,2274199.11,COORD,Ref=1.183,,,,
2274199.16,ἐμός,ἐμοῖς,a-p---md-,Agr.,2274199.17,ATR,Ref=1.183,Agr.,,,
2274199.17,ἑταῖρος,ἑτάροισι,n-p---md-,GBP,2274199.15,ADV_CO,Ref=1.183,GBP,,,
2274199.18,πέμπω,πέμψω,v1sfia---,Fut. | Ind. | Act.,2274199.21,PRED_CO,Ref=1.184|SpaceAfter=No,Fut.,Ind.,Act.,
,,,,,,,Ref=1.184,,,,
2274199.18,ἐγώ,ἐγὼ,p-s---mn-,NomSubj.,2274199.23,SBJ,Ref=1.184,NomSubj.,,,
2274199.21,δέ,δέ,g--------,,2274199.0,COORD,Ref=1.184,,,,
2274199.22,ἄν,κ’,g--------,,2274199.23,AuxZ,Ref=1.184,,,,
2274199.23,ἄγω,ἄγω,v1spsa---,PresNoni. | SubjHomer. | Act.,2274199.21,PRED_CO,Ref=1.184,PresNoni.,SubjHomer.,Act.,
2274199.24,Βρισηίς,Βρισηΐδα,n-s---fa-,AccObj. ,2274199.52,OBJ_AP,Ref=1.184,AccObj.,,,
2274199.25,καλλιπάρηος,καλλιπάρῃον,a-s---fa-,Agr.,2274199.24,ATR,Ref=1.184,Agr.,,,
2274199.26,αὐτός,αὐτός,a-s---mn-,NomSubj.,2274199.2,ATV,Ref=1.185,NomSubj.,,,
2274199.27,εἶμι,ἰών,v-sppamn-,PresNoni. | PartCirc. | MidMotion. | Agr.,2274199.23,ADV,Ref=1.185,PresNoni.,PartCirc.,MidMotion.,Agr.
2274199.28,κλισία,κλισίην,n-s---fa-,AccDirec.,2274199.27,OBJ,Ref=1.185,AccDirec.,,,
2274199.29,δέ,δέ,g--------,,2274199.28,AuxZ,Ref=1.185,,,,
2274199.29,ὁ,τὸ,l-s---na-,Agr.,2274199.32,ATR,Ref=1.185,Agr.,,,
2274199.31,σός,σόν,a-s---na-,Agr.,2274199.32,ATR,Ref=1.185,Agr.,,,
2274199.32,γέρας,γέρας,n-s---na-,AccObj. ,2274199.52,OBJ_AP,Ref=1.185,AccObj.,,,
2274199.33,ὄφρα,ὄφρ’,c--------,,2274199.23,AuxC,Ref=1.185,,,,
2274199.34,εὖ,ἐύ,d--------,,2274199.35,ADV,Ref=1.185,,,,
2274199.35,οἶδα,εἰδῇς,v2srsa---,PerfNoni. | SubjSubor. | Act.,2274199.42,ADV_CO,Ref=1.185,PerfNoni.,SubjSubor.,Act.,
2274199.36,ὅσος,ὅσσον,a-s---na-,AccAdv.,2274199.38,ADV,Ref=1.186,AccAdv.,,,
2274199.37,φέρτατος,φέρτερός,a-s---mn-,NomPred.,2274199.38,PNOM,Ref=1.186,NomPred.,,,
2274199.37,εἰμί,εἰμι,v1spia---,PresIter. | Ind. | Act.,2274199.35,OBJ,Ref=1.186,PresIter.,Ind.,Act.,
2274199.37,σύ,σέθεν,p-s----g-,GenComp.,2274199.37,ATR,Ref=1.186|SpaceAfter=No,GenComp.,,,
,,,,,,,Ref=1.186,,,,
2274199.41,στυγέω,στυγέῃ,v3spsa---,PresNoni. | SubjSubor. | Act.,2274199.42,ADV_CO,Ref=1.186,PresNoni.,SubjSubor.,Act.,
2274199.42,δέ,δέ,g--------,,2274199.33,COORD,Ref=1.186,,,,
2274199.43,καί,καί,d--------,,2274199.44,AuxZ,Ref=1.186,,,,
2274199.44,ἄλλος,ἄλλος,a-s---mn-,NomSubj.,2274199.41,SBJ,Ref=1.186,NomSubj.,,,
2274199.45,ἴσος,ἶσον,a-s---ma-,AccObj.,2274199.53,PNOM,Ref=1.187,AccObj.,,,
2274199.45,ἐγώ,ἐμοὶ,p-s---md-,DatResp.,2274199.45,ATR,Ref=1.187,DatResp.,,,
2274199.47,φημί,φάσθαι,v--pne---,PresNoni. | InfDyn. | MidMent.,2274199.48,OBJ_CO,Ref=1.187,PresNoni.,InfDyn.,MidMent.,
2274199.48,καί,καί,c--------,,2274199.41,COORD,Ref=1.187,,,,
2274199.49,ὁμοιόω,ὁμοιωθήμεναι,v--anp---,AorNoni. | InfDyn. | Pass.,2274199.48,OBJ_CO,Ref=1.187,AorNoni.,InfDyn.,Pass.,
2274199.5,ἄντην,ἄντην,d--------,,2274199.49,ADV,Ref=1.187|SpaceAfter=No,,,,
,,,,,,,Ref=1.187,,,,
,,,,,,,,,,,
,,,,,,,,,,,
,,,,,,,,,,,
,,,,,,,,,,,
2274200.1,ὡς,ὡς,d--------,,2274200.2,ADV,Ref=1.188,,,,
2274200.2,φημί,φάτο,v3saim---,Aor. | Ind. | MidSpee.,2274200.0,PRED,Ref=1.188|SpaceAfter=No,Aor.,Ind.,MidSpee.,
,,,,,,,Ref=1.188,,,,
,,,,,,,,,,,
,,,,,,,,,,,
,,,,,,,,,,,
,,,,,,,,,,,
2274201.1,Πηλείων,Πηλεΐωνι,n-s---md-,DatVerb. ,2274201.4,OBJ,Ref=1.188,DatVerb.,,,
2274201.2,δέ,δ’,g--------,,2274201.7,AuxY,Ref=1.188,,,,
2274201.3,ἄχος,ἄχος,n-s---nn-,NomSubj.,2274201.4,SBJ,Ref=1.188,NomSubj.,,,
2274201.4,γίγνομαι,γένετ’,v3saim---,AorIngr. | Ind. | MidMotion.,2274201.7,PRED_CO,Ref=1.188|SpaceAfter=No,AorIngr.,Ind.,MidMotion.,
,,,,,,,Ref=1.188,,,,
2274201.6,ἐν,ἐν,r--------,Prep3.,2274201.13,AuxP,Ref=1.188,Prep3.,,,
2274201.7,δέ,δέ,g--------,,2274201.0,COORD,Ref=1.188,,,,
2274201.7,ἕ,οἱ,p-s---md-,DatPos.,2274201.9,ATR,Ref=1.188,DatPos.,,,
2274201.9,ἦτορ,ἦτορ,n-s---nn-,NomSubj.,2274201.13,SBJ,Ref=1.188,NomSubj.,,,
2274201.1,στῆθος,στήθεσσιν,n-p---nd-,DatLoc. ,2274201.6,ADV,Ref=1.189,DatLoc.,,,
2274201.11,λάσιος,λασίοισι,a-p---nd-,Agr.,2274201.1,ATR,Ref=1.189,Agr.,,,
2274201.12,διάνδιχα,διάνδιχα,d--------,,2274201.13,ADV,Ref=1.189,,,,
2274201.13,μερμηρίζω,μερμήριξεν,v3saia---,AorIngr. | Ind. | Act.,2274201.7,PRED_CO,Ref=1.189|SpaceAfter=No,AorIngr.,Ind.,Act.,
,,,,,,,Ref=1.189,,,,
2274201.15,ἤ,ἤ,c--------,,2274201.32,AuxY,Ref=1.190,,,,
2274201.15,ὁ,ὅ,p-s---mn-,NomSubj.,2274201.25,SBJ,Ref=1.190,NomSubj.,,,
2274201.17,γε,γε,g--------,,2274201.16,AuxZ,Ref=1.190,,,,
2274201.18,φάσγανον,φάσγανον,n-s---na-,AccObj. ,2274201.2,OBJ,Ref=1.190,AccObj.,,,
2274201.19,ὀξύς,ὀξύ,a-s---na-,Agr.,2274201.18,ATR,Ref=1.190,Agr.,,,
2274201.2,ἐρύω,ἐρυσσάμενος,v-sapmmn-,AorNoni. | PartAttr. | MidMotion. | Agr.,2274201.25,ADV,Ref=1.190,AorNoni.,PartAttr.,MidMotion.,Agr.
2274201.2,παρά,παρὰ,r--------,Prep3.,2274201.2,AuxP,Ref=1.190,Prep3.,,,
2274201.22,μηρός,μηροῦ,n-s---mg-,GBP,2274201.21,OBJ,Ref=1.190,GBP,,,
2274201.22,ὁ,τοὺς,p-p---ma-,AccObj. ,2274201.25,OBJ,Ref=1.191,AccObj.,,,
2274201.24,μέν,μέν,g--------,,2274201.28,AuxY,Ref=1.191,,,,
2274201.25,ἀνίστημι,ἀναστήσειεν,v3saoa---,AorNoni. | OptSubor. | Act.,2274201.28,OBJ_CO,Ref=1.191|SpaceAfter=No,AorNoni.,OptSubor.,Act.,
,,,,,,,Ref=1.191,,,,
2274201.25,ὁ,ὃ,p-s---mn-,NomSubj.,2274201.3,SBJ,Ref=1.191,NomSubj.,,,
2274201.28,δέ,δ’,g--------,,2274201.32,COORD,Ref=1.191,,,,
2274201.29,Ἀτρείδης,Ἀτρεΐδην,n-s---ma-,AccObj. ,2274201.3,OBJ,Ref=1.191,AccObj.,,,
2274201.29,Ἀτρείδης,Ἀτρεΐδην,n-s---ma-,PresNoni. | OptSubor. | Act.,2274201.3,OBJ,Ref=1.191|SpaceAfter=No,PresNoni.,OptSubor.,Act.,
2274201.3,ἐναρίζω,ἐναρίζοι,v3spoa---,,2274201.28,OBJ_CO,Ref=1.191,,,,
2274201.32,ἤ,ἦε,c--------,,2274201.13,COORD,Ref=1.192,,,,
2274201.33,χόλος,χόλον,n-s---ma-,AccObj. ,2274201.34,OBJ,Ref=1.192,AccObj.,,,
2274201.34,παύω,παύσειεν,v3saoa---,AorNoni. | OptSubor. | Act.,2274201.36,OBJ_CO,Ref=1.192,AorNoni.,OptSubor.,Act.,
2274201.35,ἐρητύω,ἐρητύσειέ,v3saoa---,AorNoni. | OptSubor. | Act.,2274201.36,OBJ_CO,Ref=1.192,AorNoni.,OptSubor.,Act.,
2274201.36,τε,τε,g--------,,2274201.32,COORD,Ref=1.192,,,,
2274201.37,θυμός,θυμόν,n-s---ma-,AccObj. ,2274201.35,OBJ,Ref=1.192|SpaceAfter=No,AccObj.,,,
,,,,,,,Ref=1.192,,,,
,,,,,,,,,,,
,,,,,,,,,,,
,,,,,,,,,,,
,,,,,,,,,,,
2274202.1,ἕως,ἧος,c--------,,2274202.19,AuxC,Ref=1.193,,,,
2274202.1,ὁ,ὃ,p-s---mn-,NomSubj.,2274202.4,SBJ,Ref=1.193,NomSubj.,,,
2274202.3,οὗτος,ταῦθ’,a-p---na-,AccObj. ,2274202.4,OBJ,Ref=1.193,AccObj.,,,
2274202.4,ὁρμαίνω,ὥρμαινε,v3siia---,Impf. | Ind. | Act.,2274202.12,ADV_CO,Ref=1.193,Impf.,Ind.,Act.,
2274202.5,κατά,κατά,r--------,Prep3. ,2274202.7,AuxP,Ref=1.193,Prep3.,,,
2274202.6,φρήν,φρένα,n-s---fa-,GBP,2274202.5,ADV_CO,Ref=1.193,GBP,,,
2274202.7,καί,καί,c--------,,2274202.4,COORD,Ref=1.193,,,,
2274202.8,κατά,κατά,r--------,Prep3. ,2274202.7,AuxP,Ref=1.193,Prep3.,,,
2274202.9,θυμός,θυμόν,n-s---ma-,GBP,2274202.8,ADV_CO,Ref=1.193|SpaceAfter=No,GBP,,,
,,,,,,,Ref=1.193,,,,
2274202.11,ἕλκω,ἕλκετο,v3siie---,ImpfCona. | Ind. | MidIndir.,2274202.12,ADV_CO,Ref=1.194,ImpfCona.,Ind.,MidIndir.,
2274202.12,δέ,δ’,g--------,,2274202.18,COORD,Ref=1.194,,,,
2274202.13,ἐκ,ἐκ,r--------,Prep3.,2274202.11,AuxP,Ref=1.194,Prep3.,,,
2274202.14,κολεόν,κολεοῖο,n-s---ng-,GBP,2274202.13,OBJ,Ref=1.194,GBP,,,
2274202.15,μέγας,μέγα,a-s---na-,Agr.,2274202.16,ATR,Ref=1.194,Agr.,,,
2274202.16,ξίφος,ξίφος,n-s---na-,AccObj. ,2274202.11,OBJ,Ref=1.194|SpaceAfter=No,AccObj.,,,
,,,,,,,Ref=1.194,,,,
2274202.18,ἔρχομαι,ἦλθε,v3saia---,Aor. | Ind. | Act.,2274202.19,PRED_CO,Ref=1.194,Aor.,Ind.,Act.,
2274202.19,δέ,δ’,g--------,,2274202.0,COORD,Ref=1.194,,,,
2274202.2,Ἀθήνη,Ἀθήνη,n-s---fn-,NomSubj.,2274202.18,SBJ,Ref=1.194,NomSubj.,,,
2274202.21,οὐρανόθεν,οὐρανόθεν,d--------,,2274202.18,OBJ,Ref=1.195|SpaceAfter=No,,,,
,,,,,,,Ref=1.195,,,,
,,,,,,,,,,,
,,,,,,,,,,,
,,,,,,,,,,,
,,,,,,,,,,,
2274203.1,πρό,πρό,r--------,Preverb,2274203.3,AuxZ,Ref=1.195,Preverb,,,
2274203.2,γάρ,γάρ,g--------,,2274203.3,AuxY,Ref=1.195,,,,
2274203.3,ἵημι,ἧκε,v3saia---,Aor. | Ind. | Act.,2274203.0,PRED,Ref=1.195,Aor.,Ind.,Act.,
2274203.4,θεά,θεά,n-s---fn-,Agr.,2274203.15,SBJ_AP,Ref=1.195,Agr.,,,
2274203.5,λευκώλενος,λευκώλενος,a-s---fn-,Agr.,2274203.4,ATR,Ref=1.195,Agr.,,,
2274203.6,Ἥρα,Ἥρη,n-s---fn-,NomSubj.,2274203.15,SBJ_AP,Ref=1.195,NomSubj.,,,
2274203.7,ἄμφω,ἄμφω,a-d---ma-,AccObj. ,2274203.13,OBJ,Ref=1.196,AccObj.,,,
2274203.8,ὁμῶς,ὁμῶς,d--------,,2274203.13,ADV,Ref=1.196,,,,
2274203.9,θυμός,θυμῷ,n-s---md-,DatLoc. ,2274203.13,ADV,Ref=1.196,DatLoc.,,,
2274203.1,φιλέω,φιλέουσά,v-sppafn-,PresNoni. | PartCirc. | Act. | Agr.,2274203.13,ADV_CO,Ref=1.196,PresNoni.,PartCirc.,Act.,Agr.
2274203.11,τε,τε,g--------,,2274203.13,AuxY,Ref=1.196,,,,
2274203.12,κήδω,κηδομένη,v-sppefn-,PresNoni. | PartCirc. | MidMent. | Agr.,2274203.13,ADV_CO,Ref=1.196,PresNoni.,PartCirc.,MidMent.,Agr.
2274203.13,τε,τε,g--------,,2274203.3,COORD,Ref=1.196|SpaceAfter=No,,,,
,,,,,,,Ref=1.196,,,,
,,,,,,,,,,,
,,,,,,,,,,,
,,,,,,,,,,,
,,,,,,,,,,,
2274204.1,ἵστημι,στῆ,v3saia---,Aor. | Ind. | Act.,2274204.6,PRED_CO,Ref=1.197,Aor.,Ind.,Act.,
2274204.2,δέ,δ’,g--------,,2274204.6,AuxY,Ref=1.197,,,,
2274204.3,ὄπισθεν,ὄπιθεν,d--------,,2274204.1,ADV,Ref=1.197|SpaceAfter=No,,,,
,,,,,,,Ref=1.197,,,,
2274204.5,ξανθός,ξανθῆς,a-s---fg-,Agr.,2274204.7,ATR,Ref=1.197,Agr.,,,
2274204.6,δέ,δέ,g--------,,2274204.0,COORD,Ref=1.197,,,,
2274204.7,κόμη,κόμης,n-s---fg-,GenPart.,2274204.8,OBJ,Ref=1.197,GenPart.,,,
2274204.8,αἱρέω,ἕλε,v3saia---,Aor. | Ind. | Act.,2274204.6,PRED_CO,Ref=1.197,Aor.,Ind.,Act.,
2274204.9,Πηλείων,Πηλεΐωνα,n-s---ma-,AccObj. ,2274204.8,OBJ,Ref=1.197,AccObj.,,,
2274204.1,οἶος,οἴῳ,a-s---md-,DatExpr.,2274204.11,AtvV,Ref=1.198,DatExpr.,,,
2274204.11,φαίνω,φαινομένη,v-sppefn-,PresNoni. | PartCirc. | MidDir. | Agr.,2274204.8,ADV,Ref=1.198|SpaceAfter=No,PresNoni.,PartCirc.,MidDir.,Agr.
,,,,,,,Ref=1.198,,,,
,,,,,,,,,,,
,,,,,,,,,,,
,,,,,,,,,,,
,,,,,,,,,,,
2274204.11,ὁ,τῶν,l-p---mg-,Agr.,2274205.3,ATR,Ref=1.198,Agr.,,,
2274205.2,δέ,δ’,g--------,,2274205.0,COORD,Ref=1.198,,,,
2274205.3,ἄλλος,ἄλλων,a-p---mg-,GenPart.,2274205.5,ATR,Ref=1.198,GenPart.,,,
2274205.3,οὐ,οὔ,d--------,,2274205.6,AuxZ,Ref=1.198,,,,
2274205.3,τις,τις,p-s---mn-,NomSubj.,2274205.6,SBJ,Ref=1.198,NomSubj.,,,
2274205.6,ὁράω,ὁρᾶτο,v3siie---,Impf. | Ind. | MidMent.,2274205.2,PRED_CO,Ref=1.198|SpaceAfter=No,Impf.,Ind.,MidMent.,
,,,,,,,Ref=1.198,,,,
,,,,,,,,,,,
,,,,,,,,,,,
,,,,,,,,,,,
,,,,,,,,,,,
2274206.1,θαμβέω,θάμβησεν,v3saia---,AorIngr. | Ind. | Act.,2274206.1,PRED_CO,Ref=1.199,AorIngr.,Ind.,Act.,
2274206.2,δέ,δ’,g--------,,2274206.1,AuxY,Ref=1.199,,,,
2274206.3,Ἀχιλλεύς,Ἀχιλεύς,n-s---mn-,NomSubj.,2274206.1,SBJ,Ref=1.199|SpaceAfter=No,NomSubj.,,,
,,,,,,,Ref=1.199,,,,
2274206.5,μετά,μετά,r--------,Preverb,2274206.7,AuxZ,Ref=1.199,Preverb,,,
2274206.6,δέ,δ’,g--------,,2274206.1,AuxY,Ref=1.199,,,,
2274206.7,τρέπω,ἐτράπετ’,v3saim---,Aor. | Ind. | MidDir.,2274206.1,PRED_CO,Ref=1.199|SpaceAfter=No,Aor.,Ind.,MidDir.,
,,,,,,,Ref=1.199,,,,
2274206.9,αὐτίκα,αὐτίκα,d--------,,2274206.11,ADV,Ref=1.199,,,,
2274206.1,δέ,δ’,g--------,,2274206.0,COORD,Ref=1.199,,,,
2274206.11,γιγνώσκω,ἔγνω,v3saia---,Aor. | Ind. | Act.,2274206.1,PRED_CO,Ref=1.199,Aor.,Ind.,Act.,
2274206.12,Παλλάς,Παλλάδ’,n-s---fa-,Agr.,2274206.13,ATR,Ref=1.200,Agr.,,,
2274206.13,Ἀθήνη,Ἀθηναίην,n-s---fa-,AccObj. ,2274206.11,OBJ,Ref=1.200|SpaceAfter=No,AccObj.,,,
,,,,,,,Ref=1.200,,,,
,,,,,,,,,,,
,,,,,,,,,,,
,,,,,,,,,,,
,,,,,,,,,,,
2274207.1,δεινός,δεινώ,a-d---nn-,Agr.,2274207.4,ATV,Ref=1.200,Agr.,,,
2274207.2,δέ,δέ,g--------,,2274207.0,COORD,Ref=1.200,,,,
2274207.2,ἕ,οἱ,p-s---fd-,DatPos.,2274207.4,ATR,Ref=1.200,DatPos.,,,
2274207.4,ὄσσε,ὄσσε,n-d---nn-,NomSubj.,2274207.5,SBJ,Ref=1.200,NomSubj.,,,
2274207.5,φαίνω,φάανθεν,v3paip---,AorIngr. | Ind. | Pass.,2274207.2,PRED_CO,Ref=1.200|SpaceAfter=No,AorIngr.,Ind.,Pass.,
,,,,,,,Ref=1.200,,,,
,,,,,,,,,,,
,,,,,,,,,,,
,,,,,,,,,,,
,,,,,,,,,,,
2274208.1,καί,καί,c--------,,2274208.0,COORD,Ref=1.201,,,,
2274208.1,μιν,μιν,p-s---fa-,AccObj. ,2274208.6,OBJ,Ref=1.201,AccObj.,,,
2274208.3,φωνέω,φωνήσας,v-sapamn-,AorNoni. | PartCirc. | Act. | Agr.,2274208.6,ADV,Ref=1.201,AorNoni.,PartCirc.,Act.,Agr.
2274208.4,ἔπος,ἔπεα,n-p---na-,AccCog.,2274208.6,OBJ,Ref=1.201,AccCog.,,,
2274208.5,πτερόεις,πτερόεντα,a-p---na-,Agr.,2274208.4,ATR,Ref=1.201,Agr.,,,
2274208.6,προσαυδάω,προσηύδα,v3siia---,Impf. | Ind. | Act.,2274208.1,PRED_CO,Ref=1.201|SpaceAfter=No,Impf.,Ind.,Act.,
,,,,,,,Ref=1.201,,,,
,,,,,,,,,,,
,,,,,,,,,,,
,,,,,,,,,,,
,,,,,,,,,,,
2274209.1,τίπτε,τίπτ’,p--------,,2274209.6,ADV,Ref=1.202,,,,
2274209.2,αὖτε,αὖτ’,d--------,,2274209.6,ADV,Ref=1.202,,,,
2274209.3,αἰγίοχος,αἰγιόχοιο,a-s---mg-,Agr.,2274209.4,ATR,Ref=1.202,Agr.,,,
2274209.4,Ζεύς,Διός,n-s---mg-,GenPos. ,2274209.5,ATR,Ref=1.202,GenPos.,,,
2274209.5,τέκος,τέκος,n-s---nv-,Voc. ,2274209.6,ExD,Ref=1.202,Voc.,,,
2274209.6,ἔρχομαι,εἰλήλουθας,v2sria---,Perf. | Ind. | Act.,2274209.0,PRED,Ref=1.202|SpaceAfter=No,Perf.,Ind.,Act.,
,,,,,,,Ref=1.202,,,,
,,,,,,,,,,,
,,,,,,,,,,,
,,,,,,,,,,,
,,,,,,,,,,,
,,,,,,,_,,,,
2274210.1,ἦ,ἦ,d--------,,2274210.8,AuxY,Ref=1.203,,,,
2274210.2,ἵνα,ἵνα,c--------,,2274210.8,AuxC,Ref=1.203,,,,
2274210.3,ὕβρις,ὕβριν,n-s---fa-,AccObj. ,2274210.4,OBJ,Ref=1.203,AccObj.,,,
2274210.4,εἶδον,ἴδῃ,v2sase---,AorNoni. | SubjSubor. | MidMent.,2274210.2,ADV,Ref=1.203,AorNoni.,SubjSubor.,MidMent.,
2274210.5,Ἀγαμέμνων,Ἀγαμέμνονος,n-s---mg-,GenSubj.,2274210.3,ATR,Ref=1.203,GenSubj.,,,
2274210.6,Ἀτρείδης,Ἀτρεΐδαο,n-s---mg-,Agr.,2274210.5,ATR,Ref=1.203|SpaceAfter=No,Agr.,,,
,,,,,,,Ref=1.203,,,,
,,,,,,,,,,,
,,,,,,,,,,,
,,,,,,,,,,,
,,,,,,,,,,,
2274211.1,ἀλλά,ἀλλ’,d--------,,2274211.7,AuxY,Ref=1.204,,,,
2274211.2,ἐκ,ἔκ,r--------,Preverb,2274211.4,AuxZ,Ref=1.204,Preverb,,,
2274211.2,σύ,τοι,p-s----d-,GBP,2274211.4,OBJ,Ref=1.204,GBP,,,
2274211.4,ἐρῶ,ἐρέω,v1sfia---,Fut. | Ind. | Act.,2274211.7,PRED_CO,Ref=1.204|SpaceAfter=No,Fut.,Ind.,Act.,
,,,,,,,Ref=1.204,,,,
2274211.4,ὁ,τὸ,p-s---na-,AccSubj. ,2274211.9,SBJ,Ref=1.204,AccSubj.,,,
2274211.7,δέ,δέ,g--------,,2274211.0,COORD,Ref=1.204,,,,
2274211.8,καί,καί,d--------,,2274211.9,AuxY,Ref=1.204,,,,
2274211.9,τελέω,τελέεσθαι,v--fnm---,FutNoni. | InfDyn. | MidSpon.,2274211.1,OBJ,Ref=1.204,FutNoni.,InfDyn.,MidSpon.,
2274211.1,οἴομαι,ὀΐω,v1spia---,Pres. | Ind. | Act.,2274211.7,PRED_CO,Ref=1.204|SpaceAfter=No,Pres.,Ind.,Act.,
,,,,,,,Ref=1.204,,,,
,,,,,,,,,,,
,,,,,,,,,,,
,,,,,,,,,,,
,,,,,,,,,,,
2274211.1,ἑός,ᾗς,a-p---fd-,Agr.,2274212.2,ATR,Ref=1.205,Agr.,,,
2274212.2,ὑπεροπλία,ὑπεροπλίῃσι,n-p---fd-,DatMean.,2274212.7,ADV,Ref=1.205,DatMean.,,,
2274212.3,τάχα,τάχ’,d--------,,2274212.7,ADV,Ref=1.205,,,,
2274212.4,ἄν,ἄν,g--------,,2274212.7,AuxY,Ref=1.205,,,,
2274212.5,ποτέ,ποτε,g--------,,2274212.7,ADV,Ref=1.205,,,,
2274212.6,θυμός,θυμόν,n-s---ma-,AccObj. ,2274212.7,OBJ,Ref=1.205,AccObj.,,,
2274212.7,ὄλλυμι,ὀλέσσῃ,v3sasa---,AorNoni. | SubjHomer. | Act.,2274212.0,PRED,Ref=1.205|SpaceAfter=No,AorNoni.,SubjHomer.,Act.,
,,,,,,,Ref=1.205,,,,
,,,,,,,,,,,
,,,,,,,,,,,
,,,,,,,,,,,
,,,,,,,,,,,
2274212.7,ὁ,τὸν,p-s---ma-,AccObj. ,2274213.4,OBJ,Ref=1.206,AccObj.,,,
2274213.2,δέ,δ’,g--------,,2274213.0,COORD,Ref=1.206,,,,
2274213.3,αὖτε,αὖτε,d--------,,2274213.4,AuxY,Ref=1.206,,,,
2274213.4,προσεῖπον,προσέειπε,v3saia---,Aor. | Ind. | Act.,2274213.2,PRED_CO,Ref=1.206,Aor.,Ind.,Act.,
2274213.5,θεά,θεά,n-s---fn-,Agr.,2274213.9,SBJ_AP,Ref=1.206,Agr.,,,
2274213.6,γλαυκῶπις,γλαυκῶπις,a-s---fn-,Agr.,2274213.7,ATR,Ref=1.206,Agr.,,,
2274213.7,Ἀθήνη,Ἀθήνη,n-s---fn-,NomSubj.,2274213.9,SBJ_AP,Ref=1.206|SpaceAfter=No,NomSubj.,,,
,,,,,,,Ref=1.206,,,,
,,,,,,,,,,,
,,,,,,,,,,,
,,,,,,,,,,,
,,,,,,,,,,,
2274214.1,ἔρχομαι,ἦλθον,v1saia---,Aor. | Ind. | Act.,2274214.0,PRED,Ref=1.207,Aor.,Ind.,Act.,
2274214.1,ἐγώ,ἐγὼ,p-s---fn-,NomSubj.,2274214.1,SBJ,Ref=1.207,NomSubj.,,,
2274214.3,παύω,παύσουσα,v-sfpafn-,FutNoni. | PartSupp. | Act. | Agr.,2274214.1,ADV,Ref=1.207,FutNoni.,PartSupp.,Act.,Agr.
2274214.3,ὁ,τὸ,l-s---na-,Agr.,2274214.6,ATR,Ref=1.207,Agr.,,,
2274214.5,σός,σόν,a-s---na-,Agr.,2274214.6,ATR,Ref=1.207,Agr.,,,
2274214.6,μένος,μένος,n-s---na-,AccObj. ,2274214.3,OBJ,Ref=1.207|SpaceAfter=No,AccObj.,,,
,,,,,,,Ref=1.207,,,,
2274214.8,εἰ,αἴ,c--------,,2274214.3,AuxC,Ref=1.207,,,,
2274214.9,ἄν,κε,g--------,,2274214.1,AuxY,Ref=1.207,,,,
2274214.1,πείθω,πίθηαι,v2sase---,AorNoni. | SubjSubor. | MidSpon.,2274214.8,ADV,Ref=1.207|SpaceAfter=No,AorNoni.,SubjSubor.,MidSpon.,
,,,,,,,Ref=1.207,,,,
2274214.12,οὐρανόθεν,οὐρανόθεν,d--------,,2274214.1,OBJ,Ref=1.208|SpaceAfter=No,,,,
,,,,,,,Ref=1.208,,,,
,,,,,,,,,,,
,,,,,,,,,,,
,,,,,,,,,,,
,,,,,,,,,,,
2274215.1,πρό,πρό,r--------,Preverb,2274215.4,AuxZ,Ref=1.208,Preverb,,,
2274215.2,δέ,δέ,g--------,,2274215.0,COORD,Ref=1.208,,,,
2274215.2,ἐγώ,μ’,p-s---fa-,AccObj. ,2274215.4,OBJ,Ref=1.208,AccObj.,,,
2274215.4,ἵημι,ἧκε,v3saia---,Aor. | Ind. | Act.,2274215.2,PRED_CO,Ref=1.208,Aor.,Ind.,Act.,
2274215.5,θεά,θεά,n-s---fn-,Agr.,2274215.16,SBJ_AP,Ref=1.208,Agr.,,,
2274215.6,λευκώλενος,λευκώλενος,a-s---fn-,Agr.,2274215.7,ATR,Ref=1.208,Agr.,,,
2274215.7,Ἥρα,Ἥρη,n-s---fn-,NomSubj.,2274215.16,SBJ_AP,Ref=1.208,NomSubj.,,,
2274215.8,ἄμφω,ἄμφω,a-d---ma-,AccObj. ,2274215.14,OBJ,Ref=1.209,AccObj.,,,
2274215.9,ὁμῶς,ὁμῶς,d--------,,2274215.14,ADV,Ref=1.209,,,,
2274215.1,θυμός,θυμῷ,n-s---md-,DatLoc. ,2274215.14,ADV,Ref=1.209,DatLoc.,,,
2274215.11,φιλέω,φιλέουσά,v-sppafn-,PresNoni. | PartCirc. | Act. | Agr.,2274215.14,ADV_CO,Ref=1.209,PresNoni.,PartCirc.,Act.,Agr.
2274215.12,τε,τε,g--------,,2274215.14,AuxY,Ref=1.209,,,,
2274215.13,κήδω,κηδομένη,v-sppefn-,PresNoni. | PartCirc. | MidMent. | Agr.,2274215.14,ADV_CO,Ref=1.209,PresNoni.,PartCirc.,MidMent.,Agr.
2274215.14,τε,τε,g--------,,2274215.4,COORD,Ref=1.209|SpaceAfter=No,,,,
,,,,,,,Ref=1.209,,,,
,,,,,,,,,,,
,,,,,,,,,,,
,,,,,,,,,,,
,,,,,,,,,,,
2274216.1,ἀλλά,ἀλλ’,d--------,,2274216.3,AuxZ,Ref=1.210,,,,
2274216.2,ἄγε,ἄγε,d--------,,2274216.3,AuxY,Ref=1.210,,,,
2274216.3,λήγω,λῆγ’,v2spma---,PresNoni. | ImprComm. | Act.,2274216.7,PRED_CO,Ref=1.210,PresNoni.,ImprComm.,Act.,
2274216.4,ἔρις,ἔριδος,n-s---fg-,GenVerb. ,2274216.3,OBJ,Ref=1.210|SpaceAfter=No,GenVerb.,,,
,,,,,,,Ref=1.210,,,,
,μη,μή,,,,,Ref=1.210|SpaceAfter=No,,,,
2274216.7,δέ,δέ,g--------,,2274216.0,COORD,Ref=1.210,,,,
2274216.8,ξίφος,ξίφος,n-s---na-,AccObj. ,2274216.9,OBJ,Ref=1.210,AccObj.,,,
2274216.9,ἕλκω,ἕλκεο,v2spme---,PresNoni. | ImprComm. | MidSpee.,2274216.7,PRED_CO,Ref=1.210,PresNoni.,ImprComm.,MidSpee.,
2274216.9,χείρ,χειρί,n-s---fd-,DatLoc. ,2274216.9,ADV,Ref=1.210|SpaceAfter=No,DatLoc.,,,
,,,,,,,Ref=1.210,,,,
,,,,,,,,,,,
,,,,,,,,,,,
,,,,,,,,,,,
,,,,,,,,,,,
2274217.1,ἀλλά,ἀλλ’,d--------,,2274217.5,AuxY,Ref=1.211,,,,
2274217.2,ἤτοι,ἤτοι,g--------,,2274217.5,AuxY,Ref=1.211,,,,
2274217.3,ἔπος,ἔπεσιν,n-p---nd-,DatMean. ,2274217.5,ADV,Ref=1.211,DatMean.,,,
2274217.4,μέν,μέν,g--------,,2274217.5,AuxY,Ref=1.211,,,,
2274217.5,ὀνειδίζω,ὀνείδισον,v2sama---,AorNoni. | ImprComm. | Act.,2274217.0,PRED,Ref=1.211,AorNoni.,ImprComm.,Act.,
2274217.6,ὡς,ὡς,d--------,,2274217.7,ADV,Ref=1.211,,,,
2274217.6,εἰμί,ἔσεταί,v3sfim---,FutHypo. | Ind. | MidSpon.,2274217.5,OBJ,Ref=1.211,FutHypo.,Ind.,MidSpon.,
2274217.8,πέρ,περ,g--------,,2274217.7,AuxY,Ref=1.211|SpaceAfter=No,,,,
,,,,,,,Ref=1.211,,,,
,,,,,,,,,,,
,,,,,,,,,,,
,,,,,,,,,,,
,,,,,,,,,,,
2274218.1,ὧδε,ὧδε,d--------,,2274218.3,ADV,Ref=1.212,,,,
2274218.2,γάρ,γάρ,g--------,,2274218.3,AuxY,Ref=1.212,,,,
2274218.3,ἐξερέω,ἐξερέω,v1sfia---,Fut. | Ind. | Act.,2274218.6,PRED_CO,Ref=1.212|SpaceAfter=No,Fut.,Ind.,Act.,
,,,,,,,Ref=1.212,,,,
2274218.3,ὁ,τὸ,p-s---nn-,NomSubj.,2274218.9,SBJ,Ref=1.212,NomSubj.,,,
2274218.6,δέ,δέ,g--------,,2274218.0,COORD,Ref=1.212,,,,
2274218.7,καί,καί,d--------,,2274218.9,AuxY,Ref=1.212,,,,
2274218.8,τελέω,τετελεσμένον,v-srpenn-,PerfNoni. | PartSupp. | MidSpon. | NomPred.,2274218.9,PNOM,Ref=1.212,PerfNoni.,PartSupp.,MidSpon.,NomPred.
2274218.8,εἰμί,ἔσται,v3sfim---,Fut. | Ind. | MidSpon.,2274218.6,PRED_CO,Ref=1.212|SpaceAfter=No,Fut.,Ind.,MidSpon.,
,,,,,,,Ref=1.212,,,,
,,,,,,,,,,,
,,,,,,,,,,,
,,,,,,,,,,,
,,,,,,,,,,,
2274219.1,καί,καί,c--------,,2274219.0,COORD,Ref=1.213,,,,
2274219.2,ποτέ,ποτέ,g--------,,2274219.6,ADV,Ref=1.213,,,,
2274219.2,σύ,τοι,p-s----d-,DatPos.,2274219.6,OBJ,Ref=1.213,DatPos.,,,
2274219.4,τρίς,τρίς,d--------,,2274219.5,AuxZ,Ref=1.213,,,,
2274219.5,τόσος,τόσσα,a-p---nn-,Agr.,2274219.8,ATR,Ref=1.213,Agr.,,,
2274219.6,πάρειμι,παρέσσεται,v3sfim---,Fut. | Ind. | MidSpon.,2274219.1,PRED_CO,Ref=1.213,Fut.,Ind.,MidSpon.,
2274219.7,ἀγλαός,ἀγλαά,a-p---nn-,Agr.,2274219.8,ATR,Ref=1.213,Agr.,,,
2274219.8,δῶρον,δῶρα,n-p---nn-,NomSubj.,2274219.6,SBJ,Ref=1.213,NomSubj.,,,
2274219.9,ὕβρις,ὕβριος,n-s---fg-,GBP,2274219.1,ADV,Ref=1.214,GBP,,,
2274219.1,ἕνεκα,εἵνεκα,r--------,Prep1.,2274219.6,AuxP,Ref=1.214,Prep1.,,,
2274219.11,ὅδε,τῆσδε,p-s---fg-,Agr.,2274219.9,ATR,Ref=1.214|SpaceAfter=No,Agr.,,,
,,,,,,,Ref=1.214,,,,
,,,,,,,,,,,
,,,,,,,,,,,
,,,,,,,,,,,
,,,,,,,,,,,
2274219.11,σύ,σὺ,p-s----n-,NomSubj.,2274220.6,SBJ,Ref=1.214,NomSubj.,,,
2274220.2,δέ,δ’,g--------,,2274220.6,AuxY,Ref=1.214,,,,
2274220.3,ἴσχω,ἴσχεο,v2spme---,PresNoni. | ImprComm. | MidDir.,2274220.6,PRED_CO,Ref=1.214|SpaceAfter=No,PresNoni.,ImprComm.,MidDir.,
,,,,,,,Ref=1.214,,,,
2274220.5,πείθω,πείθεο,v2spme---,PresNoni. | ImprComm. | MidSpon.,2274220.6,PRED_CO,Ref=1.214,PresNoni.,ImprComm.,MidSpon.,
2274220.6,δέ,δ’,g--------,,2274220.0,COORD,Ref=1.214,,,,
2274220.6,ἐγώ,ἡμῖν,p-p---fd-,DatVerb. ,2274220.5,OBJ,Ref=1.214|SpaceAfter=No,DatVerb.,,,
,,,,,,,Ref=1.214,,,,
,,,,,,,,,,,
,,,,,,,,,,,
,,,,,,,,,,,
,,,,,,,,,,,
2274220.6,ὁ,τὴν,p-s---fa-,AccObj. ,2274221.4,OBJ,Ref=1.215,AccObj.,,,
2274221.2,δέ,δ’,g--------,,2274221.0,COORD,Ref=1.215,,,,
2274221.3,ἀπαμείβομαι,ἀπαμειβόμενος,v-sppemn-,PresNoni. | PartCirc. | MidRecip. | Agr.,2274221.4,ADV,Ref=1.215,PresNoni.,PartCirc.,MidRecip.,Agr.
2274221.4,πρόσφημι,προσέφη,v3siia---,Impf. | Ind. | Act.,2274221.2,PRED_CO,Ref=1.215,Impf.,Ind.,Act.,
2274221.5,πούς,πόδας,n-p---ma-,AccResp.,2274221.6,ATR,Ref=1.215,AccResp.,,,
2274221.6,ὠκύς,ὠκύς,a-s---mn-,Agr.,2274221.7,ATR,Ref=1.215,Agr.,,,
2274221.7,Ἀχιλλεύς,Ἀχιλλεύς,n-s---mn-,NomSubj.,2274221.4,SBJ,Ref=1.215|SpaceAfter=No,NomSubj.,,,
,,,,,,,Ref=1.215,,,,
,,,,,,,,,,,
,,,,,,,,,,,
,,,,,,,,,,,
,,,,,,,,,,,
2274222.1,χρή,χρή,v3spia---,PresIter. | Ind. | Act.,2274222.0,PRED,Ref=1.216,PresIter.,Ind.,Act.,
2274222.2,μέν,μέν,g--------,,2274222.1,AuxY,Ref=1.216,,,,
2274222.3,σφωίτερος,σφωΐτερόν,a-s---na-,Agr.,2274222.6,ATR,Ref=1.216,Agr.,,,
2274222.4,γε,γε,g--------,,2274222.3,AuxZ,Ref=1.216,,,,
2274222.5,θεά,θεά,n-s---fv-,Voc. ,2274222.1,ExD,Ref=1.216,Voc.,,,
2274222.6,ἔπος,ἔπος,n-s---na-,AccObj. ,2274222.7,OBJ,Ref=1.216,AccObj.,,,
2274222.7,ἐρύω,εἰρύσσασθαι,v--anm---,AorNoni. | InfDyn. | MidIndir.,2274222.1,OBJ,Ref=1.216,AorNoni.,InfDyn.,MidIndir.,
2274222.8,καί,καί,d--------,,2274222.12,AuxZ,Ref=1.217,,,,
2274222.9,μάλα,μάλα,d--------,,2274222.12,ADV,Ref=1.217,,,,
2274222.1,πέρ,περ,g--------,,2274222.9,AuxZ,Ref=1.217,,,,
2274222.11,θυμός,θυμῷ,n-s---md-,DatLoc.,2274222.12,ADV,Ref=1.217,DatLoc.,,,
2274222.12,χολόω,κεχολωμένον,v-srpema-,PerfNoni. | PartCirc. | MidMent. | Agr.,2274222.7,ADV,Ref=1.217|SpaceAfter=No,PerfNoni.,PartCirc.,MidMent.,Agr.
,,,,,,,Ref=1.217,,,,
,,,,,,,,,,,
,,,,,,,,,,,
,,,,,,,,,,,
,,,,,,,,,,,
2274223.1,ὡς,ὧς,d--------,,2274223.5,ADV,Ref=1.217,,,,
2274223.2,γάρ,γάρ,g--------,,2274223.5,AuxY,Ref=1.217,,,,
2274223.3,ἀμείνων,ἄμεινον,a-s---nnc,NomPred.,2274223.5,PNOM,Ref=1.217|SpaceAfter=No,NomPred.,,,
,,,,,,,Ref=1.217,,,,
,,,,,,,,,,,
,,,,,,,,,,,
,,,,,,,,,,,
,,,,,,,,,,,
2274223.3,ὅς,ὅς,p-s---mn-,NomSubj.,2274224.4,SBJ,Ref=1.218,NomSubj.,,,
2274224.2,ἄν,κε,g--------,,2274224.4,AuxY,Ref=1.218,,,,
2274224.3,θεός,θεοῖς,n-p---md-,DatVerb. ,2274224.4,OBJ,Ref=1.218,DatVerb.,,,
2274224.4,ἐπιπείθομαι,ἐπιπείθηται,v3spse---,PresNoni. | SubjSubor. | MidSpon.,2274224.8,ATR,Ref=1.218,PresNoni.,SubjSubor.,MidSpon.,
2274224.5,μάλα,μάλα,d--------,,2274224.7,ADV,Ref=1.218,,,,
2274224.6,τε,τ’,g--------,,2274224.7,AuxY,Ref=1.218,,,,
2274224.7,κλύω,ἔκλυον,v3paia---,AorGnom. | Ind. | Act.,2274224.0,PRED,Ref=1.218,AorGnom.,Ind.,Act.,
2274224.8,αὐτός,αὐτοῦ,a-s---mg-,GenVerb. ,2274224.7,OBJ,Ref=1.218|SpaceAfter=No,GenVerb.,,,
,,,,,,,Ref=1.218,,,,
,,,,,,,,,,,
,,,,,,,,,,,
,,,,,,,,,,,
,,,,,,,,,,,
2274225.1,ἠμί,ἦ,v3siia---,Impf. | Ind. | Act.,2274225.19,PRED_CO,Ref=1.219,Impf.,Ind.,Act.,
2274225.2,καί,καί,c--------,,2274225.19,AuxY,Ref=1.219,,,,
2274225.3,ἐπί,ἐπ’,r--------,Prep3.,2274225.6,AuxP,Ref=1.219,Prep3.,,,
2274225.4,ἀργύρεος,ἀργυρέῃ,a-s---fd-,Agr.,2274225.5,ATR,Ref=1.219,Agr.,,,
2274225.5,κώπη,κώπῃ,n-s---fd-,GBP,2274225.3,OBJ,Ref=1.219,GBP,,,
2274225.6,ἔχω,σχέθε,v3saia---,Aor. | Ind. | Act.,2274225.19,PRED_CO,Ref=1.219,Aor.,Ind.,Act.,
2274225.6,χείρ,χεῖρα,n-s---fa-,AccObj. ,2274225.6,OBJ,Ref=1.219,AccObj.,,,
2274225.8,βαρύς,βαρεῖαν,a-s---fa-,Agr.,2274225.7,ATR,Ref=1.219|SpaceAfter=No,Agr.,,,
,,,,,,,Ref=1.219,,,,
2274225.1,ἄψ,ἄψ,d--------,,2274225.14,ADV,Ref=1.220,,,,
2274225.11,δέ,δ’,g--------,,2274225.19,AuxY,Ref=1.220,,,,
2274225.12,εἰς,ἐς,r--------,Prep3.,2274225.14,AuxP,Ref=1.220,Prep3.,,,
2274225.13,κολεόν,κουλεόν,n-s---na-,GBP,2274225.12,OBJ,Ref=1.220,GBP,,,
2274225.14,ὠθέω,ὦσε,v3saia---,Aor. | Ind. | Act.,2274225.19,PRED_CO,Ref=1.220,Aor.,Ind.,Act.,
2274225.15,μέγας,μέγα,a-s---na-,Agr.,2274225.16,ATR,Ref=1.220,Agr.,,,
2274225.16,ξίφος,ξίφος,n-s---na-,AccObj. ,2274225.14,OBJ,Ref=1.220|SpaceAfter=No,AccObj.,,,
,,,,,,,Ref=1.220,,,,
2274225.16,οὐ,οὐ,d--------,,2274225.2,AuxZ,Ref=1.220|SpaceAfter=No,,,,
2274225.19,δέ,δ’,g--------,,2274225.0,COORD,Ref=1.220,,,,
2274225.2,ἀπιθέω,ἀπίθησε,v3saia---,Aor. | Ind. | Act.,2274225.19,PRED_CO,Ref=1.220,Aor.,Ind.,Act.,
2274225.21,μῦθος,μύθῳ,n-s---md-,DatVerb. ,2274225.2,OBJ,Ref=1.221,DatVerb.,,,
2274225.22,Ἀθήνη,Ἀθηναίης,n-s---fg-,GenSep.,2274225.21,ATR,Ref=1.221|SpaceAfter=No,GenSep.,,,
,,,,,,,Ref=1.221,,,,
,,,,,,,,,,,
,,,,,,,,,,,
,,,,,,,,,,,
,,,,,,,,,,,
2274225.22,ὁ,ἣ,p-s---fn-,NomSubj.,2274226.5,SBJ,Ref=1.221,NomSubj.,,,
2274226.2,δέ,δ’,g--------,,2274226.0,COORD,Ref=1.221,,,,
2274226.3,Ὄλυμπος,Οὔλυμπον,n-s---ma-,AccObj. ,2274226.5,OBJ,Ref=1.221,AccObj.,,,
2274226.4,δέ,δέ,g--------,,2274226.3,AuxZ,Ref=1.221,,,,
2274226.5,βαίνω,βεβήκει,v3slia---,PperfImm. | Ind. | Act.,2274226.2,PRED_CO,Ref=1.221,PperfImm.,Ind.,Act.,
2274226.6,δῶμα,δώματ’,n-p---na-,GBP,2274226.7,OBJ,Ref=1.222,GBP,,,
2274226.7,εἰς,ἐς,r--------,Prep3.,2274226.5,AuxP,Ref=1.222,Prep3.,,,
2274226.8,αἰγίοχος,αἰγιόχοιο,a-s---mg-,Agr.,2274226.9,ATR,Ref=1.222,Agr.,,,
2274226.9,Ζεύς,Διός,n-s---mg-,GenPos. ,2274226.6,ATR,Ref=1.222,GenPos.,,,
2274226.1,μετά,μετά,r--------,Prep3.,2274226.5,AuxP,Ref=1.222,Prep3.,,,
2274226.11,δαίμων,δαίμονας,n-p---ma-,GBP,2274226.1,OBJ,Ref=1.222,GBP,,,
2274226.12,ἄλλος,ἄλλους,a-p---ma-,Agr.,2274226.11,ATR,Ref=1.222|SpaceAfter=No,Agr.,,,
,,,,,,,Ref=1.222,,,,
,,,,,,,,,,,
,,,,,,,,,,,
,,,,,,,,,,,
,,,,,,,,,,,
2274227.1,Πηλείδης,Πηλεΐδης,n-s---mn-,NomSubj.,2274227.7,SBJ,Ref=1.223,NomSubj.,,,
2274227.2,δέ,δ’,g--------,,2274227.9,AuxY,Ref=1.223,,,,
2274227.3,ἐξαῦτις,ἐξαῦτις,d--------,,2274227.7,ADV,Ref=1.223,,,,
2274227.4,ἀταρτηρός,ἀταρτηροῖς,a-p---nd-,Agr.,2274227.5,ATR,Ref=1.223,Agr.,,,
2274227.5,ἔπος,ἐπέεσσιν,n-p---nd-,DatInstr. Means,2274227.7,ADV,Ref=1.223,DatInstr. Means,,,
2274227.6,Ἀτρείδης,Ἀτρεΐδην,n-s---ma-,AccObj. ,2274227.7,OBJ,Ref=1.224,AccObj.,,,
2274227.7,προσεῖπον,προσέειπε,v3saia---,Aor. | Ind. | Act.,2274227.9,PRED_CO,Ref=1.224|SpaceAfter=No,Aor.,Ind.,Act.,
,,,,,,,Ref=1.224,,,,
2274227.9,καί,καί,c--------,,2274227.0,COORD,Ref=1.224,,,,
2274227.9,οὐ,οὔ,d--------,,2274227.12,AuxZ,Ref=1.224,,,,
2274227.11,πω,πω,g--------,,2274227.12,AuxY,Ref=1.224,,,,
2274227.12,λήγω,λῆγε,v3siia---,Impf. | Ind. | Act.,2274227.9,PRED_CO,Ref=1.224,Impf.,Ind.,Act.,
2274227.13,χόλος,χόλοιο,n-s---mg-,GenVerb. ,2274227.12,OBJ,Ref=1.224|SpaceAfter=No,GenVerb.,,,
,,,,,,,Ref=1.224,,,,
,,,,,,,,,,,
,,,,,,,,,,,
,,,,,,,,,,,
,,,,,,,,,,,
2274228.1,οἰνοβαρής,οἰνοβαρές,a-s---mv-,Voc. ,2274228.26,ExD,Ref=1.225|SpaceAfter=No,Voc.,,,
,,,,,,,Ref=1.225,,,,
2274228.3,κύων,κυνός,n-s---mg-,GenPos.,2274228.4,ATR,Ref=1.225,GenPos.,,,
2274228.4,ὄμμα,ὄμματ’,n-p---na-,AccObj. ,2274228.8,OBJ_CO,Ref=1.225,AccObj.,,,
2274228.5,ἔχω,ἔχων,v-sppamn-,PresNoni. | PartAttr. | Act. | Agr.,2274228.1,ATR,Ref=1.225|SpaceAfter=No,PresNoni.,PartAttr.,Act.,Agr.
,,,,,,,Ref=1.225,,,,
2274228.7,καρδία,κραδίην,n-s---fa-,AccObj. ,2274228.8,OBJ_CO,Ref=1.225,AccObj.,,,
2274228.8,δέ,δ’,g--------,,2274228.5,COORD,Ref=1.225,,,,
2274228.9,ἔλαφος,ἐλάφοιο,n-s---mg-,GenPos.,2274228.7,ATR,Ref=1.225|SpaceAfter=No,GenPos.,,,
,,,,,,,Ref=1.225,,,,
2274228.11,οὔτε,οὔτέ,d--------,,2274228.17,AuxZ,Ref=1.226,,,,
2274228.12,ποτέ,ποτ’,g--------,,2274228.26,AuxY,Ref=1.226,,,,
2274228.13,εἰς,ἐς,r--------,Prep3.,2274228.17,AuxP,Ref=1.226,Prep3.,,,
2274228.14,πόλεμος,πόλεμον,n-s---ma-,GBP,2274228.13,ADV,Ref=1.226,GBP,,,
2274228.15,ἅμα,ἅμα,r--------,Prep3.,2274228.17,AuxP,Ref=1.226,Prep3.,,,
2274228.16,λαός,λαῷ,n-s---md-,GBP,2274228.15,ADV,Ref=1.226,GBP,,,
2274228.17,θωρήσσω,θωρηχθῆναι,v--anp---,AorNoni. |InfDyn. | Pass.,2274228.18,OBJ_CO,Ref=1.226,AorNoni.,InfDyn.,Pass.,
2274228.17,οὐ,οὔ,d--------,,2274228.26,COORD,Ref=1.227,,,,
2274228.19,τε,τε,g--------,,2274228.18,AuxZ,Ref=1.227,,,,
2274228.2,λόχος,λόχον,n-s---ma-,AccDirec.,2274228.22,OBJ,Ref=1.227,AccDirec.,,,
2274228.21,δέ,δ’,g--------,,2274228.2,AuxZ,Ref=1.227,,,,
2274228.22,εἶμι,ἰέναι,v--pna---,PresNoni. |InfDyn. | Act.,2274228.18,OBJ_CO,Ref=1.227,PresNoni.,InfDyn.,Act.,
2274228.23,σύν,σύν,r--------,Prep2.,2274228.22,AuxP,Ref=1.227,Prep2.,,,
2274228.24,ἀριστεύς,ἀριστήεσσιν,n-p---md-,GBP,2274228.23,ADV,Ref=1.227,GBP,,,
2274228.25,Ἀχαιός,Ἀχαιῶν,a-p---mg-,GenPart.,2274228.24,ATR,Ref=1.227,GenPart.,,,
2274228.26,τλάω,τέτληκας,v2sria---,Perf. | Ind. | Act.,2274228.0,PRED,Ref=1.228,Perf.,Ind.,Act.,
2274228.27,θυμός,θυμῷ,n-s---md-,DatLoc.,2274228.26,ADV,Ref=1.228|SpaceAfter=No,DatLoc.,,,
,,,,,,,Ref=1.228,,,,
,,,,,,,,,,,
,,,,,,,,,,,
,,,,,,,,,,,
,,,,,,,,,,,
2274228.27,ὁ,τὸ,p-s---nn-,NomSubj.,2274229.5,SBJ,Ref=1.228,NomSubj.,,,
2274229.2,δέ,δέ,g--------,,2274229.0,COORD,Ref=1.228,,,,
2274229.2,σύ,τοι,p-s----d-,DatExpr.,2274229.4,ATR,Ref=1.228,DatExpr.,,,
2274229.2,κήρ,κήρ,n-s---mn-,NomPred.,2274229.6,PNOM,Ref=1.228,NomPred.,,,
2274229.5,εἴδομαι,εἴδεται,v3spie---,Pres. | Ind. | MidSpon.,2274229.2,PRED_CO,Ref=1.228,Pres.,Ind.,MidSpon.,
2274229.5,εἰμί,εἶναι,v--pna---,PresNoni. |InfDec. | Act.,2274229.5,OBJ,Ref=1.228|SpaceAfter=No,PresNoni.,InfDec.,Act.,
,,,,,,,Ref=1.228,,,,
,,,,,,,,,,,
,,,,,,,,,,,
,,,,,,,,,,,
,,,,,,,,,,,
2274230.1,ἦ,ἦ,d--------,,2274230.4,AuxY,Ref=1.229,,,,
2274230.2,πολύς,πολύ,a-s---na-,AccAdv.,2274230.3,AuxZ,Ref=1.229,AccAdv.,,,
2274230.3,λωίων,λώϊόν,a-s---nnc,,2274230.4,PNOM,Ref=1.229,,,,
2274230.3,εἰμί,ἐστι,v3spia---,PresIter. | Ind. | Act.,2274230.0,PRED,Ref=1.229,PresIter.,Ind.,Act.,
2274230.5,κατά,κατά,r--------,Prep3.,2274230.1,AuxP,Ref=1.229,Prep3.,,,
2274230.6,στρατός,στρατόν,n-s---ma-,GBP,2274230.5,ADV,Ref=1.229,GBP,,,
2274230.7,εὐρύς,εὐρύν,a-s---ma-,Agr.,2274230.6,ATR,Ref=1.229,Agr.,,,
2274230.8,Ἀχαιός,Ἀχαιῶν,a-p---mg-,GenPos. ,2274230.6,ATR,Ref=1.229,GenPos.,,,
2274230.9,δῶρον,δῶρ’,n-p---na-,AccObj. ,2274230.1,OBJ,Ref=1.230,AccObj.,,,
2274230.1,ἀφαιρέω,ἀποαιρεῖσθαι,v--pne---,PresNoni. |InfDyn. | MidIndir.,2274230.4,SBJ,Ref=1.230,PresNoni.,InfDyn.,MidIndir.,
2274230.1,ὅς,ὅς,p-s---mn-,NomSubj.,2274230.15,SBJ,Ref=1.230,NomSubj.,,,
2274230.1,τις,τις,p-s---mn-,Agr.,2274230.11,ATR,Ref=1.230,Agr.,,,
2274230.1,σύ,σέθεν,p-s----g-,GenLoc.,2274230.14,ATR,Ref=1.230,GenLoc.,,,
2274230.14,ἀντίον,ἀντίον,n-s---na-,AccAdv.,2274230.15,ADV,Ref=1.230,AccAdv.,,,
2274230.15,εἶπον,εἴπῃ,v3sasa---,AorNoni. | SubjSubor. | Act.,2274230.1,OBJ,Ref=1.230|SpaceAfter=No,AorNoni.,SubjSubor.,Act.,
,,,,,,,Ref=1.230,,,,
,,,,,,,,,,,
,,,,,,,,,,,
,,,,,,,,,,,
,,,,,,,,,,,
,,,,,,,_,,,,
2274231.1,δημοβόρος,δημοβόρος,a-s---mn-,Agr.,2274231.2,ATR,Ref=1.231,Agr.,,,
2274231.2,βασιλεύς,βασιλεύς,n-s---mn-,NomSubj.,2274231.7,SBJ,Ref=1.231,NomSubj.,,,
2274231.3,ἐπεί,ἐπεί,c--------,,2274231.7,AuxC,Ref=1.231,,,,
2274231.4,οὐτιδανός,οὐτιδανοῖσιν,a-p---md-,DatVerb. ,2274231.5,OBJ,Ref=1.231,DatVerb.,,,
2274231.5,ἀνάσσω,ἀνάσσεις,v2spia---,PresIter. | Ind. | Act.,2274231.3,ADV,Ref=1.231|SpaceAfter=No,PresIter.,Ind.,Act.,
,,,,,,,Ref=1.231,,,,
,,,,,,,,,,,
,,,,,,,,,,,
,,,,,,,,,,,
,,,,,,,,,,,
2274232.1,ἦ,ἦ,d--------,,2274232.7,AuxY,Ref=1.232,,,,
2274232.2,γάρ,γάρ,g--------,,2274232.7,AuxY,Ref=1.232,,,,
2274232.3,ἄν,ἄν,g--------,,2274232.7,AuxY,Ref=1.232,,,,
2274232.4,Ἀτρείδης,Ἀτρεΐδη,n-s---mv-,Voc. ,2274232.7,ExD,Ref=1.232,Voc.,,,
2274232.5,νῦν,νῦν,d--------,,2274232.7,ADV,Ref=1.232,,,,
2274232.6,ὕστατος,ὕστατα,a-p---na-,AccAdv.,2274232.7,ADV,Ref=1.232,AccAdv.,,,
2274232.7,λωβάομαι,λωβήσαιο,v2saoe---,AorNoni. | OptPoten. | MidMent.,2274232.0,PRED,Ref=1.232|SpaceAfter=No,AorNoni.,OptPoten.,MidMent.,
,,,,,,,Ref=1.232,,,,
,,,,,,,,,,,
,,,,,,,,,,,
,,,,,,,,,,,
,,,,,,,,,,,
2274233.1,ἀλλά,ἀλλ’,d--------,,2274233.4,AuxY,Ref=1.233,,,,
2274233.2,ἐκ,ἔκ,r--------,Preverb,2274233.4,AuxZ,Ref=1.233,Preverb,,,
2274233.2,σύ,τοι,p-s----d-,GBP,2274233.4,OBJ,Ref=1.233,GBP,,,
2274233.4,ἐρῶ,ἐρέω,v1sfia---,Fut. | Ind. | Act.,2274233.5,PRED_CO,Ref=1.233,Fut.,Ind.,Act.,
2274233.5,καί,καί,c--------,,2274233.0,COORD,Ref=1.233,,,,
2274233.6,ἐπί,ἐπί,r--------,Preverb,2274233.9,AuxZ,Ref=1.233,Preverb,,,
2274233.7,μέγας,μέγαν,a-s---ma-,Agr.,2274233.8,ATR,Ref=1.233,Agr.,,,
2274233.8,ὅρκος,ὅρκον,n-s---ma-,GBP,2274233.9,OBJ,Ref=1.233,GBP,,,
2274233.9,ὄμνυμι,ὀμοῦμαι,v1sfim---,Fut. | Ind. | MidSpee.,2274233.5,PRED_CO,Ref=1.233|SpaceAfter=No,Fut.,Ind.,MidSpee.,
,,,,,,,Ref=1.233,,,,
,,,,,,,,,,,
,,,,,,,,,,,
,,,,,,,,,,,
,,,,,,,,,,,
2274234.1,ναί,ναί,d--------,,2274234.0,ExD,Ref=1.234,,,,
2274234.2,μά,μά,g--------,,2274234.4,AuxZ,Ref=1.234,,,,
2274234.3,ὅδε,τόδε,p-s---na-,Agr.,2274234.4,ATR,Ref=1.234,Agr.,,,
2274234.4,σκῆπτρον,σκῆπτρον,n-s---na-,AccOath.,2274234.0,ExD,Ref=1.234|SpaceAfter=No,AccOath.,,,
,,,,,,,Ref=1.234,,,,
2274234.4,ὁ,τὸ,p-s---nn-,NomSubj.,2274234.24,SBJ,Ref=1.234,NomSubj.,,,
2274234.7,μέν,μέν,g--------,,2274234.24,AuxY,Ref=1.234,,,,
2274234.7,οὐ,οὔ,d--------,,2274234.13,AuxZ,Ref=1.234,,,,
2274234.9,ποτέ,ποτε,g--------,,2274234.13,ADV,Ref=1.234,,,,
2274234.1,φύλλον,φύλλα,n-p---na-,AccObj. ,2274234.11,OBJ_CO,Ref=1.234,AccObj.,,,
2274234.11,καί,καί,c--------,,2274234.13,COORD,Ref=1.234,,,,
2274234.12,ὄζος,ὄζους,n-p---ma-,AccObj. ,2274234.11,OBJ_CO,Ref=1.234,AccObj.,,,
2274234.13,φυσάω,φύσει,v3siia---,Impf. | Ind. | Act.,2274234.24,ATR_CO,Ref=1.235|SpaceAfter=No,Impf.,Ind.,Act.,
,,,,,,,Ref=1.235,,,,
2274234.15,ἐπεί,ἐπεί,c--------,,2274234.13,AuxC,Ref=1.235,,,,
2274234.16,δή,δή,g--------,,2274234.21,AuxY,Ref=1.235,,,,
2274234.17,πρῶτος,πρῶτα,a-p---na-,AccAdv.,2274234.21,ADV,Ref=1.235,AccAdv.,,,
2274234.18,τομή,τομήν,n-s---fa-,AccObj. ,2274234.21,OBJ,Ref=1.235,AccObj.,,,
2274234.19,ἐν,ἐν,r--------,Prep3.,2274234.21,AuxP,Ref=1.235,Prep3.,,,
2274234.2,ὄρος,ὄρεσσι,n-p---nd-,GBP,2274234.19,ADV,Ref=1.235,GBP,,,
2274234.21,λείπω,λέλοιπεν,v3plia---,Pperf. | Ind. | Act.,2274234.15,ADV,Ref=1.235|SpaceAfter=No,Pperf.,Ind.,Act.,
,,,,,,,Ref=1.235,,,,
2274234.21,οὐ,οὐ,d--------,,2274234.25,AuxZ,Ref=1.236|SpaceAfter=No,,,,
2274234.24,δέ,δ’,g--------,,2274234.4,COORD,Ref=1.236,,,,
2274234.25,ἀναθηλέω,ἀναθηλήσει,v3sfia---,Fut. | Ind. | Act.,2274234.24,ATR_CO,Ref=1.236|SpaceAfter=No,Fut.,Ind.,Act.,
,,,,,,,Ref=1.236,,,,
,,,,,,,,,,,
,,,,,,,,,,,
,,,,,,,,,,,
,,,,,,,,,,,
2274235.1,περί,περί,r--------,Preverb,2274235.6,AuxZ,Ref=1.236,Preverb,,,
2274235.2,γάρ,γάρ,g--------,,2274235.6,AuxY,Ref=1.236,,,,
2274235.2,ἄρα,ῥά,g--------,,2274235.6,AuxY,Ref=1.236,,,,
2274235.2,ἕ,ἑ,p-s---na-,AccDoubl.,2274235.6,OBJ,Ref=1.236,AccDoubl.,,,
2274235.5,χαλκός,χαλκός,n-s---mn-,NomSubj.,2274235.6,SBJ,Ref=1.236,NomSubj.,,,
2274235.6,λέπω,ἔλεψε,v3saia---,AorComp. | Ind. | Act.,2274235.0,PRED,Ref=1.236,AorComp.,Ind.,Act.,
2274235.7,φύλλον,φύλλά,n-p---na-,AccObj. ,2274235.9,OBJ_CO,Ref=1.237,AccObj.,,,
2274235.8,τε,τε,g--------,,2274235.9,AuxY,Ref=1.237,,,,
2274235.9,καί,καί,c--------,,2274235.6,COORD,Ref=1.237,,,,
2274235.1,φλοιός,φλοιόν,n-s---ma-,AccObj. ,2274235.9,OBJ_CO,Ref=1.237|SpaceAfter=No,AccObj.,,,
,,,,,,,Ref=1.237,,,,
,,,,,,,,,,,
,,,,,,,,,,,
,,,,,,,,,,,
,,,,,,,,,,,
2274236.1,νῦν,νῦν,d--------,,2274236.8,ADV,Ref=1.237,,,,
2274236.2,αὖτε,αὖτέ,d--------,,2274236.8,AuxY,Ref=1.237,,,,
2274236.2,μιν,μιν,p-s---na-,AccObj. ,2274236.8,OBJ,Ref=1.237,AccObj.,,,
2274236.4,υἱός,υἷες,n-p---mn-,NomSubj.,2274236.8,SBJ,Ref=1.237,NomSubj.,,,
2274236.5,Ἀχαιός,Ἀχαιῶν,a-p---mg-,GenPart.,2274236.4,ATR,Ref=1.237,GenPart.,,,
2274236.6,ἐν,ἐν,r--------,Prep3.,2274236.8,AuxP,Ref=1.238,Prep3.,,,
2274236.7,παλάμη,παλάμῃς,n-p---fd-,GBP,2274236.6,OBJ,Ref=1.238,GBP,,,
2274236.8,φορέω,φορέουσι,v3ppia---,PresIter. | Ind. | Act.,2274236.0,PRED,Ref=1.238,PresIter.,Ind.,Act.,
2274236.9,δικασπόλος,δικασπόλοι,n-p---mn-,Agr.,2274236.4,ATV,Ref=1.238|SpaceAfter=No,Agr.,,,
,,,,,,,Ref=1.238,,,,
2274236.9,ὅς,οἵ,p-p---mn-,NomSubj.,2274236.16,SBJ,Ref=1.238,NomSubj.,,,
2274236.12,τε,τε,g--------,,2274236.16,AuxY,Ref=1.238,,,,
2274236.13,θέμις,θέμιστας,n-p---fa-,AccObj. ,2274236.16,OBJ,Ref=1.238,AccObj.,,,
2274236.14,πρός,πρός,r--------,Prep4.,2274236.13,AuxP,Ref=1.239,Prep4.,,,
2274236.15,Ζεύς,Διός,n-s---mg-,GBP,2274236.14,ATR,Ref=1.239,GBP,,,
2274236.16,ἐρύω,εἰρύαται,v3prie---,PerfInten. | Ind. | MidIndir.,2274236.9,ATR,Ref=1.239|SpaceAfter=No,PerfInten.,Ind.,MidIndir.,
,,,,,,,Ref=1.239,,,,
,,,,,,,,,,,
,,,,,,,,,,,
,,,,,,,,,,,
,,,,,,,,,,,
2274236.16,ὁ,ὃ,p-s---mn-,NomSubj.,2274237.5,SBJ,Ref=1.239,NomSubj.,,,
2274237.2,δέ,δέ,g--------,,2274237.0,COORD,Ref=1.239,,,,
2274237.2,σύ,τοι,p-s----d-,DatExpr.,2274237.5,ADV,Ref=1.239,DatExpr.,,,
2274237.4,μέγας,μέγας,a-s---mn-,Agr.,2274237.6,ATR,Ref=1.239,Agr.,,,
2274237.4,εἰμί,ἔσσεται,v3sfim---,Fut. | Ind. | MidSpon.,2274237.2,PRED_CO,Ref=1.239,Fut.,Ind.,MidSpon.,
2274237.6,ὅρκος,ὅρκος,n-s---mn-,NomSubj.,2274237.5,PNOM,Ref=1.239|SpaceAfter=No,NomSubj.,,,
,,,,,,,Ref=1.239,,,,
,,,,,,,,,,,
,,,,,,,,,,,
,,,,,,,,,,,
,,,,,,,,,,,
2274238.1,ἦ,ἦ,d--------,,2274238.5,AuxY,Ref=1.240,,,,
2274238.2,ποτέ,ποτ’,g--------,,2274238.5,ADV,Ref=1.240,,,,
2274238.3,Ἀχιλλεύς,Ἀχιλλῆος,n-s---mg-,GenObj.,2274238.4,ATR,Ref=1.240,GenObj.,,,
2274238.4,ποθή,ποθή,n-s---fn-,NomSubj.,2274238.5,SBJ,Ref=1.240,NomSubj.,,,
2274238.5,ἱκνέομαι,ἵξεται,v3sfim---,Fut. | Ind. | MidMotion.,2274238.0,PRED,Ref=1.240,Fut.,Ind.,MidMotion.,
2274238.5,υἱός,υἷας,n-p---ma-,AccObj. ,2274238.5,OBJ,Ref=1.240,AccObj.,,,
2274238.7,Ἀχαιός,Ἀχαιῶν,a-p---mg-,GenPart.,2274238.6,ATR,Ref=1.240,GenPart.,,,
2274238.8,σύμπας,σύμπαντας,a-p---ma-,Agr.,2274238.6,ATR,Ref=1.241|SpaceAfter=No,Agr.,,,
,,,,,,,Ref=1.241,,,,
,,,,,,,,,,,
,,,,,,,,,,,
,,,,,,,,,,,
,,,,,,,,,,,
2274239.1,τότε,τότε,d--------,,2274239.5,ADV,Ref=1.241,,,,
2274239.2,δέ,δ’,g--------,,2274239.0,COORD,Ref=1.241,,,,
2274239.2,οὐ,οὔ,d--------,,2274239.5,AuxZ,Ref=1.241,,,,
2274239.2,τις,τι,p-s---na-,,2274239.5,AuxZ,Ref=1.241,,,,
2274239.5,δύναμαι,δυνήσεαι,v2sfim---,Fut. | Ind. | MidSpon.,2274239.2,PRED_CO,Ref=1.241,Fut.,Ind.,MidSpon.,
2274239.6,ἀχεύω,ἀχνύμενός,v-spppmn-,PresNoni. | PartCirc. | Pass. | Agr.,2274239.5,ADV,Ref=1.241,PresNoni.,PartCirc.,Pass.,Agr.
2274239.7,πέρ,περ,g--------,,2274239.6,AuxZ,Ref=1.241,,,,
2274239.8,χραισμέω,χραισμεῖν,**,PresNoni. |InfDyn. | Act.,2274239.5,OBJ,Ref=1.242|SpaceAfter=No,PresNoni.,InfDyn.,Act.,
,,,,,,,Ref=1.242,,,,
2274239.1,εὖτε,εὖτ’,c--------,,2274239.5,AuxC,Ref=1.242,,,,
2274239.11,ἄν,ἄν,g--------,,2274239.17,AuxY,Ref=1.242,,,,
2274239.12,πολύς,πολλοί,a-p---mn-,NomSubj.,2274239.17,SBJ,Ref=1.242,NomSubj.,,,
2274239.13,ὑπό,ὑφ’,r--------,Prep1.,2274239.17,AuxP,Ref=1.242,Prep1.,,,
2274239.14,Ἕκτωρ,Ἕκτορος,n-s---mg-,GBP,2274239.13,OBJ,Ref=1.242,GBP,,,
2274239.15,ἀνδροφόνος,ἀνδροφόνοιο,a-s---mg-,Agr.,2274239.14,ATR,Ref=1.242,Agr.,,,
2274239.16,θνήσκω,θνήσκοντες,v-pppamn-,PresNoni. | PartSupp. | Act. | Agr.,2274239.17,ADV,Ref=1.243,PresNoni.,PartSupp.,Act.,Agr.
2274239.17,πίπτω,πίπτωσι,v3ppsa---,PresNoni. | SubjSubor. | Act.,2274239.1,ADV,Ref=1.243|SpaceAfter=No,PresNoni.,SubjSubor.,Act.,
,,,,,,,Ref=1.243,,,,
,,,,,,,,,,,
,,,,,,,,,,,
,,,,,,,,,,,
,,,,,,,,,,,
2274239.17,σύ,σὺ,p-s----n-,,2274240.5,SBJ,Ref=1.243,,,,
2274240.2,δέ,δ’,g--------,,2274240.0,COORD,Ref=1.243,,,,
2274240.3,ἔνδοθι,ἔνδοθι,d--------,,2274240.5,ADV,Ref=1.243,,,,
2274240.4,θυμός,θυμόν,n-s---ma-,AccObj. ,2274240.5,OBJ,Ref=1.243,AccObj.,,,
2274240.5,ἀμύσσω,ἀμύξεις,v2sfia---,Fut. | Ind. | Act.,2274240.2,PRED_CO,Ref=1.243,Fut.,Ind.,Act.,
2274240.6,χώομαι,χωόμενος,v-sppemn-,PresNoni. | PartCirc. | MidMent. | Agr.,2274240.5,ADV,Ref=1.244,PresNoni.,PartCirc.,MidMent.,Agr.
2274240.6,ὅς,ὅ,p-s---na-,,2274240.6,AuxC,Ref=1.244,,,,
2274240.8,τε,τ’,g--------,,2274240.12,AuxY,Ref=1.244,,,,
2274240.9,ἄριστος,ἄριστον,a-s---ma-,AccObj. ,2274240.12,OBJ,Ref=1.244,AccObj.,,,
2274240.1,Ἀχαιός,Ἀχαιῶν,a-p---mg-,GenPart.,2274240.9,ATR,Ref=1.244,GenPart.,,,
2274240.11,οὐδείς,οὐδέν,a-s---na-,AccAdv.,2274240.12,ADV,Ref=1.244,AccAdv.,,,
2274240.12,τίνω,ἔτισας,v2saia---,Aor. | Ind. | Act.,2274240.7,ADV,Ref=1.244|SpaceAfter=No,Aor.,Ind.,Act.,
,,,,,,,Ref=1.244,,,,
,,,,,,,,,,,
,,,,,,,,,,,
,,,,,,,,,,,
,,,,,,,,,,,
2274241.1,ὡς,ὡς,d--------,,2274241.2,ADV,Ref=1.245,,,,
2274241.2,φημί,φάτο,v3saim---,Aor. | Ind. | MidSpee.,2274241.15,PRED_CO,Ref=1.245,Aor.,Ind.,MidSpee.,
2274241.3,Πηλείδης,Πηλεΐδης,n-s---mn-,NomSubj.,2274241.15,SBJ,Ref=1.245|SpaceAfter=No,NomSubj.,,,
,,,,,,,Ref=1.245,,,,
2274241.5,πρός,ποτί,r--------,Preverb,2274241.8,AuxZ,Ref=1.245,Preverb,,,
2274241.6,δέ,δέ,g--------,,2274241.15,AuxY,Ref=1.245,,,,
2274241.7,σκῆπτρον,σκῆπτρον,n-s---na-,AccObj. ,2274241.8,OBJ,Ref=1.245,AccObj.,,,
2274241.8,βάλλω,βάλε,v3saia---,Aor. | Ind. | Act.,2274241.15,PRED_CO,Ref=1.245,Aor.,Ind.,Act.,
2274241.9,γαῖα,γαίῃ,n-s---fd-,DatLoc.,2274241.8,OBJ,Ref=1.245,DatLoc.,,,
2274241.1,χρύσεος,χρυσείοις,a-p---md-,Agr.,2274241.11,ATR,Ref=1.246,Agr.,,,
2274241.11,ἧλος,ἥλοισι,n-p---md-,DatVerb. ,2274241.12,OBJ,Ref=1.246,DatVerb.,,,
2274241.12,πείρω,πεπαρμένον,v-srpena-,PerfNoni. | PartAttr. | Pass. | Agr.,2274241.7,ATR,Ref=1.246|SpaceAfter=No,PerfNoni.,PartAttr.,Pass.,Agr.
,,,,,,,Ref=1.246,,,,
2274241.14,ἕζομαι,ἕζετο,v3siie---,ImpfCons. | Ind. | MidMotion.,2274241.15,PRED_CO,Ref=1.246,ImpfCons.,Ind.,MidMotion.,
2274241.15,δέ,δ’,g--------,,2274241.0,COORD,Ref=1.246,,,,
2274241.16,αὐτός,αὐτός,a-s---mn-,Agr.,2274241.14,AtvV,Ref=1.246|SpaceAfter=No,Agr.,,,
,,,,,,,Ref=1.246,,,,
,,,,,,,,,,,
,,,,,,,,,,,
,,,,,,,,,,,
,,,,,,,,,,,
2274242.1,Ἀτρείδης,Ἀτρεΐδης,n-s---mn-,NomSubj.,2274242.4,SBJ,Ref=1.247,NomSubj.,,,
2274242.2,δέ,δ’,g--------,,2274242.0,COORD,Ref=1.247,,,,
2274242.3,ἑτέρωθεν,ἑτέρωθεν,d--------,,2274242.4,ADV,Ref=1.247,,,,
2274242.4,μηνίω,ἐμήνιε,v3siia---,Impf. | Ind. | Act.,2274242.2,PRED_CO,Ref=1.247|SpaceAfter=No,Impf.,Ind.,Act.,
,,,,,,,Ref=1.247,,,,
,,,,,,,,,,,
,,,,,,,,,,,
,,,,,,,,,,,
,,,,,,,,,,,
2274242.4,ὁ,τοῖσι,p-p---md-,DatLoc.,2274243.5,OBJ,Ref=1.247,DatLoc.,,,
2274243.2,δέ,δέ,g--------,,2274243.0,COORD,Ref=1.247,,,,
2274243.3,Νέστωρ,Νέστωρ,n-s---mn-,NomSubj.,2274243.19,SBJ_AP,Ref=1.247,NomSubj.,,,
2274243.4,ἡδυεπής,ἡδυεπής,a-s---mn-,Agr.,2274243.3,ATR,Ref=1.248,Agr.,,,
2274243.5,ἀνορούω,ἀνόρουσε,v3saia---,Aor. | Ind. | Act.,2274243.2,PRED_CO,Ref=1.248,Aor.,Ind.,Act.,
2274243.6,λιγύς,λιγύς,a-s---mn-,Agr.,2274243.8,ATR,Ref=1.248,Agr.,,,
2274243.7,Πύλιος,Πυλίων,n-p---mg-,GenPart.,2274243.8,ATR,Ref=1.248,GenPart.,,,
2274243.8,ἀγορητής,ἀγορητής,n-s---mn-,NomSubj.,2274243.19,SBJ_AP,Ref=1.248|SpaceAfter=No,NomSubj.,,,
,,,,,,,Ref=1.248,,,,
2274243.8,ὁ,τοῦ,p-s---mg-,Agr.,2274243.13,ATR,Ref=1.249,Agr.,,,
2274243.11,καί,καί,d--------,,2274243.12,AuxZ,Ref=1.249,,,,
2274243.12,ἀπό,ἀπό,r--------,Prep3.,2274243.16,AuxP,Ref=1.249,Prep3.,,,
2274243.13,γλῶσσα,γλώσσης,n-s---fg-,GBP,2274243.12,OBJ,Ref=1.249,GBP,,,
2274243.14,μέλι,μέλιτος,n-s---ng-,GenComp.,2274243.15,ATR,Ref=1.249,GenComp.,,,
2274243.15,γλυκύς,γλυκίων,a-s---fnc,,2274243.17,ATV,Ref=1.249,,,,
2274243.16,ῥέω,ῥέεν,v3siia---,Impf. | Ind. | Act.,2274243.3,ATR,Ref=1.249,Impf.,Ind.,Act.,
2274243.17,αὐδή,αὐδή,n-s---fn-,NomSubj.,2274243.16,SBJ,Ref=1.249|SpaceAfter=No,NomSubj.,,,
,,,,,,,Ref=1.249,,,,
,,,,,,,,,,,
,,,,,,,,,,,
,,,,,,,,,,,
,,,,,,,,,,,
2274243.17,ὁ,τῷ,p-s---md-,DatAdvn.,2274244.9,ADV,Ref=1.250,DatAdvn.,,,
2274244.2,δέ,δ’,g--------,,2274244.23,AuxY,Ref=1.250,,,,
2274244.3,ἤδη,ἤδη,d--------,,2274244.9,ADV,Ref=1.250,,,,
2274244.4,δύο,δύο,m--------,,2274244.6,ATR,Ref=1.250,,,,
2274244.5,μέν,μέν,g--------,,2274244.9,AuxY,Ref=1.250,,,,
2274244.6,γενεά,γενεαί,n-p---fn-,NomSubj.,2274244.9,SBJ,Ref=1.250,NomSubj.,,,
2274244.7,μέροψ,μερόπων,a-p---mg-,Agr.,2274244.8,ATR,Ref=1.250,Agr.,,,
2274244.8,ἄνθρωπος,ἀνθρώπων,n-p---mg-,GenExpl.,2274244.6,ATR,Ref=1.250,GenExpl.,,,
2274244.9,φθίω,ἐφθίαθ’,v3plie---,Pperf. | Ind. | MidSpon.,2274244.23,PRED_CO,Ref=1.251|SpaceAfter=No,Pperf.,Ind.,MidSpon.,
,,,,,,,Ref=1.251,,,,
2274244.9,ὅς,οἵ,p-p---mn-,NomSubj.,2274244.16,SBJ,Ref=1.251,NomSubj.,,,
2274244.9,ἕ,οἱ,p-s---md-,GBP,2274244.14,ADV,Ref=1.251,GBP,,,
2274244.13,πρόσθεν,πρόσθεν,d--------,,2274244.16,ADV,Ref=1.251,,,,
2274244.14,ἅμα,ἅμα,r--------,Prep2.,2274244.16,AuxP,Ref=1.251,Prep2.,,,
2274244.15,τρέφω,τράφεν,v3paip---,AorComp. | Ind. | Pass.,2274244.16,ATR_CO,Ref=1.251,AorComp.,Ind.,Pass.,
2274244.16,ἠδέ,ἠδ’,c--------,,2274244.8,COORD,Ref=1.251,,,,
2274244.17,γίγνομαι,ἐγένοντο,v3paim---,AorComp. | Ind. | MidSpon.,2274244.16,ATR_CO,Ref=1.251,AorComp.,Ind.,MidSpon.,
2274244.18,ἐν,ἐν,r--------,Prep3.,2274244.16,AuxP,Ref=1.252,Prep3.,,,
2274244.19,Πύλος,Πύλῳ,n-s---fd-,GBP,2274244.18,ADV,Ref=1.252,GBP,,,
2274244.2,ἠγάθεος,ἠγαθέῃ,a-s---fd-,Agr.,2274244.19,ATR,Ref=1.252|SpaceAfter=No,Agr.,,,
,,,,,,,Ref=1.252,,,,
2274244.22,μετά,μετά,r--------,Prep3.,2274244.25,AuxP,Ref=1.252,Prep3.,,,
2274244.23,δέ,δέ,g--------,,2274244.0,COORD,Ref=1.252,,,,
2274244.24,τρίτατος,τριτάτοισιν,a-p---md-,GBP,2274244.22,ADV,Ref=1.252,GBP,,,
2274244.25,ἀνάσσω,ἄνασσεν,v3siia---,Impf. | Ind. | Act.,2274244.23,PRED_CO,Ref=1.252|SpaceAfter=No,Impf.,Ind.,Act.,
,,,,,,,Ref=1.252,,,,
,,,,,,,,,,,
,,,,,,,,,,,
,,,,,,,,,,,
,,,,,,,,,,,
2274244.25,ὁ,ὅ,p-s---mn-,NomSubj.,2274245.6,SBJ,Ref=1.253,NomSubj.,,,
2274244.25,σφεῖς,σφιν,p-p---md-,DatLoc.,2274245.6,OBJ,Ref=1.253,DatLoc.,,,
2274245.3,εὖ,ἐύ,d--------,,2274245.4,ADV,Ref=1.253,,,,
2274245.4,φρονέω,φρονέων,v-sppamn-,PresNoni. | PartCirc. | Act. | Agr.,2274245.6,ADV,Ref=1.253,PresNoni.,PartCirc.,Act.,Agr.
2274245.5,ἀγοράομαι,ἀγορήσατο,v3saim---,Aor. | Ind. | MidSpee.,2274245.6,PRED_CO,Ref=1.253,Aor.,Ind.,MidSpee.,
2274245.6,καί,καί,c--------,,2274245.0,COORD,Ref=1.253,,,,
2274245.7,μετεῖπον,μετέειπεν,v3saia---,Aor. | Ind. | Act.,2274245.6,PRED_CO,Ref=1.253|SpaceAfter=No,Aor.,Ind.,Act.,
,,,,,,,Ref=1.253,,,,
,,,,,,,,,,,
,,,,,,,,,,,
,,,,,,,,,,,
,,,,,,,,,,,
2274246.1,ὦ,ὦ,i--------,,2274246.2,AuxZ,Ref=1.254,,,,
2274246.2,πόποι,πόποι,i--------,,2274246.8,ExD,Ref=1.254,,,,
2274246.3,ἦ,ἦ,d--------,,2274246.8,AuxY,Ref=1.254,,,,
2274246.4,μέγας,μέγα,a-s---nn-,Agr.,2274246.5,ATR,Ref=1.254,Agr.,,,
2274246.5,πένθος,πένθος,n-s---nn-,NomSubj.,2274246.8,SBJ,Ref=1.254,NomSubj.,,,
2274246.6,Ἀχαιΐς,Ἀχαιΐδα,a-s---fa-,Agr.,2274246.7,ATR,Ref=1.254,Agr.,,,
2274246.7,γαῖα,γαῖαν,n-s---fa-,AccDirec. ,2274246.8,OBJ,Ref=1.254,AccDirec.,,,
2274246.8,ἱκάνω,ἱκάνει,v3spia---,Pres. | Ind. | Act.,2274246.0,PRED,Ref=1.254|SpaceAfter=No,Pres.,Ind.,Act.,
,,,,,,,Ref=1.254,,,,
,,,,,,,,,,,
,,,,,,,,,,,
,,,,,,,,,,,
,,,,,,,,,,,
2274247.1,ἦ,ἦ,d--------,,2274247.9,AuxY,Ref=1.255,,,,
2274247.2,ἄν,κεν,g--------,,2274247.3,AuxY,Ref=1.255,,,,
2274247.3,γηθέω,γηθήσαι,v3saoa---,AorNoni. | OptPoten. | Act.,2274247.9,PRED_CO,Ref=1.255,AorNoni.,OptPoten.,Act.,
2274247.4,Πρίαμος,Πρίαμος,n-s---mn-,NomSubj.,2274247.6,SBJ_CO,Ref=1.255,NomSubj.,,,
2274247.5,Πρίαμος,Πριάμοιό,n-s---mg-,GenPos. ,2274247.7,ATR,Ref=1.255,GenPos.,,,
2274247.6,τε,τε,g--------,,2274247.3,COORD,Ref=1.255,,,,
2274247.7,παῖς,παῖδες,n-p---mn-,NomSubj.,2274247.6,SBJ_CO,Ref=1.255,NomSubj.,,,
2274247.8,ἄλλος,ἄλλοι,a-p---mn-,Agr.,2274247.1,ATR,Ref=1.256,Agr.,,,
2274247.9,τε,τε,g--------,,2274247.0,COORD,Ref=1.256,,,,
2274247.1,Τρώς,Τρῶες,n-p---mn-,Agr.,2274247.13,SBJ,Ref=1.256,Agr.,,,
2274247.11,μέγας,μέγα,a-s---na-,AccAdv.,2274247.13,ADV,Ref=1.256,AccAdv.,,,
2274247.12,ἄν,κεν,g--------,,2274247.13,AuxY,Ref=1.256,,,,
2274247.13,χαίρω,κεχαροίατο,v3paom---,AorNoni. | OptPoten. | MidMent.,2274247.9,PRED_CO,Ref=1.256,AorNoni.,OptPoten.,MidMent.,
2274247.14,θυμός,θυμῷ,n-s---md-,DatLoc.,2274247.13,ADV,Ref=1.256,DatLoc.,,,
2274247.15,εἰ,εἰ,c--------,,2274247.9,AuxC,Ref=1.257,,,,
2274247.15,σύ,σφῶϊν,p-d----g-,GenVerb. ,2274247.19,OBJ,Ref=1.257,GenVerb.,,,
2274247.17,ὅδε,τάδε,p-p---na-,AccObj. ,2274247.19,OBJ,Ref=1.257,AccObj.,,,
2274247.18,πᾶς,πάντα,a-p---na-,Agr.,2274247.17,ATR,Ref=1.257,Agr.,,,
2274247.19,πυνθάνομαι,πυθοίατο,v3paom---,AorNoni. | OptSubor. | MidMent.,2274247.15,ADV,Ref=1.257,AorNoni.,OptSubor.,MidMent.,
2274247.2,μάρναμαι,μαρναμένοιϊν,v-dppemg-,PresNoni. | PartSupp. | MidRecip. | Agr.,2274247.16,ATV,Ref=1.257|SpaceAfter=No,PresNoni.,PartSupp.,MidRecip.,Agr.
,,,,,,,Ref=1.257,,,,
2274247.2,ὅς,οἳ,p-p---mn-,NomSubj.,2274247.29,SBJ,Ref=1.258,NomSubj.,,,
,,,,,,,_,,,,
2274247.23,περί,περί,r--------,Preverb,2274247.33,AuxZ,Ref=1.258,Preverb,,,
2274247.24,μέν,μέν,g--------,,2274247.29,AuxY,Ref=1.258,,,,
2274247.25,βουλή,βουλήν,n-s---fa-,AccResp.,2274247.33,ADV,Ref=1.258,AccResp.,,,
2274247.26,Δαναοί,Δαναῶν,n-p---mg-,GenComp.,2274247.33,OBJ,Ref=1.258|SpaceAfter=No,GenComp.,,,
,,,,,,,Ref=1.258,,,,
2274247.28,περί,περί,r--------,Preverb,2274247.3,AuxZ,Ref=1.258,Preverb,,,
2274247.29,δέ,δ’,g--------,,2274247.16,COORD,Ref=1.258,,,,
2274247.29,εἰμί,ἐστὲ,v2ppia---,Pres. | Ind. | Act.,2274247.29,ATR_CO,Ref=1.258,Pres.,Ind.,Act.,
2274247.31,μάχομαι,μάχεσθαι,v--pne---,PresNoni. |InfDyn. | Act.,2274247.3,ADV,Ref=1.258|SpaceAfter=No,PresNoni.,InfDyn.,Act.,
,,,,,,,Ref=1.258,,,,
,,,,,,,,,,,
,,,,,,,,,,,
,,,,,,,,,,,
,,,,,,,,,,,
2274248.1,ἀλλά,ἀλλά,d--------,,2274248.2,AuxY,Ref=1.259,,,,
2274248.2,πείθω,πίθεσθ’,v2pamm---,AorNoni. | ImprComm. | MidSpon.,2274248.0,PRED,Ref=1.259|SpaceAfter=No,AorNoni.,ImprComm.,MidSpon.,
,,,,,,,Ref=1.259,,,,
,,,,,,,,,,,
,,,,,,,,,,,
,,,,,,,,,,,
,,,,,,,,,,,
2274249.1,ἄμφω,ἄμφω,a-d---mn-,NomSubj.,2274249.4,SBJ,Ref=1.259,NomSubj.,,,
2274249.2,δέ,δέ,g--------,,2274249.0,COORD,Ref=1.259,,,,
2274249.3,νέος,νεωτέρω,a-d---mnc,NomPred.,2274249.4,PNOM,Ref=1.259,NomPred.,,,
2274249.3,εἰμί,ἐστὸν,v2dpia---,Pres. | Ind. | Act.,2274249.2,PRED_CO,Ref=1.259,Pres.,Ind.,Act.,
2274249.3,ἐγώ,ἐμεῖο,p-s---mg-,GenComp.,2274249.3,ATR,Ref=1.259|SpaceAfter=No,GenComp.,,,
,,,,,,,Ref=1.259,,,,
,,,,,,,,,,,
,,,,,,,,,,,
,,,,,,,,,,,
,,,,,,,,,,,
2274250.1,ἤδη,ἤδη,d--------,,2274250.11,ADV,Ref=1.260,,,,
2274250.2,γάρ,γάρ,g--------,,2274250.11,AuxY,Ref=1.260,,,,
2274250.3,ποτέ,ποτ’,g--------,,2274250.11,ADV,Ref=1.260,,,,
2274250.3,ἐγώ,ἐγὼ,p-s---mn-,NomSubj.,2274250.11,SBJ,Ref=1.260,NomSubj.,,,
2274250.5,καί,καί,d--------,,2274250.6,AuxZ,Ref=1.260,,,,
2274250.6,ἀρείων,ἀρείοσιν,a-p----dc,,2274250.1,ATR,Ref=1.260,,,,
2274250.7,ἤ,ἠέ,c--------,,2274250.6,AuxC,Ref=1.260,,,,
2274250.8,πέρ,περ,g--------,,2274250.9,AuxZ,Ref=1.260,,,,
2274250.8,σύ,ὑμῖν,p-p----d-,Agr. ,2274250.7,ATR,Ref=1.260,Agr.,,,
2274250.1,ἀνήρ,ἀνδράσιν,n-p---md-,DatVerb. ,2274250.11,OBJ,Ref=1.261,DatVerb.,,,
2274250.11,ὁμιλέω,ὡμίλησα,v1saia---,AorComp. | Ind. | Act.,2274250.13,PRED_CO,Ref=1.261|SpaceAfter=No,AorComp.,Ind.,Act.,
,,,,,,,Ref=1.261,,,,
2274250.13,καί,καί,c--------,,2274250.0,COORD,Ref=1.261,,,,
2274250.13,οὐ,οὔ,d--------,,2274250.19,AuxZ,Ref=1.261,,,,
2274250.15,ποτέ,ποτέ,g--------,,2274250.19,ADV,Ref=1.261,,,,
2274250.15,ἐγώ,μ’,p-s---ma-,AccObj. ,2274250.19,OBJ,Ref=1.261,AccObj.,,,
2274250.15,ὁ,οἵ,p-p---mn-,NomSubj.,2274250.19,SBJ,Ref=1.261,NomSubj.,,,
2274250.18,γε,γ’,g--------,,2274250.17,AuxZ,Ref=1.261,,,,
2274250.19,ἀθερίζω,ἀθέριζον,v3piia---,ImpfIter. | Ind. | Act.,2274250.13,PRED_CO,Ref=1.261|SpaceAfter=No,ImpfIter.,Ind.,Act.,
,,,,,,,Ref=1.261,,,,
,,,,,,,,,,,
,,,,,,,,,,,
,,,,,,,,,,,
,,,,,,,,,,,
2274250.19,οὐ,οὐ,d--------,,2274251.5,AuxZ,Ref=1.262,,,,
2274251.2,γάρ,γάρ,g--------,,2274251.8,AuxY,Ref=1.262,,,,
2274251.3,πω,πω,g--------,,2274251.5,ADV,Ref=1.262,,,,
2274251.4,τοῖος,τοίους,a-p---ma-,Agr.,2274251.6,ATR,Ref=1.262,Agr.,,,
2274251.5,εἶδον,ἴδον,v1saia---,Aor. | Ind. | Act.,2274251.8,PRED_CO,Ref=1.262,Aor.,Ind.,Act.,
2274251.6,ἀνήρ,ἀνέρας,n-p---ma-,AccObj. ,2274251.8,OBJ,Ref=1.262,AccObj.,,,
2274251.6,οὐ,οὐ,d--------,,2274251.9,AuxZ,Ref=1.262|SpaceAfter=No,,,,
2274251.8,δέ,δέ,g--------,,2274251.0,COORD,Ref=1.262,,,,
2274251.9,εἶδον,ἴδωμαι,v1sase---,AorNoni. | SubjHomer. | MidMent.,2274251.8,PRED_CO,Ref=1.262|SpaceAfter=No,AorNoni.,SubjHomer.,MidMent.,
,,,,,,,Ref=1.262,,,,
2274251.11,οἷος,οἷον,a-s---ma-,Agr.,2274251.32,PNOM,Ref=1.263,Agr.,,,
2274251.12,Πειρίθοος,Πειρίθοόν,n-s---ma-,AccObj. ,2274251.26,SBJ_CO,Ref=1.263,AccObj.,,,
2274251.13,τε,τε,g--------,,2274251.26,AuxY,Ref=1.263,,,,
2274251.14,Δρύας,Δρύαντά,n-s---ma-,AccObj. ,2274251.26,SBJ_CO,Ref=1.263,AccObj.,,,
2274251.15,τε,τε,g--------,,2274251.26,AuxY,Ref=1.263,,,,
2274251.16,ποιμήν,ποιμένα,n-s---ma-,Agr.,2274251.14,ATR,Ref=1.263,Agr.,,,
2274251.17,λαός,λαῶν,n-p---mg-,GenObj.,2274251.16,ATR,Ref=1.263,GenObj.,,,
2274251.18,Καινεύς,Καινέα,n-s---ma-,AccObj. ,2274251.26,SBJ_CO,Ref=1.264,AccObj.,,,
2274251.19,τε,τ’,g--------,,2274251.26,AuxY,Ref=1.264,,,,
2274251.2,Ἐξάδιος,Ἐξάδιόν,n-s---ma-,AccObj. ,2274251.26,SBJ_CO,Ref=1.264,AccObj.,,,
2274251.21,τε,τε,g--------,,2274251.26,AuxY,Ref=1.264,,,,
2274251.22,καί,καί,c--------,,2274251.26,AuxY,Ref=1.264,,,,
2274251.23,ἀντίθεος,ἀντίθεον,a-s---ma-,Agr.,2274251.24,ATR,Ref=1.264,Agr.,,,
2274251.24,Πολύφημος,Πολύφημον,n-s---ma-,AccObj. ,2274251.26,SBJ_CO,Ref=1.264,AccObj.,,,
2274251.25,Θησεύς,Θησέα,n-s---ma-,AccObj. ,2274251.26,SBJ_CO,Ref=1.265,AccObj.,,,
2274251.26,τε,τ’,g--------,,2274251.32,COORD,Ref=1.265,,,,
2274251.26,Αἰγείδην,Αἰγεΐδην,n-s---ma-,Agr.,2274251.25,ATR,Ref=1.265|SpaceAfter=No,Agr.,,,
,,,,,,,Ref=1.265,,,,
2274251.29,ἐπιείκελος,ἐπιείκελον,a-s---ma-,Agr.,2274251.25,ATR,Ref=1.265,Agr.,,,
2274251.3,ἀθάνατος,ἀθανάτοισιν,a-p---md-,DatMean.,2274251.29,ATR,Ref=1.265|SpaceAfter=No,DatMean.,,,
,,,,,,,Ref=1.265,,,,
,,,,,,,,,,,
,,,,,,,,,,,
,,,,,,,,,,,
,,,,,,,,,,,
2274252.1,κράτιστος,κάρτιστοι,a-p---mn-,Agr.,2274252.3,ATV,Ref=1.266,Agr.,,,
2274252.2,δή,δή,g--------,,2274252.5,AuxY,Ref=1.266,,,,
2274252.3,κεῖνος,κεῖνοι,a-p---mn-,NomSubj.,2274252.5,SBJ,Ref=1.266,NomSubj.,,,
2274252.4,ἐπιχθόνιος,ἐπιχθονίων,a-p---mg-,Agr.,2274252.6,ATR,Ref=1.266,Agr.,,,
2274252.5,τρέφω,τράφεν,v3paip---,AorComp. | Ind. | Pass.,2274252.0,PRED,Ref=1.266,AorComp.,Ind.,Pass.,
2274252.6,ἀνήρ,ἀνδρῶν,n-p---mg-,GenComp.,2274252.1,ATR,Ref=1.266|SpaceAfter=No,GenComp.,,,
,,,,,,,Ref=1.266,,,,
,,,,,,,,,,,
,,,,,,,,,,,
,,,,,,,,,,,
,,,,,,,,,,,
2274253.1,κράτιστος,κάρτιστοι,a-p---mn-,NomPred.,2274253.3,PNOM,Ref=1.267,NomPred.,,,
2274253.2,μέν,μέν,g--------,,2274253.9,AuxY,Ref=1.267,,,,
2274253.2,εἰμί,ἔσαν,v3piia---,Impf. | Ind. | Act.,2274253.9,PRED_CO,Ref=1.267,Impf.,Ind.,Act.,
2274253.4,καί,καί,c--------,,2274253.9,AuxY,Ref=1.267,,,,
2274253.5,κράτιστος,καρτίστοις,a-p---md-,DatVerb. ,2274253.13,OBJ_AP,Ref=1.267,DatVerb.,,,
2274253.6,μάχομαι,ἐμάχοντο,v3piie---,Impf. | Ind. | MidRecip.,2274253.9,PRED_CO,Ref=1.267,Impf.,Ind.,MidRecip.,
2274253.7,φήρ,φηρσίν,n-p---md-,DatVerb. ,2274253.13,OBJ_AP,Ref=1.268,DatVerb.,,,
2274253.8,ὀρεσκῷος,ὀρεσκῴοισι,a-p---md-,Agr.,2274253.7,ATR,Ref=1.268,Agr.,,,
2274253.9,καί,καί,c--------,,2274253.0,COORD,Ref=1.268,,,,
2274253.1,ἔκπαγλος,ἐκπάγλως,d--------,,2274253.11,ADV,Ref=1.268,,,,
2274253.11,ἀπόλλυμι,ἀπόλεσσαν,v3paia---,AorComp. | Ind. | Act.,2274253.9,PRED_CO,Ref=1.268|SpaceAfter=No,AorComp.,Ind.,Act.,
,,,,,,,Ref=1.268,,,,
,,,,,,,,,,,
,,,,,,,,,,,
,,,,,,,,,,,
,,,,,,,,,,,
2274254.1,καί,καί,d--------,,2274254.5,AuxY,Ref=1.269,,,,
2274254.2,μέν,μέν,g--------,,2274254.5,AuxY,Ref=1.269,,,,
2274254.2,ὁ,τοῖσιν,p-p---md-,DatVerb. ,2274254.5,OBJ,Ref=1.269,DatVerb.,,,
2274254.2,ἐγώ,ἐγὼ,p-s---mn-,NomSubj.,2274254.5,SBJ,Ref=1.269,NomSubj.,,,
2274254.5,μεθομιλέω,μεθομίλεον,v1siia---,Impf. | Ind. | Act.,2274254.0,PRED,Ref=1.269,Impf.,Ind.,Act.,
2274254.6,ἐκ,ἐκ,r--------,Prep3.,2274254.8,AuxP,Ref=1.269,Prep3.,,,
2274254.7,Πύλος,Πύλου,n-s---fg-,GBP,2274254.14,OBJ_AP,Ref=1.269,GBP,,,
2274254.8,ἔρχομαι,ἐλθών,v-sapamn-,AorNoni. | PartCirc. | Act. | Agr.,2274254.5,ADV,Ref=1.269,AorNoni.,PartCirc.,Act.,Agr.
2274254.9,τηλόθεν,τηλόθεν,d--------,,2274254.14,OBJ_AP,Ref=1.270,,,,
2274254.1,ἐκ,ἐξ,r--------,Prep3.,2274254.14,AuxP,Ref=1.270,Prep3.,,,
2274254.11,ἄπιος,ἀπίης,a-s---fg-,Agr.,2274254.12,ATR,Ref=1.270,Agr.,,,
2274254.12,γαῖα,γαίης,n-s---fg-,GBP,2274254.1,OBJ_AP,Ref=1.270|SpaceAfter=No,GBP,,,
,,,,,,,Ref=1.270,,,,
,,,,,,,,,,,
,,,,,,,,,,,
,,,,,,,,,,,
,,,,,,,,,,,
2274255.1,καλέω,καλέσαντο,v3paim---,Aor. | Ind. | MidSpee.,2274255.0,PRED,Ref=1.270,Aor.,Ind.,MidSpee.,
2274255.2,γάρ,γάρ,g--------,,2274255.1,AuxY,Ref=1.270,,,,
2274255.3,αὐτός,αὐτοί,a-p---mn-,NomSubj.,2274255.1,AtvV,Ref=1.270|SpaceAfter=No,NomSubj.,,,
,,,,,,,Ref=1.270,,,,
,,,,,,,,,,,
,,,,,,,,,,,
,,,,,,,,,,,
,,,,,,,,,,,
2274256.1,καί,καί,c--------,,2274256.0,COORD,Ref=1.271,,,,
2274256.2,μάχομαι,μαχόμην,v1siie---,Impf. | Ind. | MidRecip.,2274256.1,PRED_CO,Ref=1.271,Impf.,Ind.,MidRecip.,
2274256.3,κατά,κατ’,r--------,Prep5.,2274256.2,AuxP,Ref=1.271,Prep5.,,,
2274256.3,ἐγώ,ἔμ’,p-s---ma-,GBP,2274256.3,ADV,Ref=1.271,GBP,,,
2274256.5,αὐτός,αὐτόν,a-s---ma-,,2274256.4,ATV,Ref=1.271,,,,
2274256.5,ἐγώ,ἐγώ,p-s---mn-,NomSubj.,2274256.2,SBJ,Ref=1.271|SpaceAfter=No,NomSubj.,,,
,,,,,,,Ref=1.271,,,,
,,,,,,,,,,,
,,,,,,,,,,,
,,,,,,,,,,,
,,,,,,,,,,,
2274257.1,κεῖνος,κείνοισι,a-p---md-,DatVerb. ,2274257.12,OBJ,Ref=1.271,DatVerb.,,,
2274257.2,δέ,δ’,g--------,,2274257.0,COORD,Ref=1.271,,,,
2274257.3,ἄν,ἄν,g--------,,2274257.12,AuxY,Ref=1.271,,,,
2274257.3,οὐ,οὔ,d--------,,2274257.12,AuxZ,Ref=1.271,,,,
2274257.3,τις,τις,p-s---mn-,NomSubj.,2274257.12,SBJ,Ref=1.271,NomSubj.,,,
2274257.3,ὁ,τῶν,p-p---mg-,,2274257.5,ATR,Ref=1.272,,,,
2274257.3,ὅς,οἳ,p-p---mn-,,2274257.1,SBJ,Ref=1.272,,,,
2274257.8,νῦν,νῦν,d--------,,2274257.1,ADV,Ref=1.272,,,,
2274257.9,βροτός,βροτοί,n-p---mn-,NomSubj.,2274257.1,PNOM,Ref=1.272,NomSubj.,,,
2274257.9,εἰμί,εἰσιν,v3ppia---,Pres. | Ind. | Act.,2274257.6,ATR,Ref=1.272,Pres.,Ind.,Act.,
2274257.11,ἐπιχθόνιος,ἐπιχθόνιοι,a-p---mn-,NomPred.,2274257.9,ATR,Ref=1.272,NomPred.,,,
2274257.11,συμμαχέω,μαχέοιτο,v3spoe---,PresNoni. | OptPoten. | MidMent.,2274257.2,PRED_CO,Ref=1.272|SpaceAfter=No,PresNoni.,OptPoten.,MidMent.,
,,,,,,,Ref=1.272,,,,
,,,,,,,,,,,
,,,,,,,,,,,
,,,,,,,,,,,
,,,,,,,,,,,
2274258.1,καί,καί,d--------,,2274258.7,AuxY,Ref=1.273,,,,
2274258.2,μέν,μέν,g--------,,2274258.7,AuxY,Ref=1.273,,,,
2274258.2,ἐγώ,μευ,p-s---mg-,GenSep.,2274258.4,ATR,Ref=1.273,GenSep.,,,
2274258.4,βουλή,βουλέων,n-p---fg-,GenVerb. ,2274258.5,OBJ,Ref=1.273,GenVerb.,,,
2274258.5,συνίημι,ξύνιεν,v3piia---,Impf. | Ind. | Act.,2274258.7,PRED_CO,Ref=1.273,Impf.,Ind.,Act.,
2274258.6,πείθω,πείθοντό,v3piie---,Impf. | Ind. | MidSpon.,2274258.7,PRED_CO,Ref=1.273,Impf.,Ind.,MidSpon.,
2274258.7,τε,τε,g--------,,2274258.0,COORD,Ref=1.273,,,,
2274258.8,μῦθος,μύθῳ,n-s---md-,DatVerb. ,2274258.6,OBJ,Ref=1.273|SpaceAfter=No,DatVerb.,,,
,,,,,,,Ref=1.273,,,,
,,,,,,,,,,,
,,,,,,,,,,,
,,,,,,,,,,,
,,,,,,,,,,,
2274259.1,ἀλλά,ἀλλά,d--------,,2274259.2,AuxY,Ref=1.274,,,,
2274259.2,πείθω,πίθεσθε,v2pamm---,AorNoni. | ImprComm. | MidSpon.,2274259.0,PRED,Ref=1.274,AorNoni.,ImprComm.,MidSpon.,
2274259.3,καί,καί,d--------,,2274259.4,AuxZ,Ref=1.274,,,,
2274259.3,σύ,ὔμμες,p-p----n-,NomSubj.,2274259.2,SBJ,Ref=1.274|SpaceAfter=No,NomSubj.,,,
,,,,,,,Ref=1.274,,,,
2274259.6,ἐπεί,ἐπεί,c--------,,2274259.2,AuxC,Ref=1.274,,,,
2274259.7,πείθω,πείθεσθαι,v--pne---,PresNoni. |InfDyn. | MidSpon.,2274259.1,SBJ,Ref=1.274,PresNoni.,InfDyn.,MidSpon.,
2274259.8,ἀμείνων,ἄμεινον,a-s---nnc,Agr.,2274259.1,PNOM,Ref=1.274|SpaceAfter=No,Agr.,,,
,,,,,,,Ref=1.274,,,,
,,,,,,,,,,,
,,,,,,,,,,,
,,,,,,,,,,,
,,,,,,,,,,,
2274260.1,μήτε,μήτε,g--------,,2274260.7,AuxZ,Ref=1.275,,,,
2274260.1,σύ,σὺ,p-s----n-,NomSubj.,2274260.1,SBJ,Ref=1.275,NomSubj.,,,
2274260.3,ὅδε,τόνδ’,p-s---ma-,AccObj. ,2274260.7,OBJ,Ref=1.275,AccObj.,,,
2274260.4,ἀγαθός,ἀγαθός,a-s---mn-,NomPred.,2274260.6,PNOM,Ref=1.275,NomPred.,,,
2274260.5,πέρ,περ,g--------,,2274260.6,AuxZ,Ref=1.275,,,,
2274260.5,εἰμί,ἐὼν,v-sppamn-,PresNoni. | PartCirc. | Act. | Agr.,2274260.7,ADV,Ref=1.275,PresNoni.,PartCirc.,Act.,Agr.
2274260.7,ἀπαίρω,ἀποαίρεο,v2spme---,PresNoni. | ImprComm. | MidIndir.,2274260.1,PRED_CO,Ref=1.275,PresNoni.,ImprComm.,MidIndir.,
2274260.8,κόρη,κούρην,n-s---fa-,AccObj. ,2274260.7,OBJ,Ref=1.275|SpaceAfter=No,AccObj.,,,
,,,,,,,Ref=1.275,,,,
2274260.1,ἀλλά,ἀλλ’,c--------,,2274260.0,COORD,Ref=1.276,,,,
2274260.11,ἐάω,ἔα,v2spma---,PresNoni. | ImprComm. | Act.,2274260.1,PRED_CO,Ref=1.276,PresNoni.,ImprComm.,Act.,
2274260.12,ὡς,ὥς,c--------,,2274260.11,AuxC,Ref=1.276,,,,
2274260.12,ἕ,οἱ,p-s---md-,DatVerb. ,2274260.15,OBJ,Ref=1.276,DatVerb.,,,
2274260.14,πρῶτος,πρῶτα,a-p---na-,AccAdv.,2274260.15,ADV,Ref=1.276,AccAdv.,,,
2274260.15,δίδωμι,δόσαν,v3paia---,Aor. | Ind. | Act.,2274260.12,ADV,Ref=1.276,Aor.,Ind.,Act.,
2274260.16,γέρας,γέρας,n-s---na-,AccObj. ,2274260.15,AtvV,Ref=1.276,AccObj.,,,
2274260.17,υἱός,υἷες,n-p---mn-,NomSubj.,2274260.15,SBJ,Ref=1.276,NomSubj.,,,
2274260.18,Ἀχαιός,Ἀχαιῶν,a-p---mg-,GenPart.,2274260.17,ATR,Ref=1.276|SpaceAfter=No,GenPart.,,,
,,,,,,,Ref=1.276,,,,
,,,,,,,,,,,
,,,,,,,,,,,
,,,,,,,,,,,
,,,,,,,,,,,
2274261.1,μήτε,μήτε,g--------,,2274261.4,AuxZ,Ref=1.277,,,,
2274261.1,σύ,σὺ,p-s----n-,,2274261.4,SBJ,Ref=1.277,,,,
2274261.3,Πηλείδης,Πηλείδη,n-s---mv-,Voc.,2274261.4,ExD,Ref=1.277,Voc.,,,
2274261.4,ἐθέλω,ἔθελ’,v2spma---,PresNoni. | ImprComm. | Act.,2274261.0,PRED,Ref=1.277,PresNoni.,ImprComm.,Act.,
2274261.5,ἐρίζω,ἐριζέμεναι,**,PresNoni. |InfDyn. | Act.,2274261.4,OBJ,Ref=1.277,PresNoni.,InfDyn.,Act.,
2274261.6,βασιλεύς,βασιλῆϊ,n-s---md-,DatVerb. ,2274261.5,OBJ,Ref=1.277,DatVerb.,,,
2274261.7,ἀντιβίην,ἀντιβίην,d--------,,2274261.5,ADV,Ref=1.278|SpaceAfter=No,,,,
,,,,,,,Ref=1.278,,,,
2274261.9,ἐπεί,ἐπεί,c--------,,2274261.4,AuxC,Ref=1.278,,,,
2274261.9,οὐ,οὔ,d--------,,2274261.13,AuxZ,Ref=1.278,,,,
2274261.11,ποτέ,ποθ’,g--------,,2274261.13,AuxY,Ref=1.278,,,,
2274261.12,ὁμοῖος,ὁμοίης,a-s---fg-,Agr.,2274261.14,ATR,Ref=1.278,Agr.,,,
2274261.13,μείρομαι,ἔμμορε,v3sria---,Perf. | Ind. | Act.,2274261.9,ADV,Ref=1.278,Perf.,Ind.,Act.,
2274261.14,τιμή,τιμῆς,n-s---fg-,GenVerb. ,2274261.13,OBJ,Ref=1.278,GenVerb.,,,
2274261.15,σκηπτοῦχος,σκηπτοῦχος,a-s---mn-,Agr.,2274261.16,ATR,Ref=1.279,Agr.,,,
2274261.16,βασιλεύς,βασιλεύς,n-s---mn-,NomSubj.,2274261.13,SBJ,Ref=1.279|SpaceAfter=No,NomSubj.,,,
,,,,,,,Ref=1.279,,,,
2274261.16,ὅς,ᾧ,p-s---md-,DatVerb. ,2274261.22,OBJ,Ref=1.279,DatVerb.,,,
2274261.19,τε,τε,g--------,,2274261.22,AuxY,Ref=1.279,,,,
2274261.2,Ζεύς,Ζεύς,n-s---mn-,NomSubj.,2274261.22,SBJ,Ref=1.279,NomSubj.,,,
2274261.21,κῦδος,κῦδος,n-s---na-,AccObj. ,2274261.22,OBJ,Ref=1.279,AccObj.,,,
2274261.22,δίδωμι,ἔδωκεν,v3saia---,Aor. | Ind. | Act.,2274261.16,ATR,Ref=1.279|SpaceAfter=No,Aor.,Ind.,Act.,
,,,,,,,Ref=1.279,,,,
,,,,,,,,,,,
,,,,,,,,,,,
,,,,,,,,,,,
,,,,,,,,,,,
2274262.1,εἰ,εἰ,c--------,,2274262.16,AuxC,Ref=1.280,,,,
2274262.2,δέ,δέ,g--------,,2274262.0,COORD,Ref=1.280,,,,
2274262.2,σύ,σὺ,p-s----n-,NomSubj.,2274262.5,SBJ,Ref=1.280,NomSubj.,,,
2274262.4,καρτερός,καρτερός,a-s---mn-,NomPred.,2274262.5,PNOM,Ref=1.280,NomPred.,,,
2274262.4,εἰμί,ἐσσι,v2spia---,Pres. | Ind. | Act.,2274262.7,ADV_CO,Ref=1.280,Pres.,Ind.,Act.,
2274262.6,θεά,θεά,n-s---fn-,NomSubj.,2274262.9,SBJ,Ref=1.280,NomSubj.,,,
2274262.7,δέ,δέ,g--------,,2274262.1,COORD,Ref=1.280,,,,
2274262.7,σύ,σε,p-s----a-,AccObj. ,2274262.9,OBJ,Ref=1.280,AccObj.,,,
2274262.9,γείνομαι,γείνατο,v3saim---,Aor. | Ind. | MidSpon.,2274262.7,ADV_CO,Ref=1.280,Aor.,Ind.,MidSpon.,
2274262.1,μήτηρ,μήτηρ,n-s---fn-,Agr.,2274262.6,ATV,Ref=1.280|SpaceAfter=No,Agr.,,,
,,,,,,,Ref=1.280,,,,
2274262.12,ἀλλά,ἀλλ’,d--------,,2274262.16,AuxY,Ref=1.281,,,,
2274262.12,ὁ,ὅ,p-s---mn-,NomSubj.,2274262.16,SBJ,Ref=1.281,NomSubj.,,,
2274262.14,γε,γε,g--------,,2274262.13,AuxZ,Ref=1.281,,,,
2274262.15,φέρτατος,φέρτερός,a-s---mn-,NomPred.,2274262.16,PNOM,Ref=1.281,NomPred.,,,
2274262.15,εἰμί,ἐστιν,v3spia---,Pres. | Ind. | Act.,2274262.2,PRED_CO,Ref=1.281,Pres.,Ind.,Act.,
2274262.17,ἐπεί,ἐπεί,c--------,,2274262.16,AuxC,Ref=1.281,,,,
2274262.18,πλείων,πλεόνεσσιν,a-p---mdc,DatVerb.,2274262.19,OBJ,Ref=1.281,DatVerb.,,,
2274262.19,ἀνάσσω,ἀνάσσει,v3spia---,Pres. | Ind. | Act.,2274262.17,ADV,Ref=1.281|SpaceAfter=No,Pres.,Ind.,Act.,
,,,,,,,Ref=1.281,,,,
,,,,,,,,,,,
,,,,,,,,,,,
,,,,,,,,,,,
,,,,,,,,,,,
2274263.1,Ἀτρείδης,Ἀτρεΐδη,n-s---mv-,Voc.,2274263.4,ExD,Ref=1.282,Voc.,,,
2274263.1,σύ,σὺ,p-s----n-,,2274263.4,SBJ,Ref=1.282,,,,
2274263.3,δέ,δέ,g--------,,2274263.0,COORD,Ref=1.282,,,,
2274263.4,παύω,παῦε,v2spma---,PresNoni. | ImprComm. | Act.,2274263.3,PRED_CO,Ref=1.282,PresNoni.,ImprComm.,Act.,
2274263.5,τεός,τεόν,a-s---na-,Agr.,2274263.6,ATR,Ref=1.282,Agr.,,,
2274263.6,μένος,μένος,n-s---na-,AccObj. ,2274263.4,OBJ,Ref=1.282|SpaceAfter=No,AccObj.,,,
,,,,,,,Ref=1.282,,,,
,,,,,,,,,,,
,,,,,,,,,,,
,,,,,,,,,,,
,,,,,,,,,,,
2274264.1,ἀτάρ,αὐτάρ,g--------,,2274264.3,AuxY,Ref=1.282,,,,
2274264.1,ἐγώ,ἔγωγε,p-s---mn-,NomSubj.,2274264.3,SBJ,Ref=1.282,NomSubj.,,,
2274264.3,λίσσομαι,λίσσομ’,v1spie---,Pres. | Ind. | MidSpee.,2274264.0,PRED,Ref=1.283,Pres.,Ind.,MidSpee.,
2274264.4,Ἀχιλλεύς,Ἀχιλλῆϊ,n-s---md-,DatAdvn.,2274264.3,OBJ,Ref=1.283,DatAdvn.,,,
2274264.5,μεθίημι,μεθέμεν,**,AorNoni. |InfDyn. | Act.,2274264.3,OBJ,Ref=1.283,AorNoni.,InfDyn.,Act.,
2274264.6,χόλος,χόλον,n-s---ma-,AccObj. ,2274264.5,OBJ,Ref=1.283|SpaceAfter=No,AccObj.,,,
,,,,,,,Ref=1.283,,,,
2274264.6,ὅς,ὃς,p-s---mn-,NomSubj.,2274264.13,SBJ,Ref=1.283,NomSubj.,,,
2274264.9,μέγας,μέγα,a-s---nn-,Agr.,2274264.11,ATR,Ref=1.283,Agr.,,,
2274264.1,πᾶς,πᾶσιν,a-p---md-,Agr.,2274264.12,ATR,Ref=1.283,Agr.,,,
2274264.11,ἕρκος,ἕρκος,n-s---nn-,NomPred.,2274264.13,PNOM,Ref=1.284,NomPred.,,,
2274264.12,Ἀχαιός,Ἀχαιοῖσιν,a-p---md-,DatAdvn.,2274264.13,OBJ,Ref=1.284,DatAdvn.,,,
2274264.13,πέλω,πέλεται,v3spie---,PresIter. | Ind. | MidSpon.,2274264.4,ATR,Ref=1.284,PresIter.,Ind.,MidSpon.,
2274264.14,πόλεμος,πολέμοιο,n-s---mg-,GenExpl.,2274264.11,ATR,Ref=1.284,GenExpl.,,,
2274264.15,κακός,κακοῖο,a-s---mg-,Agr.,2274264.14,ATR,Ref=1.284|SpaceAfter=No,Agr.,,,
,,,,,,,Ref=1.284,,,,
,,,,,,,,,,,
,,,,,,,,,,,
,,,,,,,,,,,
,,,,,,,,,,,
2274264.15,ὁ,τὸν,p-s---ma-,AccObj. ,2274265.4,OBJ,Ref=1.285,AccObj.,,,
2274265.2,δέ,δ’,g--------,,2274265.0,COORD,Ref=1.285,,,,
2274265.3,ἀπαμείβομαι,ἀπαμειβόμενος,v-sppemn-,PresNoni. | PartCirc. | MidRecip. | Agr.,2274265.4,ADV,Ref=1.285,PresNoni.,PartCirc.,MidRecip.,Agr.
2274265.4,πρόσφημι,προσέφη,v3siia---,Impf. | Ind. | Act.,2274265.2,PRED_CO,Ref=1.285,Impf.,Ind.,Act.,
2274265.5,κρείων,κρείων,n-s---mn-,Agr.,2274265.6,ATR,Ref=1.285,Agr.,,,
2274265.6,Ἀγαμέμνων,Ἀγαμέμνων,n-s---mn-,NomSubj.,2274265.4,SBJ,Ref=1.285|SpaceAfter=No,NomSubj.,,,
,,,,,,,Ref=1.285,,,,
,,,,,,,,,,,
,,,,,,,,,,,
,,,,,,,,,,,
,,,,,,,,,,,
2274266.1,ναί,ναί,d--------,,2274266.9,AuxY,Ref=1.286,,,,
2274266.2,δή,δή,g--------,,2274266.9,AuxY,Ref=1.286,,,,
2274266.3,οὗτος,ταῦτά,a-p---na-,AccObj. ,2274266.9,OBJ,Ref=1.286,AccObj.,,,
2274266.4,γε,γε,g--------,,2274266.3,AuxZ,Ref=1.286,,,,
2274266.5,πᾶς,πάντα,a-p---na-,Agr.,2274266.3,ATR,Ref=1.286,Agr.,,,
2274266.6,γέρων,γέρον,n-s---mv-,Voc.,2274266.9,ExD,Ref=1.286,Voc.,,,
2274266.7,κατά,κατά,r--------,Prep5.,2274266.9,AuxP,Ref=1.286,Prep5.,,,
2274266.8,μοῖρα,μοῖραν,n-s---fa-,GBP,2274266.7,ADV,Ref=1.286,GBP,,,
2274266.9,εἶπον,ἔειπες,v2saia---,Aor. | Ind. | Act.,2274266.0,PRED,Ref=1.286|SpaceAfter=No,Aor.,Ind.,Act.,
,,,,,,,Ref=1.286,,,,
,,,,,,,,,,,
,,,,,,,,,,,
,,,,,,,,,,,
,,,,,,,,,,,
2274267.1,ἀλλά,ἀλλ’,d--------,,2274267.4,AuxY,Ref=1.287,,,,
2274267.2,ὅδε,ὅδ’,p-s---mn-,Agr.,2274267.3,ATR,Ref=1.287,Agr.,,,
2274267.3,ἀνήρ,ἀνήρ,n-s---mn-,NomSubj.,2274267.9,SBJ,Ref=1.287,NomSubj.,,,
2274267.4,ἐθέλω,ἐθέλει,v3spia---,Pres. | Ind. | Act.,2274267.9,PRED_AP,Ref=1.287,Pres.,Ind.,Act.,
2274267.5,περί,περί,r--------,Preverb,2274267.7,AuxZ,Ref=1.287,Preverb,,,
2274267.6,πᾶς,πάντων,a-p---mg-,Agr.,2274267.8,ATR,Ref=1.287,Agr.,,,
2274267.6,εἰμί,ἔμμεναι,**,PresNoni. |InfDyn. | Act.,2274267.4,OBJ,Ref=1.287,PresNoni.,InfDyn.,Act.,
2274267.8,ἄλλος,ἄλλων,a-p---mg-,GenVerb. ,2274267.7,OBJ,Ref=1.287|SpaceAfter=No,GenVerb.,,,
,,,,,,,Ref=1.287,,,,
2274267.1,πᾶς,πάντων,a-p---mg-,GenVerb. ,2274267.12,OBJ,Ref=1.288,GenVerb.,,,
2274267.11,μέν,μέν,g--------,,2274267.2,AuxY,Ref=1.288,,,,
2274267.12,κρατέω,κρατέειν,**,PresNoni. |InfDyn. | Act.,2274267.2,OBJ_CO,Ref=1.288,PresNoni.,InfDyn.,Act.,
2274267.13,ἐθέλω,ἐθέλει,v3spia---,Pres. | Ind. | Act.,2274267.9,PRED_AP,Ref=1.288|SpaceAfter=No,Pres.,Ind.,Act.,
,,,,,,,Ref=1.288,,,,
2274267.15,πᾶς,πάντεσσι,a-p---md-,DatVerb. ,2274267.17,OBJ,Ref=1.288,DatVerb.,,,
2274267.16,δέ,δ’,g--------,,2274267.2,AuxY,Ref=1.288,,,,
2274267.17,ἀνάσσω,ἀνάσσειν,**,PresNoni. |InfDyn. | Act.,2274267.2,OBJ_CO,Ref=1.288|SpaceAfter=No,PresNoni.,InfDyn.,Act.,
,,,,,,,Ref=1.288,,,,
2274267.19,πᾶς,πᾶσι,a-p---md-,DatVerb. ,2274267.21,OBJ,Ref=1.289,DatVerb.,,,
2274267.2,δέ,δέ,g--------,,2274267.13,COORD,Ref=1.289,,,,
2274267.21,σημαίνω,σημαίνειν,**,PresNoni. |InfDyn. | Act.,2274267.2,OBJ_CO,Ref=1.289|SpaceAfter=No,PresNoni.,InfDyn.,Act.,
,,,,,,,Ref=1.289,,,,
2274267.21,ὅς,ἅ,p-p---na-,AccObj. ,2274267.26,OBJ,Ref=1.289,AccObj.,,,
2274267.21,τις,τιν’,p-s---ma-,AccSubj.,2274267.26,SBJ,Ref=1.289,AccSubj.,,,
2274267.21,οὐ,οὐ,d--------,,2274267.26,AuxZ,Ref=1.289,,,,
2274267.26,πείθω,πείσεσθαι,v--fnm---,FutNoni. |InfDyn. | MidSpon.,2274267.27,OBJ,Ref=1.289,FutNoni.,InfDyn.,MidSpon.,
2274267.27,οἴομαι,ὀΐω,v1spia---,Pres. | Ind. | Act.,2274267.2,ATR,Ref=1.289|SpaceAfter=No,Pres.,Ind.,Act.,
,,,,,,,Ref=1.289,,,,
,,,,,,,,,,,
,,,,,,,,,,,
,,,,,,,,,,,
,,,,,,,,,,,
2274268.1,εἰ,εἰ,c--------,,2274268.11,AuxC,Ref=1.290,,,,
2274268.2,δέ,δέ,g--------,,2274268.0,COORD,Ref=1.290,,,,
2274268.2,μιν,μιν,p-s---ma-,AccObj. ,2274268.5,OBJ,Ref=1.290,AccObj.,,,
2274268.4,αἰχμητής,αἰχμητήν,n-s---ma-,AccDoubl.,2274268.5,OCOMP,Ref=1.290,AccDoubl.,,,
2274268.5,τίθημι,ἔθεσαν,v3paia---,AorComp. | Ind. | Act.,2274268.1,ADV,Ref=1.290,AorComp.,Ind.,Act.,
2274268.6,θεός,θεοί,n-p---mn-,NomSubj.,2274268.5,SBJ,Ref=1.290,NomSubj.,,,
2274268.7,ἀεί,αἰέν,d--------,,2274268.8,ADV,Ref=1.290,,,,
2274268.7,εἰμί,ἐόντες,v-pppamn-,PresNoni. | PartAttr. | Act. | Agr.,2274268.6,ATR,Ref=1.290,PresNoni.,PartAttr.,Act.,Agr.
2274268.9,τοὔνεκα,τοὔνεκά,d--------,,2274268.11,ADV,Ref=1.291,,,,
2274268.9,ἕ,οἱ,p-s---md-,DatVerb. ,2274268.11,OBJ,Ref=1.291,DatVerb.,,,
2274268.9,προτίθημι,προθέουσιν,v3ppia---,PresPerf. | Ind. | Act.,2274268.2,PRED_CO,Ref=1.291,PresPerf.,Ind.,Act.,
2274268.12,ὄνειδος,ὀνείδεα,n-p---na-,AccObj.  ,2274268.13,OBJ,Ref=1.291,AccObj.,,,
2274268.13,μυθέομαι,μυθήσασθαι,v--ane---,AorNoni. | InfDyn. | MidSpee.,2274268.11,OBJ,Ref=1.291|SpaceAfter=No,AorNoni.,InfDyn.,MidSpee.,
,,,,,,,Ref=1.291,,,,
,,,,,,,,,,,
,,,,,,,,,,,
,,,,,,,,,,,
,,,,,,,,,,,
2274268.13,ὁ,τὸν,p-s---ma-,AccObj. ,2274269.5,OBJ,Ref=1.292,AccObj.,,,
2274269.2,δέ,δ’,g--------,,2274269.0,COORD,Ref=1.292,,,,
2274269.2,ἄρα,ἄρ’,g--------,,2274269.5,AuxY,Ref=1.292,,,,
2274269.4,ὑποβλήδην,ὑποβλήδην,d--------,,2274269.5,ADV,Ref=1.292,,,,
2274269.5,ἀμείβω,ἠμείβετο,v3siie---,Impf. | Ind. | MidSpee.,2274269.2,PRED_CO,Ref=1.292,Impf.,Ind.,MidSpee.,
2274269.6,δῖος,δῖος,a-s---mn-,Agr.,2274269.7,ATR,Ref=1.292,Agr.,,,
2274269.7,Ἀχιλλεύς,Ἀχιλλεύς,n-s---mn-,NomSubj.,2274269.5,SBJ,Ref=1.292|SpaceAfter=No,NomSubj.,,,
,,,,,,,Ref=1.292,,,,
,,,,,,,,,,,
,,,,,,,,,,,
,,,,,,,,,,,
,,,,,,,,,,,
2274270.1,ἦ,ἦ,d--------,,2274270.8,AuxY,Ref=1.293,,,,
2274270.2,γάρ,γάρ,g--------,,2274270.8,AuxY,Ref=1.293,,,,
2274270.3,ἄν,κεν,g--------,,2274270.8,AuxY,Ref=1.293,,,,
2274270.4,δειλός,δειλός,a-s---mn-,NomPred.,2274270.6,PNOM_CO,Ref=1.293,NomPred.,,,
2274270.5,τε,τε,g--------,,2274270.6,AuxY,Ref=1.293,,,,
2274270.6,καί,καί,c--------,,2274270.8,COORD,Ref=1.293,,,,
2274270.7,οὐτιδανός,οὐτιδανός,a-s---mn-,NomPred.,2274270.6,PNOM_CO,Ref=1.293,NomPred.,,,
2274270.8,καλέω,καλεοίμην,v1spoe---,PresNoni. | OptComm. | Pass.,2274270.0,PRED,Ref=1.293,PresNoni.,OptComm.,Pass.,
2274270.9,εἰ,εἰ,c--------,,2274270.8,AuxC,Ref=1.294,,,,
2274270.1,δή,δή,g--------,,2274270.14,AuxY,Ref=1.294,,,,
2274270.1,σύ,σοὶ,p-s----d-,DatVerb. ,2274270.14,OBJ,Ref=1.294,DatVerb.,,,
2274270.12,πᾶς,πᾶν,a-s---na-,Agr.,2274270.13,ATR,Ref=1.294,Agr.,,,
2274270.13,ἔργον,ἔργον,n-s---na-,AccObj. ,2274270.14,OBJ,Ref=1.294,AccObj.,,,
2274270.13,ὑπείκω,ὑπείξομαι,v1sasm---,AorNoni. | SubjSubor. | MidDir.,2274270.9,ADV,Ref=1.294,AorNoni.,SubjSubor.,MidDir.,
2274270.13,ὅστις,ὅττί,p-s---na-,AccObj. ,2274270.17,OBJ,Ref=1.294,AccObj.,,,
2274270.16,ἄν,κεν,g--------,,2274270.17,AuxY,Ref=1.294,,,,
2274270.17,εἶπον,εἴπῃς,v2sasa---,AorNoni. | SubjSubor. | Act.,2274270.13,ATR,Ref=1.294|SpaceAfter=No,AorNoni.,SubjSubor.,Act.,
,,,,,,,Ref=1.294,,,,
,,,,,,,,,,,
,,,,,,,,,,,
,,,,,,,,,,,
,,,,,,,,,,,
2274271.1,ἄλλος,ἄλλοισιν,a-p---md-,DatVerb. ,2274271.4,OBJ,Ref=1.295,DatVerb.,,,
2274271.2,δή,δή,g--------,,2274271.4,AuxY,Ref=1.295,,,,
2274271.3,οὗτος,ταῦτ’,a-p---na-,AccAdv. ,2274271.4,OBJ,Ref=1.295,AccAdv.,,,
2274271.4,ἐπιτέλλω,ἐπιτέλλεο,v2spme---,AorNoni. | ImprComm. | MidSpee.,2274271.5,PRED_CO,Ref=1.295|SpaceAfter=No,AorNoni.,ImprComm.,MidSpee.,
,,,,,,,Ref=1.295,,,,
2274271.6,μή,μή,g--------,,2274271.9,AuxZ,Ref=1.295,,,,
2274271.7,γάρ,γάρ,g--------,,2274271.9,AuxY,Ref=1.295,,,,
2274271.7,ἐγώ,ἔμοιγε,p-s---md-,DatVerb. ,2274271.9,OBJ,Ref=1.295,DatVerb.,,,
2274271.9,σημαίνω,σήμαιν’,v2spma---,PresNoni. | ImprComm. | Act.,2274271.5,PRED_CO,Ref=1.296|SpaceAfter=No,PresNoni.,ImprComm.,Act.,
,,,,,,,Ref=1.296,,,,
,,,,,,,,,,,
,,,,,,,,,,,
,,,,,,,,,,,
,,,,,,,,,,,
2274271.9,οὐ,οὐ,d--------,,2274272.7,AuxZ,Ref=1.296,,,,
2274272.2,γάρ,γάρ,g--------,,2274272.7,AuxY,Ref=1.296,,,,
2274272.2,ἐγώ,ἔγωγ’,p-s---mn-,NomSubj.,2274272.7,SBJ,Ref=1.296,NomSubj.,,,
2274272.4,ἔτι,ἔτι,d--------,,2274272.6,ADV,Ref=1.296,,,,
2274272.4,σύ,σοὶ,p-s----d-,DatVerb. ,2274272.6,OBJ,Ref=1.296,DatVerb.,,,
2274272.6,πείθω,πείσεσθαι,v--fnm---,FutNoni. | InfDyn. | MidSpon.,2274272.7,OBJ,Ref=1.296,FutNoni.,InfDyn.,MidSpon.,
2274272.7,οἴομαι,ὀΐω,v1spia---,Pres. | Ind. | Act.,2274272.0,PRED,Ref=1.296|SpaceAfter=No,Pres.,Ind.,Act.,
,,,,,,,Ref=1.296,,,,
,,,,,,,,,,,
,,,,,,,,,,,
,,,,,,,,,,,
,,,,,,,,,,,
2274273.1,ἄλλος,ἄλλο,a-s---na-,AccObj. ,2274273.4,OBJ,Ref=1.297,AccObj.,,,
2274273.2,δέ,δέ,g--------,,2274273.7,AuxY,Ref=1.297,,,,
2274273.2,σύ,τοι,p-s----d-,DatVerb. ,2274273.4,OBJ,Ref=1.297,DatVerb.,,,
2274273.4,ἐρῶ,ἐρέω,v1sfia---,Fut. | Ind. | Act.,2274273.7,PRED_CO,Ref=1.297|SpaceAfter=No,Fut.,Ind.,Act.,
,,,,,,,Ref=1.297,,,,
2274273.4,σύ,σὺ,p-s----n-,,2274273.1,SBJ,Ref=1.297,,,,
2274273.7,δέ,δ’,g--------,,2274273.0,COORD,Ref=1.297,,,,
2274273.8,ἐν,ἐνί,r--------,Prep3.,2274273.1,AuxP,Ref=1.297,Prep3.,,,
2274273.9,φρήν,φρεσί,n-p---fd-,GBP,2274273.8,OBJ,Ref=1.297,GBP,,,
2274273.1,βάλλω,βάλλεο,v2spme---,PresNoni. | ImprComm. | MidMent.,2274273.7,PRED_CO,Ref=1.297,PresNoni.,ImprComm.,MidMent.,
2274273.11,σός,σῇσι,a-p---fd-,Agr.,2274273.9,ATR,Ref=1.297|SpaceAfter=No,Agr.,,,
,,,,,,,Ref=1.297,,,,
,,,,,,,,,,,
,,,,,,,,,,,
,,,,,,,,,,,
,,,,,,,,,,,
2274273.11,χείρ,χερσὶ,n-p---fd-,DatMean.,2274274.6,ADV,Ref=1.298,DatMean.,,,
2274274.2,μέν,μέν,g--------,,2274274.6,AuxY,Ref=1.298,,,,
2274274.2,οὐ,οὔ,d--------,,2274274.6,AuxZ,Ref=1.298,,,,
2274274.4,τοι,τοι,g--------,,2274274.6,AuxY,Ref=1.298,,,,
2274274.4,ἐγώ,ἔγωγε,p-s---mn-,NomSubj.,2274274.6,SBJ,Ref=1.298,NomSubj.,,,
2274274.6,μάχομαι,μαχήσομαι,v1sfim---,Fut. | Ind. | MidRecip.,2274274.0,PRED,Ref=1.298,Fut.,Ind.,MidRecip.,
2274274.7,ἕνεκα,εἵνεκα,r--------,Prep1.,2274274.6,AuxP,Ref=1.298,Prep1.,,,
2274274.8,κόρη,κούρης,n-s---fg-,GBP,2274274.7,ADV,Ref=1.298,GBP,,,
2274274.8,οὐ,οὔ,d--------,,2274274.12,AuxY,Ref=1.299,,,,
2274274.1,τε,τε,g--------,,2274274.9,AuxZ,Ref=1.299,,,,
2274274.1,σύ,σοὶ,p-s----d-,DatVerb. ,2274274.12,OBJ_CO,Ref=1.299,DatVerb.,,,
2274274.12,οὔτε,οὔτέ,d--------,,2274274.6,COORD,Ref=1.299,,,,
2274274.12,τις,τῳ,p-s----d-,DatVerb. ,2274274.12,OBJ_CO,Ref=1.299,DatVerb.,,,
2274274.14,ἄλλος,ἄλλῳ,a-s---md-,Agr.,2274274.13,ATR,Ref=1.299|SpaceAfter=No,Agr.,,,
,,,,,,,Ref=1.299,,,,
2274274.16,ἐπεί,ἐπεί,c--------,,2274274.6,AuxC,Ref=1.299,,,,
2274274.16,ἐγώ,μ’,p-s---ma-,AccObj. ,2274274.18,OBJ,Ref=1.299,AccObj.,,,
2274274.18,ἀφαιρέω,ἀφέλεσθέ,v2paim---,AorComp. | Ind. | MidIndir.,2274274.16,ADV,Ref=1.299,AorComp.,Ind.,MidIndir.,
2274274.19,γε,γε,g--------,,2274274.18,AuxZ,Ref=1.299,,,,
2274274.2,δίδωμι,δόντες,v-papamn-,AorNoni. | PartAttr. | Act. | Agr.,2274274.18,ADV,Ref=1.299|SpaceAfter=No,AorNoni.,PartAttr.,Act.,Agr.
,,,,,,,Ref=1.299,,,,
,,,,,,,,,,,
,,,,,,,,,,,
,,,,,,,,,,,
,,,,,,,,,,,
2274274.2,ὁ,τῶν,l-p---ng-,,2274275.3,ATR,Ref=1.300,,,,
2274275.2,δέ,δ’,g--------,,2274275.0,COORD,Ref=1.300,,,,
2274275.3,ἄλλος,ἄλλων,a-p---ng-,GenPart.,2274275.11,ATR,Ref=1.300,GenPart.,,,
2274275.3,ὅς,ἅ,p-p---nn-,NomSubj.,2274275.6,SBJ,Ref=1.300,NomSubj.,,,
2274275.3,ἐγώ,μοί,p-s---md-,DatPos.,2274275.6,OBJ,Ref=1.300,DatPos.,,,
2274275.3,εἰμί,ἐστι,v3spia---,Pres. | Ind. | Act.,2274275.1,ATR,Ref=1.300,Pres.,Ind.,Act.,
2274275.7,θοός,θοῇ,a-s---fd-,Agr.,2274275.9,ATR,Ref=1.300,Agr.,,,
2274275.7,παρά,παρὰ,r--------,Prep3.,2274275.6,AuxP,Ref=1.300,Prep3.,,,
2274275.7,ναῦς,νηί,n-s---fd-,GBP,2274275.8,ADV,Ref=1.300,GBP,,,
2274275.1,μέλας,μελαίνῃ,a-s---fd-,Agr.,2274275.9,ATR,Ref=1.300,Agr.,,,
2274275.1,ὁ,τῶν,p-p---ng-,GenPart.,2274275.14,ATR,Ref=1.301,GenPart.,,,
2274275.1,οὐ,οὐκ,d--------,,2274275.15,AuxZ,Ref=1.301,,,,
2274275.13,ἄν,ἄν,g--------,,2274275.15,AuxY,Ref=1.301,,,,
2274275.13,τις,τι,p-s---na-,AccObj. ,2274275.15,OBJ,Ref=1.301,AccObj.,,,
2274275.15,φέρω,φέροις,v2spoa---,PresNoni. | OptPoten. | Act.,2274275.2,PRED_CO,Ref=1.301,PresNoni.,OptPoten.,Act.,
2274275.16,ἀναιρέω,ἀνελών,v-sapamn-,AorNoni. | PartCirc. | Act. | Agr.,2274275.15,ADV,Ref=1.301,AorNoni.,PartCirc.,Act.,Agr.
2274275.17,ἀέκων,ἀέκοντος,a-s---mg-,?,2274275.15,ADV,Ref=1.301,?,,,
2274275.17,ἐγώ,ἐμεῖο,p-s---mg-,Agr.,2274275.17,SBJ,Ref=1.301|SpaceAfter=No,Agr.,,,
,,,,,,,Ref=1.301,,,,
,,,,,,,,,,,
,,,,,,,,,,,
,,,,,,,,,,,
,,,,,,,,,,,
2274276.1,εἰ,εἰ,i--------,,2274276.5,AuxY,Ref=1.302,,,,
2274276.2,δέ,δ’,g--------,,2274276.0,COORD,Ref=1.302,,,,
2274276.3,ἄγε,ἄγε,d--------,,2274276.5,AuxY,Ref=1.302,,,,
2274276.4,μήν,μήν,g--------,,2274276.5,AuxY,Ref=1.302,,,,
2274276.5,πειράω,πείρησαι,v2samm---,AorNoni. | ImprComm. | MidMent.,2274276.2,PRED_CO,Ref=1.302,AorNoni.,ImprComm.,MidMent.,
2274276.6,ἵνα,ἵνα,c--------,,2274276.5,AuxC,Ref=1.302,,,,
2274276.7,γιγνώσκω,γνώωσι,v3pasa---,AorNoni. | SubjSubor. | Act.,2274276.6,ADV,Ref=1.302,AorNoni.,SubjSubor.,Act.,
2274276.8,καί,καί,d--------,,2274276.9,AuxZ,Ref=1.302,,,,
2274276.9,ὅδε,οἵδε,p-p---mn-,NomSubj.,2274276.7,SBJ,Ref=1.302|SpaceAfter=No,NomSubj.,,,
,,,,,,,Ref=1.302,,,,
,,,,,,,,,,,
,,,,,,,,,,,
,,,,,,,,,,,
,,,,,,,,,,,
2274277.1,αἶψα,αἶψά,d--------,,2274277.5,ADV,Ref=1.303,,,,
2274277.1,σύ,τοι,p-s----d-,DatPos.,2274277.3,ATR,Ref=1.303,DatPos.,,,
2274277.3,αἷμα,αἷμα,n-s---nn-,NomSubj.,2274277.5,SBJ,Ref=1.303,NomSubj.,,,
2274277.4,κελαινός,κελαινόν,a-s---nn-,Agr.,2274277.3,ATR,Ref=1.303,Agr.,,,
2274277.5,ἐρωέω,ἐρωήσει,v3sfia---,Fut. | Ind. | Act.,2274277.0,PRED,Ref=1.303,Fut.,Ind.,Act.,
2274277.6,περί,περί,r--------,Prep3.,2274277.5,AuxP,Ref=1.303,Prep3.,,,
2274277.7,δόρυ,δουρί,n-s---nd-,GBP,2274277.6,OBJ,Ref=1.303|SpaceAfter=No,GBP,,,
,,,,,,,Ref=1.303,,,,
,,,,,,,,,,,
,,,,,,,,,,,
,,,,,,,,,,,
,,,,,,,,,,,
2274278.1,ὡς,ὡς,d--------,,2274278.5,ADV,Ref=1.304,,,,
2274278.1,ὁ,τώ,p-d---mn-,NomSubj.,2274278.7,SBJ,Ref=1.304,NomSubj.,,,
2274278.3,γε,γ’,g--------,,2274278.2,AuxZ,Ref=1.304,,,,
2274278.4,ἀντίβιος,ἀντιβίοισι,a-p---nd-,Agr.,2274278.6,ATR,Ref=1.304,Agr.,,,
2274278.5,μάχομαι,μαχεσσαμένω,v-dapmmn-,AorNoni. | PartCirc. | MidRecip. | Agr.,2274278.7,ADV,Ref=1.304,AorNoni.,PartCirc.,MidRecip.,Agr.
2274278.6,ἔπος,ἐπέεσσιν,n-p---nd-,DatMean.,2274278.5,ADV,Ref=1.304,DatMean.,,,
2274278.7,ἀνίστημι,ἀνστήτην,v3daia---,Aor. | Ind. | Act.,2274278.1,PRED_CO,Ref=1.305|SpaceAfter=No,Aor.,Ind.,Act.,
,,,,,,,Ref=1.305,,,,
2274278.9,λύω,λῦσαν,v3paia---,Aor. | Ind. | Act.,2274278.1,PRED_CO,Ref=1.305,Aor.,Ind.,Act.,
2274278.1,δέ,δ’,g--------,,2274278.0,COORD,Ref=1.305,,,,
2274278.11,ἀγορά,ἀγορήν,n-s---fa-,AccObj. ,2274278.9,OBJ,Ref=1.305,AccObj.,,,
2274278.11,παρά,παρὰ,r--------,Prep3.,2274278.9,AuxP,Ref=1.305,Prep3.,,,
2274278.13,ναῦς,νηυσίν,n-p---fd-,GBP,2274278.12,ADV,Ref=1.305,GBP,,,
2274278.14,Ἀχαιός,Ἀχαιῶν,a-p---mg-,GenPos. ,2274278.13,ATR,Ref=1.305|SpaceAfter=No,GenPos.,,,
,,,,,,,Ref=1.305,,,,
,,,,,,,,,,,
,,,,,,,,,,,
,,,,,,,,,,,
,,,,,,,,,,,
2274279.1,Πηλείδης,Πηλεΐδης,n-s---mn-,NomSubj.,2274279.8,SBJ,Ref=1.306,NomSubj.,,,
2274279.2,μέν,μέν,g--------,,2274279.8,AuxY,Ref=1.306,,,,
2274279.3,ἐπί,ἐπί,r--------,Prep3.,2274279.8,AuxP,Ref=1.306,Prep3.,,,
2274279.4,κλισία,κλισίας,n-p---fa-,GBP,2274279.5,OBJ_CO,Ref=1.306,GBP,,,
2274279.5,καί,καί,c--------,,2274279.3,COORD,Ref=1.306,,,,
2274279.6,ναῦς,νῆας,n-p---fa-,GBP,2274279.5,OBJ_CO,Ref=1.306,GBP,,,
2274279.7,ἔισος,ἐΐσας,a-p---fa-,Agr.,2274279.6,ATR,Ref=1.306,Agr.,,,
2274279.8,εἶμι,ἤϊε,v3siia---,Impf. | Ind. | Act.,2274279.0,PRED,Ref=1.307,Impf.,Ind.,Act.,
2274279.9,σύν,σύν,r--------,Prep2.,2274279.8,AuxP,Ref=1.307,Prep2.,,,
2274279.1,τε,τε,g--------,,2274279.12,AuxY,Ref=1.307,,,,
2274279.11,Μενοιτιάδης,Μενοιτιάδῃ,n-s---md-,GBP,2274279.12,ADV_CO,Ref=1.307,GBP,,,
2274279.12,καί,καί,c--------,,2274279.9,COORD,Ref=1.307,,,,
2274279.12,ἑός,οἷς,a-p---md-,Agr.,2274279.14,ATR,Ref=1.307,Agr.,,,
2274279.14,ἑταῖρος,ἑτάροισιν,n-p---md-,GBP,2274279.12,ADV_CO,Ref=1.307|SpaceAfter=No,GBP,,,
,,,,,,,Ref=1.307,,,,
,,,,,,,,,,,
,,,,,,,,,,,
,,,,,,,,,,,
,,,,,,,,,,,
2274280.1,Ἀτρείδης,Ἀτρεΐδης,n-s---mn-,NomSubj.,2274280.23,SBJ,Ref=1.308,NomSubj.,,,
2274280.2,δέ,δ’,g--------,,2274280.23,AuxY,Ref=1.308,,,,
2274280.2,ἄρα,ἄρα,g--------,,2274280.8,AuxY,Ref=1.308,,,,
2274280.4,ναῦς,νῆα,n-s---fa-,AccObj. ,2274280.8,OBJ,Ref=1.308,AccObj.,,,
2274280.5,θοός,θοήν,a-s---fa-,Agr.,2274280.4,ATR,Ref=1.308,Agr.,,,
2274280.6,ἅλς,ἅλα,n-s---fa-,AccDirec.,2274280.8,OBJ,Ref=1.308,AccDirec.,,,
2274280.7,δέ,δέ,g--------,,2274280.6,AuxZ,Ref=1.308,,,,
2274280.8,προερύω,προέρυσσεν,v3saia---,Aor. | Ind. | Act.,2274280.23,PRED_CO,Ref=1.308|SpaceAfter=No,Aor.,Ind.,Act.,
,,,,,,,Ref=1.308,,,,
2274280.1,ἐν,ἐν,r--------,Preverb,2274280.13,AuxZ,Ref=1.309,Preverb,,,
2274280.11,δέ,δ’,g--------,,2274280.23,AuxY,Ref=1.309,,,,
2274280.12,ἐρέτης,ἐρέτας,n-p---ma-,AccObj. ,2274280.13,OBJ,Ref=1.309,AccObj.,,,
2274280.13,κρίνω,ἔκρινεν,v3saia---,Aor. | Ind. | Act.,2274280.23,PRED_CO,Ref=1.309,Aor.,Ind.,Act.,
2274280.14,εἴκοσι,ἐείκοσιν,m--------,,2274280.12,ATR,Ref=1.309|SpaceAfter=No,,,,
,,,,,,,Ref=1.309,,,,
2274280.16,εἰς,ἐς,r--------,Preverb,2274280.19,AuxZ,Ref=1.309,Preverb,,,
2274280.17,δέ,δ’,g--------,,2274280.23,AuxY,Ref=1.309,,,,
2274280.18,ἑκατόμβη,ἑκατόμβην,n-s---fa-,AccObj. ,2274280.19,OBJ,Ref=1.309,AccObj.,,,
2274280.19,βαίνω,βῆσε,v3saia---,Aor. | Ind. | Act.,2274280.23,PRED_CO,Ref=1.310,Aor.,Ind.,Act.,
2274280.2,θεός,θεῷ,n-s---md-,DatAdvn. ,2274280.19,ADV,Ref=1.310|SpaceAfter=No,DatAdvn.,,,
,,,,,,,Ref=1.310,,,,
2274280.22,ἀνά,ἀνά,r--------,Preverb,2274280.27,AuxZ,Ref=1.310,Preverb,,,
2274280.23,δέ,δέ,g--------,,2274280.0,COORD,Ref=1.310,,,,
2274280.24,Χρυσηίς,Χρυσηΐδα,n-s---fa-,AccObj. ,2274280.26,OBJ,Ref=1.310,AccObj.,,,
2274280.25,καλλιπάρηος,καλλιπάρῃον,a-s---fa-,Agr.,2274280.24,ATR,Ref=1.310,Agr.,,,
2274280.26,ἵζω,εἷσεν,v3saia---,Aor. | Ind. | Act.,2274280.23,PRED_CO,Ref=1.311,Aor.,Ind.,Act.,
2274280.27,ἄγω,ἄγων,v-sppamn-,PresNoni. | PartCirc. | Act. | Agr.,2274280.26,ADV,Ref=1.311|SpaceAfter=No,PresNoni.,PartCirc.,Act.,Agr.
,,,,,,,Ref=1.311,,,,
,,,,,,,,,,,
,,,,,,,,,,,
,,,,,,,,,,,
,,,,,,,,,,,
2274281.1,ἐν,ἐν,r--------,Preverb,2274281.4,AuxZ,Ref=1.311,Preverb,,,
2274281.2,δέ,δ’,g--------,,2274281.0,COORD,Ref=1.311,,,,
2274281.3,ἀρχός,ἀρχός,n-s---mn-,Agr.,2274281.6,ATV,Ref=1.311,Agr.,,,
2274281.4,βαίνω,ἔβη,v3saia---,Aor. | Ind. | Act.,2274281.2,PRED_CO,Ref=1.311,Aor.,Ind.,Act.,
2274281.5,πολύμητις,πολύμητις,a-s---mn-,Agr.,2274281.6,ATR,Ref=1.311,Agr.,,,
2274281.6,Ὀδυσσεύς,Ὀδυσσεύς,n-s---mn-,NomSubj.,2274281.4,SBJ,Ref=1.311|SpaceAfter=No,NomSubj.,,,
,,,,,,,Ref=1.311,,,,
,,,,,,,,,,,
,,,,,,,,,,,
,,,,,,,,,,,
,,,,,,,,,,,
2274281.6,ὁ,οἳ,p-p---mn-,NomSubj.,2274282.5,SBJ,Ref=1.312,NomSubj.,,,
2274282.2,μέν,μέν,g--------,,2274282.1,AuxY,Ref=1.312,,,,
2274282.3,ἔπειτα,ἔπειτ’,d--------,,2274282.5,ADV,Ref=1.312,,,,
2274282.4,ἀναβαίνω,ἀναβάντες,v-papamn-,AorNoni. | PartCirc. | Act. | Agr.,2274282.5,ADV,Ref=1.312,AorNoni.,PartCirc.,Act.,Agr.
2274282.5,ἐπιπλέω,ἐπέπλεον,v3piia---,Impf. | Ind. | Act.,2274282.1,PRED_CO,Ref=1.312,Impf.,Ind.,Act.,
2274282.6,ὑγρός,ὑγρά,a-p---na-,Agr.,2274282.7,ATR,Ref=1.312,Agr.,,,
2274282.7,κέλευθος,κέλευθα,n-p---na-,AccSpac.,2274282.5,OBJ,Ref=1.312|SpaceAfter=No,AccSpac.,,,
,,,,,,,Ref=1.312,,,,
2274282.9,λαός,λαούς,n-p---ma-,AccObj. ,2274282.12,SBJ,Ref=1.313,AccObj.,,,
2274282.1,δέ,δ’,g--------,,2274282.0,COORD,Ref=1.313,,,,
2274282.11,Ἀτρείδης,Ἀτρεΐδης,n-s---mn-,NomSubj.,2274282.13,SBJ,Ref=1.313,NomSubj.,,,
2274282.12,ἀπολυμαίνομαι,ἀπολυμαίνεσθαι,v--pne---,PresNoni. | InfDyn. | MidDir.,2274282.13,OBJ,Ref=1.313,PresNoni.,InfDyn.,MidDir.,
2274282.13,ἄνωγα,ἄνωγεν,v3sria---,Perf. | Ind. | Act.,2274282.1,PRED_CO,Ref=1.313|SpaceAfter=No,Perf.,Ind.,Act.,
,,,,,,,Ref=1.313,,,,
,,,,,,,,,,,
,,,,,,,,,,,
,,,,,,,,,,,
,,,,,,,,,,,
2274282.13,ὁ,οἳ,p-p---mn-,NomSubj.,2274283.11,SBJ,Ref=1.314,NomSubj.,,,
2274283.2,δέ,δ’,g--------,,2274283.11,AuxY,Ref=1.314,,,,
2274283.3,ἀπολυμαίνομαι,ἀπελυμαίνοντο,v3piie---,Impf. | Ind. | MidDir.,2274283.11,PRED_CO,Ref=1.314,Impf.,Ind.,MidDir.,
2274283.4,καί,καί,c--------,,2274283.11,AuxY,Ref=1.314,,,,
2274283.5,εἰς,εἰς,r--------,Prep3.,2274283.8,AuxP,Ref=1.314,Prep3.,,,
2274283.6,ἅλς,ἅλα,n-s---fa-,GBP,2274283.5,OBJ,Ref=1.314,GBP,,,
2274283.7,λῦμα,λύματα,n-p---na-,AccObj. ,2274283.8,OBJ,Ref=1.314,AccObj.,,,
2274283.8,βάλλω,βάλλον,v3piia---,Impf. | Ind. | Act.,2274283.11,PRED_CO,Ref=1.314|SpaceAfter=No,Impf.,Ind.,Act.,
,,,,,,,Ref=1.314,,,,
2274283.1,ἔρδω,ἕρδον,v3piia---,ImpfCons. | Ind. | Act.,2274283.11,PRED_CO,Ref=1.315,ImpfCons.,Ind.,Act.,
2274283.11,δέ,δ’,g--------,,2274283.0,COORD,Ref=1.315,,,,
2274283.12,Ἀπόλλων,Ἀπόλλωνι,n-s---md-,DatAdvn. ,2274283.1,OBJ,Ref=1.315,DatAdvn.,,,
2274283.13,τελήεις,τεληέσσας,a-p---fa-,Agr.,2274283.14,ATR,Ref=1.315,Agr.,,,
2274283.14,ἑκατόμβη,ἑκατόμβας,n-p---fa-,AccObj. ,2274283.1,OBJ,Ref=1.315,AccObj.,,,
2274283.15,ταῦρος,ταύρων,n-p---mg-,GenSep.,2274283.16,ATR_CO,Ref=1.316,GenSep.,,,
2274283.16,ἠδέ,ἠδ’,c--------,,2274283.14,COORD,Ref=1.316,,,,
2274283.17,αἴξ,αἰγῶν,n-p---mg-,GenSep.,2274283.16,ATR_CO,Ref=1.316,GenSep.,,,
2274283.17,παρά,παρὰ,r--------,Prep3.,2274283.1,AuxP,Ref=1.316,Prep3.,,,
2274283.19,θίς,θῖν’,n-s---ma-,GBP,2274283.18,ADV,Ref=1.316,GBP,,,
2274283.2,ἅλς,ἁλός,n-s---fg-,GenExpl.,2274283.19,ATR,Ref=1.316,GenExpl.,,,
2274283.21,ἀτρύγετος,ἀτρυγέτοιο,a-s---fg-,Agr.,2274283.2,ATR,Ref=1.316|SpaceAfter=No,Agr.,,,
,,,,,,,Ref=1.316,,,,
,,,,,,,,,,,
,,,,,,,,,,,
,,,,,,,,,,,
,,,,,,,,,,,
2274284.1,κνῖσα,κνίση,n-s---fn-,NomSubj.,2274284.4,SBJ,Ref=1.317,NomSubj.,,,
2274284.2,δέ,δ’,g--------,,2274284.0,COORD,Ref=1.317,,,,
2274284.3,οὐρανός,οὐρανόν,n-s---ma-,AccDirec. ,2274284.4,OBJ,Ref=1.317,AccDirec.,,,
2274284.4,ἱκνέομαι,ἷκεν,v3saia---,Aor. | Ind. | Act.,2274284.2,PRED_CO,Ref=1.317,Aor.,Ind.,Act.,
2274284.5,ἑλίσσω,ἑλισσομένη,v-sppefn-,PresNoni. | PartCirc. | MidMotion. | Agr.,2274284.4,ADV,Ref=1.317,PresNoni.,PartCirc.,MidMotion.,Agr.
2274284.6,περί,περί,r--------,Prep3.,2274284.5,AuxP,Ref=1.317,Prep3.,,,
2274284.7,καπνός,καπνῷ,n-s---md-,GBP,2274284.6,OBJ,Ref=1.317|SpaceAfter=No,GBP,,,
,,,,,,,Ref=1.317,,,,
,,,,,,,,,,,
,,,,,,,,,,,
,,,,,,,,,,,
,,,,,,,,,,,
2274285.1,ὡς,ὡς,d--------,,2274285.5,ADV,Ref=1.318,,,,
2274285.1,ὁ,οἳ,p-p---mn-,NomSubj.,2274285.5,SBJ,Ref=1.318,NomSubj.,,,
2274285.3,μέν,μέν,g--------,,2274285.5,AuxY,Ref=1.318,,,,
2274285.3,ὁ,τὰ,p-p---na-,AccObj. ,2274285.5,OBJ,Ref=1.318,AccObj.,,,
2274285.5,πένομαι,πένοντο,v3piie---,Impf. | Ind. | MidIndir.,2274285.0,PRED,Ref=1.318,Impf.,Ind.,MidIndir.,
2274285.6,κατά,κατά,r--------,Prep3.,2274285.5,AuxP,Ref=1.318,Prep3.,,,
2274285.7,στρατός,στρατόν,n-s---ma-,GBP,2274285.6,ADV,Ref=1.318|SpaceAfter=No,GBP,,,
,,,,,,,Ref=1.318,,,,
,,,,,,,,,,,
,,,,,,,,,,,
,,,,,,,,,,,
,,,,,,,,,,,
2274285.7,οὐ,οὐ,d--------,,2274286.4,AuxZ,Ref=1.318|SpaceAfter=No,,,,
2274286.2,δέ,δ’,g--------,,2274286.11,AuxY,Ref=1.318,,,,
2274286.3,Ἀγαμέμνων,Ἀγαμέμνων,n-s---mn-,NomSubj.,2274286.11,SBJ,Ref=1.318,NomSubj.,,,
2274286.4,λήγω,λῆγ’,v3siia---,Impf. | Ind. | Act.,2274286.11,PRED_CO,Ref=1.319,Impf.,Ind.,Act.,
2274286.5,ἔρις,ἔριδος,n-s---fg-,GenVerb. ,2274286.4,OBJ,Ref=1.319,GenVerb.,,,
2274286.5,ὁ,τὴν,p-s---fa-,AccObj. ,2274286.8,OBJ,Ref=1.319,AccObj.,,,
2274286.7,πρῶτος,πρῶτον,a-s---na-,AccAdv.,2274286.8,ADV,Ref=1.319,AccAdv.,,,
2274286.8,ἐπαπειλέω,ἐπηπείλησ’,v3saia---,Aor. | Ind. | Act.,2274286.5,ATR,Ref=1.319,Aor.,Ind.,Act.,
2274286.9,Ἀχιλλεύς,Ἀχιλῆϊ,n-s---md-,DatVerb. ,2274286.8,OBJ,Ref=1.319|SpaceAfter=No,DatVerb.,,,
,,,,,,,Ref=1.319,,,,
2274286.11,ἀλλά,ἀλλ’,c--------,,2274286.0,COORD,Ref=1.320,,,,
2274286.11,ὁ,ὅ,p-s---mn-,NomSubj.,2274286.18,SBJ,Ref=1.320,NomSubj.,,,
2274286.13,γε,γε,g--------,,2274286.12,AuxZ,Ref=1.320,,,,
2274286.14,Ταλθύβιος,Ταλθύβιόν,n-s---ma-,AccObj. ,2274286.16,OBJ_CO,Ref=1.320,AccObj.,,,
2274286.15,τε,τε,g--------,,2274286.16,AuxY,Ref=1.320,,,,
2274286.16,καί,καί,c--------,,2274286.18,COORD,Ref=1.320,,,,
2274286.17,Εὐρυβάτης,Εὐρυβάτην,n-s---ma-,AccObj. ,2274286.16,OBJ_CO,Ref=1.320,AccObj.,,,
2274286.18,προσεῖπον,προσέειπε,v3saia---,Aor. | Ind. | Act.,2274286.11,PRED_CO,Ref=1.320|SpaceAfter=No,Aor.,Ind.,Act.,
,,,,,,,Ref=1.320,,,,
2274286.18,ὁ,τώ,p-d---mn-,NomSubj.,2274286.22,SBJ,Ref=1.321,NomSubj.,,,
2274286.18,ἕ,οἱ,p-s---md-,DatPos.,2274286.22,OBJ,Ref=1.321,DatPos.,,,
2274286.18,εἰμί,ἔσαν,v3piia---,Impf. | Ind. | Act.,2274286.16,ATR,Ref=1.321,Impf.,Ind.,Act.,
2274286.23,κῆρυξ,κήρυκε,n-d---mn-,NomPred.,2274286.24,PNOM_CO,Ref=1.321,NomPred.,,,
2274286.24,καί,καί,c--------,,2274286.22,COORD,Ref=1.321,,,,
2274286.25,ὀτρηρός,ὀτρηρώ,a-d---mn-,Agr.,2274286.26,ATR,Ref=1.321,Agr.,,,
2274286.26,θεράπων,θεράποντε,n-d---mn-,NomPred.,2274286.24,PNOM_CO,Ref=1.321|SpaceAfter=No,NomPred.,,,
,,,,,,,Ref=1.321,,,,
,,,,,,,,,,,
,,,,,,,,,,,
,,,,,,,,,,,
,,,,,,,,,,,
2274287.1,ἔρχομαι,ἔρχεσθον,v2dpme---,PresNoni. | ImprComm. | MidMotion.,2274287.0,PRED,Ref=1.322,PresNoni.,ImprComm.,MidMotion.,
2274287.2,κλισία,κλισίην,n-s---fa-,AccDirec.,2274287.1,OBJ,Ref=1.322,AccDirec.,,,
2274287.3,Πηληιάδης,Πηληϊάδεω,n-s---mg-,Agr.,2274287.4,ATR,Ref=1.322,Agr.,,,
2274287.4,Ἀχιλλεύς,Ἀχιλῆος,n-s---mg-,GenPos. ,2274287.2,ATR,Ref=1.322|SpaceAfter=No,GenPos.,,,
,,,,,,,Ref=1.322,,,,
,,,,,,,,,,,
,,,,,,,,,,,
,,,,,,,,,,,
,,,,,,,,,,,
2274287.4,χείρ,χειρὸς,n-s---fg-,GenPart.,2274288.2,OBJ,Ref=1.323,GenPart.,,,
2274288.2,αἱρέω,ἑλόντ’,v-dapamn-,AorNoni. | PartCirc. | Act. | Agr.,2274288.3,ADV,Ref=1.323,AorNoni.,PartCirc.,Act.,Agr.
2274288.3,ἄγω,ἀγέμεν,**,PresNoni. | InfDyn. | Act.,2274288.0,PRED,Ref=1.323,PresNoni.,InfDyn.,Act.,
2274288.4,Βρισηίς,Βρισηΐδα,n-s---fa-,AccObj. ,2274288.3,OBJ,Ref=1.323,AccObj.,,,
2274288.5,καλλιπάρηος,καλλιπάρῃον,a-s---fa-,Agr.,2274288.4,ATR,Ref=1.323|SpaceAfter=No,Agr.,,,
,,,,,,,Ref=1.323,,,,
,,,,,,,,,,,
,,,,,,,,,,,
,,,,,,,,,,,
,,,,,,,,,,,
2274289.1,εἰ,εἰ,c--------,,2274289.1,AuxC,Ref=1.324,,,,
2274289.2,δέ,δέ,g--------,,2274289.0,COORD,Ref=1.324,,,,
2274289.3,ἄν,κε,g--------,,2274289.5,AuxY,Ref=1.324,,,,
2274289.4,μή,μή,g--------,,2274289.5,AuxZ,Ref=1.324,,,,
2274289.5,δίδωμι,δώῃσιν,v3sasa---,AorNoni. | SubjSubor. | Act.,2274289.1,ADV,Ref=1.324,AorNoni.,SubjSubor.,Act.,
2274289.5,ἐγώ,ἐγὼ,p-s---mn-,NomSubj.,2274289.1,SBJ,Ref=1.324,NomSubj.,,,
2274289.7,δέ,δέ,g--------,,2274289.1,AuxY,Ref=1.324,,,,
2274289.8,ἄν,κεν,g--------,,2274289.1,AuxY,Ref=1.324,,,,
2274289.9,αὐτός,αὐτός,a-s---mn-,Agr.,2274289.6,ATV,Ref=1.324,Agr.,,,
2274289.1,αἱρέω,ἕλωμαι,v1sasm---,AorNoni. | SubjHomer. | MidIndir.,2274289.2,PRED_CO,Ref=1.324,AorNoni.,SubjHomer.,MidIndir.,
2274289.11,ἔρχομαι,ἐλθών,v-sapamn-,AorNoni. | PartCirc. | Act. | Agr.,2274289.1,ADV,Ref=1.325,AorNoni.,PartCirc.,Act.,Agr.
2274289.12,σύν,σύν,r--------,Prep2.,2274289.11,AuxP,Ref=1.325,Prep2.,,,
2274289.13,πλείων,πλεόνεσσι,a-p---mdc,GBP,2274289.12,ADV,Ref=1.325|SpaceAfter=No,GBP,,,
,,,,,,,Ref=1.325,,,,
,,,,,,,,,,,
,,,,,,,,,,,
,,,,,,,,,,,
,,,,,,,,,,,
2274289.13,ὁ,τό,p-s---nn-,NomSubj.,2274290.5,SBJ,Ref=1.325,NomSubj.,,,
2274289.13,ἕ,οἱ,p-s---md-,DatExpr.,2274290.5,ADV,Ref=1.325,DatExpr.,,,
2274290.3,καί,καί,d--------,,2274290.4,AuxZ,Ref=1.325,,,,
2274290.4,ῥίγιον,ῥίγιον,a-s---nn-,NomPred.,2274290.5,PNOM,Ref=1.325,NomPred.,,,
2274290.4,εἰμί,ἔσται,v3sfi----,FutHypo. | Ind. | MidSpon.,2274290.0,PRED,Ref=1.325|SpaceAfter=No,FutHypo.,Ind.,MidSpon.,
,,,,,,,Ref=1.325,,,,
,,,,,,,,,,,
,,,,,,,,,,,
,,,,,,,,,,,
,,,,,,,,,,,
2274291.1,ὡς,ὡς,d--------,,2274291.2,ADV,Ref=1.326,,,,
2274291.2,εἶπον,εἰπών,v-sapamn-,AorNoni. | PartCirc. | Act. | Agr.,2274291.3,ADV,Ref=1.326,AorNoni.,PartCirc.,Act.,Agr.
2274291.3,προίημι,προΐει,v3siia---,Impf. | Ind. | Act.,2274291.6,PRED_CO,Ref=1.326|SpaceAfter=No,Impf.,Ind.,Act.,
,,,,,,,Ref=1.326,,,,
2274291.5,κρατερός,κρατερόν,a-s---ma-,Agr.,2274291.8,ATR,Ref=1.326,Agr.,,,
2274291.6,δέ,δ’,g--------,,2274291.0,COORD,Ref=1.326,,,,
2274291.7,ἐπί,ἐπί,r--------,Preverb,2274291.9,AuxZ,Ref=1.326,Preverb,,,
2274291.8,μῦθος,μῦθον,n-s---ma-,GBP,2274291.9,OBJ,Ref=1.326,GBP,,,
2274291.9,τέλλω,ἔτελλε,v3siia---,Impf. | Ind. | Act.,2274291.6,PRED_CO,Ref=1.326|SpaceAfter=No,Impf.,Ind.,Act.,
,,,,,,,Ref=1.326,,,,
,,,,,,,,,,,
,,,,,,,,,,,
,,,,,,,,,,,
,,,,,,,,,,,
2274291.9,ὁ,τὼ,p-d---mn-,NomSubj.,2274292.2,SBJ,Ref=1.327,NomSubj.,,,
2274292.2,δέ,δ’,g--------,,2274292.2,AuxY,Ref=1.327,,,,
2274292.3,ἀέκων,ἀέκοντε,a-d---mn-,Agr.,2274292.1,ATV,Ref=1.327,Agr.,,,
2274292.4,βαίνω,βάτην,v3daia---,Aor. | Ind. | Act.,2274292.2,PRED_CO,Ref=1.327,Aor.,Ind.,Act.,
2274292.4,παρά,παρὰ,r--------,Prep3.,2274292.4,AuxP,Ref=1.327,Prep3.,,,
2274292.6,θίς,θῖν’,n-s---ma-,GBP,2274292.5,OBJ,Ref=1.327,GBP,,,
2274292.7,ἅλς,ἁλός,n-s---fg-,GenExpl.,2274292.6,ATR,Ref=1.327,GenExpl.,,,
2274292.8,ἀτρύγετος,ἀτρυγέτοιο,a-s---fg-,Agr.,2274292.7,ATR,Ref=1.327|SpaceAfter=No,Agr.,,,
,,,,,,,Ref=1.327,,,,
2274292.1,Μυρμιδόνες,Μυρμιδόνων,n-p---mg-,GenPos. ,2274292.15,ATR,Ref=1.328,GenPos.,,,
2274292.11,δέ,δ’,g--------,,2274292.2,AuxY,Ref=1.328,,,,
2274292.12,ἐπί,ἐπί,r--------,Prep3.,2274292.17,AuxP,Ref=1.328,Prep3.,,,
2274292.13,τε,τε,g--------,,2274292.15,AuxY,Ref=1.328,,,,
2274292.14,κλισία,κλισίας,n-p---fa-,GBP,2274292.15,OBJ_CO,Ref=1.328,GBP,,,
2274292.15,καί,καί,c--------,,2274292.12,COORD,Ref=1.328,,,,
2274292.16,ναῦς,νῆας,n-p---fa-,GBP,2274292.15,OBJ_CO,Ref=1.328,GBP,,,
2274292.17,ἱκνέομαι,ἱκέσθην,v3daim---,Aor. | Ind. | MidMotion.,2274292.2,PRED_CO,Ref=1.328|SpaceAfter=No,Aor.,Ind.,MidMotion.,
,,,,,,,Ref=1.328,,,,
2274292.17,ὁ,τὸν,p-s---ma-,AccObj. ,2274292.21,OBJ,Ref=1.329,AccObj.,,,
2274292.2,δέ,δ’,g--------,,2274292.0,COORD,Ref=1.329,,,,
2274292.21,εὑρίσκω,εὗρον,v3paia---,Aor. | Ind. | Act.,2274292.2,PRED_CO,Ref=1.329,Aor.,Ind.,Act.,
2274292.21,παρά,παρά,r--------,Prep3.,2274292.28,AuxP,Ref=1.329,Prep3.,,,
2274292.23,τε,τε,g--------,,2274292.25,AuxY,Ref=1.329,,,,
2274292.24,κλισία,κλισίῃ,n-s---fd-,GBP,2274292.25,OBJ_CO,Ref=1.329,GBP,,,
2274292.25,καί,καί,c--------,,2274292.22,COORD,Ref=1.329,,,,
2274292.25,ναῦς,νηί,n-s---fd-,GBP,2274292.25,OBJ_CO,Ref=1.329,GBP,,,
2274292.27,μέλας,μελαίνῃ,a-s---fd-,Agr.,2274292.26,ATR,Ref=1.329,Agr.,,,
2274292.28,ἧμαι,ἥμενον,v-srpema-,PerfNoni. | PartAttr. | MidMotion. | Agr.,2274292.19,ATV,Ref=1.330|SpaceAfter=No,PerfNoni.,PartAttr.,MidMotion.,Agr.
,,,,,,,Ref=1.330,,,,
,,,,,,,,,,,
,,,,,,,,,,,
,,,,,,,,,,,
,,,,,,,,,,,
2274292.28,οὐ,οὐ,d--------,,2274293.7,AuxZ,Ref=1.330|SpaceAfter=No,,,,
2274293.2,δέ,δ’,g--------,,2274293.0,COORD,Ref=1.330,,,,
2274293.2,ἄρα,ἄρα,g--------,,2274293.7,AuxY,Ref=1.330,,,,
2274293.2,ὁ,τώ,p-d---ma-,AccObj. ,2274293.6,OBJ,Ref=1.330,AccObj.,,,
2274293.5,γε,γε,g--------,,2274293.4,AuxZ,Ref=1.330,,,,
2274293.6,εἶδον,ἰδών,v-sapamn-,AorNoni. | PartSupp. | Act. | Agr.,2274293.7,ADV,Ref=1.330,AorNoni.,PartSupp.,Act.,Agr.
2274293.7,γηθέω,γήθησεν,v3saia---,AorIngr. | Ind. | Act.,2274293.2,PRED_CO,Ref=1.330,AorIngr.,Ind.,Act.,
2274293.8,Ἀχιλλεύς,Ἀχιλλεύς,n-s---mn-,NomSubj.,2274293.7,SBJ,Ref=1.330|SpaceAfter=No,NomSubj.,,,
,,,,,,,Ref=1.330,,,,
,,,,,,,,,,,
,,,,,,,,,,,
,,,,,,,,,,,
,,,,,,,,,,,
2274293.8,ὁ,τὼ,p-d---mn-,NomSubj.,2274294.15,SBJ,Ref=1.331,NomSubj.,,,
2274294.2,μέν,μέν,g--------,,2274294.1,AuxY,Ref=1.331,,,,
2274294.3,ταρβέω,ταρβήσαντε,v-dapamn-,AorNoni. | PartCirc. | Act. | Agr.,2274294.4,ADV_CO,Ref=1.331,AorNoni.,PartCirc.,Act.,Agr.
2274294.4,καί,καί,c--------,,2274294.7,COORD,Ref=1.331,,,,
2274294.5,αἰδέομαι,αἰδομένω,v-dppemn-,PresNoni. | PartCirc. | MidMent. | Agr.,2274294.4,ADV_CO,Ref=1.331,PresNoni.,PartCirc.,MidMent.,Agr.
2274294.6,βασιλεύς,βασιλῆα,n-s---ma-,AccObj. ,2274294.5,OBJ,Ref=1.331,AccObj.,,,
2274294.7,ἵστημι,στήτην,v3daia---,Aor. | Ind. | Act.,2274294.1,PRED_CO,Ref=1.332|SpaceAfter=No,Aor.,Ind.,Act.,
,,,,,,,Ref=1.332,,,,
2274294.7,οὐ,οὐ,d--------,,2274294.13,AuxZ,Ref=1.332|SpaceAfter=No,,,,
2274294.1,δέ,δέ,g--------,,2274294.15,AuxY,Ref=1.332,,,,
2274294.1,τις,τί,p-s---na-,AccObj. ,2274294.15,OBJ,Ref=1.332,AccObj.,,,
2274294.1,μιν,μιν,p-s---ma-,AccDoubl.,2274294.15,OBJ,Ref=1.332,AccDoubl.,,,
2274294.13,προσφωνέω,προσεφώνεον,v3piia---,ImpfDesc. | Ind. | Act.,2274294.15,PRED_CO,Ref=1.332,ImpfDesc.,Ind.,Act.,
2274294.13,οὐ,οὐ,d--------,,2274294.16,AuxZ,Ref=1.332|SpaceAfter=No,,,,
2274294.15,δέ,δ’,g--------,,2274294.0,COORD,Ref=1.332,,,,
2274294.16,ἔρομαι,ἐρέοντο,v3piie---,ImpfDesc. | Ind. | MidSpee.,2274294.15,PRED_CO,Ref=1.332|SpaceAfter=No,ImpfDesc.,Ind.,MidSpee.,
,,,,,,,Ref=1.332,,,,
,,,,,,,,,,,
,,,,,,,,,,,
,,,,,,,,,,,
,,,,,,,,,,,
2274295.1,ἀτάρ,αὐτάρ,g--------,,2274295.8,AuxY,Ref=1.333,,,,
2274295.1,ὁ,ὃ,p-s---mn-,NomSubj.,2274295.8,SBJ,Ref=1.333,NomSubj.,,,
2274295.3,γιγνώσκω,ἔγνω,v3saia---,Aor. | Ind. | Act.,2274295.8,PRED_CO,Ref=1.333,Aor.,Ind.,Act.,
2274295.3,ἑός,ᾗσιν,a-p---fd-,Agr.,2274295.6,ATR,Ref=1.333,Agr.,,,
2274295.5,ἐν,ἐνί,r--------,Prep3.,2274295.3,AuxP,Ref=1.333,Prep3.,,,
2274295.6,φρήν,φρεσί,n-p---fd-,GBP,2274295.5,ADV,Ref=1.333,GBP,,,
2274295.7,φωνέω,φώνησέν,v3saia---,AorIngr. | Ind. | Act.,2274295.8,PRED_CO,Ref=1.333,AorIngr.,Ind.,Act.,
2274295.8,τε,τε,g--------,,2274295.0,COORD,Ref=1.333|SpaceAfter=No,,,,
,,,,,,,Ref=1.333,,,,
,,,,,,,,,,,
,,,,,,,,,,,
,,,,,,,,,,,
,,,,,,,,,,,
2274296.1,χαίρω,χαίρετε,v2ppma---,PresNoni. | ImprComm. | Act.,2274296.8,PRED_CO,Ref=1.334,PresNoni.,ImprComm.,Act.,
2274296.2,κῆρυξ,κήρυκες,n-p---mv-,Voc.,2274296.12,ExD_AP,Ref=1.334,Voc.,,,
2274296.3,Ζεύς,Διός,n-s---mg-,GenObj.,2274296.5,ATR_CO,Ref=1.334,GenObj.,,,
2274296.4,ἄγγελος,ἄγγελοι,n-p---mv-,Voc.,2274296.12,ExD_AP,Ref=1.334,Voc.,,,
2274296.5,ἠδέ,ἠδέ,c--------,,2274296.4,COORD,Ref=1.334,,,,
2274296.6,καί,καί,d--------,,2274296.7,AuxZ,Ref=1.334,,,,
2274296.7,ἀνήρ,ἀνδρῶν,n-p---mg-,GenObj.,2274296.5,ATR_CO,Ref=1.334|SpaceAfter=No,GenObj.,,,
,,,,,,,Ref=1.334,,,,
2274296.9,ἆσσον,ἆσσον,d--------,,2274296.1,OBJ,Ref=1.335,,,,
2274296.1,εἶμι,ἴτ’,v2ppma---,PresNoni. | ImprComm. | Act.,2274296.8,PRED_CO,Ref=1.335|SpaceAfter=No,PresNoni.,ImprComm.,Act.,
,,,,,,,Ref=1.335,,,,
,,,,,,,,,,,
,,,,,,,,,,,
,,,,,,,,,,,
,,,,,,,,,,,
2274296.1,οὐ,οὔ,d--------,,2274297.16,AuxZ,Ref=1.335,,,,
2274296.1,τις,τί,p-s---na-,,2274297.16,ADV,Ref=1.335,,,,
2274296.1,ἐγώ,μοι,p-s---md-,DatExpr.,2274297.16,ADV,Ref=1.335,DatExpr.,,,
2274296.1,σύ,ὔμμες,p-p----n-,NomSubj.,2274297.16,SBJ,Ref=1.335,NomSubj.,,,
2274297.5,ἐπαίτιος,ἐπαίτιοι,a-p---mn-,NomPred.,2274297.16,PNOM,Ref=1.335,NomPred.,,,
2274297.6,ἀλλά,ἀλλ’,c--------,,2274297.0,COORD,Ref=1.335,,,,
,,,,,,,_,,,,
2274297.7,Ἀγαμέμνων,Ἀγαμέμνων,n-s---mn-,NomSubj.,2274297.17,SBJ,Ref=1.335|SpaceAfter=No,NomSubj.,,,
,,,,,,,Ref=1.335,,,,
2274297.7,ὁ,ὃ,p-s---mn-,NomSubj.,2274297.11,SBJ,Ref=1.336,NomSubj.,,,
2274297.7,σύ,σφῶϊ,p-d----a-,AccObj. ,2274297.11,OBJ,Ref=1.336,AccObj.,,,
2274297.11,προίημι,προΐει,v3siia---,Impf. | Ind. | Act.,2274297.7,ATR,Ref=1.336,Impf.,Ind.,Act.,
2274297.12,Βρισηίς,Βρισηΐδος,n-s---fg-,Agr.,2274297.14,ATR,Ref=1.336,Agr.,,,
2274297.13,ἕνεκα,εἵνεκα,r--------,Prep1.,2274297.11,AuxP,Ref=1.336,Prep1.,,,
2274297.14,κόρη,κούρης,n-s---fg-,GBP,2274297.13,ADV,Ref=1.336|SpaceAfter=No,GBP,,,
,,,,,,,Ref=1.336,,,,
,,,,,,,,,,,
,,,,,,,,,,,
,,,,,,,,,,,
,,,,,,,,,,,
2274298.1,ἀλλά,ἀλλ’,d--------,,2274298.7,AuxY,Ref=1.337,,,,
2274298.2,ἄγε,ἄγε,d--------,,2274298.7,AuxY,Ref=1.337,,,,
2274298.3,διογενής,διογενές,a-s---nv-,Agr.,2274298.4,ATR,Ref=1.337,Agr.,,,
2274298.4,Πάτροκλος,Πατρόκλεες,n-s---mv-,Voc.,2274298.7,ExD,Ref=1.337,Voc.,,,
2274298.5,ἐξάγω,ἔξαγε,v2spma---,PresNoni. | ImprComm. | Act.,2274298.7,PRED_CO,Ref=1.337,PresNoni.,ImprComm.,Act.,
2274298.6,κόρη,κούρην,n-s---fa-,AccObj. ,2274298.5,OBJ,Ref=1.337,AccObj.,,,
2274298.7,καί,καί,c--------,,2274298.0,COORD,Ref=1.338,,,,
2274298.7,σφεῖς,σφωϊν,p-d---md-,DatVerb. ,2274298.9,OBJ,Ref=1.338,DatVerb.,,,
2274298.9,δίδωμι,δός,v2sama---,AorNoni. | ImprComm. | Act.,2274298.7,PRED_CO,Ref=1.338,AorNoni.,ImprComm.,Act.,
2274298.1,ἄγω,ἄγειν,**,PresNoni. | InfDyn. | Act.,2274298.9,ADV,Ref=1.338|SpaceAfter=No,PresNoni.,InfDyn.,Act.,
,,,,,,,Ref=1.338,,,,
,,,,,,,,,,,
,,,,,,,,,,,
,,,,,,,,,,,
,,,,,,,,,,,
2274298.1,ὁ,τὼ,p-d---mn-,NomSubj.,2274299.5,SBJ,Ref=1.338,NomSubj.,,,
2274299.2,δέ,δ’,g--------,,2274299.0,COORD,Ref=1.338,,,,
2274299.3,αὐτός,αὐτώ,a-d---mn-,Agr.,2274299.1,ATV,Ref=1.338,Agr.,,,
2274299.4,μάρτυρος,μάρτυροι,n-p---mn-,NomPred.,2274299.5,PNOM,Ref=1.338,NomPred.,,,
2274299.4,εἰμί,ἔστων,v3ppma---,PresNoni. | ImprComm. | Act.,2274299.2,PRED_CO,Ref=1.338,PresNoni.,ImprComm.,Act.,
2274299.6,πρός,πρός,r--------,Prep3.,2274299.14,AuxP,Ref=1.339,Prep3.,,,
2274299.7,τε,τε,g--------,,2274299.14,AuxY,Ref=1.339,,,,
2274299.8,θεός,θεῶν,n-p---mg-,GBP,2274299.6,ADV_CO,Ref=1.339,GBP,,,
2274299.9,μάκαρος,μακάρων,a-p---mg-,Agr.,2274299.8,ATR,Ref=1.339,Agr.,,,
2274299.1,πρός,πρός,r--------,Prep3.,2274299.14,AuxP,Ref=1.339,Prep3.,,,
2274299.11,τε,τε,g--------,,2274299.14,AuxY,Ref=1.339,,,,
2274299.12,θνητός,θνητῶν,a-p---mg-,Agr.,2274299.13,ATR,Ref=1.339,Agr.,,,
2274299.13,ἄνθρωπος,ἀνθρώπων,n-p---mg-,GBP,2274299.1,ADV_CO,Ref=1.339,GBP,,,
2274299.14,καί,καί,c--------,,2274299.5,COORD,Ref=1.340,,,,
2274299.15,πρός,πρός,r--------,Prep3.,2274299.14,AuxP,Ref=1.340,Prep3.,,,
2274299.15,ὁ,τοῦ,l-s---mg-,,2274299.17,ATR,Ref=1.340,,,,
2274299.17,βασιλεύς,βασιλῆος,n-s---mg-,GBP,2274299.15,ADV_CO,Ref=1.340,GBP,,,
2274299.18,ἀπηνής,ἀπηνέος,a-s---mg-,Agr.,2274299.17,ATR,Ref=1.340,Agr.,,,
2274299.19,εἰ,εἴ,c--------,,2274299.5,AuxC,Ref=1.340,,,,
2274299.2,ποτέ,ποτε,g--------,,2274299.25,ADV,Ref=1.340,,,,
2274299.21,δέ,δ’,g--------,,2274299.25,AuxY,Ref=1.340,,,,
2274299.22,αὖτε,αὖτε,d--------,,2274299.25,ADV,Ref=1.340,,,,
2274299.23,χρεώ,χρειώ,n-s---fn-,NomSubj.,2274299.25,SBJ,Ref=1.341,NomSubj.,,,
2274299.23,ἐγώ,ἐμεῖο,p-s---mg-,,2274299.23,ATR,Ref=1.341,,,,
2274299.25,γίγνομαι,γένηται,v3sasm---,AorNoni. | SubjSubor. | MidSpon.,2274299.19,ADV,Ref=1.341,AorNoni.,SubjSubor.,MidSpon.,
2274299.26,ἀεικής,ἀεικέα,a-s---ma-,Agr.,2274299.27,ATR,Ref=1.341,Agr.,,,
2274299.27,λοιγός,λοιγόν,n-s---ma-,AccObj. ,2274299.28,OBJ,Ref=1.341,AccObj.,,,
2274299.28,ἀμύνω,ἀμῦναι,**,AorNoni. | InfDyn. | Act.,2274299.23,ATR,Ref=1.341,AorNoni.,InfDyn.,Act.,
2274299.28,ὁ,τοῖς,l-p---md-,Agr.,2274299.3,ATR,Ref=1.342,Agr.,,,
2274299.3,ἄλλος,ἄλλοις,a-p---md-,DatVerb. ,2274299.28,OBJ,Ref=1.342|SpaceAfter=No,DatVerb.,,,
,,,,,,,Ref=1.342,,,,
,,,,,,,,,,,
,,,,,,,,,,,
,,,,,,,,,,,
,,,,,,,,,,,
2274300.1,ἦ,ἦ,d--------,,2274300.1,AuxY,Ref=1.342,,,,
2274300.2,γάρ,γάρ,g--------,,2274300.1,AuxY,Ref=1.342,,,,
2274300.2,ὁ,ὅ,p-s---mn-,NomSubj.,2274300.1,SBJ,Ref=1.342,NomSubj.,,,
2274300.4,γε,γ’,g--------,,2274300.3,AuxZ,Ref=1.342,,,,
2274300.5,ὀλοός,ὀλοιῇσι,a-p---fd-,Agr.,2274300.6,ATR,Ref=1.342,Agr.,,,
2274300.6,φρήν,φρεσί,n-p---fd-,DatLoc.,2274300.7,ADV,Ref=1.342,DatLoc.,,,
2274300.7,θύω,θύει,v3spia---,Pres. | Ind. | Act.,2274300.1,PRED_CO,Ref=1.342|SpaceAfter=No,Pres.,Ind.,Act.,
,,,,,,,Ref=1.342,,,,
2274300.7,οὐ,οὐ,d--------,,2274300.12,AuxZ,Ref=1.343|SpaceAfter=No,,,,
2274300.1,δέ,δέ,g--------,,2274300.0,COORD,Ref=1.343,,,,
2274300.1,τις,τι,p-s---na-,,2274300.12,ADV,Ref=1.343,,,,
2274300.12,οἶδα,οἶδε,v3sria---,PerfInten. | Ind. | Act.,2274300.1,PRED_CO,Ref=1.343,PerfInten.,Ind.,Act.,
2274300.13,νοέω,νοῆσαι,**,AorNoni. | InfDyn. | Act.,2274300.12,OBJ,Ref=1.343,AorNoni.,InfDyn.,Act.,
2274300.14,ἅμα,ἅμα,d--------,,2274300.16,AuxY,Ref=1.343,,,,
2274300.15,πρόσω,πρόσσω,d--------,,2274300.16,ADV_CO,Ref=1.343,,,,
2274300.16,καί,καί,c--------,,2274300.13,COORD,Ref=1.343,,,,
2274300.17,ὀπίσω,ὀπίσσω,d--------,,2274300.16,ADV_CO,Ref=1.343|SpaceAfter=No,,,,
,,,,,,,Ref=1.343,,,,
2274300.19,ὅπως,ὅππως,c--------,,2274300.13,AuxC,Ref=1.344,,,,
2274300.19,ἕ,οἱ,p-s---md-,DatAdvn.,2274300.25,ATR,Ref=1.344,DatAdvn.,,,
2274300.19,παρά,παρὰ,r--------,Prep3.,2274300.24,AuxP,Ref=1.344,Prep3.,,,
2274300.22,ναῦς,νηυσί,n-p---fd-,GBP,2274300.21,ADV,Ref=1.344,GBP,,,
2274300.23,σῶς,σόοι,a-p---mn-,Agr.,2274300.25,ATV,Ref=1.344,Agr.,,,
2274300.24,μάχομαι,μαχέοιντο,v3ppoe---,PresNoni. | OptSubor. | MidRecip.,2274300.19,ADV,Ref=1.344,PresNoni.,OptSubor.,MidRecip.,
2274300.25,Ἀχαιός,Ἀχαιοί,a-p---mn-,NomSubj.,2274300.24,SBJ,Ref=1.344|SpaceAfter=No,NomSubj.,,,
,,,,,,,Ref=1.344,,,,
,,,,,,,,,,,
,,,,,,,,,,,
,,,,,,,,,,,
,,,,,,,,,,,
2274301.1,ὡς,ὡς,d--------,,2274301.2,ADV,Ref=1.345,,,,
2274301.2,φημί,φάτο,v3saim---,Aor. | Ind. | MidSpee.,2274301.18,PRED_CO,Ref=1.345|SpaceAfter=No,Aor.,Ind.,MidSpee.,
,,,,,,,Ref=1.345,,,,
2274301.4,Πάτροκλος,Πάτροκλος,n-s---mn-,NomSubj.,2274301.7,SBJ,Ref=1.345,NomSubj.,,,
2274301.5,δέ,δέ,g--------,,2274301.18,AuxY,Ref=1.345,,,,
2274301.6,φίλος,φίλῳ,a-s---md-,Agr.,2274301.8,ATR,Ref=1.345,Agr.,,,
2274301.7,ἐπιπείθομαι,ἐπεπείθεθ’,v3siie---,ImpfCons. | Ind. | MidSpon.,2274301.18,PRED_CO,Ref=1.345,ImpfCons.,Ind.,MidSpon.,
2274301.8,ἑταῖρος,ἑταίρῳ,n-s---md-,DatVerb. ,2274301.7,OBJ,Ref=1.345|SpaceAfter=No,DatVerb.,,,
,,,,,,,Ref=1.345,,,,
2274301.1,ἐκ,ἐκ,r--------,Prep3.,2274301.12,AuxP,Ref=1.346,Prep3.,,,
2274301.11,δέ,δ’,g--------,,2274301.18,AuxY,Ref=1.346,,,,
2274301.12,ἄγω,ἄγαγε,v3saia---,AorComp. | Ind. | Act.,2274301.18,PRED_CO,Ref=1.346,AorComp.,Ind.,Act.,
2274301.13,κλισία,κλισίης,n-s---fg-,GBP,2274301.1,OBJ,Ref=1.346,GBP,,,
2274301.14,Βρισηίς,Βρισηΐδα,n-s---fa-,AccObj. ,2274301.12,OBJ,Ref=1.346,AccObj.,,,
2274301.15,καλλιπάρηος,καλλιπάρῃον,a-s---fa-,Agr.,2274301.14,ATR,Ref=1.346|SpaceAfter=No,Agr.,,,
,,,,,,,Ref=1.346,,,,
2274301.17,δίδωμι,δῶκε,v3saia---,Aor. | Ind. | Act.,2274301.18,PRED_CO,Ref=1.347,Aor.,Ind.,Act.,
2274301.18,δέ,δ’,g--------,,2274301.0,COORD,Ref=1.347,,,,
2274301.19,ἄγω,ἄγειν,**,PresNoni. | InfDyn. | Act.,2274301.17,ADV,Ref=1.347|SpaceAfter=No,PresNoni.,InfDyn.,Act.,
,,,,,,,Ref=1.347,,,,
,,,,,,,,,,,
,,,,,,,,,,,
,,,,,,,,,,,
,,,,,,,,,,,
2274301.19,ὁ,τὼ,p-d---mn-,NomSubj.,2274302.4,SBJ,Ref=1.347,NomSubj.,,,
2274302.2,δέ,δ’,g--------,,2274302.0,COORD,Ref=1.347,,,,
2274302.3,αὖθις,αὖτις,d--------,,2274302.4,OBJ,Ref=1.347,,,,
2274302.4,εἶμι,ἴτην,v3diia---,ImpfCona. | Ind. | Act.,2274302.2,PRED_CO,Ref=1.347,ImpfCona.,Ind.,Act.,
2274302.4,παρά,παρὰ,r--------,Prep3.,2274302.4,AuxP,Ref=1.347,Prep3.,,,
2274302.6,ναῦς,νῆας,n-p---fa-,GBP,2274302.5,OBJ,Ref=1.347,GBP,,,
2274302.7,Ἀχαιός,Ἀχαιῶν,a-p---mg-,GenPos. ,2274302.6,ATR,Ref=1.347|SpaceAfter=No,GenPos.,,,
,,,,,,,Ref=1.347,,,,
,,,,,,,,,,,
,,,,,,,,,,,
,,,,,,,,,,,
,,,,,,,,,,,
2274302.7,ὁ,ἣ,l-s---fn-,Agr.,2274303.6,ATR,Ref=1.348,Agr.,,,
2274303.2,δέ,δ’,g--------,,2274303.0,COORD,Ref=1.348,,,,
2274303.3,ἀέκων,ἀέκουσ’,a-s---fn-,Agr.,2274303.6,ATV,Ref=1.348,Agr.,,,
2274303.4,ἅμα,ἅμα,r--------,Prep2.,2274303.7,AuxP,Ref=1.348,Prep2.,,,
2274303.4,ὁ,τοῖσι,p-p---md-,GBP,2274303.4,ADV,Ref=1.348,GBP,,,
2274303.6,γυνή,γυνή,n-s---fn-,NomSubj.,2274303.7,SBJ,Ref=1.348,NomSubj.,,,
2274303.7,κίω,κίεν,v3siia---,ImpfCona. | Ind. | Act.,2274303.2,PRED_CO,Ref=1.348|SpaceAfter=No,ImpfCona.,Ind.,Act.,
,,,,,,,Ref=1.348,,,,
,,,,,,,,,,,
,,,,,,,,,,,
,,,,,,,,,,,
,,,,,,,,,,,
2274304.1,ἀτάρ,αὐτάρ,g--------,,2274304.6,AuxY,Ref=1.348,,,,
2274304.2,Ἀχιλλεύς,Ἀχιλλεύς,n-s---mn-,NomSubj.,2274304.6,SBJ,Ref=1.348,NomSubj.,,,
2274304.3,δακρύω,δακρύσας,v-sapamn-,AorNoni. | PartCirc. | Act. | Agr.,2274304.6,ADV,Ref=1.349,AorNoni.,PartCirc.,Act.,Agr.
2274304.4,ἑταῖρος,ἑτάρων,n-p---mg-,GBP,2274304.7,ADV,Ref=1.349,GBP,,,
2274304.5,ἄφαρ,ἄφαρ,d--------,,2274304.6,ADV,Ref=1.349,,,,
2274304.6,ἕζομαι,ἕζετο,v3siie---,Impf. | Ind. | MidMotion.,2274304.0,PRED,Ref=1.349,Impf.,Ind.,MidMotion.,
2274304.7,νόσφι,νόσφι,r--------,Prep3.,2274304.8,AuxP,Ref=1.349,Prep3.,,,
2274304.8,λιάζομαι,λιασθείς,v-sapemn-,AorNoni. | PartCirc. | MidMotion. | Agr.,2274304.6,ADV,Ref=1.349|SpaceAfter=No,AorNoni.,PartCirc.,MidMotion.,Agr.
,,,,,,,Ref=1.349,,,,
2274304.1,θίς,θῖν’,n-s---ma-,GBP,2274304.11,OBJ,Ref=1.350,GBP,,,
2274304.11,ἐπί,ἔφ’,r--------,Prep3.,2274304.6,AuxP,Ref=1.350,Prep3.,,,
2274304.12,ἅλς,ἁλός,n-s---fg-,GenExpl.,2274304.1,ATR,Ref=1.350,GenExpl.,,,
2274304.13,πολιός,πολιῆς,a-s---fg-,Agr.,2274304.12,ATR,Ref=1.350|SpaceAfter=No,Agr.,,,
,,,,,,,Ref=1.350,,,,
2274304.15,ὁράω,ὁρόων,v-sppamn-,PresNoni. | PartCirc. | Act. | Agr.,2274304.6,ADV,Ref=1.350,PresNoni.,PartCirc.,Act.,Agr.
2274304.16,ἐπί,ἐπ’,r--------,Prep3.,2274304.15,AuxP,Ref=1.350,Prep3.,,,
2274304.17,ἀπείρων,ἀπείρονα,a-s---ma-,Agr.,2274304.18,ATR,Ref=1.350,Agr.,,,
2274304.18,πόντος,πόντον,n-s---ma-,GBP,2274304.16,OBJ,Ref=1.350|SpaceAfter=No,GBP,,,
,,,,,,,Ref=1.350,,,,
,,,,,,,,,,,
,,,,,,,,,,,
,,,,,,,,,,,
,,,,,,,,,,,
2274305.1,πολύς,πολλά,a-p---na-,Agr.,2274305.5,ADV,Ref=1.351,Agr.,,,
2274305.2,δέ,δέ,g--------,,2274305.0,COORD,Ref=1.351,,,,
2274305.3,μήτηρ,μητρί,n-s---fd-,DatVerb. ,2274305.5,OBJ,Ref=1.351,DatVerb.,,,
2274305.4,φίλος,φίλῃ,a-s---fd-,Agr.,2274305.3,ATR,Ref=1.351,Agr.,,,
2274305.5,ἀράομαι,ἠρήσατο,v3saim---,Aor. | Ind. | MidSpee.,2274305.2,PRED_CO,Ref=1.351,Aor.,Ind.,MidSpee.,
2274305.5,χείρ,χεῖρας,n-p---fa-,AccObj. ,2274305.7,OBJ,Ref=1.351,AccObj.,,,
2274305.7,ὀρέγνυμι,ὀρεγνύς,v-sppamn-,PresNoni. | PartCirc. | Act. | Agr.,2274305.5,ADV,Ref=1.351|SpaceAfter=No,PresNoni.,PartCirc.,Act.,Agr.
,,,,,,,Ref=1.351,,,,
,,,,,,,,,,,
,,,,,,,,,,,
,,,,,,,,,,,
,,,,,,,,,,,
2274306.1,μήτηρ,μῆτερ,n-s---fv-,Voc.,2274306.13,ExD,Ref=1.352,Voc.,,,
2274306.2,ἐπεί,ἐπεί,c--------,,2274306.13,AuxC,Ref=1.352,,,,
2274306.2,ἐγώ,μ’,p-s---ma-,AccObj. ,2274306.4,OBJ,Ref=1.352,AccObj.,,,
2274306.4,τίκτω,ἔτεκές,v2saia---,Aor. | Ind. | Act.,2274306.2,ADV,Ref=1.352,Aor.,Ind.,Act.,
2274306.5,γε,γε,g--------,,2274306.4,AuxZ,Ref=1.352,,,,
2274306.6,μινυνθάδιος,μινυνθάδιόν,a-s---ma-,AccAdv.,2274306.8,PNOM,Ref=1.352,AccAdv.,,,
2274306.7,πέρ,περ,g--------,,2274306.8,AuxZ,Ref=1.352,,,,
2274306.7,εἰμί,ἐόντα,v-sppama-,PresNoni. | PartCirc. | Act. | Agr.,2274306.3,ATV,Ref=1.352|SpaceAfter=No,PresNoni.,PartCirc.,Act.,Agr.
,,,,,,,Ref=1.352,,,,
2274306.1,τιμή,τιμήν,n-s---fa-,AccObj. ,2274306.15,OBJ,Ref=1.353,AccObj.,,,
2274306.11,πέρ,πέρ,g--------,,2274306.1,AuxZ,Ref=1.353,,,,
2274306.11,ἐγώ,μοι,p-s---md-,DatVerb. ,2274306.15,OBJ,Ref=1.353,DatVerb.,,,
2274306.13,ὀφέλλω,ὄφελλεν,v3siia---,Impf. | Ind. | Act.,2274306.0,PRED,Ref=1.353,Impf.,Ind.,Act.,
2274306.14,Ὀλύμπιος,Ὀλύμπιος,a-s---mn-,Agr.,2274306.16,ATR,Ref=1.353,Agr.,,,
2274306.15,ἐγγυαλίζω,ἐγγυαλίξαι,**,AorNoni. | InfDyn. | Act.,2274306.13,OBJ,Ref=1.353,AorNoni.,InfDyn.,Act.,
2274306.16,Ζεύς,Ζεύς,n-s---mn-,NomSubj.,2274306.13,SBJ,Ref=1.354,NomSubj.,,,
2274306.17,ὑψιβρεμέτης,ὑψιβρεμέτης,a-s---mn-,Agr.,2274306.16,ATR,Ref=1.354|SpaceAfter=No,Agr.,,,
,,,,,,,Ref=1.354,,,,
,,,,,,,,,,,
,,,,,,,,,,,
,,,,,,,,,,,
,,,,,,,,,,,
2274307.1,νῦν,νῦν,d--------,,2274307.7,ADV,Ref=1.354,,,,
2274307.2,δέ,δ’,g--------,,2274307.0,COORD,Ref=1.354,,,,
2274307.2,οὐ,οὐ,d--------,,2274307.6,AuxZ,Ref=1.354|SpaceAfter=No,,,,
2274307.4,δέ,δέ,g--------,,2274307.3,AuxZ,Ref=1.354,,,,
2274307.4,ἐγώ,με,p-s---ma-,AccObj. ,2274307.7,OBJ,Ref=1.354,AccObj.,,,
2274307.6,τυτθός,τυτθόν,a-s---na-,AccAdv.,2274307.7,ADV,Ref=1.354,AccAdv.,,,
2274307.7,τίνω,ἔτισεν,v3saia---,Aor. | Ind. | Act.,2274307.2,PRED_CO,Ref=1.354|SpaceAfter=No,Aor.,Ind.,Act.,
,,,,,,,Ref=1.354,,,,
,,,,,,,,,,,
,,,,,,,,,,,
,,,,,,,,,,,
,,,,,,,,,,,
2274308.1,ἦ,ἦ,d--------,,2274308.8,AuxY,Ref=1.355,,,,
2274308.2,γάρ,γάρ,g--------,,2274308.8,AuxY,Ref=1.355,,,,
2274308.2,ἐγώ,μ’,p-s---ma-,AccObj. ,2274308.8,OBJ,Ref=1.355,AccObj.,,,
2274308.4,Ἀτρείδης,Ἀτρεΐδης,n-s---mn-,Agr.,2274308.7,ATR,Ref=1.355,Agr.,,,
2274308.5,εὐρύς,εὐρύ,a-s---na-,AccSpac.,2274308.6,AuxZ,Ref=1.355,AccSpac.,,,
2274308.6,κρείων,κρείων,n-s---mn-,Agr.,2274308.7,ATR,Ref=1.355,Agr.,,,
2274308.7,Ἀγαμέμνων,Ἀγαμέμνων,n-s---mn-,NomSubj.,2274308.8,SBJ,Ref=1.355,NomSubj.,,,
2274308.8,ἀτιμάω,ἠτίμησεν,v3saia---,Aor. | Ind. | Act.,2274308.0,PRED,Ref=1.356|SpaceAfter=No,Aor.,Ind.,Act.,
,,,,,,,Ref=1.356,,,,
,,,,,,,,,,,
,,,,,,,,,,,
,,,,,,,,,,,
,,,,,,,,,,,
2274309.1,αἱρέω,ἑλών,v-sapamn-,AorNoni. | PartCirc. | Act. | Agr.,2274309.3,ADV,Ref=1.356,AorNoni.,PartCirc.,Act.,Agr.
2274309.2,γάρ,γάρ,g--------,,2274309.3,AuxY,Ref=1.356,,,,
2274309.3,ἔχω,ἔχει,v3spia---,Pres. | Ind. | Act.,2274309.0,PRED,Ref=1.356,Pres.,Ind.,Act.,
2274309.4,γέρας,γέρας,n-s---na-,AccObj. ,2274309.3,OBJ,Ref=1.356,AccObj.,,,
2274309.5,αὐτός,αὐτός,a-s---mn-,NomSubj.,2274309.6,AtvV,Ref=1.356,NomSubj.,,,
2274309.6,ἀπαυράω,ἀπούρας,v-sapamn-,AorNoni. | PartCirc. | Act. | Agr.,2274309.3,ADV,Ref=1.356|SpaceAfter=No,AorNoni.,PartCirc.,Act.,Agr.
,,,,,,,Ref=1.356,,,,
,,,,,,,,,,,
,,,,,,,,,,,
,,,,,,,,,,,
,,,,,,,,,,,
2274310.1,ὡς,ὡς,d--------,,2274310.2,ADV,Ref=1.357,,,,
2274310.2,φημί,φάτο,v3saim---,Aor. | Ind. | MidSpee.,2274310.7,PRED_CO,Ref=1.357,Aor.,Ind.,MidSpee.,
2274310.3,δάκρυον,δάκρυ,n-s---na-,AccObj. ,2274310.4,OBJ,Ref=1.357,AccObj.,,,
2274310.4,χέω,χέων,v-sppamn-,PresNoni. | PartCirc. | Act. | Agr.,2274310.2,ADV,Ref=1.357|SpaceAfter=No,PresNoni.,PartCirc.,Act.,Agr.
,,,,,,,Ref=1.357,,,,
2274310.4,ὁ,τοῦ,p-s---mg-,GenVerb. ,2274310.8,OBJ,Ref=1.357,GenVerb.,,,
2274310.7,δέ,δ’,g--------,,2274310.0,COORD,Ref=1.357,,,,
2274310.8,κλύω,ἔκλυε,v3siia---,Impf. | Ind. | Act.,2274310.7,PRED_CO,Ref=1.357,Impf.,Ind.,Act.,
2274310.9,πότνια,πότνια,a-s---fn-,Agr.,2274310.1,ATR,Ref=1.357,Agr.,,,
2274310.1,μήτηρ,μήτηρ,n-s---fn-,NomSubj.,2274310.8,SBJ,Ref=1.357,NomSubj.,,,
2274310.11,ἧμαι,ἡμένη,v-srpefn-,PerfNoni | PartCirc. | MidMotion. | Agr.,2274310.8,ADV,Ref=1.358,PerfNoni,PartCirc.,MidMotion.,Agr.
2274310.12,ἐν,ἐν,r--------,Prep3.,2274310.11,AuxP,Ref=1.358,Prep3.,,,
2274310.13,βένθος,βένθεσσιν,n-p---nd-,GBP,2274310.12,OBJ,Ref=1.358,GBP,,,
2274310.14,ἅλς,ἁλός,n-s---fg-,GenExpl.,2274310.13,ATR,Ref=1.358,GenExpl.,,,
2274310.14,παρά,παρὰ,r--------,Prep3.,2274310.11,AuxP,Ref=1.358,Prep3.,,,
2274310.16,πατήρ,πατρί,n-s---md-,GBP,2274310.15,ADV,Ref=1.358,GBP,,,
2274310.17,γέρων,γέροντι,n-s---md-,Agr.,2274310.16,ATR,Ref=1.358|SpaceAfter=No,Agr.,,,
,,,,,,,Ref=1.358,,,,
,,,,,,,,,,,
,,,,,,,,,,,
,,,,,,,,,,,
,,,,,,,,,,,
2274311.1,καρπάλιμος,καρπαλίμως,d--------,,2274311.3,ADV,Ref=1.359,,,,
2274311.2,δέ,δ’,g--------,,2274311.25,AuxY,Ref=1.359,,,,
2274311.3,ἀναδύνω,ἀνέδυ,v3saia---,Aor. | Ind. | Act.,2274311.25,PRED_CO,Ref=1.359,Aor.,Ind.,Act.,
2274311.4,πολιός,πολιῆς,a-s---fg-,Agr.,2274311.5,ATR,Ref=1.359,Agr.,,,
2274311.5,ἅλς,ἁλός,n-s---fg-,GenSep. ,2274311.3,OBJ,Ref=1.359,GenSep.,,,
,,,,,,,_,,,,
2274311.6,ἠύτε,ἠΰτ’,g--------,,2274311.28,ADV,Ref=1.359,,,,
2274311.7,ὁμίχλη,ὀμίχλη,n-s---fn-,,2274311.28,SBJ,Ref=1.359|SpaceAfter=No,,,,
,,,,,,,Ref=1.359,,,,
2274311.9,καί,καί,c--------,,2274311.25,AuxY,Ref=1.360,,,,
2274311.9,ἄρα,ῥα,g--------,,2274311.13,AuxY,Ref=1.360,,,,
2274311.11,πάροιθε,πάροιθ’,r--------,Prep3.,2274311.13,AuxP,Ref=1.360,Prep3.,,,
2274311.12,αὐτός,αὐτοῖο,a-s---mg-,GBP,2274311.11,ADV,Ref=1.360,GBP,,,
2274311.12,καθέζομαι,καθέζετο,v3saia---,Aor. | Ind. | Act.,2274311.25,PRED_CO,Ref=1.360,Aor.,Ind.,Act.,
2274311.14,δάκρυον,δάκρυ,n-s---na-,AccObj. ,2274311.15,OBJ,Ref=1.360,AccObj.,,,
2274311.15,χέω,χέοντος,v-sppamg-,PresNoni. | PartCirc. | Act. | Agr.,2274311.12,ATV,Ref=1.360|SpaceAfter=No,PresNoni.,PartCirc.,Act.,Agr.
,,,,,,,Ref=1.360,,,,
2274311.15,χείρ,χειρί,n-s---fd-,DatAccom.,2274311.2,ADV,Ref=1.361,DatAccom.,,,
2274311.18,τε,τέ,g--------,,2274311.25,AuxY,Ref=1.361,,,,
2274311.18,μιν,μιν,p-s---ma-,AccObj. ,2274311.2,OBJ,Ref=1.361,AccObj.,,,
2274311.2,καταρρέζω,κατέρεξεν,v3saia---,Aor. | Ind. | Act.,2274311.25,PRED_CO,Ref=1.361,Aor.,Ind.,Act.,
2274311.21,ἔπος,ἔπος,n-s---na-,AccObj. ,2274311.23,OBJ,Ref=1.361,AccObj.,,,
2274311.22,τε,τ’,g--------,,2274311.25,AuxY,Ref=1.361,,,,
2274311.23,φημί,ἔφατ’,v3siie---,Impf. | Ind. | MidSpee.,2274311.25,PRED_CO,Ref=1.361,Impf.,Ind.,MidSpee.,
2274311.24,ἐκ,ἔκ,r--------,Preverb,2274311.26,AuxZ,Ref=1.361,Preverb,,,
2274311.25,τε,τ’,g--------,,2274311.0,COORD,Ref=1.361,,,,
2274311.26,ὀνομάζω,ὀνόμαζε,v3siia---,Impf. | Ind. | Act.,2274311.25,PRED_CO,Ref=1.361|SpaceAfter=No,Impf.,Ind.,Act.,
,,,,,,,Ref=1.361,,,,
,,,,,,,,,,,
,,,,,,,,,,,
,,,,,,,,,,,
,,,,,,,,,,,
2274312.1,τέκνον,τέκνον,n-s---nv-,Voc.,2274312.3,ExD,Ref=1.362,Voc.,,,
2274312.1,τις,τί,p-s---na-,AccCaus.,2274312.3,ADV,Ref=1.362,AccCaus.,,,
2274312.3,κλαίω,κλαίεις,v2spia---,Pres. | Ind. | Act.,2274312.0,PRED,Ref=1.362|SpaceAfter=No,Pres.,Ind.,Act.,
,,,,,,,Ref=1.362,,,,
,,,,,,,,,,,
,,,,,,,,,,,
,,,,,,,,,,,
,,,,,,,,,,,
2274312.3,τις,τί,p-s---nn-,,2274313.6,ATR,Ref=1.362,,,,
2274313.2,δέ,δέ,g--------,,2274313.0,COORD,Ref=1.362,,,,
2274313.2,σύ,σε,p-s----a-,Agr.,2274313.5,OBJ,Ref=1.362,Agr.,,,
2274313.2,φρήν,φρένας,n-p---ma-,AccDirec.,2274313.5,OBJ,Ref=1.362,AccDirec.,,,
2274313.5,ἱκνέομαι,ἵκετο,v3saim---,Aor. | Ind. | MidMotion.,2274313.2,PRED_CO,Ref=1.362,Aor.,Ind.,MidMotion.,
2274313.6,πένθος,πένθος,n-s---nn-,NomSubj.,2274313.5,SBJ,Ref=1.362|SpaceAfter=No,NomSubj.,,,
,,,,,,,Ref=1.362,,,,
,,,,,,,,,,,
,,,,,,,,,,,
,,,,,,,,,,,
,,,,,,,,,,,
2274314.1,ἐξαυδάω,ἐξαύδα,v2spma---,PresNoni. | ImprComm. | Act.,2274314.2,PRED_CO,Ref=1.363|SpaceAfter=No,PresNoni.,ImprComm.,Act.,
,,,,,,,Ref=1.363,,,,
2274314.3,μή,μή,g--------,,2274314.4,AuxZ,Ref=1.363,,,,
2274314.4,κεύθω,κεῦθε,v2spma---,PresNoni. | ImprComm. | Act.,2274314.2,PRED_CO,Ref=1.363,PresNoni.,ImprComm.,Act.,
2274314.5,νόος,νόῳ,n-s---md-,DatLoc.,2274314.4,OBJ,Ref=1.363|SpaceAfter=No,DatLoc.,,,
,,,,,,,Ref=1.363,,,,
2274314.7,ἵνα,ἵνα,c--------,,2274314.2,AuxC,Ref=1.363,,,,
2274314.8,οἶδα,εἴδομεν,v1prsa---,PerfNoni. | SubjSubor. | Act.,2274314.7,ADV,Ref=1.363,PerfNoni.,SubjSubor.,Act.,
2274314.9,ἄμφω,ἄμφω,a-d---mn-,NomSubj.,2274314.8,SBJ,Ref=1.363|SpaceAfter=No,NomSubj.,,,
,,,,,,,Ref=1.363,,,,
,,,,,,,,,,,
,,,,,,,,,,,
,,,,,,,,,,,
,,,,,,,,,,,
2274314.9,ὁ,τὴν,p-s---fa-,AccObj. ,2274315.5,OBJ,Ref=1.364,AccObj.,,,
2274315.2,δέ,δέ,g--------,,2274315.0,COORD,Ref=1.364,,,,
2274315.3,βαρύς,βαρύ,a-s---na-,AccAdv.,2274315.4,ADV,Ref=1.364,AccAdv.,,,
2274315.4,στενάχω,στενάχων,v-sppamn-,PresNoni. | PartCirc. | Act. | Agr.,2274315.5,ADV,Ref=1.364,PresNoni.,PartCirc.,Act.,Agr.
2274315.5,πρόσφημι,προσέφη,v3siia---,Impf. | Ind. | Act.,2274315.2,PRED_CO,Ref=1.364,Impf.,Ind.,Act.,
2274315.6,πούς,πόδας,n-p---ma-,AccResp.,2274315.7,ATR,Ref=1.364,AccResp.,,,
2274315.7,ὠκύς,ὠκύς,a-s---mn-,Agr.,2274315.8,ATR,Ref=1.364,Agr.,,,
2274315.8,Ἀχιλλεύς,Ἀχιλλεύς,n-s---mn-,NomSubj.,2274315.5,SBJ,Ref=1.364|SpaceAfter=No,NomSubj.,,,
,,,,,,,Ref=1.364,,,,
,,,,,,,,,,,
,,,,,,,,,,,
,,,,,,,,,,,
,,,,,,,,,,,
2274316.1,οἶδα,οἶσθα,v2sria---,Perf. | Ind. | Act.,2274316.0,PRED,Ref=1.365|SpaceAfter=No,Perf.,Ind.,Act.,
,,,,,,,Ref=1.365,,,,
,,,,,,,,,,,
,,,,,,,,,,,
,,,,,,,,,,,
,,,,,,,,,,,
2274316.1,τις,τί,p-s---na-,AccCaus.,2274317.7,ADV,Ref=1.365,AccCaus.,,,
2274317.2,ἤ,ἤ,i--------,,2274317.7,AuxY,Ref=1.365,,,,
2274317.2,σύ,τοι,p-s----d-,DatVerb. ,2274317.7,OBJ,Ref=1.365,DatVerb.,,,
2274317.4,οὗτος,ταῦτα,a-p---na-,AccObj. ,2274317.7,OBJ,Ref=1.365,AccObj.,,,
2274317.5,οἶδα,ἰδυίῃ,v-srpafd-,PerfNoni. | PartAttr. | Act. | Agr.,2274317.3,ATV,Ref=1.365,PerfNoni.,PartAttr.,Act.,Agr.
2274317.6,πᾶς,πάντ’,a-p---na-,Agr.,2274317.4,ATR,Ref=1.365,Agr.,,,
2274317.7,ἀγορεύω,ἀγορεύω,v1spsa---,PresNoni. | SubjDelib. | Act.,2274317.0,PRED,Ref=1.365|SpaceAfter=No,PresNoni.,SubjDelib.,Act.,
,,,,,,,Ref=1.365,,,,
,,,,,,,,,,,
,,,,,,,,,,,
,,,,,,,,,,,
,,,,,,,,,,,
2274318.1,οἴχομαι,ᾠχόμεθ’,v1piie---,Impf. | Ind. | MidMotion.,2274318.12,PRED_CO,Ref=1.366,Impf.,Ind.,MidMotion.,
2274318.2,εἰς,ἐς,r--------,Prep3.,2274318.1,AuxP,Ref=1.366,Prep3.,,,
2274318.3,Θήβη,Θήβην,n-s---fa-,GBP,2274318.17,OBJ_AP,Ref=1.366,GBP,,,
2274318.4,ἱερός,ἱερήν,a-s---fa-,Agr.,2274318.5,ATR,Ref=1.366,Agr.,,,
2274318.5,πόλις,πόλιν,n-s---fa-,Agr.,2274318.17,OBJ_AP,Ref=1.366,Agr.,,,
2274318.6,Ἠετίων,Ἠετίωνος,n-s---mg-,GenPos. ,2274318.5,ATR,Ref=1.366|SpaceAfter=No,GenPos.,,,
,,,,,,,Ref=1.366,,,,
2274318.6,ὁ,τὴν,p-s---fa-,AccObj. ,2274318.1,OBJ,Ref=1.367,AccObj.,,,
2274318.9,δέ,δέ,g--------,,2274318.12,AuxY,Ref=1.367,,,,
2274318.1,διαπέρθω,διεπράθομέν,v1paia---,Aor. | Ind. | Act.,2274318.12,PRED_CO,Ref=1.367,Aor.,Ind.,Act.,
2274318.11,τε,τε,g--------,,2274318.12,AuxY,Ref=1.367,,,,
2274318.12,καί,καί,c--------,,2274318.0,COORD,Ref=1.367,,,,
2274318.13,ἄγω,ἤγομεν,v1piia---,Impf. | Ind. | Act.,2274318.12,PRED_CO,Ref=1.367,Impf.,Ind.,Act.,
2274318.14,ἐνθάδε,ἐνθάδε,d--------,,2274318.13,OBJ,Ref=1.367,,,,
2274318.15,πᾶς,πάντα,a-p---na-,AccObj. ,2274318.13,OBJ,Ref=1.367|SpaceAfter=No,AccObj.,,,
,,,,,,,Ref=1.367,,,,
,,,,,,,,,,,
,,,,,,,,,,,
,,,,,,,,,,,
,,,,,,,,,,,
2274319.1,καί,καί,c--------,,2274319.12,AuxY,Ref=1.368,,,,
2274319.1,ὁ,τὰ,p-p---na-,AccObj. ,2274319.5,OBJ,Ref=1.368,AccObj.,,,
2274319.3,μέν,μέν,g--------,,2274319.12,AuxY,Ref=1.368,,,,
2274319.4,εὖ,εὖ,d--------,,2274319.5,ADV,Ref=1.368,,,,
2274319.5,δατέομαι,δάσσαντο,v3paim---,Aor. | Ind. | MidIndir.,2274319.12,PRED_CO,Ref=1.368,Aor.,Ind.,MidIndir.,
2274319.6,μετά,μετά,r--------,Prep4.,2274319.5,AuxP,Ref=1.368,Prep4.,,,
2274319.6,σφεῖς,σφίσιν,p-p---md-,GBP,2274319.6,OBJ,Ref=1.368,GBP,,,
2274319.8,υἱός,υἷες,n-p---mn-,NomSubj.,2274319.12,SBJ,Ref=1.368,NomSubj.,,,
2274319.9,Ἀχαιός,Ἀχαιῶν,a-p---mg-,GenPart.,2274319.8,ATR,Ref=1.368|SpaceAfter=No,GenPart.,,,
,,,,,,,Ref=1.368,,,,
2274319.11,ἐκ,ἐκ,r--------,Preverb,2274319.13,AuxZ,Ref=1.369,Preverb,,,
2274319.12,δέ,δ’,g--------,,2274319.0,COORD,Ref=1.369,,,,
2274319.13,αἱρέω,ἕλον,v3paia---,Aor. | Ind. | Act.,2274319.12,PRED_CO,Ref=1.369,Aor.,Ind.,Act.,
2274319.14,Ἀτρείδης,Ἀτρεΐδῃ,n-s---md-,DatVerb. ,2274319.13,OBJ,Ref=1.369,DatVerb.,,,
2274319.15,Χρυσηίς,Χρυσηΐδα,n-s---fa-,AccObj. ,2274319.13,OBJ,Ref=1.369,AccObj.,,,
2274319.16,καλλιπάρηος,καλλιπάρῃον,a-s---fa-,Agr.,2274319.15,ATR,Ref=1.369|SpaceAfter=No,Agr.,,,
,,,,,,,Ref=1.369,,,,
,,,,,,,,,,,
,,,,,,,,,,,
,,,,,,,,,,,
,,,,,,,,,,,
2274320.1,Χρύσης,Χρύσης,n-s---mn-,NomSubj.,2274320.31,SBJ,Ref=1.370,NomSubj.,,,
2274320.2,δέ,δ’,g--------,,2274320.31,AuxY,Ref=1.370,,,,
2274320.3,αὖτε,αὖθ’,d--------,,2274320.7,AuxY,Ref=1.370,,,,
2274320.4,ἱερεύς,ἱερεύς,n-s---mn-,Agr.,2274320.1,ATR,Ref=1.370,Agr.,,,
2274320.5,ἑκατηβόλος,ἑκατηβόλου,a-s---mg-,Agr.,2274320.6,ATR,Ref=1.370,Agr.,,,
2274320.6,Ἀπόλλων,Ἀπόλλωνος,n-s---mg-,GenPos. ,2274320.4,ATR,Ref=1.370,GenPos.,,,
2274320.7,ἔρχομαι,ἦλθε,v3saia---,Aor. | Ind. | Act.,2274320.31,PRED_CO,Ref=1.371,Aor.,Ind.,Act.,
2274320.8,θοός,θοάς,a-p---fa-,Agr.,2274320.1,ATR,Ref=1.371,Agr.,,,
2274320.9,ἐπί,ἐπί,r--------,Prep3.,2274320.7,AuxP,Ref=1.371,Prep3.,,,
2274320.1,ναῦς,νῆας,n-p---fa-,GBP,2274320.9,OBJ,Ref=1.371,GBP,,,
2274320.11,Ἀχαιός,Ἀχαιῶν,a-p---mg-,GenPos. ,2274320.1,ATR,Ref=1.371,GenPos.,,,
2274320.12,χαλκοχίτων,χαλκοχιτώνων,a-p---mg-,Agr.,2274320.11,ATR,Ref=1.371,Agr.,,,
2274320.13,λύω,λυσόμενός,v-sfpmmn-,FutNoni. | PartSupp. | MidIndir. | Agr.,2274320.17,ADV_CO,Ref=1.372,FutNoni.,PartSupp.,MidIndir.,Agr.
2274320.14,τε,τε,g--------,,2274320.17,AuxY,Ref=1.372,,,,
2274320.15,θυγάτηρ,θύγατρα,n-s---fa-,AccObj. ,2274320.13,OBJ,Ref=1.372,AccObj.,,,
2274320.16,φέρω,φέρων,v-sppamn-,PresNoni. | PartCirc. | Act. | Agr.,2274320.17,ADV_CO,Ref=1.372,PresNoni.,PartCirc.,Act.,Agr.
2274320.17,τε,τ’,g--------,,2274320.7,COORD,Ref=1.372,,,,
2274320.18,ἀπερείσιος,ἀπερείσι’,a-p---na-,Agr.,2274320.19,ATR,Ref=1.372,Agr.,,,
2274320.19,ἄποινα,ἄποινα,n-p---na-,AccObj. ,2274320.16,OBJ,Ref=1.372|SpaceAfter=No,AccObj.,,,
,,,,,,,Ref=1.372,,,,
2274320.21,στέμμα,στέμματ’,n-p---na-,AccObj. ,2274320.22,OBJ,Ref=1.373,AccObj.,,,
2274320.22,ἔχω,ἔχων,v-sppamn-,PresNoni. | PartCirc. | Act. | Agr.,2274320.7,ADV,Ref=1.373,PresNoni.,PartCirc.,Act.,Agr.
2274320.23,ἐν,ἐν,r--------,Prep3.,2274320.22,AuxP,Ref=1.373,Prep3.,,,
2274320.23,χείρ,χερσὶν,n-p---fd-,GBP,2274320.23,OBJ,Ref=1.373,GBP,,,
2274320.25,ἑκηβόλος,ἑκηβόλου,a-s---mg-,Agr.,2274320.26,ATR,Ref=1.373,Agr.,,,
2274320.26,Ἀπόλλων,Ἀπόλλωνος,n-s---mg-,GenPos. ,2274320.21,ATR,Ref=1.373,GenPos.,,,
2274320.27,χρύσεος,χρυσέῳ,a-s---nd-,Agr.,2274320.29,ATR,Ref=1.374,Agr.,,,
2274320.28,ἀνά,ἀνά,r--------,Prep3.,2274320.22,AuxP,Ref=1.374,Prep3.,,,
2274320.29,σκῆπτρον,σκήπτρῳ,n-s---nd-,GBP,2274320.28,ADV,Ref=1.374|SpaceAfter=No,GBP,,,
,,,,,,,Ref=1.374,,,,
2274320.31,καί,καί,c--------,,2274320.0,COORD,Ref=1.374,,,,
2274320.32,λίσσομαι,λίσσετο,v3siie---,Impf. | Ind. | MidSpee.,2274320.31,PRED_CO,Ref=1.374,Impf.,Ind.,MidSpee.,
2274320.33,πᾶς,πάντας,a-p---ma-,Agr.,2274320.34,ATR,Ref=1.374,Agr.,,,
2274320.34,Ἀχαιός,Ἀχαιούς,a-p---ma-,AccObj. ,2274320.37,OBJ_CO,Ref=1.374|SpaceAfter=No,AccObj.,,,
,,,,,,,Ref=1.374,,,,
2274320.36,Ἀτρείδης,Ἀτρεΐδα,n-d---ma-,AccObj. ,2274320.43,OBJ_AP_CO,Ref=1.375,AccObj.,,,
2274320.37,δέ,δέ,g--------,,2274320.32,COORD,Ref=1.375,,,,
2274320.38,μάλιστα,μάλιστα,d--------,,2274320.36,AuxZ,Ref=1.375,,,,
2274320.39,δύο,δύω,m--------,,2274320.36,ATR,Ref=1.375,,,,
2274320.4,κοσμήτωρ,κοσμήτορε,n-d---ma-,AccObj. ,2274320.43,OBJ_AP_CO,Ref=1.375,AccObj.,,,
2274320.41,λαός,λαῶν,n-p---mg-,GenObj.,2274320.4,ATR,Ref=1.375|SpaceAfter=No,GenObj.,,,
,,,,,,,Ref=1.375,,,,
,,,,,,,,,,,
,,,,,,,,,,,
,,,,,,,,,,,
,,,,,,,,,,,
2274321.1,ἔνθα,ἔνθ’,d--------,,2274321.5,ADV,Ref=1.376,,,,
2274321.2,ἄλλος,ἄλλοι,a-p---mn-,Agr.,2274321.6,ATR,Ref=1.376,Agr.,,,
2274321.3,μέν,μέν,g--------,,2274321.5,AuxY,Ref=1.376,,,,
2274321.4,πᾶς,πάντες,a-p---mn-,Agr.,2274321.6,ATR,Ref=1.376,Agr.,,,
2274321.5,ἐπευφημέω,ἐπευφήμησαν,v3paia---,Aor. | Ind. | Act.,2274321.0,PRED,Ref=1.376,Aor.,Ind.,Act.,
2274321.6,Ἀχαιός,Ἀχαιοί,a-p---mn-,NomSubj.,2274321.5,SBJ,Ref=1.376,NomSubj.,,,
2274321.7,αἰδέομαι,αἰδεῖσθαί,v--pne---,PresNoni. | InfDyn. | MidMent.,2274321.1,OBJ_CO,Ref=1.377,PresNoni.,InfDyn.,MidMent.,
2274321.8,τε,θ’,g--------,,2274321.1,AuxY,Ref=1.377,,,,
2274321.9,ἱερεύς,ἱερῆα,n-s---ma-,AccObj. ,2274321.7,OBJ,Ref=1.377,AccObj.,,,
2274321.1,καί,καί,c--------,,2274321.5,COORD,Ref=1.377,,,,
2274321.11,ἀγλαός,ἀγλαά,a-p---na-,Agr.,2274321.13,ATR,Ref=1.377,Agr.,,,
2274321.12,δέχομαι,δέχθαι,v--anm---,AorNoni. | InfDyn. | MidMent.,2274321.1,OBJ_CO,Ref=1.377,AorNoni.,InfDyn.,MidMent.,
2274321.13,ἄποινα,ἄποινα,n-p---na-,AccObj. ,2274321.12,OBJ,Ref=1.377|SpaceAfter=No,AccObj.,,,
,,,,,,,Ref=1.377,,,,
,,,,,,,,,,,
,,,,,,,,,,,
,,,,,,,,,,,
,,,,,,,,,,,
2274322.1,ἀλλά,ἀλλ’,d--------,,2274322.13,AuxY,Ref=1.378,,,,
2274322.1,οὐ,οὐκ,d--------,,2274322.5,AuxZ,Ref=1.378,,,,
2274322.3,Ἀτρείδης,Ἀτρεΐδῃ,n-s---md-,Agr.,2274322.4,ATR,Ref=1.378,Agr.,,,
2274322.4,Ἀγαμέμνων,Ἀγαμέμνονι,n-s---md-,DatVerb.,2274322.5,OBJ,Ref=1.378,DatVerb.,,,
2274322.5,ἁνδάνω,ἥνδανε,v3siia---,Impf. | Ind. | Act.,2274322.13,PRED_CO,Ref=1.378,Impf.,Ind.,Act.,
2274322.6,θυμός,θυμῷ,n-s---md-,DatLoc.,2274322.5,OBJ,Ref=1.378|SpaceAfter=No,DatLoc.,,,
,,,,,,,Ref=1.378,,,,
2274322.8,ἀλλά,ἀλλά,c--------,,2274322.13,AuxY,Ref=1.379,,,,
2274322.9,κακός,κακῶς,d--------,,2274322.1,ADV,Ref=1.379,,,,
2274322.1,ἀφίημι,ἀφίει,v3siia---,Impf. | Ind. | Act.,2274322.13,PRED_CO,Ref=1.379|SpaceAfter=No,Impf.,Ind.,Act.,
,,,,,,,Ref=1.379,,,,
2274322.12,κρατερός,κρατερόν,a-s---ma-,Agr.,2274322.15,ATR,Ref=1.379,Agr.,,,
2274322.13,δέ,δ’,g--------,,2274322.0,COORD,Ref=1.379,,,,
2274322.14,ἐπί,ἐπί,r--------,Preverb,2274322.16,AuxZ,Ref=1.379,Preverb,,,
2274322.15,μῦθος,μῦθον,n-s---ma-,GBP,2274322.16,OBJ,Ref=1.379,GBP,,,
2274322.16,τέλλω,ἔτελλε,v3siia---,Impf. | Ind. | Act.,2274322.13,PRED_CO,Ref=1.379|SpaceAfter=No,Impf.,Ind.,Act.,
,,,,,,,Ref=1.379,,,,
,,,,,,,,,,,
,,,,,,,,,,,
,,,,,,,,,,,
,,,,,,,,,,,
2274323.1,χώομαι,χωόμενος,v-sppemn-,PresNoni. | PartCirc. | MidMent. | Agr.,2274323.6,ADV,Ref=1.380,PresNoni.,PartCirc.,MidMent.,Agr.
2274323.2,δέ,δ’,g--------,,2274323.0,COORD,Ref=1.380,,,,
2274323.2,ὁ,ὁ,l-s---mn-,Agr.,2274323.4,ATR,Ref=1.380,Agr.,,,
2274323.4,γέρων,γέρων,n-s---mn-,NomSubj.,2274323.6,SBJ,Ref=1.380,NomSubj.,,,
2274323.5,πάλιν,πάλιν,d--------,,2274323.6,OBJ,Ref=1.380,,,,
2274323.6,οἴχομαι,ᾤχετο,v3siie---,Impf. | Ind. | MidMotion.,2274323.2,PRED_CO,Ref=1.380|SpaceAfter=No,Impf.,Ind.,MidMotion.,
,,,,,,,Ref=1.380,,,,
,,,,,,,,,,,
,,,,,,,,,,,
,,,,,,,,,,,
,,,,,,,,,,,
2274323.6,ὁ,τοῖο,p-s---mg-,GenVerb. ,2274324.5,OBJ,Ref=1.380,GenVerb.,,,
2274324.2,δέ,δ’,g--------,,2274324.14,AuxY,Ref=1.380,,,,
2274324.3,Ἀπόλλων,Ἀπόλλων,n-s---mn-,NomSubj.,2274324.14,SBJ,Ref=1.380,NomSubj.,,,
2274324.4,εὔχομαι,εὐξαμένου,v-sapmmg-,AorNoni. | PartCirc. | MidSpee. | Agr.,2274324.1,ATV,Ref=1.381,AorNoni.,PartCirc.,MidSpee.,Agr.
2274324.5,ἀκούω,ἤκουσεν,v3saia---,Aor. | Ind. | Act.,2274324.14,PRED_CO,Ref=1.381|SpaceAfter=No,Aor.,Ind.,Act.,
,,,,,,,Ref=1.381,,,,
2274324.7,ἐπεί,ἐπεί,c--------,,2274324.5,AuxC,Ref=1.381,,,,
2274324.8,μάλα,μάλα,d--------,,2274324.1,AuxZ,Ref=1.381,,,,
2274324.8,ἕ,οἱ,p-s---md-,DatExpr.,2274324.11,OBJ,Ref=1.381,DatExpr.,,,
2274324.1,φίλος,φίλος,a-s---mn-,NomPred.,2274324.11,PNOM,Ref=1.381,NomPred.,,,
2274324.1,εἰμί,ἦεν,v3siia---,Impf. | Ind. | Act.,2274324.7,ADV,Ref=1.381|SpaceAfter=No,Impf.,Ind.,Act.,
,,,,,,,Ref=1.381,,,,
2274324.13,ἵημι,ἧκε,v3saia---,Aor. | Ind. | Act.,2274324.14,PRED_CO,Ref=1.382,Aor.,Ind.,Act.,
2274324.14,δέ,δ’,g--------,,2274324.0,COORD,Ref=1.382,,,,
2274324.15,ἐπί,ἐπ’,r--------,Prep3.,2274324.13,AuxP,Ref=1.382,Prep3.,,,
2274324.16,Ἀργεῖος,Ἀργείοισι,a-p---md-,GBP,2274324.15,OBJ,Ref=1.382,GBP,,,
2274324.17,κακός,κακόν,a-s---na-,Agr.,2274324.18,ATR,Ref=1.382,Agr.,,,
2274324.18,βέλος,βέλος,n-s---na-,AccObj. ,2274324.13,OBJ,Ref=1.382|SpaceAfter=No,AccObj.,,,
,,,,,,,Ref=1.382,,,,
,,,,,,,,,,,
,,,,,,,,,,,
,,,,,,,,,,,
,,,,,,,,,,,
2274324.18,ὁ,οἳ,l-p---mn-,Agr.,2274325.4,ATR,Ref=1.382,Agr.,,,
2274325.2,δέ,δέ,g--------,,2274325.9,AuxY,Ref=1.382,,,,
2274325.3,νῦν,νυ,d--------,,2274325.5,ADV,Ref=1.382,,,,
2274325.4,λαός,λαοί,n-p---mn-,NomSubj.,2274325.5,SBJ,Ref=1.382,NomSubj.,,,
2274325.5,θνήσκω,θνῇσκον,v3piia---,Impf. | Ind. | Act.,2274325.9,PRED_CO,Ref=1.383,Impf.,Ind.,Act.,
2274325.6,ἐπασσύτερος,ἐπασσύτεροι,a-p---mn-,Agr.,2274325.4,ATV,Ref=1.383|SpaceAfter=No,Agr.,,,
,,,,,,,Ref=1.383,,,,
2274325.6,ὁ,τὰ,l-p---nn-,Agr.,2274325.11,ATR,Ref=1.383,Agr.,,,
2274325.9,δέ,δ’,g--------,,2274325.0,COORD,Ref=1.383,,,,
2274325.1,ἐποίχομαι,ἐπῴχετο,v3siie---,ImpfDesc. | Ind. | MidMotion.,2274325.9,PRED_CO,Ref=1.383,ImpfDesc.,Ind.,MidMotion.,
2274325.11,κῆλον,κῆλα,n-p---nn-,NomSubj.,2274325.1,SBJ,Ref=1.383,NomSubj.,,,
2274325.12,θεός,θεοῖο,n-s---mg-,GenPos. ,2274325.11,ATR,Ref=1.383,GenPos.,,,
2274325.13,πάντῃ,πάντῃ,d--------,,2274325.1,ADV,Ref=1.384,,,,
2274325.14,ἀνά,ἀνά,r--------,Prep3.,2274325.1,AuxP,Ref=1.384,Prep3.,,,
2274325.15,στρατός,στρατόν,n-s---ma-,GBP,2274325.14,OBJ,Ref=1.384,GBP,,,
2274325.16,εὐρύς,εὐρύν,a-s---ma-,Agr.,2274325.15,ATR,Ref=1.384,Agr.,,,
2274325.17,Ἀχαιός,Ἀχαιῶν,a-p---mg-,GenPos. ,2274325.15,ATR,Ref=1.384|SpaceAfter=No,GenPos.,,,
,,,,,,,Ref=1.384,,,,
,,,,,,,,,,,
,,,,,,,,,,,
,,,,,,,,,,,
,,,,,,,,,,,
2274325.17,ἐγώ,ἄμμι,p-p---md-,DatVerb. ,2274326.6,OBJ,Ref=1.384,DatVerb.,,,
2274326.2,δέ,δέ,g--------,,2274326.0,COORD,Ref=1.384,,,,
2274326.3,μάντις,μάντις,n-s---mn-,NomSubj.,2274326.6,SBJ,Ref=1.384,NomSubj.,,,
2274326.4,εὖ,εὖ,d--------,,2274326.5,ADV,Ref=1.385,,,,
2274326.5,οἶδα,εἰδώς,v-srpamn-,PerfNoni. | PartAttr. | Act. | Agr.,2274326.6,ADV,Ref=1.385,PerfNoni.,PartAttr.,Act.,Agr.
2274326.6,ἀγορεύω,ἀγόρευε,v3siia---,Impf. | Ind. | Act.,2274326.2,PRED_CO,Ref=1.385,Impf.,Ind.,Act.,
2274326.7,θεοπροπία,θεοπροπίας,n-p---fa-,AccObj. ,2274326.6,OBJ,Ref=1.385,AccObj.,,,
2274326.8,ἕκατος,ἑκάτοιο,n-s---mg-,GenSep. ,2274326.7,ATR,Ref=1.385|SpaceAfter=No,GenSep.,,,
,,,,,,,Ref=1.385,,,,
,,,,,,,,,,,
,,,,,,,,,,,
,,,,,,,,,,,
,,,,,,,,,,,
2274327.1,αὐτίκα,αὐτίκ’,d--------,,2274327.4,ADV,Ref=1.386,,,,
2274327.1,ἐγώ,ἐγὼ,p-s---mn-,NomSubj.,2274327.4,SBJ,Ref=1.386,NomSubj.,,,
2274327.3,πρῶτος,πρῶτος,a-s---mn-,,2274327.2,ATV,Ref=1.386,,,,
2274327.4,κέλομαι,κελόμην,v1siie---,Impf. | Ind. | MidSpee.,2274327.0,PRED,Ref=1.386,Impf.,Ind.,MidSpee.,
2274327.5,θεός,θεόν,n-s---ma-,AccObj. ,2274327.6,OBJ,Ref=1.386,AccObj.,,,
2274327.6,ἱλάσκομαι,ἱλάσκεσθαι,v--pne---,PresNoni. | InfDyn. | MidIndir.,2274327.4,OBJ,Ref=1.386|SpaceAfter=No,PresNoni.,InfDyn.,MidIndir.,
,,,,,,,Ref=1.386,,,,
,,,,,,,,,,,
,,,,,,,,,,,
,,,,,,,,,,,
,,,,,,,,,,,
2274328.1,Ἀτρείδης,Ἀτρεΐωνα,n-s---ma-,AccObj. ,2274328.5,OBJ,Ref=1.387,AccObj.,,,
2274328.2,δέ,δ’,g--------,,2274328.8,AuxY,Ref=1.387,,,,
2274328.3,ἔπειτα,ἔπειτα,d--------,,2274328.5,ADV,Ref=1.387,,,,
2274328.4,χόλος,χόλος,n-s---mn-,NomSubj.,2274328.5,SBJ,Ref=1.387,NomSubj.,,,
2274328.5,λαμβάνω,λάβεν,v3saia---,Aor. | Ind. | Act.,2274328.8,PRED_CO,Ref=1.387|SpaceAfter=No,Aor.,Ind.,Act.,
,,,,,,,Ref=1.387,,,,
2274328.7,αἶψα,αἶψα,d--------,,2274328.1,ADV,Ref=1.387,,,,
2274328.8,δέ,δ’,g--------,,2274328.0,COORD,Ref=1.387,,,,
2274328.9,ἀνίστημι,ἀναστάς,v-sapamn-,AorNoni. | PartCirc. | Act. | Agr.,2274328.1,ADV,Ref=1.387,AorNoni.,PartCirc.,Act.,Agr.
2274328.1,ἀπειλέω,ἠπείλησεν,v3saia---,Aor. | Ind. | Act.,2274328.8,PRED_CO,Ref=1.388,Aor.,Ind.,Act.,
2274328.11,μῦθος,μῦθον,n-s---ma-,AccObj. ,2274328.1,OBJ,Ref=1.388,AccObj.,,,
2274328.11,ὁ,ὃ,p-s---mn-,NomSubj.,2274328.15,SBJ,Ref=1.388,NomSubj.,,,
2274328.13,δή,δή,g--------,,2274328.15,AuxY,Ref=1.388,,,,
2274328.14,τελέω,τετελεσμένος,v-srpemn-,PerfNoni. | PartAttr. | Pass. | NomPred.,2274328.15,PNOM,Ref=1.388,PerfNoni.,PartAttr.,Pass.,NomPred.
2274328.14,εἰμί,ἐστί,v3spia---,Pres. | Ind. | Act.,2274328.11,ATR,Ref=1.388|SpaceAfter=No,Pres.,Ind.,Act.,
,,,,,,,Ref=1.388,,,,
,,,,,,,,,,,
,,,,,,,,,,,
,,,,,,,,,,,
,,,,,,,,,,,
2274328.14,ὁ,τὴν,p-s---fa-,AccObj. ,2274329.11,OBJ,Ref=1.389,AccObj.,,,
2274329.2,μέν,μέν,g--------,,2274329.14,AuxY,Ref=1.389,,,,
2274329.3,γάρ,γάρ,g--------,,2274329.14,AuxY,Ref=1.389,,,,
2274329.4,σύν,σύν,r--------,Prep1.,2274329.11,AuxP,Ref=1.389,Prep1.,,,
2274329.4,ναῦς,νηί,n-s---fd-,GBP,2274329.4,ADV,Ref=1.389,GBP,,,
2274329.6,θοός,θοῇ,a-s---fd-,Agr.,2274329.5,ATR,Ref=1.389,Agr.,,,
2274329.7,ἑλίκωψ,ἑλίκωπες,a-p---mn-,Agr.,2274329.8,ATR,Ref=1.389,Agr.,,,
2274329.8,Ἀχαιός,Ἀχαιοί,a-p---mn-,NomSubj.,2274329.14,SBJ,Ref=1.389,NomSubj.,,,
2274329.9,εἰς,ἐς,r--------,Prep3.,2274329.11,AuxP,Ref=1.390,Prep3.,,,
2274329.1,Χρύσης,Χρύσην,n-s---ma-,GBP,2274329.9,OBJ,Ref=1.390,GBP,,,
2274329.11,πέμπω,πέμπουσιν,v3ppia---,Pres. | Ind. | Act.,2274329.14,PRED_CO,Ref=1.390|SpaceAfter=No,Pres.,Ind.,Act.,
,,,,,,,Ref=1.390,,,,
2274329.13,ἄγω,ἄγουσι,v3ppia---,Pres. | Ind. | Act.,2274329.14,PRED_CO,Ref=1.390,Pres.,Ind.,Act.,
2274329.14,δέ,δέ,g--------,,2274329.0,COORD,Ref=1.390,,,,
2274329.15,δῶρον,δῶρα,n-p---na-,AccObj. ,2274329.13,OBJ,Ref=1.390,AccObj.,,,
2274329.16,ἄναξ,ἄνακτι,n-s---md-,DatAdvn. ,2274329.13,OBJ,Ref=1.390|SpaceAfter=No,DatAdvn.,,,
,,,,,,,Ref=1.390,,,,
,,,,,,,,,,,
,,,,,,,,,,,
,,,,,,,,,,,
,,,,,,,,,,,
2274329.16,ὁ,τὴν,p-s---fa-,AccObj. ,2274330.16,OBJ_AP,Ref=1.391,AccObj.,,,
2274330.2,δέ,δέ,g--------,,2274330.0,COORD,Ref=1.391,,,,
2274330.3,νέος,νέον,a-s---na-,AccAdv.,2274330.5,ADV,Ref=1.391,AccAdv.,,,
2274330.4,κλισίηθεν,κλισίηθεν,d--------,,2274330.7,OBJ,Ref=1.391,,,,
2274330.5,βαίνω,ἔβαν,v3paia---,Aor. | Ind. | Act.,2274330.2,PRED_CO,Ref=1.391,Aor.,Ind.,Act.,
2274330.6,κῆρυξ,κήρυκες,n-p---mn-,NomSubj.,2274330.5,SBJ,Ref=1.391,NomSubj.,,,
2274330.7,ἄγω,ἄγοντες,v-pppamn-,PresNoni. | PartCirc. | Act. | Agr.,2274330.5,ADV,Ref=1.391,PresNoni.,PartCirc.,Act.,Agr.
2274330.8,κόρη,κούρην,n-s---fa-,AccObj. ,2274330.16,OBJ_AP,Ref=1.392,AccObj.,,,
2274330.9,Βρισεύς,Βρισῆος,n-s---mg-,GenPos. ,2274330.8,ATR,Ref=1.392,GenPos.,,,
2274330.9,ὁ,τήν,p-s---fa-,AccObj.  ,2274330.12,OBJ,Ref=1.392,AccObj.,,,
2274330.9,ἐγώ,μοι,p-s---md-,DatVerb. ,2274330.12,OBJ,Ref=1.392,DatVerb.,,,
2274330.12,δίδωμι,δόσαν,v3paia---,Aor. | Ind. | Act.,2274330.8,ATR,Ref=1.392,Aor.,Ind.,Act.,
2274330.13,υἱός,υἷες,n-p---mn-,NomSubj.,2274330.12,SBJ,Ref=1.392,NomSubj.,,,
2274330.14,Ἀχαιός,Ἀχαιῶν,a-p---mg-,GenPart.,2274330.13,ATR,Ref=1.392|SpaceAfter=No,GenPart.,,,
,,,,,,,Ref=1.392,,,,
,,,,,,,,,,,
,,,,,,,,,,,
,,,,,,,,,,,
,,,,,,,,,,,
2274331.1,ἀλλά,ἀλλά,d--------,,2274331.6,AuxY,Ref=1.393,,,,
2274331.1,σύ,σὺ,p-s----n-,NomSubj.,2274331.6,SBJ,Ref=1.393,NomSubj.,,,
2274331.3,εἰ,εἰ,c--------,,2274331.6,AuxC,Ref=1.393,,,,
2274331.4,δύναμαι,δύνασαί,v2spie---,Pres. | Ind. | MidSpon.,2274331.3,ADV,Ref=1.393,Pres.,Ind.,MidSpon.,
2274331.5,γε,γε,g--------,,2274331.4,AuxZ,Ref=1.393,,,,
2274331.6,περιέχω,περίσχεο,v2samm---,AorNoni. | ImprComm. | MidIndir.,2274331.0,PRED,Ref=1.393,AorNoni.,ImprComm.,MidIndir.,
2274331.7,παῖς,παιδός,n-s---mg-,GenVerb. ,2274331.6,OBJ,Ref=1.393,GenVerb.,,,
2274331.8,ἐύς,ἑῆος,a-s----g-,Agr.,2274331.7,ATR,Ref=1.393|SpaceAfter=No,Agr.,,,
,,,,,,,Ref=1.393,,,,
,,,,,,,,,,,
,,,,,,,,,,,
,,,,,,,,,,,
,,,,,,,,,,,
2274332.1,ἔρχομαι,ἐλθοῦσ’,v-sapafn-,AorNoni. | PartCirc. | Act. | Agr.,2274332.5,ADV,Ref=1.394,AorNoni.,PartCirc.,Act.,Agr.
2274332.2,Ὄλυμπος,Οὔλυμπον,n-s---ma-,AccDirec.,2274332.1,OBJ,Ref=1.394,AccDirec.,,,
2274332.3,δέ,δέ,g--------,,2274332.2,AuxZ,Ref=1.394,,,,
2274332.4,Ζεύς,Δία,n-s---ma-,AccObj. ,2274332.5,OBJ,Ref=1.394,AccObj.,,,
2274332.5,λίσσομαι,λίσαι,v2samm---,AorNoni. | ImprComm. | MidSpee.,2274332.0,PRED,Ref=1.394|SpaceAfter=No,AorNoni.,ImprComm.,MidSpee.,
,,,,,,,Ref=1.394,,,,
2274332.7,εἰ,εἴ,c--------,,2274332.5,AuxC,Ref=1.394,,,,
2274332.8,ποτέ,ποτε,g--------,,2274332.13,AuxY,Ref=1.394,,,,
2274332.9,δή,δή,g--------,,2274332.13,AuxY,Ref=1.394,,,,
2274332.9,τις,τι,p-s---na-,,2274332.13,ADV,Ref=1.394,,,,
2274332.11,ἤ,ἤ,c--------,,2274332.16,AuxY,Ref=1.395,,,,
2274332.12,ἔπος,ἔπει,n-s---nd-,DatMean.,2274332.16,ADV_CO,Ref=1.395,DatMean.,,,
2274332.13,ὀνίνημι,ὤνησας,v2saia---,AorIngr. | Ind. | Act.,2274332.7,ADV,Ref=1.395,AorIngr.,Ind.,Act.,
2274332.14,καρδία,κραδίην,n-s---fa-,AccObj. ,2274332.13,OBJ,Ref=1.395,AccObj.,,,
2274332.15,Ζεύς,Διός,n-s---mg-,GenPos. ,2274332.14,ATR,Ref=1.395,GenPos.,,,
2274332.16,ἤ,ἠέ,c--------,,2274332.13,COORD,Ref=1.395,,,,
2274332.17,καί,καί,d--------,,2274332.18,AuxZ,Ref=1.395,,,,
2274332.18,ἔργον,ἔργῳ,n-s---nd-,DatMean.,2274332.16,ADV_CO,Ref=1.395|SpaceAfter=No,DatMean.,,,
,,,,,,,Ref=1.395,,,,
,,,,,,,,,,,
,,,,,,,,,,,
,,,,,,,,,,,
,,,,,,,,,,,
2274333.1,πολλάκις,πολλάκι,d--------,,2274333.7,ADV,Ref=1.396,,,,
2274333.2,γάρ,γάρ,g--------,,2274333.7,AuxY,Ref=1.396,,,,
2274333.2,σύ,σεο,p-s----g-,GenVerb. ,2274333.7,OBJ,Ref=1.396,GenVerb.,,,
2274333.4,πατήρ,πατρός,n-s---mg-,GenPos. ,2274333.6,ATR,Ref=1.396,GenPos.,,,
2274333.5,ἐν,ἐνί,r--------,Prep3.,2274333.7,AuxP,Ref=1.396,Prep3.,,,
2274333.6,μέγαρον,μεγάροισιν,n-p---nd-,GBP,2274333.5,ADV,Ref=1.396,GBP,,,
2274333.7,ἀκούω,ἄκουσα,v1saia---,Aor. | Ind. | Act.,2274333.0,PRED,Ref=1.396,Aor.,Ind.,Act.,
2274333.8,εὔχομαι,εὐχομένης,v-sppefg-,PresNoni. | PartCirc. | MidSpee. | Agr.,2274333.3,ATV,Ref=1.397,PresNoni.,PartCirc.,MidSpee.,Agr.
2274333.9,ὅτι,ὅτ’,c--------,,2274333.7,AuxC,Ref=1.397,,,,
2274333.1,φημί,ἔφησθα,v2siia---,Impf. | Ind. | Act.,2274333.9,ADV,Ref=1.397,Impf.,Ind.,Act.,
2274333.11,κελαινεφής,κελαινεφέϊ,a-s----d-,Agr.,2274333.12,ATR,Ref=1.397,Agr.,,,
2274333.12,Κρονίων,Κρονίωνι,n-s---md-,DatVerb. ,2274333.18,OBJ,Ref=1.397,DatVerb.,,,
2274333.13,οἶος,οἴη,a-s---fn-,,2274333.18,AtvV,Ref=1.398,,,,
2274333.14,ἐν,ἐν,r--------,Prep3.,2274333.13,AuxP,Ref=1.398,Prep3.,,,
2274333.15,ἀθάνατος,ἀθανάτοισιν,a-p---md-,GBP,2274333.14,ATR,Ref=1.398,GBP,,,
2274333.16,ἀεικής,ἀεικέα,a-s---ma-,Agr.,2274333.17,ATR,Ref=1.398,Agr.,,,
2274333.17,λοιγός,λοιγόν,n-s---ma-,AccObj. ,2274333.18,OBJ,Ref=1.398,AccObj.,,,
2274333.18,ἀμύνω,ἀμῦναι,**,AorNoni. | InfDyn. | Act.,2274333.1,OBJ,Ref=1.398|SpaceAfter=No,AorNoni.,InfDyn.,Act.,
,,,,,,,Ref=1.398,,,,
2274333.2,ὁπότε,ὁππότε,c--------,,2274333.18,AuxC,Ref=1.399,,,,
2274333.2,μιν,μιν,p-s---ma-,AccObj. ,2274333.22,OBJ,Ref=1.399,AccObj.,,,
2274333.22,συνδέω,ξυνδῆσαι,**,AorNoni. | InfDyn. | Act.,2274333.24,OBJ,Ref=1.399,AorNoni.,InfDyn.,Act.,
2274333.23,Ὀλύμπιος,Ὀλύμπιοι,a-p---mn-,NomSubj.,2274333.34,SBJ_AP,Ref=1.399,NomSubj.,,,
2274333.24,ἐθέλω,ἤθελον,v3piia---,Impf. | Ind. | Act.,2274333.2,ADV,Ref=1.399,Impf.,Ind.,Act.,
2274333.25,ἄλλος,ἄλλοι,a-p---mn-,Agr.,2274333.23,ATR,Ref=1.399,Agr.,,,
2274333.26,Ἥρα,Ἥρη,n-s---fn-,NomSubj.,2274333.3,SBJ_AP_CO,Ref=1.400,NomSubj.,,,
2274333.27,τε,τ’,g--------,,2274333.3,AuxY,Ref=1.400,,,,
2274333.28,ἠδέ,ἠδέ,c--------,,2274333.3,AuxY,Ref=1.400,,,,
2274333.29,Ποσειδεών,Ποσειδάων,n-s---mn-,NomSubj.,2274333.3,SBJ_AP_CO,Ref=1.400,NomSubj.,,,
2274333.3,καί,καί,c--------,,2274333.34,COORD,Ref=1.400,,,,
2274333.31,Παλλάς,Παλλάς,n-s---fn-,Agr.,2274333.32,ATR,Ref=1.400,Agr.,,,
2274333.32,Ἀθήνη,Ἀθήνη,n-s---fn-,NomSubj.,2274333.3,SBJ_AP_CO,Ref=1.400|SpaceAfter=No,NomSubj.,,,
,,,,,,,Ref=1.400,,,,
,,,,,,,,,,,
,,,,,,,,,,,
,,,,,,,,,,,
,,,,,,,,,,,
2274334.1,ἀλλά,ἀλλά,d--------,,2274334.7,AuxY,Ref=1.401,,,,
2274334.1,σύ,σὺ,p-s----n-,,2274334.7,SBJ,Ref=1.401,,,,
2274334.1,ὁ,τόν,p-s---ma-,AccObj. ,2274334.7,OBJ,Ref=1.401,AccObj.,,,
2274334.4,γε,γ’,g--------,,2274334.3,AuxZ,Ref=1.401,,,,
2274334.5,ἔρχομαι,ἐλθοῦσα,v-sapafn-,AorNoni. | PartCirc. | Act. | Agr.,2274334.7,ADV,Ref=1.401,AorNoni.,PartCirc.,Act.,Agr.
2274334.6,θεά,θεά,n-s---fv-,Voc.,2274334.7,ExD,Ref=1.401,Voc.,,,
2274334.7,ὑπολύω,ὑπελύσαο,v2saim---,Aor. | Ind. | MidIndir.,2274334.0,PRED,Ref=1.401,Aor.,Ind.,MidIndir.,
2274334.8,δεσμός,δεσμῶν,n-p---mg-,GenSep. ,2274334.7,OBJ,Ref=1.401|SpaceAfter=No,GenSep.,,,
,,,,,,,Ref=1.401,,,,
2274334.1,ὦκα,ὦχ’,d--------,,2274334.12,ADV,Ref=1.402,,,,
2274334.11,ἑκατόγχειρος,ἑκατόγχειρον,a-s---ma-,AccObj. ,2274334.12,OBJ,Ref=1.402,AccObj.,,,
2274334.12,καλέω,καλέσασ’,v-sapafn-,AorNoni. | PartCirc. | Act. | Agr.,2274334.7,ADV,Ref=1.402,AorNoni.,PartCirc.,Act.,Agr.
2274334.13,εἰς,ἐς,r--------,Prep3.,2274334.12,AuxP,Ref=1.402,Prep3.,,,
2274334.14,μακρός,μακρόν,a-s---ma-,Agr.,2274334.15,ATR,Ref=1.402,Agr.,,,
2274334.15,Ὄλυμπος,Ὄλυμπον,n-s---ma-,GBP,2274334.13,OBJ,Ref=1.402|SpaceAfter=No,GBP,,,
,,,,,,,Ref=1.402,,,,
2274334.15,ὅς,ὃν,p-s---ma-,AccObj.,2274334.23,OBJ,Ref=1.403,AccObj.,,,
2274334.18,Βριάρεως,Βριάρεων,n-s---ma-,AccDoubl.,2274334.19,OCOMP,Ref=1.403,AccDoubl.,,,
2274334.19,καλέω,καλέουσι,v3ppia---,PresIter. | Ind. | Act.,2274334.23,ATR_CO,Ref=1.403,PresIter.,Ind.,Act.,
2274334.2,θεός,θεοί,n-p---mn-,NomSubj.,2274334.19,SBJ,Ref=1.403|SpaceAfter=No,NomSubj.,,,
,,,,,,,Ref=1.403,,,,
,,,,,,,_,,,,
2274334.22,ἀνήρ,ἄνδρες,n-p---mn-,NomSubj.,2274334.36,SBJ,Ref=1.403,NomSubj.,,,
2274334.23,δέ,δέ,g--------,,2274334.11,COORD,Ref=1.403,,,,
2274334.24,τε,τε,g--------,,2274334.36,AuxY,Ref=1.403,,,,
2274334.25,πᾶς,πάντες,a-p---mn-,Agr.,2274334.22,ATR,Ref=1.403,Agr.,,,
2274334.26,Αἰγαίων,Αἰγαίων’,n-s---ma-,AccDoubl.,2274334.36,OCOMP,Ref=1.404|SpaceAfter=No,AccDoubl.,,,
,,,,,,,Ref=1.404,,,,
2274334.26,ὁ,ὃ,p-s---mn-,NomSubj.,2274334.37,SBJ,Ref=1.404,NomSubj.,,,
2274334.29,γάρ,γάρ,g--------,,2274334.37,AuxY,Ref=1.404,,,,
2274334.3,αὖτε,αὖτε,d--------,,2274334.37,AuxY,Ref=1.404,,,,
2274334.31,βία,βίην,n-s---fa-,AccResp.,2274334.34,ATR,Ref=1.404,AccResp.,,,
2274334.31,ἑός,οὗ,a-s---mg-,Agr.,2274334.33,ATR,Ref=1.404,Agr.,,,
2274334.33,πατήρ,πατρός,n-s---mg-,GenComp.,2274334.34,ATR,Ref=1.404,GenComp.,,,
2274334.34,ἀμείνων,ἀμείνων,a-s---mnc,,2274334.37,PNOM,Ref=1.404|SpaceAfter=No,,,,
,,,,,,,Ref=1.404,,,,
,,,,,,,,,,,
,,,,,,,,,,,
,,,,,,,,,,,
,,,,,,,,,,,
2274334.34,ὅς,ὅς,p-s---mn-,NomSubj.,2274335.5,SBJ,Ref=1.405,NomSubj.,,,
2274334.34,ἄρα,ῥα,g--------,,2274335.5,AuxY,Ref=1.405,,,,
2274334.34,παρά,παρὰ,r--------,Prep3.,2274335.5,AuxP,Ref=1.405,Prep3.,,,
2274335.4,Κρονίων,Κρονίωνι,n-s---md-,GBP,2274335.3,OBJ,Ref=1.405,GBP,,,
2274335.4,καθέζομαι,καθέζετο,v3saia---,Aor. | Ind. | Act.,2274335.0,ATR,Ref=1.405,Aor.,Ind.,Act.,
2274335.6,κῦδος,κύδεϊ,n-s---nd-,DatCaus.,2274335.7,OBJ,Ref=1.405,DatCaus.,,,
2274335.7,γαίω,γαίων,v-sppamn-,PresNoni. | PartCirc. | Act. | Agr.,2274335.5,ADV,Ref=1.405|SpaceAfter=No,PresNoni.,PartCirc.,Act.,Agr.
,,,,,,,Ref=1.405,,,,
,,,,,,,,,,,
,,,,,,,,,,,
,,,,,,,,,,,
,,,,,,,,,,,
2274335.7,ὁ,τὸν,p-s---ma-,AccObj. ,2274336.3,OBJ,Ref=1.406,AccObj.,,,
2274336.2,καί,καί,d--------,,2274336.3,AuxY,Ref=1.406,,,,
2274336.3,ὑποδείδω,ὑπέδεισαν,v3paia---,Aor. | Ind. | Act.,2274336.7,PRED_CO,Ref=1.406,Aor.,Ind.,Act.,
2274336.4,μάκαρ,μάκαρες,a-p---mn-,Agr.,2274336.5,ATR,Ref=1.406,Agr.,,,
2274336.5,θεός,θεοί,n-p---mn-,NomSubj.,2274336.7,SBJ,Ref=1.406,NomSubj.,,,
2274336.5,οὐ,οὐ,d--------,,2274336.9,AuxZ,Ref=1.406|SpaceAfter=No,,,,
2274336.7,δέ,δ’,g--------,,2274336.0,COORD,Ref=1.406,,,,
2274336.8,ἔτι,ἔτ’,d--------,,2274336.9,ADV,Ref=1.406,,,,
2274336.9,δέω,ἔδησαν,v3paia---,Aor. | Ind. | Act.,2274336.7,PRED_CO,Ref=1.406|SpaceAfter=No,Aor.,Ind.,Act.,
,,,,,,,Ref=1.406,,,,
,,,,,,,,,,,
,,,,,,,,,,,
,,,,,,,,,,,
,,,,,,,,,,,
2274336.9,ὁ,τῶν,p-p---ng-,GenVerb. ,2274337.4,OBJ,Ref=1.407,GenVerb.,,,
2274337.2,νῦν,νῦν,d--------,,2274337.6,ADV,Ref=1.407,,,,
2274337.2,μιν,μιν,p-s---ma-,AccObj. ,2274337.4,OBJ,Ref=1.407,AccObj.,,,
2274337.4,μιμνήσκω,μνήσασα,v-sapafn-,AorNoni. | PartCirc. | Act. | Agr.,2274337.6,ADV,Ref=1.407,AorNoni.,PartCirc.,Act.,Agr.
2274337.5,παρέζομαι,παρέζεο,v2spme---,PresNoni. | ImprComm. | MidMotion.,2274337.6,PRED_CO,Ref=1.407,PresNoni.,ImprComm.,MidMotion.,
2274337.6,καί,καί,c--------,,2274337.0,COORD,Ref=1.407,,,,
2274337.7,λαμβάνω,λαβέ,v2sama---,AorNoni. | ImprComm. | Act.,2274337.6,PRED_CO,Ref=1.407,AorNoni.,ImprComm.,Act.,
2274337.8,γόνυ,γούνων,n-p---ng-,GenVerb. ,2274337.7,OBJ,Ref=1.407,GenVerb.,,,
2274337.9,εἰ,αἴ,c--------,,2274337.6,AuxC,Ref=1.408,,,,
2274337.1,ἄν,κέν,g--------,,2274337.12,AuxY,Ref=1.408,,,,
2274337.11,πως,πως,g--------,,2274337.12,ADV,Ref=1.408,,,,
2274337.12,ἐθέλω,ἐθέλῃσιν,v3spsa---,PresNoni. | SubjSubor. | Act.,2274337.9,ADV,Ref=1.408,PresNoni.,SubjSubor.,Act.,
2274337.13,ἐπί,ἐπί,r--------,Preverb,2274337.15,AuxZ,Ref=1.408,Preverb,,,
2274337.14,Τρώς,Τρώεσσιν,n-p---md-,GBP,2274337.15,OBJ,Ref=1.408,GBP,,,
2274337.15,ἀρήγω,ἀρῆξαι,**,AorNoni. | InfDyn. | Act.,2274337.18,OBJ_CO,Ref=1.408|SpaceAfter=No,AorNoni.,InfDyn.,Act.,
,,,,,,,Ref=1.408,,,,
2274337.15,ὁ,τοὺς,l-p---ma-,Agr.,2274337.26,ATR,Ref=1.409,Agr.,,,
2274337.18,δέ,δέ,g--------,,2274337.12,COORD,Ref=1.409,,,,
2274337.19,κατά,κατά,r--------,Prep3.,2274337.22,AuxP,Ref=1.409,Prep3.,,,
2274337.2,πρύμνα,πρύμνας,n-p---fa-,GBP,2274337.19,OBJ_CO,Ref=1.409,GBP,,,
2274337.21,τε,τε,g--------,,2274337.22,AuxY,Ref=1.409,,,,
2274337.22,καί,καί,c--------,,2274337.25,COORD,Ref=1.409,,,,
2274337.23,ἀμφί,ἀμφ’,r--------,Prep3.,2274337.22,AuxP,Ref=1.409,Prep3.,,,
2274337.24,ἅλς,ἅλα,n-s---fa-,GBP,2274337.23,OBJ_CO,Ref=1.409,GBP,,,
2274337.25,εἴλω,ἔλσαι,**,AorNoni. | InfDyn. | Act.,2274337.18,OBJ_CO,Ref=1.409,AorNoni.,InfDyn.,Act.,
2274337.26,Ἀχαιός,Ἀχαιούς,a-p---ma-,AccObj. ,2274337.25,OBJ,Ref=1.409,AccObj.,,,
2274337.27,κτείνω,κτεινομένους,v-pppema-,PresNoni. | PartCirc. | MidSpon. | Agr.,2274337.26,ATV,Ref=1.410|SpaceAfter=No,PresNoni.,PartCirc.,MidSpon.,Agr.
,,,,,,,Ref=1.410,,,,
2274337.29,ἵνα,ἵνα,c--------,,2274337.25,AuxC,Ref=1.410,,,,
2274337.3,πᾶς,πάντες,a-p---mn-,NomSubj.,2274337.31,SBJ,Ref=1.410,NomSubj.,,,
2274337.31,ἐπαυρέω,ἐπαύρωνται,v3pasm---,AorNoni. | SubjSubor. | MidIndir.,2274337.35,ADV_CO,Ref=1.410,AorNoni.,SubjSubor.,MidIndir.,
2274337.32,βασιλεύς,βασιλῆος,n-s---mg-,GenSep. ,2274337.31,OBJ,Ref=1.410|SpaceAfter=No,GenSep.,,,
,,,,,,,Ref=1.410,,,,
2274337.34,γιγνώσκω,γνῷ,v3sasa---,AorNoni. | SubjSubor. | Act.,2274337.35,ADV_CO,Ref=1.411,AorNoni.,SubjSubor.,Act.,
2274337.35,δέ,δέ,g--------,,2274337.29,COORD,Ref=1.411,,,,
2274337.36,καί,καί,d--------,,2274337.4,AuxZ,Ref=1.411,,,,
2274337.37,Ἀτρείδης,Ἀτρεΐδης,n-s---mn-,Agr.,2274337.4,ATR,Ref=1.411,Agr.,,,
2274337.38,εὐρύς,εὐρύ,a-s---na-,AccSpac.,2274337.39,AuxZ,Ref=1.411,AccSpac.,,,
2274337.39,κρείων,κρείων,n-s---mn-,Agr.,2274337.4,ATR,Ref=1.411,Agr.,,,
2274337.4,Ἀγαμέμνων,Ἀγαμέμνων,n-s---mn-,NomSubj.,2274337.34,SBJ,Ref=1.411,NomSubj.,,,
2274337.4,ἑός,ἣν,a-s---fa-,Agr.,2274337.42,ATR,Ref=1.412,Agr.,,,
2274337.42,ἄτη,ἄτην,n-s---fa-,AccObj. ,2274337.34,OBJ,Ref=1.412,AccObj.,,,
2274337.42,ὅς,ὅ,p-s---na-,,2274337.42,AuxC,Ref=1.412,,,,
2274337.44,τε,τ’,g--------,,2274337.48,AuxY,Ref=1.412,,,,
2274337.45,ἄριστος,ἄριστον,a-s---ma-,,2274337.48,OBJ,Ref=1.412,,,,
2274337.46,Ἀχαιός,Ἀχαιῶν,a-p---mg-,GenComp.,2274337.45,ATR,Ref=1.412,GenComp.,,,
2274337.47,οὐδείς,οὐδέν,a-s---na-,AccAdv.,2274337.48,ADV,Ref=1.412,AccAdv.,,,
2274337.48,τίνω,ἔτισεν,v3saia---,Aor. | Ind. | Act.,2274337.43,ATR,Ref=1.412|SpaceAfter=No,Aor.,Ind.,Act.,
,,,,,,,Ref=1.412,,,,
,,,,,,,,,,,
,,,,,,,,,,,
,,,,,,,,,,,
,,,,,,,,,,,
2274337.48,ὁ,τὸν,p-s---ma-,AccObj. ,2274338.3,OBJ,Ref=1.413,AccObj.,,,
2274338.2,δέ,δ’,g--------,,2274338.0,COORD,Ref=1.413,,,,
2274338.3,ἀμείβω,ἠμείβετ’,v3siie---,Impf. | Ind. | MidSpee.,2274338.2,PRED_CO,Ref=1.413,Impf.,Ind.,MidSpee.,
2274338.4,ἔπειτα,ἔπειτα,d--------,,2274338.3,ADV,Ref=1.413,,,,
2274338.5,Θέτις,Θέτις,n-s---fn-,NomSubj.,2274338.3,SBJ,Ref=1.413,NomSubj.,,,
2274338.6,κατά,κατά,r--------,Preverb,2274338.8,AuxZ,Ref=1.413,Preverb,,,
2274338.7,δάκρυον,δάκρυ,n-s---na-,AccObj. ,2274338.8,OBJ,Ref=1.413,AccObj.,,,
2274338.8,χέω,χέουσα,v-sppafn-,PresNoni. | PartCirc. | Act. | Agr.,2274338.3,ADV,Ref=1.413|SpaceAfter=No,PresNoni.,PartCirc.,Act.,Agr.
,,,,,,,Ref=1.413,,,,
,,,,,,,,,,,
,,,,,,,,,,,
,,,,,,,,,,,
,,,,,,,,,,,
2274339.1,ὦ,ὤ,i--------,,2274339.9,AuxY,Ref=1.414,,,,
2274339.1,ἐγώ,μοι,p-s---fd-,DatEthic. ,2274339.1,AuxZ,Ref=1.414,DatEthic.,,,
2274339.3,τέκνον,τέκνον,n-s---nv-,Voc.,2274339.9,ExD,Ref=1.414,Voc.,,,
2274339.4,ἐμός,ἐμόν,a-s---nv-,Agr.,2274339.3,ATR,Ref=1.414|SpaceAfter=No,Agr.,,,
,,,,,,,Ref=1.414,,,,
2274339.4,τις,τί,p-s---na-,AccCaus.,2274339.9,ADV,Ref=1.414,AccCaus.,,,
2274339.7,νῦν,νύ,d--------,,2274339.9,ADV,Ref=1.414,,,,
2274339.7,σύ,σ’,p-s----a-,AccObj. ,2274339.9,OBJ,Ref=1.414,AccObj.,,,
2274339.9,τρέφω,ἔτρεφον,v1siia---,Impf. | Ind. | Act.,2274339.0,PRED,Ref=1.414,Impf.,Ind.,Act.,
2274339.1,αἰνός,αἰνά,a-p---na-,AccAdv.,2274339.11,ADV,Ref=1.414,AccAdv.,,,
2274339.11,τίκτω,τεκοῦσα,v-sapafn-,AorNoni. | PartCirc. | Act. | Agr.,2274339.9,ADV,Ref=1.414|SpaceAfter=No,AorNoni.,PartCirc.,Act.,Agr.
,,,,,,,Ref=1.414,,,,
,,,,,,,,,,,
,,,,,,,,,,,
,,,,,,,,,,,
,,,,,,,,,,,
2274340.1,εἴθε,αἴθ’,i--------,,2274340.2,AuxY,Ref=1.415,,,,
2274340.2,ὀφείλω,ὄφελες,v2saia---,Aor. | Ind. | Act.,2274340.0,PRED,Ref=1.415,Aor.,Ind.,Act.,
2274340.2,παρά,παρὰ,r--------,Prep3.,2274340.8,AuxP,Ref=1.415,Prep3.,,,
2274340.4,ναῦς,νηυσίν,n-p---fd-,GBP,2274340.3,OBJ,Ref=1.415,GBP,,,
2274340.5,ἀδάκρυτος,ἀδάκρυτος,a-s---mn-,Agr.,2274340.6,AtvV_CO,Ref=1.415,Agr.,,,
2274340.6,καί,καί,c--------,,2274340.8,COORD,Ref=1.415,,,,
2274340.7,ἀπήμων,ἀπήμων,a-s---mn-,Agr.,2274340.6,AtvV_CO,Ref=1.415,Agr.,,,
2274340.8,ἧμαι,ἧσθαι,v--rne---,PerfNoni. | InfDyn. | MidMotion.,2274340.2,OBJ,Ref=1.416|SpaceAfter=No,PerfNoni.,InfDyn.,MidMotion.,
,,,,,,,Ref=1.416,,,,
2274340.1,ἐπεί,ἐπεί,c--------,,2274340.2,AuxC,Ref=1.416,,,,
,,,,,,,_,,,,
2274340.11,νῦν,νύ,d--------,,2274340.21,ADV,Ref=1.416,,,,
2274340.11,σύ,τοι,p-s----d-,DatPos.,2274340.13,ATR,Ref=1.416,DatPos.,,,
2274340.13,αἶσα,αἶσα,n-s---fn-,NomPred.,2274340.21,SBJ,Ref=1.416,NomPred.,,,
2274340.14,μίνυνθα,μίνυνθά,d--------,,2274340.21,ADV,Ref=1.416,,,,
2274340.15,πέρ,περ,g--------,,2274340.14,AuxZ,Ref=1.416,,,,
2274340.15,οὐ,οὔ,d--------,,2274340.19,AuxZ,Ref=1.416,,,,
2274340.15,τις,τι,p-s---na-,,2274340.19,AuxZ,Ref=1.416,,,,
2274340.18,μάλα,μάλα,d--------,,2274340.19,AuxZ,Ref=1.416,,,,
2274340.19,δήν,δήν,d--------,,2274340.21,ADV,Ref=1.416|SpaceAfter=No,,,,
,,,,,,,Ref=1.416,,,,
,,,,,,,,,,,
,,,,,,,,,,,
,,,,,,,,,,,
,,,,,,,,,,,
2274341.1,νῦν,νῦν,d--------,,2274341.1,ADV,Ref=1.417,,,,
2274341.2,δέ,δ’,g--------,,2274341.0,COORD,Ref=1.417,,,,
2274341.3,ἅμα,ἅμα,d--------,,2274341.6,AuxY,Ref=1.417,,,,
2274341.4,τε,τ’,g--------,,2274341.6,AuxY,Ref=1.417,,,,
2274341.5,ὠκύμορος,ὠκύμορος,a-s---mn-,Agr.,2274341.6,PNOM_CO,Ref=1.417,Agr.,,,
2274341.6,καί,καί,c--------,,2274341.1,COORD,Ref=1.417,,,,
2274341.7,ὀιζυρός,ὀϊζυρός,a-s---mn-,Agr.,2274341.6,PNOM_CO,Ref=1.417,Agr.,,,
2274341.8,περί,περί,r--------,Prep3.,2274341.1,AuxP,Ref=1.417,Prep3.,,,
2274341.9,πᾶς,πάντων,a-p---mg-,GBP,2274341.8,ADV,Ref=1.417,GBP,,,
2274341.1,πέλω,ἔπλεο,v2siie---,Impf. | Ind. | MidSpon.,2274341.2,PRED_CO,Ref=1.418|SpaceAfter=No,Impf.,Ind.,MidSpon.,
,,,,,,,Ref=1.418,,,,
,,,,,,,,,,,
,,,,,,,,,,,
,,,,,,,,,,,
,,,,,,,,,,,
2274342.1,τῷ,τώ,d--------,,2274342.5,ADV,Ref=1.418,,,,
2274342.1,σύ,σε,p-s----a-,AccObj. ,2274342.5,OBJ,Ref=1.418,AccObj.,,,
2274342.3,κακός,κακῇ,a-s---fd-,Agr.,2274342.4,ATR,Ref=1.418,Agr.,,,
2274342.4,αἶσις,αἴσῃ,n-s---fd-,DatCaus.,2274342.5,ADV,Ref=1.418,DatCaus.,,,
2274342.5,τίκτω,τέκον,v1saia---,Aor. | Ind. | Act.,2274342.0,PRED,Ref=1.418,Aor.,Ind.,Act.,
2274342.6,ἐν,ἐν,r--------,Prep3.,2274342.5,AuxP,Ref=1.418,Prep3.,,,
2274342.7,μέγαρον,μεγάροισι,n-p---nd-,GBP,2274342.6,ADV,Ref=1.418|SpaceAfter=No,GBP,,,
,,,,,,,Ref=1.418,,,,
,,,,,,,,,,,
,,,,,,,,,,,
,,,,,,,,,,,
,,,,,,,,,,,
2274343.1,οὗτος,τοῦτο,a-s---na-,Agr.,2274343.5,ATR,Ref=1.419,Agr.,,,
2274343.2,δέ,δέ,g--------,,2274343.0,COORD,Ref=1.419,,,,
2274343.2,σύ,τοι,p-s----d-,DatPos. ,2274343.4,AuxY,Ref=1.419,DatPos.,,,
2274343.4,ἐρῶ,ἐρέουσα,v-sfpafn-,FutNoni. | PartCirc. | Act. | Agr.,2274343.8,ADV,Ref=1.419,FutNoni.,PartCirc.,Act.,Agr.
2274343.5,ἔπος,ἔπος,n-s---na-,AccObj. ,2274343.4,OBJ,Ref=1.419,AccObj.,,,
2274343.6,Ζεύς,Διί,n-s---md-,DatVerb. ,2274343.4,OBJ,Ref=1.419,DatVerb.,,,
2274343.7,τερπικέραυνος,τερπικεραύνῳ,a-s---md-,Agr.,2274343.6,ATR,Ref=1.419,Agr.,,,
2274343.8,εἶμι,εἶμ’,v1spia---,Pres. | Ind. | Act.,2274343.2,PRED_CO,Ref=1.420,Pres.,Ind.,Act.,
2274343.9,αὐτός,αὐτή,a-s---fn-,NomSubj.,2274343.8,AtvV,Ref=1.420,NomSubj.,,,
2274343.1,πρός,πρός,r--------,Prep3.,2274343.8,AuxP,Ref=1.420,Prep3.,,,
2274343.11,Ὄλυμπος,Ὄλυμπον,n-s---ma-,GBP,2274343.1,OBJ,Ref=1.420,GBP,,,
2274343.12,ἀγάννιφος,ἀγάννιφον,a-s---ma-,Agr.,2274343.11,ATR,Ref=1.420,Agr.,,,
2274343.13,εἰ,αἴ,c--------,,2274343.8,AuxC,Ref=1.420,,,,
2274343.14,ἄν,κε,g--------,,2274343.15,AuxY,Ref=1.420,,,,
2274343.15,πείθω,πίθηται,v3sase---,AorNoni. | SubjSubor. | MidSpon.,2274343.13,ADV,Ref=1.420|SpaceAfter=No,AorNoni.,SubjSubor.,MidSpon.,
,,,,,,,Ref=1.420,,,,
,,,,,,,,,,,
,,,,,,,,,,,
,,,,,,,,,,,
,,,,,,,,,,,
2274344.1,ἀλλά,ἀλλά,d--------,,2274344.12,AuxY,Ref=1.421,,,,
2274344.1,σύ,σὺ,p-s----n-,NomSubj.,2274344.12,SBJ,Ref=1.421,NomSubj.,,,
2274344.3,μέν,μέν,g--------,,2274344.12,AuxY,Ref=1.421,,,,
2274344.4,νῦν,νῦν,d--------,,2274344.12,ADV,Ref=1.421,,,,
2274344.5,ναῦς,νηυσί,n-p---fd-,DatVerb.,2274344.6,OBJ,Ref=1.421,DatVerb.,,,
2274344.6,πάρημαι,παρήμενος,v-sppemn-,PresNoni. | PartCirc. | MidMotion. | Agr.,2274344.8,ADV,Ref=1.421,PresNoni.,PartCirc.,MidMotion.,Agr.
2274344.7,ὠκύπορος,ὠκυπόροισι,a-p---fd-,Agr.,2274344.5,ATR,Ref=1.421,Agr.,,,
2274344.8,μηνίω,μήνι’,v2spma---,PresNoni. | ImprComm. | Act.,2274344.12,PRED_CO,Ref=1.422,PresNoni.,ImprComm.,Act.,
2274344.9,Ἀχαιός,Ἀχαιοῖσιν,a-p---md-,DatCaus.,2274344.8,OBJ,Ref=1.422|SpaceAfter=No,DatCaus.,,,
,,,,,,,Ref=1.422,,,,
2274344.11,πόλεμος,πολέμου,n-s---mg-,GenVerb. ,2274344.13,OBJ,Ref=1.422,GenVerb.,,,
2274344.12,δέ,δ’,g--------,,2274344.0,COORD,Ref=1.422,,,,
2274344.13,ἀποπαύω,ἀποπαύεο,v2spme---,PresNoni. | ImprComm. | MidDir.,2274344.12,PRED_CO,Ref=1.422,PresNoni.,ImprComm.,MidDir.,
2274344.14,πάμπαν,πάμπαν,d--------,,2274344.13,ADV,Ref=1.422|SpaceAfter=No,,,,
,,,,,,,Ref=1.422,,,,
,,,,,,,,,,,
,,,,,,,,,,,
,,,,,,,,,,,
,,,,,,,,,,,
2274345.1,Ζεύς,Ζεύς,n-s---mn-,NomSubj.,2274345.9,SBJ,Ref=1.423,NomSubj.,,,
2274345.2,γάρ,γάρ,g--------,,2274345.9,AuxY,Ref=1.423,,,,
2274345.3,εἰς,ἐς,r--------,Prep3.,2274345.9,AuxP,Ref=1.423,Prep3.,,,
2274345.4,Ὠκεανός,Ὠκεανόν,n-s---ma-,GBP,2274345.3,OBJ,Ref=1.423,GBP,,,
2274345.5,μετά,μετ’,r--------,Prep2.,2274345.9,AuxP,Ref=1.423,Prep2.,,,
2274345.6,ἀμύμων,ἀμύμονας,a-p---ma-,Agr.,2274345.7,ATR,Ref=1.423,Agr.,,,
2274345.7,Αἰθίοψ,Αἰθιοπῆας,n-p---ma-,GBP,2274345.5,OBJ,Ref=1.423,GBP,,,
2274345.8,χθιζός,χθιζός,a-s---mn-,,2274345.1,ATV,Ref=1.424,,,,
2274345.9,βαίνω,ἔβη,v3saia---,Aor. | Ind. | Act.,2274345.14,PRED_CO,Ref=1.424,Aor.,Ind.,Act.,
2274345.1,κατά,κατά,r--------,Prep1.,2274345.9,AuxP,Ref=1.424,Prep1.,,,
2274345.11,δαίς,δαῖτα,n-s---fa-,GBP,2274345.1,ADV,Ref=1.424|SpaceAfter=No,GBP,,,
,,,,,,,Ref=1.424,,,,
2274345.13,θεός,θεοί,n-p---mn-,NomSubj.,2274345.17,SBJ,Ref=1.424,NomSubj.,,,
2274345.14,δέ,δ’,g--------,,2274345.0,COORD,Ref=1.424,,,,
2274345.15,ἅμα,ἅμα,d--------,,2274345.17,ADV,Ref=1.424,,,,
2274345.16,πᾶς,πάντες,a-p---mn-,Agr.,2274345.13,ATR,Ref=1.424,Agr.,,,
2274345.17,ἕπομαι,ἕποντο,v3piie---,Impf. | Ind. | MidMotion.,2274345.14,PRED_CO,Ref=1.424|SpaceAfter=No,Impf.,Ind.,MidMotion.,
,,,,,,,Ref=1.424,,,,
,,,,,,,,,,,
,,,,,,,,,,,
,,,,,,,,,,,
,,,,,,,,,,,
2274346.1,δωδέκατος,δωδεκάτῃ,a-s---fd-,DatTime.,2274346.5,ADV,Ref=1.425,DatTime.,,,
2274346.2,δέ,δέ,g--------,,2274346.22,AuxY,Ref=1.425,,,,
2274346.3,τοι,τοι,g--------,,2274346.5,AuxY,Ref=1.425,,,,
2274346.4,αὖθις,αὖτις,d--------,,2274346.5,ADV,Ref=1.425,,,,
2274346.5,ἔρχομαι,ἐλεύσεται,v3sfim---,Fut. | Ind. | MidMotion.,2274346.22,PRED_CO,Ref=1.425,Fut.,Ind.,MidMotion.,
2274346.6,Ὄλυμπος,Οὔλυμπον,n-s---ma-,AccDirec.,2274346.5,OBJ,Ref=1.425,AccDirec.,,,
2274346.7,δέ,δέ,g--------,,2274346.6,AuxZ,Ref=1.425|SpaceAfter=No,,,,
,,,,,,,Ref=1.425,,,,
2274346.9,καί,καί,c--------,,2274346.22,AuxY,Ref=1.426,,,,
2274346.1,τότε,τότ’,d--------,,2274346.13,ADV,Ref=1.426,,,,
2274346.11,ἔπειτα,ἔπειτά,d--------,,2274346.13,ADV,Ref=1.426,,,,
2274346.12,τοι,τοι,g--------,,2274346.13,AuxY,Ref=1.426,,,,
2274346.13,εἶμι,εἶμι,v1spia---,Pres. | Ind. | Act.,2274346.22,PRED_CO,Ref=1.426,Pres.,Ind.,Act.,
2274346.14,Ζεύς,Διός,n-s---mg-,GenPos. ,2274346.17,ATR,Ref=1.426,GenPos.,,,
2274346.15,πρός,ποτί,r--------,Prep3.,2274346.13,AuxP,Ref=1.426,Prep3.,,,
2274346.16,χαλκοβατής,χαλκοβατές,a-s---na-,Agr.,2274346.17,ATR,Ref=1.426,Agr.,,,
2274346.17,δῶμα,δῶ,n-s---na-,GBP,2274346.15,OBJ,Ref=1.426|SpaceAfter=No,GBP,,,
,,,,,,,Ref=1.426,,,,
2274346.19,καί,καί,c--------,,2274346.22,AuxY,Ref=1.427,,,,
2274346.19,μιν,μιν,p-s---ma-,AccObj. ,2274346.21,OBJ,Ref=1.427,AccObj.,,,
2274346.21,γουνάζομαι,γουνάσομαι,v1sfie---,Fut. | Ind. | MidMotion.,2274346.22,PRED_CO,Ref=1.427,Fut.,Ind.,MidMotion.,
2274346.22,καί,καί,c--------,,2274346.0,COORD,Ref=1.427,,,,
2274346.22,μιν,μιν,p-s---ma-,AccObj. ,2274346.24,SBJ,Ref=1.427,AccObj.,,,
2274346.24,πείθω,πείσεσθαι,v--fnm---,FutNoni. | InfDyn. | MidSpon.,2274346.25,OBJ,Ref=1.427,FutNoni.,InfDyn.,MidSpon.,
2274346.25,οἴομαι,ὀΐω,v1spia---,Pres. | Ind. | Act.,2274346.22,PRED_CO,Ref=1.427|SpaceAfter=No,Pres.,Ind.,Act.,
,,,,,,,Ref=1.427,,,,
,,,,,,,,,,,
,,,,,,,,,,,
,,,,,,,,,,,
,,,,,,,,,,,
2274347.1,ὡς,ὡς,d--------,,2274347.3,ADV,Ref=1.428,,,,
2274347.1,ἄρα,ἄρα,g--------,,2274347.3,AuxY,Ref=1.428,,,,
2274347.3,φωνέω,φωνήσασ’,v-sapafn-,AorNoni. | PartCirc. | Act. | Agr.,2274347.4,ADV,Ref=1.428,AorNoni.,PartCirc.,Act.,Agr.
2274347.4,ἀποβαίνω,ἀπεβήσετο,v3saim---,Aor. | Ind. | MidMotion.,2274347.7,PRED_CO,Ref=1.428|SpaceAfter=No,Aor.,Ind.,MidMotion.,
,,,,,,,Ref=1.428,,,,
2274347.4,ὁ,τὸν,p-s---ma-,AccObj. ,2274347.8,OBJ,Ref=1.428,AccObj.,,,
2274347.7,δέ,δέ,g--------,,2274347.0,COORD,Ref=1.428,,,,
2274347.8,λείπω,λίπ’,v3saia---,Aor. | Ind. | Act.,2274347.7,PRED_CO,Ref=1.428,Aor.,Ind.,Act.,
2274347.9,αὐτοῦ,αὐτοῦ,d--------,,2274347.8,OBJ,Ref=1.428,,,,
2274347.1,χώομαι,χωόμενον,v-sppema-,PresNoni. | PartAttr. | MidMent. | Agr.,2274347.6,ATV,Ref=1.429,PresNoni.,PartAttr.,MidMent.,Agr.
2274347.11,κατά,κατά,r--------,Prep3.,2274347.1,AuxP,Ref=1.429,Prep3.,,,
2274347.12,θυμός,θυμόν,n-s---ma-,GBP,2274347.11,ADV,Ref=1.429,GBP,,,
2274347.13,εὔζωνος,ἐϋζώνοιο,a-s---fg-,Agr.,2274347.14,ATR,Ref=1.429,Agr.,,,
2274347.14,γυνή,γυναικός,n-s---fg-,GenCaus.,2274347.1,OBJ,Ref=1.429,GenCaus.,,,
2274347.14,ὁ,τήν,p-s---fa-,AccObj. ,2274347.19,OBJ,Ref=1.430,AccObj.,,,
2274347.14,ἄρα,ῥα,g--------,,2274347.19,AuxY,Ref=1.430,,,,
2274347.17,βία,βίῃ,n-s---fd-,DatMean.,2274347.19,ADV,Ref=1.430,DatMean.,,,
2274347.18,ἀέκων,ἀέκοντος,a-s---mg-,PartGen. Circumstantial Participle - Genitive Absolute,2274347.19,AtvV,Ref=1.430,PartGen. Circumstantial Participle - Genitive Absolute,,,
2274347.19,ἀπαυράω,ἀπηύρων,v3piia---,Impf. | Ind. | Act.,2274347.14,ATR,Ref=1.430|SpaceAfter=No,Impf.,Ind.,Act.,
,,,,,,,Ref=1.430,,,,
,,,,,,,,,,,
,,,,,,,,,,,
,,,,,,,,,,,
,,,,,,,,,,,
2274348.1,ἀτάρ,αὐτάρ,g--------,,2274348.5,AuxY,Ref=1.430,,,,
2274348.2,Ὀδυσσεύς,Ὀδυσσεύς,n-s---mn-,NomSubj.,2274348.5,SBJ,Ref=1.430,NomSubj.,,,
2274348.3,εἰς,ἐς,r--------,Prep3.,2274348.5,AuxP,Ref=1.431,Prep3.,,,
2274348.4,Χρύση,Χρύσην,n-s---fa-,GBP,2274348.3,OBJ,Ref=1.431,GBP,,,
2274348.5,ἱκάνω,ἵκανεν,v3siia---,Impf. | Ind. | Act.,2274348.0,PRED,Ref=1.431,Impf.,Ind.,Act.,
2274348.6,ἄγω,ἄγων,v-sppamn-,PresNoni. | PartCirc. | Act. | Agr.,2274348.5,ADV,Ref=1.431,PresNoni.,PartCirc.,Act.,Agr.
2274348.7,ἱερός,ἱερήν,a-s---fa-,Agr.,2274348.8,ATR,Ref=1.431,Agr.,,,
2274348.8,ἑκατόμβη,ἑκατόμβην,n-s---fa-,AccObj. ,2274348.6,OBJ,Ref=1.431|SpaceAfter=No,AccObj.,,,
,,,,,,,Ref=1.431,,,,
,,,,,,,,,,,
,,,,,,,,,,,
,,,,,,,,,,,
,,,,,,,,,,,
2274348.8,ὁ,οἳ,p-p---mn-,NomSubj.,2274349.28,SBJ,Ref=1.432,NomSubj.,,,
2274349.2,δέ,δ’,g--------,,2274349.28,AuxY,Ref=1.432,,,,
2274349.3,ὅτε,ὅτε,c--------,,2274349.28,AuxC,Ref=1.432,,,,
2274349.4,δή,δή,g--------,,2274349.8,AuxY,Ref=1.432,,,,
2274349.5,λιμήν,λιμένος,n-s---mg-,GBP,2274349.7,OBJ,Ref=1.432,GBP,,,
2274349.6,πολυβενθής,πολυβενθέος,a-s---mg-,Agr.,2274349.5,ATR,Ref=1.432,Agr.,,,
2274349.7,ἐντός,ἐντός,r--------,Prep3.,2274349.8,AuxP,Ref=1.432,Prep3.,,,
2274349.8,ἱκνέομαι,ἵκοντο,v3paim---,Aor. | Ind. | MidMotion.,2274349.3,ADV,Ref=1.432,Aor.,Ind.,MidMotion.,
2274349.9,ἱστίον,ἱστία,n-p---na-,AccObj. ,2274349.11,OBJ,Ref=1.433,AccObj.,,,
2274349.1,μέν,μέν,g--------,,2274349.28,AuxY,Ref=1.433,,,,
2274349.11,στέλλω,στείλαντο,v3paim---,Aor. | Ind. | MidMotion.,2274349.28,PRED_CO,Ref=1.433|SpaceAfter=No,Aor.,Ind.,MidMotion.,
,,,,,,,Ref=1.433,,,,
2274349.13,τίθημι,θέσαν,v3paia---,Aor. | Ind. | Act.,2274349.28,PRED_CO,Ref=1.433,Aor.,Ind.,Act.,
2274349.14,δέ,δ’,g--------,,2274349.28,AuxY,Ref=1.433,,,,
2274349.15,ἐν,ἐν,r--------,Prep3.,2274349.13,AuxP,Ref=1.433,Prep3.,,,
2274349.15,ναῦς,νηί,n-s---fd-,GBP,2274349.15,OBJ,Ref=1.433,GBP,,,
2274349.17,μέλας,μελαίνῃ,a-s---fd-,Agr.,2274349.16,ATR,Ref=1.433|SpaceAfter=No,Agr.,,,
,,,,,,,Ref=1.433,,,,
2274349.19,ἱστός,ἱστόν,n-s---ma-,AccObj. ,2274349.22,OBJ,Ref=1.434,AccObj.,,,
2274349.2,δέ,δ’,g--------,,2274349.28,AuxY,Ref=1.434,,,,
2274349.21,ἱστοδόκη,ἱστοδόκῃ,n-s---fd-,DatLoc.,2274349.22,OBJ,Ref=1.434,DatLoc.,,,
2274349.22,πελάζω,πέλασαν,v3paia---,Aor. | Ind. | Act.,2274349.28,PRED_CO,Ref=1.434,Aor.,Ind.,Act.,
2274349.23,πρότονοι,προτόνοισιν,n-p---md-,DatInstr.,2274349.24,ADV,Ref=1.434,DatInstr.,,,
2274349.24,ὑφίημι,ὑφέντες,v-papamn-,AorNoni | PartCirc. | Act. | Agr.,2274349.22,ADV,Ref=1.434,AorNoni,PartCirc.,Act.,Agr.
2274349.25,καρπάλιμος,καρπαλίμως,d--------,,2274349.22,ADV,Ref=1.435|SpaceAfter=No,,,,
,,,,,,,Ref=1.435,,,,
2274349.25,ὁ,τὴν,p-s---fa-,AccObj. ,2274349.31,OBJ,Ref=1.435,AccObj.,,,
2274349.28,δέ,δ’,g--------,,2274349.0,COORD,Ref=1.435,,,,
2274349.29,εἰς,εἰς,r--------,Prep3.,2274349.31,AuxP,Ref=1.435,Prep3.,,,
2274349.3,ὅρμος,ὅρμον,n-s---ma-,GBP,2274349.29,OBJ,Ref=1.435,GBP,,,
2274349.31,προερέσσω,προέρεσσαν,v3paia---,Aor. | Ind. | Act.,2274349.28,PRED_CO,Ref=1.435,Aor.,Ind.,Act.,
2274349.32,ἐρετμόν,ἐρετμοῖς,n-p---nd-,DatInstr.,2274349.31,ADV,Ref=1.435|SpaceAfter=No,DatInstr.,,,
,,,,,,,Ref=1.435,,,,
,,,,,,,,,,,
,,,,,,,,,,,
,,,,,,,,,,,
,,,,,,,,,,,
2274350.1,ἐκ,ἐκ,r--------,Preverb,2274350.4,AuxZ,Ref=1.436,Preverb,,,
2274350.2,δέ,δ’,g--------,,2274350.7,AuxY,Ref=1.436,,,,
2274350.3,εὐνή,εὐνάς,n-p---fa-,AccObj. ,2274350.4,OBJ,Ref=1.436,AccObj.,,,
2274350.4,βάλλω,ἔβαλον,v3paia---,Aor. | Ind. | Act.,2274350.7,PRED_CO,Ref=1.436|SpaceAfter=No,Aor.,Ind.,Act.,
,,,,,,,Ref=1.436,,,,
2274350.6,κατά,κατά,r--------,Preverb,2274350.9,AuxZ,Ref=1.436,Preverb,,,
2274350.7,δέ,δέ,g--------,,2274350.0,COORD,Ref=1.436,,,,
2274350.8,πρυμνήσιος,πρυμνήσι’,a-p---na-,AccObj. ,2274350.9,OBJ,Ref=1.436,AccObj.,,,
2274350.9,δέω,ἔδησαν,v3paia---,Aor. | Ind. | Act.,2274350.7,PRED_CO,Ref=1.436|SpaceAfter=No,Aor.,Ind.,Act.,
,,,,,,,Ref=1.436,,,,
,,,,,,,,,,,
,,,,,,,,,,,
,,,,,,,,,,,
,,,,,,,,,,,
2274351.1,ἐκ,ἐκ,r--------,Preverb,2274351.5,AuxZ,Ref=1.437,Preverb,,,
2274351.2,δέ,δέ,g--------,,2274351.11,AuxY,Ref=1.437,,,,
2274351.3,καί,καί,d--------,,2274351.4,AuxZ,Ref=1.437,,,,
2274351.4,αὐτός,αὐτοί,a-p---mn-,NomSubj.,2274351.5,AtvV,Ref=1.437,NomSubj.,,,
2274351.5,βαίνω,βαῖνον,v3piia---,Impf. | Ind. | Act.,2274351.11,PRED_CO,Ref=1.437,Impf.,Ind.,Act.,
2274351.6,ἐπί,ἐπί,r--------,Prep3.,2274351.5,AuxP,Ref=1.437,Prep3.,,,
2274351.7,ῥηγμίν,ῥηγμῖνι,n-s---md-,GBP,2274351.6,OBJ,Ref=1.437,GBP,,,
2274351.8,θάλασσα,θαλάσσης,n-s---fg-,GenExpl.,2274351.7,ATR,Ref=1.437|SpaceAfter=No,GenExpl.,,,
2274351.1,ἐκ,ἐκ,r--------,Preverb,2274351.13,AuxZ,Ref=1.437,Preverb,,,
,,,,,,,Ref=1.438,,,,
2274351.11,δέ,δ’,g--------,,2274351.0,COORD,Ref=1.438,,,,
2274351.12,ἑκατόμβη,ἑκατόμβην,n-s---fa-,AccObj. ,2274351.13,OBJ,Ref=1.438,AccObj.,,,
2274351.13,βαίνω,βῆσαν,v3paia---,Aor. | Ind. | Act.,2274351.11,PRED_CO,Ref=1.438,Aor.,Ind.,Act.,
2274351.13,βαίνω,βῆσαν,v3paia---,Agr.,2274351.11,PRED_CO,Ref=1.438,Agr.,,,
2274351.14,ἑκηβόλος,ἑκηβόλῳ,a-s---md-,DatAdvn.,2274351.15,ATR,Ref=1.438|SpaceAfter=No,DatAdvn.,,,
2274351.15,Ἀπόλλων,Ἀπόλλωνι,n-s---md-,,2274351.13,ADV,Ref=1.438,,,,
,,,,,,,,,,,
,,,,,,,,,,,
,,,,,,,,,,,
,,,,,,,,,,,
2274352.1,ἐκ,ἐκ,r--------,Prep3.,2274352.5,AuxP,Ref=1.439,Prep3.,,,
2274352.2,δέ,δέ,g--------,,2274352.0,COORD,Ref=1.439,,,,
2274352.3,Χρυσηίς,Χρυσηίς,n-s---fn-,NomSubj.,2274352.5,SBJ,Ref=1.439,NomSubj.,,,
2274352.4,ναῦς,νηός,n-s---fg-,GBP,2274352.1,OBJ,Ref=1.439,GBP,,,
2274352.5,βαίνω,βῆ,v3saia---,Aor. | Ind. | Act.,2274352.2,PRED_CO,Ref=1.439,Aor.,Ind.,Act.,
2274352.6,ποντόπορος,ποντοπόροιο,a-s---fg-,Agr.,2274352.4,ATR,Ref=1.439|SpaceAfter=No,Agr.,,,
,,,,,,,Ref=1.439,,,,
,,,,,,,,,,,
,,,,,,,,,,,
,,,,,,,,,,,
,,,,,,,,,,,
2274352.6,ὁ,τὴν,p-s---fa-,AccObj. ,2274353.13,OBJ,Ref=1.440,AccObj.,,,
2274353.2,μέν,μέν,g--------,,2274353.14,AuxY,Ref=1.440,,,,
2274353.3,ἔπειτα,ἔπειτ’,d--------,,2274353.14,ADV,Ref=1.440,,,,
2274353.4,ἐπί,ἐπί,r--------,Prep3.,2274353.6,AuxP,Ref=1.440,Prep3.,,,
2274353.5,βωμός,βωμόν,n-s---ma-,GBP,2274353.4,OBJ,Ref=1.440,GBP,,,
2274353.6,ἄγω,ἄγων,v-sppamn-,PresNoni. | PartCirc. | Act. | Agr.,2274353.13,ADV,Ref=1.440,PresNoni.,PartCirc.,Act.,Agr.
2274353.7,πολύμητις,πολύμητις,a-s---mn-,Agr.,2274353.8,ATR,Ref=1.440,Agr.,,,
2274353.8,Ὀδυσσεύς,Ὀδυσσεύς,n-s---mn-,NomSubj.,2274353.14,SBJ,Ref=1.440,NomSubj.,,,
2274353.9,πατήρ,πατρί,n-s---md-,Agr.,2274353.12,ATR,Ref=1.441,Agr.,,,
2274353.1,φίλος,φίλῳ,a-s---md-,Agr.,2274353.9,ATR,Ref=1.441,Agr.,,,
2274353.11,ἐν,ἐν,r--------,Prep3.,2274353.13,AuxP,Ref=1.441,Prep3.,,,
2274353.11,χείρ,χερσὶ,n-p---fd-,GBP,2274353.11,OBJ,Ref=1.441,GBP,,,
2274353.13,τίθημι,τίθει,v3siia---,Impf. | Ind. | Act.,2274353.14,PRED_CO,Ref=1.441,Impf.,Ind.,Act.,
2274353.14,καί,καί,c--------,,2274353.0,COORD,Ref=1.441,,,,
2274353.14,μιν,μιν,p-s---ma-,AccObj. ,2274353.16,OBJ,Ref=1.441,AccObj.,,,
2274353.16,προσεῖπον,προσέειπεν,v3saia---,Aor. | Ind. | Act.,2274353.14,PRED_CO,Ref=1.441|SpaceAfter=No,Aor.,Ind.,Act.,
,,,,,,,Ref=1.441,,,,
,,,,,,,,,,,
,,,,,,,,,,,
,,,,,,,,,,,
,,,,,,,,,,,
2274354.1,ὦ,ὦ,i--------,,2274354.2,AuxZ,Ref=1.442,,,,
2274354.2,Χρύσης,Χρύση,n-s---mv-,Voc.,2274354.6,ExD,Ref=1.442|SpaceAfter=No,Voc.,,,
,,,,,,,Ref=1.442,,,,
2274354.4,πρό,πρό,r--------,Preverb,2274354.6,AuxZ,Ref=1.442,Preverb,,,
2274354.4,ἐγώ,μ’,p-s---ma-,GBP,2274354.6,OBJ,Ref=1.442,GBP,,,
2274354.6,πέμπω,ἔπεμψεν,v3saia---,Aor. | Ind. | Act.,2274354.0,PRED,Ref=1.442,Aor.,Ind.,Act.,
2274354.7,ἄναξ,ἄναξ,n-s---mn-,Agr.,2274354.9,ATR,Ref=1.442,Agr.,,,
2274354.8,ἀνήρ,ἀνδρῶν,n-p---mg-,GenObj.,2274354.7,ATR,Ref=1.442,GenObj.,,,
2274354.9,Ἀγαμέμνων,Ἀγαμέμνων,n-s---mn-,NomSubj.,2274354.6,SBJ,Ref=1.442,NomSubj.,,,
2274354.1,παῖς,παῖδά,n-s---fa-,AccObj. ,2274354.13,OBJ,Ref=1.443,AccObj.,,,
2274354.11,τε,τε,g--------,,2274354.16,AuxY,Ref=1.443,,,,
2274354.11,σύ,σοὶ,p-s----d-,DatPos.,2274354.13,OBJ,Ref=1.443,DatPos.,,,
2274354.13,ἄγω,ἀγέμεν,**,PresNoni. | InfDyn. | Act.,2274354.16,ADV_CO,Ref=1.443|SpaceAfter=No,PresNoni.,InfDyn.,Act.,
,,,,,,,Ref=1.443,,,,
2274354.15,Φοῖβος,Φοίβῳ,n-s---md-,DatAdvn.,2274354.19,OBJ,Ref=1.443,DatAdvn.,,,
2274354.16,τε,θ’,g--------,,2274354.6,COORD,Ref=1.443,,,,
2274354.17,ἱερός,ἱερήν,a-s---fa-,Agr.,2274354.18,ATR,Ref=1.443,Agr.,,,
2274354.18,ἑκατόμβη,ἑκατόμβην,n-s---fa-,AccObj. ,2274354.19,OBJ,Ref=1.443,AccObj.,,,
2274354.19,ῥέζω,ῥέξαι,**,AorNoni. | InfDyn. | Act.,2274354.16,ADV_CO,Ref=1.444,AorNoni.,InfDyn.,Act.,
2274354.2,ὑπέρ,ὑπέρ,r--------,Prep1.,2274354.19,AuxP,Ref=1.444,Prep1.,,,
2274354.21,Δαναοί,Δαναῶν,n-p---mg-,GBP,2274354.2,ADV,Ref=1.444,GBP,,,
2274354.22,ὄφρα,ὄφρ’,c--------,,2274354.16,AuxC,Ref=1.444,,,,
2274354.22,ἱλάσκομαι,ἱλασόμεσθα,v1pasm---,AorNoni. | SubjSubor. | MidMent.,2274354.22,ADV,Ref=1.444,AorNoni.,SubjSubor.,MidMent.,
2274354.24,ἄναξ,ἄνακτα,n-s---ma-,AccObj. ,2274354.23,OBJ,Ref=1.444|SpaceAfter=No,AccObj.,,,
,,,,,,,Ref=1.444,,,,
2274354.24,ὅς,ὃς,p-s---mn-,NomSubj.,2274354.31,SBJ,Ref=1.445,NomSubj.,,,
2274354.27,νῦν,νῦν,d--------,,2274354.31,ADV,Ref=1.445,,,,
2274354.28,Ἀργεῖος,Ἀργείοισι,a-p---md-,DatVerb. ,2274354.31,OBJ,Ref=1.445,DatVerb.,,,
2274354.29,πολύστονος,πολύστονα,a-p---na-,Agr.,2274354.3,ATR,Ref=1.445,Agr.,,,
2274354.3,κῆδος,κήδε’,n-p---na-,AccObj. ,2274354.31,OBJ,Ref=1.445,AccObj.,,,
2274354.31,ἐφίημι,ἐφῆκεν,v3saia---,Aor. | Ind. | Act.,2274354.24,ATR,Ref=1.445|SpaceAfter=No,Aor.,Ind.,Act.,
,,,,,,,Ref=1.445,,,,
,,,,,,,,,,,
,,,,,,,,,,,
,,,,,,,,,,,
,,,,,,,,,,,
2274355.1,ὡς,ὡς,d--------,,2274355.2,ADV,Ref=1.446,,,,
2274355.2,εἶπον,εἰπών,v-sapamn-,AorNoni. | PartCirc. | Act. | Agr.,2274355.5,ADV,Ref=1.446,AorNoni.,PartCirc.,Act.,Agr.
2274355.3,ἐν,ἐν,r--------,Prep3.,2274355.5,AuxP,Ref=1.446,Prep3.,,,
2274355.3,χείρ,χερσὶ,n-p---fd-,GBP,2274355.3,OBJ,Ref=1.446,GBP,,,
2274355.5,τίθημι,τίθει,v3siia---,Impf. | Ind. | Act.,2274355.8,PRED_CO,Ref=1.446|SpaceAfter=No,Impf.,Ind.,Act.,
2274355.5,τίθημι,τίθει,v3siia---,,2274355.8,PRED_CO,Ref=1.446,,,,
2274355.5,ὁ,ὃ,p-s---mn-,NomSubj.,2274355.9,SBJ,Ref=1.446,NomSubj.,,,
2274355.8,δέ,δέ,g--------,,2274355.0,COORD,Ref=1.446,,,,
2274355.9,δέχομαι,δέξατο,v3saim---,Aor. | Ind. | Act.,2274355.8,PRED_CO,Ref=1.446,Aor.,Ind.,Act.,
2274355.1,χαίρω,χαίρων,v-sppamn-,PresNoni. | PartCirc. | Act. | Agr.,2274355.9,ADV,Ref=1.446,PresNoni.,PartCirc.,Act.,Agr.
2274355.11,παῖς,παῖδα,n-s---fa-,AccObj. ,2274355.9,OBJ,Ref=1.447,AccObj.,,,
2274355.12,φίλος,φίλην,a-s---fa-,Agr.,2274355.11,ATR,Ref=1.447|SpaceAfter=No,Agr.,,,
,,,,,,,Ref=1.447,,,,
,,,,,,,,,,,
,,,,,,,,,,,
,,,,,,,,,,,
,,,,,,,,,,,
2274355.12,ὁ,τοὶ,p-p---mn-,,2274356.14,SBJ,Ref=1.447,,,,
2274356.2,δέ,δ’,g--------,,2274356.14,AuxY,Ref=1.447,,,,
2274356.3,ὦκα,ὦκα,d--------,,2274356.8,ADV,Ref=1.447,,,,
2274356.4,θεός,θεῷ,n-s---md-,DatAdvn.,2274356.8,OBJ,Ref=1.447,DatAdvn.,,,
2274356.5,ἱερός,ἱερήν,a-s---fa-,Agr.,2274356.6,ATR,Ref=1.447,Agr.,,,
2274356.6,ἑκατόμβη,ἑκατόμβην,n-s---fa-,AccObj. ,2274356.8,OBJ,Ref=1.447,AccObj.,,,
2274356.7,ἑξῆς,ἑξείης,d--------,,2274356.8,ADV,Ref=1.448,,,,
2274356.8,ἵστημι,ἔστησαν,v3paia---,Aor. | Ind. | Act.,2274356.14,PRED_CO,Ref=1.448,Aor.,Ind.,Act.,
2274356.9,εὔδμητος,ἐΰδμητον,a-s---ma-,Agr.,2274356.11,ATR,Ref=1.448,Agr.,,,
2274356.1,περί,περί,r--------,Prep3.,2274356.8,AuxP,Ref=1.448,Prep3.,,,
2274356.11,βωμός,βωμόν,n-s---ma-,GBP,2274356.1,ADV,Ref=1.448|SpaceAfter=No,GBP,,,
,,,,,,,Ref=1.448,,,,
2274356.13,χερνίπτομαι,χερνίψαντο,v3paie---,Aor. | Ind. | MidDir.,2274356.16,PRED_CO,Ref=1.449,Aor.,Ind.,MidDir.,
2274356.14,δέ,δ’,g--------,,2274356.0,COORD,Ref=1.449,,,,
2274356.15,ἔπειτα,ἔπειτα,d--------,,2274356.16,ADV,Ref=1.449,,,,
2274356.16,καί,καί,c--------,,2274356.14,COORD,Ref=1.449,,,,
2274356.17,οὐλοχύται,οὐλοχύτας,n-p---fa-,AccObj. ,2274356.18,OBJ,Ref=1.449,AccObj.,,,
2274356.18,ἀναιρέω,ἀνέλοντο,v3paim---,Aor. | Ind. | MidMotion.,2274356.16,PRED_CO,Ref=1.449|SpaceAfter=No,Aor.,Ind.,MidMotion.,
,,,,,,,Ref=1.449,,,,
,,,,,,,,,,,
,,,,,,,,,,,
,,,,,,,,,,,
,,,,,,,,,,,
2274356.18,ὁ,τοῖσιν,p-p---md-,DatLoc.,2274357.5,ADV,Ref=1.450,DatLoc.,,,
2274357.2,δέ,δέ,g--------,,2274357.0,COORD,Ref=1.450,,,,
2274357.3,Χρύσης,Χρύσης,n-s---mn-,NomSubj.,2274357.5,SBJ,Ref=1.450,NomSubj.,,,
2274357.4,μέγας,μεγάλ’,a-p---na-,AccAdv.,2274357.5,ADV,Ref=1.450,AccAdv.,,,
2274357.5,εὔχομαι,εὔχετο,v3siie---,Impf. | Ind. | MidSpee.,2274357.2,PRED_CO,Ref=1.450,Impf.,Ind.,MidSpee.,
2274357.5,χείρ,χεῖρας,n-p---fa-,AccObj. ,2274357.7,OBJ,Ref=1.450,AccObj.,,,
2274357.7,ἀνέχω,ἀνασχών,v-sapamn-,AorNoni. | PartCirc. | Act. | Agr.,2274357.5,ADV,Ref=1.450|SpaceAfter=No,AorNoni.,PartCirc.,Act.,Agr.
,,,,,,,Ref=1.450,,,,
,,,,,,,,,,,
,,,,,,,,,,,
,,,,,,,,,,,
,,,,,,,,,,,
2274358.1,κλύω,κλῦθί,v2sama---,AorNoni. | ImprComm. | Act.,2274358.0,PRED,Ref=1.451,AorNoni.,ImprComm.,Act.,
2274358.1,ἐγώ,μευ,p-s---mg-,GenVerb. ,2274358.1,OBJ,Ref=1.451,GenVerb.,,,
2274358.3,ἀργυρότοξος,ἀργυρότοξ’,a-s---mv-,Voc.,2274358.1,ExD,Ref=1.451|SpaceAfter=No,Voc.,,,
,,,,,,,Ref=1.451,,,,
2274358.3,ὅς,ὃς,p-s---mn-,NomSubj.,2274358.12,SBJ,Ref=1.451,NomSubj.,,,
2274358.6,Χρύση,Χρύσην,n-s---fa-,AccObj. ,2274358.9,OBJ_CO,Ref=1.451,AccObj.,,,
2274358.7,ἀμφιβαίνω,ἀμφιβέβηκας,v2sria---,Perf. | Ind. | Act.,2274358.12,ATR_CO,Ref=1.451,Perf.,Ind.,Act.,
2274358.8,Κίλλα,Κίλλαν,n-s---fa-,AccObj. ,2274358.9,OBJ_CO,Ref=1.452,AccObj.,,,
2274358.9,τε,τε,g--------,,2274358.7,COORD,Ref=1.452,,,,
2274358.1,ζάθεος,ζαθέην,a-s---fa-,Agr.,2274358.8,ATR,Ref=1.452,Agr.,,,
2274358.11,Τένεδος,Τενέδοιό,n-s---fg-,GenVerb. ,2274358.14,OBJ,Ref=1.452,GenVerb.,,,
2274358.12,τε,τε,g--------,,2274358.3,COORD,Ref=1.452,,,,
2274358.13,ἶφι,ἶφι,d--------,,2274358.14,ADV,Ref=1.452,,,,
2274358.14,ἀνάσσω,ἀνάσσεις,v2spia---,PresIter. | Ind. | Act.,2274358.12,ATR_CO,Ref=1.452|SpaceAfter=No,PresIter.,Ind.,Act.,
,,,,,,,Ref=1.452,,,,
,,,,,,,,,,,
,,,,,,,,,,,
,,,,,,,,,,,
,,,,,,,,,,,
2274359.1,ἦ,ἦ,d--------,,2274359.7,AuxY,Ref=1.453,,,,
2274359.2,μέν,μέν,g--------,,2274359.7,AuxY,Ref=1.453,,,,
2274359.3,δή,δή,g--------,,2274359.7,AuxY,Ref=1.453,,,,
2274359.4,ποτέ,ποτ’,g--------,,2274359.7,ADV,Ref=1.453,,,,
2274359.4,ἐγώ,ἐμεῦ,p-s---mg-,GenVerb. ,2274359.7,OBJ,Ref=1.453,GenVerb.,,,
2274359.6,πάρος,πάρος,d--------,,2274359.7,ADV,Ref=1.453,,,,
2274359.7,κλύω,ἔκλυες,v2saia---,Aor. | Ind. | Act.,2274359.9,PRED_AP,Ref=1.453,Aor.,Ind.,Act.,
2274359.8,εὔχομαι,εὐξαμένοιο,v-sapmmg-,AorNoni. | PartCirc. | MidSpee. | Agr.,2274359.5,ATV,Ref=1.453|SpaceAfter=No,AorNoni.,PartCirc.,MidSpee.,Agr.
,,,,,,,Ref=1.453,,,,
2274359.1,τιμάω,τίμησας,v2saia---,AorComp. | Ind. | Act.,2274359.15,PRED_AP_CO,Ref=1.454,AorComp.,Ind.,Act.,
2274359.11,μέν,μέν,g--------,,2274359.15,AuxY,Ref=1.454,,,,
2274359.11,ἐγώ,ἐμέ,p-s---ma-,AccObj. ,2274359.1,OBJ,Ref=1.454|SpaceAfter=No,AccObj.,,,
,,,,,,,Ref=1.454,,,,
2274359.14,μέγας,μέγα,a-s---na-,AccAdv.,2274359.16,ADV,Ref=1.454,AccAdv.,,,
2274359.15,δέ,δ’,g--------,,2274359.9,COORD,Ref=1.454,,,,
2274359.16,ἴπτομαι,ἴψαο,v2saie---,Aor. | Ind. | MidIndir.,2274359.15,PRED_AP_CO,Ref=1.454,Aor.,Ind.,MidIndir.,
2274359.17,λαός,λαόν,n-s---ma-,AccObj. ,2274359.16,OBJ,Ref=1.454,AccObj.,,,
2274359.18,Ἀχαιός,Ἀχαιῶν,a-p---mg-,GenExpl.,2274359.17,ATR,Ref=1.454|SpaceAfter=No,GenExpl.,,,
,,,,,,,Ref=1.454,,,,
,,,,,,,,,,,
,,,,,,,,,,,
,,,,,,,,,,,
,,,,,,,,,,,
2274360.1,ἠδέ,ἠδ’,d--------,,2274360.7,AuxY,Ref=1.455,,,,
2274360.2,ἔτι,ἔτι,d--------,,2274360.7,ADV,Ref=1.455,,,,
2274360.3,καί,καί,d--------,,2274360.4,AuxZ,Ref=1.455,,,,
2274360.4,νῦν,νῦν,d--------,,2274360.7,ADV,Ref=1.455,,,,
2274360.4,ἐγώ,μοι,p-s---md-,DatAdvn.,2274360.7,OBJ,Ref=1.455,DatAdvn.,,,
2274360.6,ὅδε,τόδ’,p-s---na-,Agr.,2274360.8,ATR,Ref=1.455,Agr.,,,
2274360.7,ἐπικραίνω,ἐπικρήηνον,v2sama---,AorNoni. | ImprComm. | Act.,2274360.0,PRED,Ref=1.455,AorNoni.,ImprComm.,Act.,
2274360.8,ἔλδωρ,ἐέλδωρ,n-s---na-,AccObj. ,2274360.7,OBJ,Ref=1.455|SpaceAfter=No,AccObj.,,,
,,,,,,,Ref=1.455,,,,
,,,,,,,,,,,
,,,,,,,,,,,
,,,,,,,,,,,
,,,,,,,,,,,
2274361.1,ἤδη,ἤδη,d--------,,2274361.6,ADV,Ref=1.456,,,,
2274361.2,νῦν,νῦν,d--------,,2274361.6,ADV,Ref=1.456,,,,
2274361.3,Δαναοί,Δαναοῖσιν,n-p---md-,DatVerb.,2274361.6,OBJ,Ref=1.456,DatVerb.,,,
2274361.4,ἀεικής,ἀεικέα,a-s---ma-,Agr.,2274361.5,ATR,Ref=1.456,Agr.,,,
2274361.5,λοιγός,λοιγόν,n-s---ma-,AccObj. ,2274361.6,OBJ,Ref=1.456,AccObj.,,,
2274361.6,ἀμύνω,ἄμυνον,v2sama---,AorNoni. | ImprComm. | Act.,2274361.0,PRED,Ref=1.456|SpaceAfter=No,AorNoni.,ImprComm.,Act.,
,,,,,,,Ref=1.456,,,,
,,,,,,,,,,,
,,,,,,,,,,,
,,,,,,,,,,,
,,,,,,,,,,,
2274362.1,ὡς,ὡς,d--------,,2274362.2,ADV,Ref=1.457,,,,
2274362.2,φημί,ἔφατ’,v3siie---,Impf. | Ind. | MidSpee.,2274362.6,PRED_CO,Ref=1.457,Impf.,Ind.,MidSpee.,
2274362.3,εὔχομαι,εὐχόμενος,v-sppemn-,PresNoni. | PartCirc. | MidSpee. | Agr.,2274362.2,ADV,Ref=1.457|SpaceAfter=No,PresNoni.,PartCirc.,MidSpee.,Agr.
,,,,,,,Ref=1.457,,,,
2274362.3,ὁ,τοῦ,p-s---mg-,GenVerb. ,2274362.7,OBJ,Ref=1.457,GenVerb.,,,
2274362.6,δέ,δ’,g--------,,2274362.0,COORD,Ref=1.457,,,,
2274362.7,κλύω,ἔκλυε,v3siia---,Impf. | Ind. | Act.,2274362.6,PRED_CO,Ref=1.457,Impf.,Ind.,Act.,
2274362.8,Φοῖβος,Φοῖβος,n-s---mn-,Agr.,2274362.9,ATR,Ref=1.457,Agr.,,,
2274362.9,Ἀπόλλων,Ἀπόλλων,n-s---mn-,NomSubj.,2274362.7,SBJ,Ref=1.457|SpaceAfter=No,NomSubj.,,,
,,,,,,,Ref=1.457,,,,
,,,,,,,,,,,
,,,,,,,,,,,
,,,,,,,,,,,
,,,,,,,,,,,
2274363.1,ἀτάρ,αὐτάρ,g--------,,2274363.29,AuxY,Ref=1.458,,,,
2274363.2,ἐπεί,ἐπεί,c--------,,2274363.29,AuxC,Ref=1.458,,,,
2274363.2,ἄρα,ῥ’,g--------,,2274363.5,AuxY,Ref=1.458,,,,
2274363.4,εὔχομαι,εὔξαντο,v3paim---,Aor. | Ind. | MidSpee.,2274363.5,ADV_CO,Ref=1.458,Aor.,Ind.,MidSpee.,
2274363.5,καί,καί,c--------,,2274363.2,COORD,Ref=1.458,,,,
2274363.6,οὐλοχύται,οὐλοχύτας,n-p---fa-,AccObj. ,2274363.7,OBJ,Ref=1.458,AccObj.,,,
2274363.7,προβάλλω,προβάλοντο,v3paim---,Aor. | Ind. | MidIndir.,2274363.5,ADV_CO,Ref=1.458|SpaceAfter=No,Aor.,Ind.,MidIndir.,
,,,,,,,Ref=1.458,,,,
2274363.9,αὐερύω,αὐέρυσαν,v3paia---,Aor. | Ind. | Act.,2274363.14,PRED_CO,Ref=1.459,Aor.,Ind.,Act.,
2274363.1,μέν,μέν,g--------,,2274363.29,AuxY,Ref=1.459,,,,
2274363.11,πρῶτος,πρῶτα,a-p---na-,AccAdv.,2274363.14,ADV,Ref=1.459,AccAdv.,,,
2274363.12,καί,καί,c--------,,2274363.14,AuxY,Ref=1.459,,,,
2274363.13,σφάζω,ἔσφαξαν,v3paia---,Aor. | Ind. | Act.,2274363.14,PRED_CO,Ref=1.459,Aor.,Ind.,Act.,
2274363.14,καί,καί,c--------,,2274363.29,COORD,Ref=1.459,,,,
2274363.15,δέρω,ἔδειραν,v3paia---,Aor. | Ind. | Act.,2274363.14,PRED_CO,Ref=1.459|SpaceAfter=No,Aor.,Ind.,Act.,
,,,,,,,Ref=1.459,,,,
2274363.17,μηρός,μηρούς,n-p---ma-,AccObj. ,2274363.21,OBJ,Ref=1.460,AccObj.,,,
2274363.18,τε,τ’,g--------,,2274363.21,AuxY,Ref=1.460,,,,
2274363.19,ἐκτέμνω,ἐξέταμον,v3paia---,Aor. | Ind. | Act.,2274363.21,PRED_CO,Ref=1.460,Aor.,Ind.,Act.,
2274363.2,κατά,κατά,r--------,Preverb,2274363.23,AuxZ,Ref=1.460,Preverb,,,
2274363.21,τε,τε,g--------,,2274363.29,COORD,Ref=1.460,,,,
2274363.22,κνῖσα,κνίσῃ,n-s---fd-,DatVerb.,2274363.23,ADV,Ref=1.460,DatVerb.,,,
2274363.23,καλύπτω,ἐκάλυψαν,v3paia---,Aor. | Ind. | Act.,2274363.21,PRED_CO,Ref=1.460,Aor.,Ind.,Act.,
2274363.24,δίπτυχος,δίπτυχα,a-p---na-,AccAdv.,2274363.25,ADV,Ref=1.461,AccAdv.,,,
2274363.25,ποιέω,ποιήσαντες,v-papamn-,AorNoni. | PartCirc. | Act. | Agr.,2274363.23,ADV,Ref=1.461|SpaceAfter=No,AorNoni.,PartCirc.,Act.,Agr.
,,,,,,,Ref=1.461,,,,
2274363.27,ἐπί,ἐπ’,r--------,Prep3.,2274363.3,AuxP,Ref=1.461,Prep3.,,,
2274363.28,αὐτός,αὐτῶν,a-p---mg-,GBP,2274363.27,OBJ,Ref=1.461,GBP,,,
2274363.29,δέ,δ’,g--------,,2274363.0,COORD,Ref=1.461,,,,
2274363.3,ὠμοθετέω,ὠμοθέτησαν,v3paia---,Aor. | Ind. | Act.,2274363.29,PRED_CO,Ref=1.461|SpaceAfter=No,Aor.,Ind.,Act.,
,,,,,,,Ref=1.461,,,,
,,,,,,,,,,,
,,,,,,,,,,,
,,,,,,,,,,,
,,,,,,,,,,,
2274364.1,καίω,καῖε,v3siia---,Impf. | Ind. | Act.,2274364.9,PRED_CO,Ref=1.462,Impf.,Ind.,Act.,
2274364.2,δέ,δ’,g--------,,2274364.9,AuxY,Ref=1.462,,,,
2274364.3,ἐπί,ἐπί,r--------,Prep3.,2274364.1,AuxP,Ref=1.462,Prep3.,,,
2274364.4,σχίζα,σχίζῃς,n-p---fd-,GBP,2274364.3,OBJ,Ref=1.462,GBP,,,
2274364.4,ὁ,ὁ,l-s---mn-,Agr.,2274364.6,ATR,Ref=1.462,Agr.,,,
2274364.6,γέρων,γέρων,n-s---mn-,NomSubj.,2274364.9,SBJ,Ref=1.462|SpaceAfter=No,NomSubj.,,,
,,,,,,,Ref=1.462,,,,
2274364.8,ἐπί,ἐπί,r--------,Preverb,2274364.12,AuxZ,Ref=1.462,Preverb,,,
2274364.9,δέ,δ’,g--------,,2274364.0,COORD,Ref=1.462,,,,
2274364.1,αἶθοψ,αἴθοπα,a-s---ma-,Agr.,2274364.11,ATR,Ref=1.462,Agr.,,,
2274364.11,οἶνος,οἶνον,n-s---ma-,AccObj. ,2274364.12,OBJ,Ref=1.462,AccObj.,,,
2274364.12,λείβω,λεῖβε,v3siia---,Impf. | Ind. | Act.,2274364.9,PRED_CO,Ref=1.463|SpaceAfter=No,Impf.,Ind.,Act.,
,,,,,,,Ref=1.463,,,,
,,,,,,,,,,,
,,,,,,,,,,,
,,,,,,,,,,,
,,,,,,,,,,,
2274365.1,νέος,νέοι,a-p---mn-,NomSubj.,2274365.5,SBJ,Ref=1.463,NomSubj.,,,
2274365.2,δέ,δέ,g--------,,2274365.0,COORD,Ref=1.463,,,,
2274365.2,παρά,παρ’,r--------,Prep3.,2274365.5,AuxP,Ref=1.463,Prep3.,,,
2274365.4,αὐτός,αὐτόν,a-s---ma-,GBP,2274365.3,ADV,Ref=1.463,GBP,,,
2274365.5,ἔχω,ἔχον,v3piia---,ImpfDesc. | Ind. | Act.,2274365.2,PRED_CO,Ref=1.463,ImpfDesc.,Ind.,Act.,
2274365.6,πεμπώβολον,πεμπώβολα,n-p---na-,AccObj. ,2274365.5,OBJ,Ref=1.463,AccObj.,,,
2274365.6,χείρ,χερσίν,n-p---fd-,DatLoc.,2274365.5,OBJ,Ref=1.463|SpaceAfter=No,DatLoc.,,,
,,,,,,,Ref=1.463,,,,
,,,,,,,,,,,
,,,,,,,,,,,
,,,,,,,,,,,
,,,,,,,,,,,
2274366.1,ἀτάρ,αὐτάρ,g--------,,2274366.24,AuxY,Ref=1.464,,,,
2274366.2,ἐπεί,ἐπεί,c--------,,2274366.24,AuxC,Ref=1.464,,,,
2274366.3,κατά,κατά,r--------,Preverb,2274366.5,AuxZ,Ref=1.464,Preverb,,,
2274366.4,μῆρα,μῆρε,n-d---nn-,NomSubj.,2274366.5,SBJ,Ref=1.464,NomSubj.,,,
2274366.5,καίω,κάη,v3saip---,AorComp. | Ind. | Pass.,2274366.6,ADV_CO,Ref=1.464,AorComp.,Ind.,Pass.,
2274366.6,καί,καί,c--------,,2274366.2,COORD,Ref=1.464,,,,
2274366.7,σπλάγχνον,σπλάγχνα,n-p---na-,AccObj. ,2274366.8,OBJ,Ref=1.464,AccObj.,,,
2274366.8,πατέομαι,πάσαντο,v3paim---,Aor. | Ind. | MidDir.,2274366.6,ADV_CO,Ref=1.464|SpaceAfter=No,Aor.,Ind.,MidDir.,
,,,,,,,Ref=1.464,,,,
2274366.1,μιστύλλω,μίστυλλόν,v3piia---,ImpfDesc. | Ind. | Act.,2274366.24,PRED_CO,Ref=1.465,ImpfDesc.,Ind.,Act.,
2274366.11,τε,τ’,g--------,,2274366.24,AuxY,Ref=1.465,,,,
2274366.11,ἄρα,ἄρα,g--------,,2274366.1,AuxY,Ref=1.465,,,,
2274366.13,ἄλλος,τἆλλα,a-p---na-,AccObj. ,2274366.1,OBJ,Ref=1.465,AccObj.,,,
2274366.14,καί,καί,c--------,,2274366.24,AuxY,Ref=1.465,,,,
2274366.15,ἀμφί,ἀμφ’,r--------,Prep3.,2274366.17,AuxP,Ref=1.465,Prep3.,,,
2274366.16,ὀβελός,ὀβελοῖσιν,n-p---md-,GBP,2274366.15,OBJ,Ref=1.465,GBP,,,
2274366.17,πείρω,ἔπειραν,v3paia---,Aor. | Ind. | Act,2274366.24,PRED_CO,Ref=1.465|SpaceAfter=No,Aor.,Ind.,Act,
,,,,,,,Ref=1.465,,,,
2274366.19,ὀπτάω,ὤπτησάν,v3paia---,Aor. | Ind. | Act.,2274366.24,PRED_CO,Ref=1.466,Aor.,Ind.,Act.,
2274366.2,τε,τε,g--------,,2274366.24,AuxY,Ref=1.466,,,,
2274366.21,περιφραδής,περιφραδέως,d--------,,2274366.19,ADV,Ref=1.466|SpaceAfter=No,,,,
,,,,,,,Ref=1.466,,,,
2274366.23,ἐρύω,ἐρύσαντό,v3paim---,Aor. | Ind. | MidIndir.,2274366.24,PRED_CO,Ref=1.466,Aor.,Ind.,MidIndir.,
2274366.24,τε,τε,g--------,,2274366.0,COORD,Ref=1.466,,,,
2274366.25,πᾶς,πάντα,a-p---na-,AccObj. ,2274366.23,OBJ,Ref=1.466|SpaceAfter=No,AccObj.,,,
,,,,,,,Ref=1.466,,,,
,,,,,,,,,,,
,,,,,,,,,,,
,,,,,,,,,,,
,,,,,,,,,,,
2274367.1,ἀτάρ,αὐτάρ,g--------,,2274367.8,AuxY,Ref=1.467,,,,
2274367.2,ἐπεί,ἐπεί,c--------,,2274367.8,AuxC,Ref=1.467,,,,
2274367.3,παύω,παύσαντο,v3paim---,Aor. | Ind. | MidIndir.,2274367.6,ADV_CO,Ref=1.467,Aor.,Ind.,MidIndir.,
2274367.4,πόνος,πόνου,n-s---mg-,GenVerb. ,2274367.3,OBJ,Ref=1.467,GenVerb.,,,
2274367.5,τεύχω,τετύκοντό,v3paim---,Aor. | Ind. | MidIndir.,2274367.6,ADV_CO,Ref=1.467,Aor.,Ind.,MidIndir.,
2274367.6,τε,τε,g--------,,2274367.2,COORD,Ref=1.467,,,,
2274367.7,δαίς,δαῖτα,n-s---fa-,AccObj. ,2274367.5,OBJ,Ref=1.467,AccObj.,,,
2274367.8,δαίνυμι,δαίνυντ’,v3piie---,ImpfDesc. | Ind. | MidIndir.,2274367.11,PRED_CO,Ref=1.468|SpaceAfter=No,ImpfDesc.,Ind.,MidIndir.,
,,,,,,,Ref=1.468,,,,
2274367.8,οὐ,οὐ,d--------,,2274367.14,AuxZ,Ref=1.468|SpaceAfter=No,,,,
2274367.11,δέ,δέ,g--------,,2274367.0,COORD,Ref=1.468,,,,
2274367.11,τις,τι,p-s---na-,,2274367.14,ADV,Ref=1.468,,,,
2274367.13,θυμός,θυμός,n-s---mn-,NomSubj.,2274367.14,SBJ,Ref=1.468,NomSubj.,,,
2274367.14,δέω,ἐδεύετο,v3siie---,Impf. | Ind. | MidSpon.,2274367.11,PRED_CO,Ref=1.468,Impf.,Ind.,MidSpon.,
2274367.15,δαίς,δαιτός,n-s---fg-,GenVerb.,2274367.14,OBJ,Ref=1.468,GenVerb.,,,
2274367.16,ἴσος,ἐΐσης,a-s---fg-,Agr.,2274367.15,ATR,Ref=1.468|SpaceAfter=No,Agr.,,,
,,,,,,,Ref=1.468,,,,
,,,,,,,,,,,
,,,,,,,,,,,
,,,,,,,,,,,
,,,,,,,,,,,
2274368.1,ἀτάρ,αὐτάρ,g--------,,2274368.17,AuxY,Ref=1.469,,,,
2274368.2,ἐπεί,ἐπεί,c--------,,2274368.17,AuxC,Ref=1.469,,,,
2274368.3,πόσις,πόσιος,n-s---fg-,GenSep. ,2274368.4,ATR_CO,Ref=1.469,GenSep.,,,
2274368.4,καί,καί,c--------,,2274368.7,COORD,Ref=1.469,,,,
2274368.5,ἐδητύς,ἐδητύος,n-s---fg-,GenSep.,2274368.4,ATR_CO,Ref=1.469,GenSep.,,,
2274368.6,ἐκ,ἐξ,r--------,Preverb,2274368.8,AuxZ,Ref=1.469,Preverb,,,
2274368.7,ἔρος,ἔρον,n-s---ma-,AccObj. ,2274368.8,OBJ,Ref=1.469,AccObj.,,,
2274368.8,ἵημι,ἕντο,v3paim---,AorIngr. | Ind. | MidSpon.,2274368.2,ADV,Ref=1.469|SpaceAfter=No,AorIngr.,Ind.,MidSpon.,
,,,,,,,Ref=1.469,,,,
2274368.1,κόρος,κοῦροι,n-p---mn-,NomSubj.,2274368.17,SBJ,Ref=1.470,NomSubj.,,,
2274368.11,μέν,μέν,g--------,,2274368.17,AuxY,Ref=1.470,,,,
2274368.12,κρατήρ,κρητῆρας,n-p---ma-,AccObj. ,2274368.13,OBJ,Ref=1.470,AccObj.,,,
2274368.13,ἐπιστέφω,ἐπεστέψαντο,v3paim---,Aor. | Ind. | MidIndir.,2274368.17,PRED_CO,Ref=1.470,Aor.,Ind.,MidIndir.,
2274368.14,ποτός,ποτοῖο,a-s---mg-,GenMat.,2274368.13,OBJ,Ref=1.470|SpaceAfter=No,GenMat.,,,
,,,,,,,Ref=1.470,,,,
2274368.16,νωμάω,νώμησαν,v3paia---,Aor. | Ind. | Act.,2274368.17,PRED_CO,Ref=1.471,Aor.,Ind.,Act.,
2274368.17,δέ,δ’,g--------,,2274368.0,COORD,Ref=1.471,,,,
2274368.17,ἄρα,ἄρα,g--------,,2274368.16,AuxY,Ref=1.471,,,,
2274368.19,πᾶς,πᾶσιν,a-p---md-,DatVerb. ,2274368.16,OBJ,Ref=1.471,DatVerb.,,,
2274368.2,ἐπάρχω,ἐπαρξάμενοι,v-papmmn-,AorNoni. | PartCirc. | MidIndir. | Agr.,2274368.16,ADV,Ref=1.471,AorNoni.,PartCirc.,MidIndir.,Agr.
2274368.21,δέπας,δεπάεσσιν,n-p---nd-,DatLoc.,2274368.2,OBJ,Ref=1.471|SpaceAfter=No,DatLoc.,,,
,,,,,,,Ref=1.471,,,,
,,,,,,,,,,,
,,,,,,,,,,,
,,,,,,,,,,,
,,,,,,,,,,,
2274368.21,ὁ,οἳ,p-p---mn-,NomSubj.,2274369.15,SBJ_AP,Ref=1.472,NomSubj.,,,
2274369.2,δέ,δέ,g--------,,2274369.0,COORD,Ref=1.472,,,,
2274369.3,πανημέριος,πανημέριοι,a-p---mn-,,2274369.15,ATV,Ref=1.472,,,,
2274369.4,μολπή,μολπῇ,n-s---fd-,DatMean.,2274369.6,ADV,Ref=1.472,DatMean.,,,
2274369.5,θεός,θεόν,n-s---ma-,AccObj. ,2274369.6,OBJ,Ref=1.472,AccObj.,,,
2274369.6,ἱλάσκομαι,ἱλάσκοντο,v3piie---,Impf. | Ind. | MidIndir.,2274369.2,PRED_CO,Ref=1.472,Impf.,Ind.,MidIndir.,
2274369.7,καλός,καλόν,a-s---ma-,Agr.,2274369.9,ATR,Ref=1.473,Agr.,,,
2274369.8,ἀείδω,ἀείδοντες,v-pppamn-,PresNoni. | PartCirc. | Act. | Agr.,2274369.6,ADV,Ref=1.473,PresNoni.,PartCirc.,Act.,Agr.
2274369.9,παιάν,παιήονα,n-s---ma-,AccObj. ,2274369.8,OBJ,Ref=1.473,AccObj.,,,
2274369.1,κόρος,κοῦροι,n-p---mn-,NomSubj.,2274369.15,SBJ_AP,Ref=1.473,NomSubj.,,,
2274369.11,Ἀχαιός,Ἀχαιῶν,a-p---mg-,GenPart.,2274369.1,ATR,Ref=1.473,GenPart.,,,
2274369.12,μέλπω,μέλποντες,v-pppamn-,PresNoni. | PartCirc. | Act. | Agr.,2274369.6,ADV,Ref=1.474,PresNoni.,PartCirc.,Act.,Agr.
2274369.13,Ἑκάεργος,ἑκάεργον,a-s---ma-,Agr.,2274369.12,OBJ,Ref=1.474|SpaceAfter=No,Agr.,,,
,,,,,,,Ref=1.474,,,,
,,,,,,,,,,,
,,,,,,,,,,,
,,,,,,,,,,,
,,,,,,,,,,,
2274369.13,ὁ,ὃ,p-s---mn-,NomSubj.,2274370.4,SBJ,Ref=1.474,NomSubj.,,,
2274370.2,δέ,δέ,g--------,,2274370.0,COORD,Ref=1.474,,,,
2274370.3,φρήν,φρένα,n-s---fa-,AccResp. ,2274370.4,OBJ,Ref=1.474,AccResp.,,,
2274370.4,τέρπω,τέρπετ’,v3siie---,Impf. | Ind. | MidMent.,2274370.2,PRED_CO,Ref=1.474,Impf.,Ind.,MidMent.,
2274370.5,ἀκούω,ἀκούων,v-sppamn-,PresNoni. | PartCirc. | Act. | Agr.,2274370.4,ADV,Ref=1.474|SpaceAfter=No,PresNoni.,PartCirc.,Act.,Agr.
,,,,,,,Ref=1.474,,,,
,,,,,,,,,,,
,,,,,,,,,,,
,,,,,,,,,,,
,,,,,,,,,,,
2274371.1,ἦμος,ἦμος,c--------,,2274371.12,AuxC,Ref=1.475,,,,
2274371.2,δέ,δ’,g--------,,2274371.0,COORD,Ref=1.475,,,,
2274371.3,ἠέλιος,ἠέλιος,n-s---mn-,NomSubj.,2274371.4,SBJ,Ref=1.475,NomSubj.,,,
2274371.4,καταδύω,κατέδυ,v3saia---,Aor. | Ind. | Act.,2274371.5,ADV_CO,Ref=1.475,Aor.,Ind.,Act.,
2274371.5,καί,καί,c--------,,2274371.1,COORD,Ref=1.475,,,,
2274371.6,ἐπί,ἐπί,r--------,Preverb,2274371.8,AuxZ,Ref=1.475,Preverb,,,
2274371.7,κνέφας,κνέφας,n-s---nn-,NomSubj.,2274371.8,SBJ,Ref=1.475,NomSubj.,,,
2274371.8,ἔρχομαι,ἦλθε,v3saia---,Aor. | Ind. | Act.,2274371.5,ADV_CO,Ref=1.475|SpaceAfter=No,Aor.,Ind.,Act.,
,,,,,,,Ref=1.475,,,,
2274371.1,δή,δή,g--------,,2274371.12,AuxY,Ref=1.476,,,,
2274371.11,τότε,τότε,d--------,,2274371.12,ADV,Ref=1.476,,,,
2274371.12,κοιμάω,κοιμήσαντο,v3paim---,Aor. | Ind. | MidDir.,2274371.2,PRED_CO,Ref=1.476,Aor.,Ind.,MidDir.,
2274371.12,παρά,παρὰ,r--------,Prep3.,2274371.12,AuxP,Ref=1.476,Prep3.,,,
2274371.14,πρυμνήσιος,πρυμνήσια,a-p---na-,GBP,2274371.13,ADV,Ref=1.476,GBP,,,
2274371.15,ναῦς,νηός,n-s---fg-,GenPos. ,2274371.14,ATR,Ref=1.476|SpaceAfter=No,GenPos.,,,
,,,,,,,Ref=1.476,,,,
,,,,,,,,,,,
,,,,,,,,,,,
,,,,,,,,,,,
,,,,,,,,,,,
2274372.1,ἦμος,ἦμος,c--------,,2274372.11,AuxC,Ref=1.477,,,,
2274372.2,δέ,δ’,g--------,,2274372.0,COORD,Ref=1.477,,,,
2274372.3,ἠριγένεια,ἠριγένεια,a-s---fn-,Agr.,2274372.6,ATR,Ref=1.477,Agr.,,,
2274372.4,φαίνω,φάνη,v3saip---,Aor. | Ind. | Pass.,2274372.1,ADV,Ref=1.477,Aor.,Ind.,Pass.,
2274372.5,ῥοδοδάκτυλος,ῥοδοδάκτυλος,a-s---fn-,Agr.,2274372.6,ATR,Ref=1.477,Agr.,,,
2274372.6,ἠώς,Ἠώς,n-s---fn-,NomSubj.,2274372.4,SBJ,Ref=1.477|SpaceAfter=No,NomSubj.,,,
,,,,,,,Ref=1.477,,,,
2274372.8,καί,καί,d--------,,2274372.11,AuxY,Ref=1.478,,,,
2274372.9,τότε,τότ’,d--------,,2274372.11,ADV,Ref=1.478,,,,
2274372.1,ἔπειτα,ἔπειτ’,d--------,,2274372.11,AuxY,Ref=1.478,,,,
2274372.11,ἀνάγω,ἀνάγοντο,v3piie---,Impf. | Ind. | MidMotion.,2274372.2,PRED_CO,Ref=1.478,Impf.,Ind.,MidMotion.,
2274372.12,μετά,μετά,r--------,Prep3.,2274372.11,AuxP,Ref=1.478,Prep3.,,,
2274372.13,στρατός,στρατόν,n-s---ma-,GBP,2274372.12,OBJ,Ref=1.478,GBP,,,
2274372.14,εὐρύς,εὐρύν,a-s---ma-,Agr.,2274372.13,ATR,Ref=1.478,Agr.,,,
2274372.15,Ἀχαιός,Ἀχαιῶν,a-p---mg-,GenPos. ,2274372.14,ATR,Ref=1.478|SpaceAfter=No,GenPos.,,,
,,,,,,,Ref=1.478,,,,
,,,,,,,,,,,
,,,,,,,,,,,
,,,,,,,,,,,
,,,,,,,,,,,
2274372.15,ὁ,τοῖσιν,p-p---md-,DatVerb. ,2274373.5,OBJ,Ref=1.479,DatVerb.,,,
2274373.2,δέ,δ’,g--------,,2274373.0,COORD,Ref=1.479,,,,
2274373.3,ἴκμενος,ἴκμενον,a-s---ma-,Agr.,2274373.4,ATR,Ref=1.479,Agr.,,,
2274373.4,οὖρος,οὖρον,n-s---ma-,AccObj. ,2274373.5,OBJ,Ref=1.479,AccObj.,,,
2274373.5,ἵημι,ἵει,v3siia---,Impf. | Ind. | Act.,2274373.2,PRED_CO,Ref=1.479,Impf.,Ind.,Act.,
2274373.5,ʽἑκάεργος,ἑκάεργος,a-s---mn-,Agr.,2274373.7,ATR,Ref=1.479,Agr.,,,
2274373.5,̓ἀπόλλων,Ἀπόλλων,n-s---mn-,NomSubj.,2274373.5,SBJ,Ref=1.479|SpaceAfter=No,NomSubj.,,,
,,,,,,,Ref=1.479,,,,
,,,,,,,,,,,
,,,,,,,,,,,
,,,,,,,,,,,
,,,,,,,,,,,
2274373.5,ὁ,οἳ,p-p---mn-,NomSubj.,2274374.6,SBJ,Ref=1.480,NomSubj.,,,
2274374.2,δέ,δ’,g--------,,2274374.19,AuxY,Ref=1.480,,,,
2274374.3,ἱστός,ἱστόν,n-s---ma-,AccObj. ,2274374.4,OBJ,Ref=1.480,AccObj.,,,
2274374.4,ἵστημι,στήσαντ’,v3paim---,Aor. | Ind. | MidIndir.,2274374.6,PRED_CO,Ref=1.480,Aor.,Ind.,MidIndir.,
2274374.5,ἀνά,ἀνά,r--------,Preverb,2274374.9,AuxZ,Ref=1.480,Preverb,,,
2274374.6,τε,θ’,g--------,,2274374.19,COORD,Ref=1.480,,,,
2274374.7,ἱστίον,ἱστία,n-p---na-,AccObj. ,2274374.9,OBJ,Ref=1.480,AccObj.,,,
2274374.8,λευκός,λευκά,a-p---na-,Agr.,2274374.7,ATR,Ref=1.480,Agr.,,,
2274374.9,πετάννυμι,πέτασσαν,v3paia---,Aor. | Ind. | Act.,2274374.6,PRED_CO,Ref=1.480|SpaceAfter=No,Aor.,Ind.,Act.,
,,,,,,,Ref=1.480,,,,
2274374.11,ἐν,ἐν,r--------,Preverb,2274374.14,AuxZ,Ref=1.481,Preverb,,,
2274374.12,δέ,δ’,g--------,,2274374.19,AuxY,Ref=1.481,,,,
2274374.13,ἄνεμος,ἄνεμος,n-s---mn-,NomSubj.,2274374.14,SBJ,Ref=1.481,NomSubj.,,,
2274374.14,πρήθω,πρῆσεν,v3saia---,Aor. | Ind. | Act.,2274374.19,PRED_CO,Ref=1.481,Aor.,Ind.,Act.,
2274374.15,μέσος,μέσον,a-s---na-,Agr.,2274374.16,ATR,Ref=1.481,Agr.,,,
2274374.16,ἱστίον,ἱστίον,n-s---na-,AccObj. ,2274374.14,OBJ,Ref=1.481|SpaceAfter=No,AccObj.,,,
,,,,,,,Ref=1.481,,,,
2274374.18,ἀμφί,ἀμφί,r--------,Prep3.,2274374.24,AuxP,Ref=1.481,Prep3.,,,
2274374.19,δέ,δέ,g--------,,2274374.0,COORD,Ref=1.481,,,,
2274374.2,κῦμα,κῦμα,n-s---nn-,NomSubj.,2274374.24,SBJ,Ref=1.481,NomSubj.,,,
2274374.21,στεῖρα,στείρῃ,n-s---fd-,GBP,2274374.18,ADV,Ref=1.482,GBP,,,
2274374.22,πορφύρεος,πορφύρεον,a-s---nn-,Agr.,2274374.2,ATR,Ref=1.482,Agr.,,,
2274374.23,μέγας,μεγάλ’,a-p---na-,AccAdv.,2274374.24,ADV,Ref=1.482,AccAdv.,,,
2274374.24,ἰάχω,ἴαχε,v3siia---,Impf. | Ind. | Act.,2274374.19,PRED_CO,Ref=1.482,Impf.,Ind.,Act.,
2274374.25,ναῦς,νηός,n-s---fg-,GenAbs.,2274374.26,SBJ,Ref=1.482,GenAbs.,,,
2274374.26,εἶμι,ἰούσης,v-sppafg-,PresNoni. | PartGen. | Act. | GenAbs.,2274374.24,ADV,Ref=1.482|SpaceAfter=No,PresNoni.,PartGen.,Act.,GenAbs.
,,,,,,,Ref=1.482,,,,
,,,,,,,,,,,
,,,,,,,,,,,
,,,,,,,,,,,
,,,,,,,,,,,
2274374.26,ὁ,ἣ,p-s---fn-,NomSubj.,2274375.3,SBJ,Ref=1.483,NomSubj.,,,
2274375.2,δέ,δ’,g--------,,2274375.0,COORD,Ref=1.483,,,,
2274375.3,θέω,ἔθεεν,v3siia---,Impf. | Ind. | Act.,2274375.2,PRED_CO,Ref=1.483,Impf.,Ind.,Act.,
2274375.4,κατά,κατά,r--------,Prep3.,2274375.3,AuxP,Ref=1.483,Prep3.,,,
2274375.5,κῦμα,κῦμα,n-s---na-,GBP,2274375.4,OBJ,Ref=1.483,GBP,,,
2274375.6,διαπράσσω,διαπρήσσουσα,v-sppafn-,PresNoni. | PartCirc. | Act. | Agr.,2274375.3,ADV,Ref=1.483,PresNoni.,PartCirc.,Act.,Agr.
2274375.7,κέλευθος,κέλευθον,n-s---fa-,AccObj. ,2274375.6,OBJ,Ref=1.483|SpaceAfter=No,AccObj.,,,
,,,,,,,Ref=1.483,,,,
,,,,,,,,,,,
,,,,,,,,,,,
,,,,,,,,,,,
,,,,,,,,,,,
2274376.1,ἀτάρ,αὐτάρ,g--------,,2274376.23,AuxY,Ref=1.484,,,,
2274376.2,ἐπεί,ἐπεί,c--------,,2274376.23,AuxC,Ref=1.484,,,,
2274376.2,ἄρα,ῥ’,g--------,,2274376.4,AuxY,Ref=1.484,,,,
2274376.4,ἱκνέομαι,ἵκοντο,v3paim---,Aor. | Ind. | MidMotion.,2274376.2,ADV,Ref=1.484,Aor.,Ind.,MidMotion.,
2274376.5,κατά,κατά,r--------,Prep3.,2274376.4,AuxP,Ref=1.484,Prep3.,,,
2274376.6,στρατός,στρατόν,n-s---ma-,GBP,2274376.5,OBJ,Ref=1.484,GBP,,,
2274376.7,εὐρύς,εὐρύν,a-s---ma-,Agr.,2274376.6,ATR,Ref=1.484,Agr.,,,
2274376.8,Ἀχαιός,Ἀχαιῶν,a-p---mg-,GenExpl. ,2274376.6,ATR,Ref=1.484|SpaceAfter=No,GenExpl.,,,
,,,,,,,Ref=1.484,,,,
2274376.1,ναῦς,νῆα,n-s---fa-,AccObj. ,2274376.17,OBJ,Ref=1.485,AccObj.,,,
2274376.11,μέν,μέν,g--------,,2274376.23,AuxY,Ref=1.485,,,,
2274376.11,ὁ,οἵ,p-p---mn-,NomSubj.,2274376.23,SBJ,Ref=1.485,NomSubj.,,,
2274376.13,γε,γε,g--------,,2274376.12,AuxZ,Ref=1.485,,,,
2274376.14,μέλας,μέλαιναν,a-s---fa-,Agr.,2274376.1,ATR,Ref=1.485,Agr.,,,
2274376.15,ἐπί,ἐπ’,r--------,Prep3.,2274376.17,AuxP,Ref=1.485,Prep3.,,,
2274376.16,ἤπειρος,ἠπείροιο,n-s---fg-,GBP,2274376.15,OBJ,Ref=1.485,GBP,,,
2274376.17,ἐρύω,ἔρυσσαν,v3paia---,Aor. | Ind. | Act.,2274376.23,PRED_CO,Ref=1.485,Aor.,Ind.,Act.,
2274376.18,ὑψοῦ,ὑψοῦ,d--------,,2274376.17,ADV,Ref=1.486,,,,
2274376.19,ἐπί,ἐπί,r--------,Prep3.,2274376.17,AuxP,Ref=1.486,Prep3.,,,
2274376.2,ψάμαθος,ψαμάθοις,n-p---fd-,GBP,2274376.19,OBJ,Ref=1.486|SpaceAfter=No,GBP,,,
,,,,,,,Ref=1.486,,,,
2274376.22,ὑπό,ὑπό,r--------,Preverb,2274376.26,AuxZ,Ref=1.486,Preverb,,,
2274376.23,δέ,δ’,g--------,,2274376.0,COORD,Ref=1.486,,,,
2274376.24,ἕρμα,ἕρματα,n-p---na-,AccObj. ,2274376.26,OBJ,Ref=1.486,AccObj.,,,
2274376.25,μακρός,μακρά,a-p---na-,Agr.,2274376.24,ATR,Ref=1.486,Agr.,,,
2274376.26,τανύω,τάνυσσαν,v3paia---,Aor. | Ind. | Act.,2274376.23,PRED_CO,Ref=1.486|SpaceAfter=No,Aor.,Ind.,Act.,
,,,,,,,Ref=1.486,,,,
,,,,,,,,,,,
,,,,,,,,,,,
,,,,,,,,,,,
,,,,,,,,,,,
2274377.1,αὐτός,αὐτοί,a-p---mn-,NomSubj.,2274377.3,AtvV,Ref=1.487,NomSubj.,,,
2274377.2,δέ,δ’,g--------,,2274377.0,COORD,Ref=1.487,,,,
2274377.3,σκίδνημι,ἐσκίδναντο,v3piie---,Impf. | Ind. | Pass.,2274377.2,PRED_CO,Ref=1.487,Impf.,Ind.,Pass.,
2274377.4,κατά,κατά,r--------,Prep3.,2274377.3,AuxP,Ref=1.487,Prep3.,,,
2274377.5,κλισία,κλισίας,n-p---fa-,GBP,2274377.8,OBJ_CO,Ref=1.487,GBP,,,
2274377.6,τε,τε,g--------,,2274377.8,AuxY,Ref=1.487,,,,
2274377.6,ναῦς,νέας,n-p---fa-,Goverened by Preposition,2274377.8,OBJ_CO,Ref=1.487,Goverened by Preposition,,,
2274377.8,τε,τε,g--------,,2274377.4,COORD,Ref=1.487|SpaceAfter=No,,,,
,,,,,,,Ref=1.487,,,,
,,,,,,,,,,,
,,,,,,,,,,,
,,,,,,,,,,,
,,,,,,,,,,,
2274378.1,ἀτάρ,αὐτάρ,g--------,,2274378.3,AuxY,Ref=1.488,,,,
2274378.1,ὁ,ὃ,p-s---mn-,NomSubj.,2274378.14,SBJ_AP,Ref=1.488,NomSubj.,,,
2274378.3,μηνίω,μήνιε,v3siia---,ImpfDesc. | Ind. | Act.,2274378.0,PRED,Ref=1.488,ImpfDesc.,Ind.,Act.,
2274378.4,ναῦς,νηυσί,n-p---fd-,DatVerb.,2274378.5,OBJ,Ref=1.488,DatVerb.,,,
2274378.5,πάρημαι,παρήμενος,v-sppemn-,PresNoni. | PartCirc. | MidMotion. | Agr.,2274378.3,ADV,Ref=1.488,PresNoni.,PartCirc.,MidMotion.,Agr.
2274378.6,ὠκύπορος,ὠκυπόροισι,a-p---fd-,Agr.,2274378.4,ATR,Ref=1.488,Agr.,,,
2274378.7,διογενής,διογενής,a-s---mn-,Agr.,2274378.9,ATR,Ref=1.489,Agr.,,,
2274378.8,Πηλεύς,Πηλῆος,n-s---mg-,GenPos. ,2274378.9,ATR,Ref=1.489,GenPos.,,,
2274378.9,υἱός,υἱός,n-s---mn-,Agr.,2274378.14,SBJ_AP,Ref=1.489,Agr.,,,
2274378.1,πούς,πόδας,n-p---ma-,AccResp.,2274378.11,ATR,Ref=1.489,AccResp.,,,
2274378.11,ὠκύς,ὠκύς,a-s---mn-,Agr.,2274378.12,ATR,Ref=1.489,Agr.,,,
2274378.12,Ἀχιλλεύς,Ἀχιλλεύς,n-s---mn-,NomSubj.,2274378.14,SBJ_AP,Ref=1.489|SpaceAfter=No,NomSubj.,,,
,,,,,,,Ref=1.489,,,,
,,,,,,,,,,,
,,,,,,,,,,,
,,,,,,,,,,,
,,,,,,,,,,,
2274379.1,οὔτε,οὔτέ,d--------,,2274379.7,AuxY,Ref=1.490,,,,
2274379.2,ποτέ,ποτ’,g--------,,2274379.5,ADV,Ref=1.490,,,,
2274379.3,εἰς,εἰς,r--------,Prep3.,2274379.5,AuxP,Ref=1.490,Prep3.,,,
2274379.4,ἀγορά,ἀγορήν,n-s---fa-,GBP,2274379.3,OBJ,Ref=1.490,GBP,,,
2274379.5,πωλέομαι,πωλέσκετο,v3siie---,ImpfDesc. | Ind. | MidMotion.,2274379.7,PRED_CO,Ref=1.490,ImpfDesc.,Ind.,MidMotion.,
2274379.6,κυδιάνειρα,κυδιάνειραν,a-s---fa-,Agr.,2274379.4,ATR,Ref=1.490,Agr.,,,
2274379.7,οὔτε,οὔτέ,d--------,,2274379.2,COORD,Ref=1.491,,,,
,,,,,,,_,,,,
2274379.8,ποτέ,ποτ’,g--------,,2274379.26,ADV,Ref=1.491,,,,
2274379.9,εἰς,ἐς,r--------,Prep3.,2274379.7,AuxP,Ref=1.491,Prep3.,,,
2274379.1,πόλεμος,πόλεμον,n-s---ma-,GBP,2274379.26,OBJ,Ref=1.491|SpaceAfter=No,GBP,,,
,,,,,,,Ref=1.491,,,,
2274379.12,ἀλλά,ἀλλά,c--------,,2274379.2,AuxY,Ref=1.491,,,,
2274379.13,φθινύθω,φθινύθεσκε,v3siia---,ImpfDesc. | Ind. | Act.,2274379.2,PRED_CO,Ref=1.491,ImpfDesc.,Ind.,Act.,
2274379.14,φίλος,φίλον,a-s---na-,Agr.,2274379.15,ATR,Ref=1.491,Agr.,,,
2274379.15,κῆρ,κῆρ,n-s---na-,AccObj. ,2274379.13,OBJ,Ref=1.491,AccObj.,,,
2274379.16,αὖθι,αὖθι,d--------,,2274379.17,OBJ,Ref=1.492,,,,
2274379.17,μένω,μένων,v-sppamn-,PresNoni. | PartCirc. | Act. | Agr.,2274379.13,ADV,Ref=1.492|SpaceAfter=No,PresNoni.,PartCirc.,Act.,Agr.
,,,,,,,Ref=1.492,,,,
2274379.19,ποθέω,ποθέεσκε,v3siia---,ImpfDesc. | Ind. | Act.,2274379.2,PRED_CO,Ref=1.492,ImpfDesc.,Ind.,Act.,
2274379.2,δέ,δ’,g--------,,2274379.0,COORD,Ref=1.492,,,,
2274379.21,ἀυτή,ἀϋτήν,n-s---fa-,AccObj. ,2274379.24,OBJ_CO,Ref=1.492,AccObj.,,,
2274379.22,τε,τε,g--------,,2274379.24,AuxY,Ref=1.492,,,,
2274379.23,πόλεμος,πτόλεμόν,n-s---ma-,AccObj. ,2274379.24,OBJ_CO,Ref=1.492,AccObj.,,,
2274379.24,τε,τε,g--------,,2274379.19,COORD,Ref=1.492|SpaceAfter=No,,,,
,,,,,,,Ref=1.492,,,,
,,,,,,,,,,,
,,,,,,,,,,,
,,,,,,,,,,,
,,,,,,,,,,,
2274380.1,ἀλλά,ἀλλ’,d--------,,2274380.24,AuxY,Ref=1.493,,,,
2274380.2,ὅτε,ὅτε,c--------,,2274380.24,AuxC,Ref=1.493,,,,
2274380.3,δή,δή,g--------,,2274380.8,AuxY,Ref=1.493,,,,
2274380.3,ἄρα,ῥ’,g--------,,2274380.8,AuxY,Ref=1.493,,,,
2274380.5,ἐκ,ἐκ,r--------,Prep7.,2274380.7,AuxP,Ref=1.493,Prep7.,,,
2274380.5,ὁ,τοῖο,p-s---ng-,GBP,2274380.5,ATR,Ref=1.493,GBP,,,
2274380.7,δωδέκατος,δυωδεκάτη,a-s---fn-,Agr.,2274380.9,ATR,Ref=1.493,Agr.,,,
2274380.8,γίγνομαι,γένετ’,v3saim---,AorIngr. | Ind. | MidMotion.,2274380.2,ADV,Ref=1.493,AorIngr.,Ind.,MidMotion.,
2274380.9,ἠώς,ἠώς,n-s---fn-,NomSubj.,2274380.8,SBJ,Ref=1.493|SpaceAfter=No,NomSubj.,,,
,,,,,,,Ref=1.493,,,,
2274380.11,καί,καί,d--------,,2274380.16,AuxY,Ref=1.494,,,,
2274380.12,τότε,τότε,d--------,,2274380.16,ADV,Ref=1.494,,,,
2274380.13,δή,δή,g--------,,2274380.16,AuxY,Ref=1.494,,,,
2274380.14,πρός,πρός,r--------,Prep3.,2274380.16,AuxP,Ref=1.494,Prep3.,,,
2274380.15,Ὄλυμπος,Ὄλυμπον,n-s---ma-,GBP,2274380.14,OBJ,Ref=1.494,GBP,,,
2274380.16,εἶμι,ἴσαν,v3piia---,Impf. | Ind. | Act.,2274380.24,PRED_CO,Ref=1.494,Impf.,Ind.,Act.,
2274380.17,θεός,θεοί,n-p---mn-,NomSubj.,2274380.16,SBJ,Ref=1.494,NomSubj.,,,
2274380.18,ἀεί,αἰέν,d--------,,2274380.19,ADV,Ref=1.494,,,,
2274380.18,εἰμί,ἐόντες,v-pppamn-,PresNoni. | PartAttr. | Act. | Agr.,2274380.17,ATR,Ref=1.494,PresNoni.,PartAttr.,Act.,Agr.
2274380.2,πᾶς,πάντες,a-p---mn-,Agr.,2274380.17,ATR,Ref=1.495,Agr.,,,
2274380.21,ἅμα,ἅμα,d--------,,2274380.16,ADV,Ref=1.495|SpaceAfter=No,,,,
,,,,,,,Ref=1.495,,,,
2274380.23,Ζεύς,Ζεύς,n-s---mn-,,2274380.25,SBJ,Ref=1.495,,,,
2274380.24,δέ,δ’,g--------,,2274380.0,COORD,Ref=1.495,,,,
2274380.25,ἄρχω,ἦρχε,v3siia---,ImpfDesc. | Ind. | Act.,2274380.24,PRED_CO,Ref=1.495|SpaceAfter=No,ImpfDesc.,Ind.,Act.,
,,,,,,,Ref=1.495,,,,
,,,,,,,,,,,
,,,,,,,,,,,
,,,,,,,,,,,
,,,,,,,,,,,
2274381.1,Θέτις,Θέτις,n-s---fn-,NomSubj.,2274381.4,SBJ,Ref=1.495,NomSubj.,,,
2274381.2,δέ,δ’,g--------,,2274381.9,AuxY,Ref=1.495,,,,
2274381.2,οὐ,οὐ,d--------,,2274381.4,AuxZ,Ref=1.495,,,,
2274381.4,λανθάνω,λήθετ’,v3siie---,Impf. | Ind. | MidMent.,2274381.9,PRED_CO,Ref=1.495,Impf.,Ind.,MidMent.,
2274381.5,ἐφετμή,ἐφετμέων,n-p---fg-,GenVerb. ,2274381.4,OBJ,Ref=1.495,GenVerb.,,,
2274381.6,παῖς,παιδός,n-s---mg-,GenPos. ,2274381.5,ATR,Ref=1.496,GenPos.,,,
2274381.6,ἑός,ἑοῦ,a-s---mg-,Agr.,2274381.6,ATR,Ref=1.496|SpaceAfter=No,Agr.,,,
,,,,,,,Ref=1.496,,,,
2274381.9,ἀλλά,ἀλλ’,c--------,,2274381.0,COORD,Ref=1.496,,,,
2274381.9,ὁ,ἥ,p-s---fn-,NomSubj.,2274381.12,SBJ,Ref=1.496,NomSubj.,,,
2274381.11,γε,γ’,g--------,,2274381.1,AuxZ,Ref=1.496,,,,
2274381.12,ἀναδύνω,ἀνεδύσετο,v3saim---,Aor. | Ind. | MidMotion.,2274381.9,PRED_CO,Ref=1.496,Aor.,Ind.,MidMotion.,
2274381.13,κῦμα,κῦμα,n-s---na-,AccObj. ,2274381.12,OBJ,Ref=1.496,AccObj.,,,
2274381.14,θάλασσα,θαλάσσης,n-s---fg-,GenExpl.,2274381.13,ATR,Ref=1.496|SpaceAfter=No,GenExpl.,,,
,,,,,,,Ref=1.496,,,,
,,,,,,,,,,,
,,,,,,,,,,,
,,,,,,,,,,,
,,,,,,,,,,,
2274382.1,ἠέριος,ἠερίη,a-s---fn-,,2274382.3,AtvV,Ref=1.497,,,,
2274382.2,δέ,δ’,g--------,,2274382.0,COORD,Ref=1.497,,,,
2274382.3,ἀναβαίνω,ἀνέβη,v3saia---,Aor. | Ind. | Act.,2274382.2,PRED_CO,Ref=1.497,Aor.,Ind.,Act.,
2274382.4,μέγας,μέγαν,a-s---ma-,Agr.,2274382.5,ATR,Ref=1.497,Agr.,,,
2274382.5,οὐρανός,οὐρανόν,n-s---ma-,AccObj. ,2274382.7,OBJ_CO,Ref=1.497,AccObj.,,,
2274382.6,Ὄλυμπος,Οὔλυμπόν,n-s---ma-,AccObj. ,2274382.7,OBJ_CO,Ref=1.497,AccObj.,,,
2274382.7,τε,τε,g--------,,2274382.3,COORD,Ref=1.497|SpaceAfter=No,,,,
,,,,,,,Ref=1.497,,,,
,,,,,,,,,,,
,,,,,,,,,,,
,,,,,,,,,,,
,,,,,,,,,,,
2274383.1,εὑρίσκω,εὗρεν,v3saia---,Aor. | Ind. | Act.,2274383.2,PRED_CO,Ref=1.498,Aor.,Ind.,Act.,
2274383.2,δέ,δ’,g--------,,2274383.0,COORD,Ref=1.498,,,,
2274383.3,εὐρύοπα,εὐρύοπα,a-s---ma-,Agr.,2274383.4,ATR,Ref=1.498,Agr.,,,
2274383.4,Κρονίδης,Κρονίδην,n-s---ma-,AccObj. ,2274383.1,OBJ,Ref=1.498,AccObj.,,,
2274383.5,ἄτερ,ἄτερ,r--------,Prep3.,2274383.13,AuxP,Ref=1.498,Prep3.,,,
2274383.6,ἧμαι,ἥμενον,v-srpema-,PerfNoni. | PartCirc. | MidMotion. | Agr.,2274383.4,ATV,Ref=1.498,PerfNoni.,PartCirc.,MidMotion.,Agr.
2274383.7,ἄλλος,ἄλλων,a-p---mg-,GBP,2274383.5,ADV_CO,Ref=1.498,GBP,,,
2274383.8,ἄκρος,ἀκροτάτῃ,a-s---fds,Agr.,2274383.9,ATR,Ref=1.499,Agr.,,,
2274383.9,κορυφή,κορυφῇ,n-s---fd-,DatLoc.,2274383.13,ADV_CO,Ref=1.499,DatLoc.,,,
2274383.1,πολυδειράς,πολυδειράδος,a-s---mg-,Agr.,2274383.11,ATR,Ref=1.499,Agr.,,,
2274383.11,Ὄλυμπος,Οὐλύμποιο,n-s---mg-,GenPos. ,2274383.9,ATR,Ref=1.499|SpaceAfter=No,GenPos.,,,
,,,,,,,Ref=1.499,,,,
,,,,,,,,,,,
,,,,,,,,,,,
,,,,,,,,,,,
,,,,,,,,,,,
2274384.1,καί,καί,d--------,,2274384.5,AuxY,Ref=1.500,,,,
2274384.1,ἄρα,ῥα,g--------,,2274384.5,AuxY,Ref=1.500,,,,
2274384.3,πάροιθε,πάροιθ’,r--------,Prep3.,2274384.5,AuxP,Ref=1.500,Prep3.,,,
2274384.4,αὐτός,αὐτοῖο,a-s---mg-,GBP,2274384.3,OBJ,Ref=1.500,GBP,,,
2274384.4,καθέζομαι,καθέζετο,v3saia---,Aor. | Ind. | Act.,2274384.13,PRED_CO,Ref=1.500|SpaceAfter=No,Aor.,Ind.,Act.,
,,,,,,,Ref=1.500,,,,
2274384.7,καί,καί,c--------,,2274384.13,AuxY,Ref=1.500,,,,
2274384.8,λαμβάνω,λάβε,v3saia---,Aor. | Ind. | Act.,2274384.13,PRED_CO,Ref=1.500,Aor.,Ind.,Act.,
2274384.9,γόνυ,γούνων,n-p---ng-,GenVerb. ,2274384.8,OBJ,Ref=1.500,GenVerb.,,,
2274384.1,σκαιός,σκαιῇ,a-s---fd-,DatInstr.,2274384.8,ADV,Ref=1.501|SpaceAfter=No,DatInstr.,,,
,,,,,,,Ref=1.501,,,,
2274384.12,δεξιτερός,δεξιτερῇ,a-s---fd-,DatInstr.,2274384.17,ADV,Ref=1.501,DatInstr.,,,
2274384.13,δέ,δ’,g--------,,2274384.0,COORD,Ref=1.501,,,,
2274384.13,ἄρα,ἄρ’,g--------,,2274384.19,AuxY,Ref=1.501,,,,
2274384.15,ὑπό,ὑπ’,r--------,Prep3.,2274384.17,AuxP,Ref=1.501,Prep3.,,,
2274384.16,ἀνθερεών,ἀνθερεῶνος,n-s---mg-,GBP,2274384.15,ADV,Ref=1.501,GBP,,,
2274384.17,αἱρέω,ἑλοῦσα,v-sapafn-,AorNoni. | PartCirc. | Act. | Agr.,2274384.19,ADV,Ref=1.501,AorNoni.,PartCirc.,Act.,Agr.
2274384.18,λίσσομαι,λισσομένη,v-sppefn-,PresNoni. | PartCirc. | MidSpee. | Agr.,2274384.19,ADV,Ref=1.502,PresNoni.,PartCirc.,MidSpee.,Agr.
2274384.19,προσεῖπον,προσέειπε,v3saia---,Aor. | Ind. | Act.,2274384.13,PRED_CO,Ref=1.502,Aor.,Ind.,Act.,
2274384.2,Ζεύς,Δία,n-s---ma-,AccObj. ,2274384.19,OBJ,Ref=1.502,AccObj.,,,
2274384.21,Κρονίων,Κρονίωνα,n-s---ma-,Agr.,2274384.2,ATR,Ref=1.502,Agr.,,,
2274384.22,ἄναξ,ἄνακτα,n-s---ma-,Agr.,2274384.2,ATR,Ref=1.502|SpaceAfter=No,Agr.,,,
,,,,,,,Ref=1.502,,,,
,,,,,,,,,,,
,,,,,,,,,,,
,,,,,,,,,,,
,,,,,,,,,,,
2274385.1,Ζεύς,Ζεῦ,n-s---mv-,Voc.,2274385.17,ExD,Ref=1.503,Voc.,,,
2274385.1,πάτηρ,πάτερ,n-s---mv-,Agr.,2274385.1,ATR,Ref=1.503,Agr.,,,
2274385.3,εἰ,εἴ,c--------,,2274385.17,AuxC,Ref=1.503,,,,
2274385.4,ποτέ,ποτε,g--------,,2274385.9,AuxY,Ref=1.503,,,,
2274385.5,δή,δή,g--------,,2274385.9,AuxY,Ref=1.503,,,,
2274385.5,σύ,σε,p-s----a-,AccObj. ,2274385.9,OBJ,Ref=1.503,AccObj.,,,
2274385.7,μετά,μετ’,r--------,Prep3.,2274385.9,AuxP,Ref=1.503,Prep3.,,,
2274385.8,ἀθάνατος,ἀθανάτοισιν,a-p---md-,GBP,2274385.7,ADV,Ref=1.503,GBP,,,
2274385.9,ὀνίνημι,ὄνησα,v1saia---,Aor. | Ind. | Act.,2274385.3,ADV,Ref=1.503,Aor.,Ind.,Act.,
2274385.1,ἤ,ἤ,c--------,,2274385.12,AuxY,Ref=1.504,,,,
2274385.11,ἔπος,ἔπει,n-s---nd-,DatMean.,2274385.12,ADV_CO,Ref=1.504,DatMean.,,,
2274385.12,ἤ,ἤ,c--------,,2274385.9,COORD,Ref=1.504,,,,
2274385.13,ἔργον,ἔργῳ,n-s---nd-,DatMean.,2274385.12,ADV_CO,Ref=1.504|SpaceAfter=No,DatMean.,,,
,,,,,,,Ref=1.504,,,,
2274385.15,ὅδε,τόδε,p-s---na-,,2274385.18,ATR,Ref=1.504,,,,
2274385.15,ἐγώ,μοι,p-s---md-,DatPos. ,2274385.17,OBJ,Ref=1.504,DatPos.,,,
2274385.17,κραίνω,κρήηνον,v2sama---,AorNoni. | ImprComm. | Act.,2274385.0,PRED,Ref=1.504,AorNoni.,ImprComm.,Act.,
2274385.18,ἔλδωρ,ἐέλδωρ,n-s---na-,AccObj. ,2274385.17,OBJ,Ref=1.504|SpaceAfter=No,AccObj.,,,
,,,,,,,Ref=1.504,,,,
,,,,,,,,,,,
,,,,,,,,,,,
,,,,,,,,,,,
,,,,,,,,,,,
2274386.1,τιμάω,τίμησόν,v2sama---,AorNoni. | ImprComm. | Act.,2274386.0,PRED,Ref=1.505,AorNoni.,ImprComm.,Act.,
2274386.1,ἐγώ,μοι,p-s---fd-,DatPos.,2274386.3,ATR,Ref=1.505,DatPos.,,,
2274386.3,υἱός,υἱόν,n-s---ma-,AccObj. ,2274386.1,OBJ,Ref=1.505,AccObj.,,,
2274386.3,ὅς,ὃς,p-s---mn-,NomSubj.,2274386.7,SBJ,Ref=1.505,NomSubj.,,,
2274386.5,ὠκύμορος,ὠκυμορώτατος,a-s---mns,NomPred.,2274386.7,PNOM,Ref=1.505,NomPred.,,,
2274386.6,ἄλλος,ἄλλων,a-p---mg-,GenComp.,2274386.5,ATR,Ref=1.505,GenComp.,,,
2274386.7,πέλω,ἔπλετ’,v3siie---,ImpfCona. | Ind. | MidSpon.,2274386.3,ATR,Ref=1.506|SpaceAfter=No,ImpfCona.,Ind.,MidSpon.,
,,,,,,,Ref=1.506,,,,
,,,,,,,,,,,
,,,,,,,,,,,
,,,,,,,,,,,
,,,,,,,,,,,
2274387.1,ἀτάρ,ἀτάρ,g--------,,2274387.8,AuxY,Ref=1.506,,,,
2274387.1,μιν,μιν,p-s---ma-,AccObj. ,2274387.8,OBJ,Ref=1.506,AccObj.,,,
2274387.3,νῦν,νῦν,d--------,,2274387.8,ADV,Ref=1.506,,,,
2274387.4,γε,γε,g--------,Agr.,2274387.3,AuxZ,Ref=1.506,Agr.,,,
2274387.5,ἄναξ,ἄναξ,n-s---mn-,,2274387.7,ATR,Ref=1.506,,,,
2274387.6,ἀνήρ,ἀνδρῶν,n-p---mg-,GenObj.,2274387.5,ATR,Ref=1.506,GenObj.,,,
2274387.7,Ἀγαμέμνων,Ἀγαμέμνων,n-s---mn-,NomSubj.,2274387.8,SBJ,Ref=1.506,NomSubj.,,,
2274387.8,ἀτιμάω,ἠτίμησεν,v3saia---,AorComp. | Ind. | Act.,2274387.0,PRED,Ref=1.507|SpaceAfter=No,AorComp.,Ind.,Act.,
,,,,,,,Ref=1.507,,,,
,,,,,,,,,,,
,,,,,,,,,,,
,,,,,,,,,,,
,,,,,,,,,,,
2274388.1,αἱρέω,ἑλών,v-sapamn-,AorNoni. | PartCirc. | Act. | Agr.,2274388.3,ADV,Ref=1.507,AorNoni.,PartCirc.,Act.,Agr.
2274388.2,γάρ,γάρ,g--------,,2274388.3,AuxY,Ref=1.507,,,,
2274388.3,ἔχω,ἔχει,v3spia---,Pres. | Ind. | Act.,2274388.0,PRED,Ref=1.507,Pres.,Ind.,Act.,
2274388.4,γέρας,γέρας,n-s---na-,AccObj. ,2274388.3,OBJ,Ref=1.507,AccObj.,,,
2274388.5,αὐτός,αὐτός,a-s---mn-,NomSubj.,2274388.6,AtvV,Ref=1.507,NomSubj.,,,
2274388.6,ἀπαυράω,ἀπούρας,v-sapamn-,AorNoni. | PartCirc. | Act. | Agr.,2274388.3,ADV,Ref=1.507|SpaceAfter=No,AorNoni.,PartCirc.,Act.,Agr.
,,,,,,,Ref=1.507,,,,
,,,,,,,,,,,
,,,,,,,,,,,
,,,,,,,,,,,
,,,,,,,,,,,
2274389.1,ἀλλά,ἀλλά,d--------,,2274389.5,AuxY,Ref=1.508,,,,
2274389.1,σύ,σύ,p-s----n-,,2274389.5,SBJ,Ref=1.508,,,,
2274389.3,πέρ,πέρ,g--------,,2274389.2,AuxZ,Ref=1.508,,,,
2274389.3,μιν,μιν,p-s---ma-,AccObj. ,2274389.5,OBJ,Ref=1.508,AccObj.,,,
2274389.5,τίνω,τῖσον,v2sama---,AorNoni. | ImprComm. | Act.,2274389.0,PRED,Ref=1.508,AorNoni.,ImprComm.,Act.,
2274389.6,Ὀλύμπιος,Ὀλύμπιε,a-s---mv-,Agr.,2274389.8,ATR,Ref=1.508,Agr.,,,
2274389.7,μητίετα,μητίετα,n-s---mv-,Agr.,2274389.8,ATR,Ref=1.508,Agr.,,,
2274389.8,Ζεύς,Ζεῦ,n-s---mv-,Voc.,2274389.5,ExD,Ref=1.508|SpaceAfter=No,Voc.,,,
,,,,,,,Ref=1.508,,,,
,,,,,,,,,,,
,,,,,,,,,,,
,,,,,,,,,,,
,,,,,,,,,,,
2274390.1,τόφρα,τόφρα,d--------,,2274390.5,ADV,Ref=1.509,,,,
2274390.2,δέ,δ’,g--------,,2274390.0,COORD,Ref=1.509,,,,
2274390.3,ἐπί,ἐπί,r--------,Prep4.,2274390.5,AuxP,Ref=1.509,Prep4.,,,
2274390.4,Τρώς,Τρώεσσι,n-p---md-,GBP,2274390.3,OBJ,Ref=1.509,GBP,,,
2274390.5,τίθημι,τίθει,v2spma---,PresNoni. | ImprComm. | Act.,2274390.2,PRED_CO,Ref=1.509,PresNoni.,ImprComm.,Act.,
2274390.6,κράτος,κράτος,n-s---na-,AccObj. ,2274390.5,OBJ,Ref=1.509,AccObj.,,,
2274390.7,ὄφρα,ὄφρ’,c--------,,2274390.5,AuxC,Ref=1.509,,,,
2274390.8,ἄν,ἄν,g--------,,2274390.14,AuxY,Ref=1.509,,,,
2274390.9,Ἀχαιός,Ἀχαιοί,a-p---mn-,NomSubj.,2274390.14,SBJ,Ref=1.509,NomSubj.,,,
2274390.1,υἱός,υἱόν,n-s---ma-,AccObj. ,2274390.12,OBJ,Ref=1.510,AccObj.,,,
2274390.11,ἐμός,ἐμόν,a-s---ma-,Agr.,2274390.1,ATR,Ref=1.510,Agr.,,,
2274390.12,τίνω,τίσωσιν,v3pasa---,AorNoni. | SubjSubor. | Act.,2274390.14,ADV_CO,Ref=1.510,AorNoni.,SubjSubor.,Act.,
2274390.13,ὀφέλλω,ὀφέλλωσίν,v3pasa---,AorNoni. | SubjSubor. | Act.,2274390.14,ADV_CO,Ref=1.510,AorNoni.,SubjSubor.,Act.,
2274390.14,τε,τέ,g--------,,2274390.7,COORD,Ref=1.510,,,,
2274390.14,ἕ,ἑ,p-s---ma-,AccObj. ,2274390.13,OBJ,Ref=1.510,AccObj.,,,
2274390.16,τιμή,τιμῇ,n-s---fd-,DatMean.,2274390.13,ADV,Ref=1.510|SpaceAfter=No,DatMean.,,,
,,,,,,,Ref=1.510,,,,
,,,,,,,,,,,
,,,,,,,,,,,
,,,,,,,,,,,
,,,,,,,,,,,
2274391.1,ὡς,ὡς,d--------,,2274391.2,ADV,Ref=1.511,,,,
2274391.2,φημί,φάτο,v3saim---,Aor. | Ind. | MidSpee.,2274391.0,PRED,Ref=1.511|SpaceAfter=No,Aor.,Ind.,MidSpee.,
,,,,,,,Ref=1.511,,,,
,,,,,,,,,,,
,,,,,,,,,,,
,,,,,,,,,,,
,,,,,,,,,,,
2274391.2,ὁ,τὴν,p-s---fa-,AccDoubl.,2274392.5,OBJ,Ref=1.511,AccDoubl.,,,
2274392.2,δέ,δ’,g--------,,2274392.9,AuxY,Ref=1.511,,,,
2274392.2,οὐ,οὔ,d--------,,2274392.5,AuxZ,Ref=1.511,,,,
2274392.2,τις,τι,p-s---na-,AccObj. ,2274392.5,OBJ,Ref=1.511,AccObj.,,,
2274392.5,πρόσφημι,προσέφη,v3siia---,Impf. | Ind. | Act.,2274392.9,PRED_CO,Ref=1.511,Impf.,Ind.,Act.,
2274392.6,νεφεληγερέτα,νεφεληγερέτα,n-s---mn-,Agr.,2274392.7,ATR,Ref=1.511,Agr.,,,
2274392.7,Ζεύς,Ζεύς,n-s---mn-,NomSubj.,2274392.5,SBJ,Ref=1.511|SpaceAfter=No,NomSubj.,,,
,,,,,,,Ref=1.511,,,,
2274392.9,ἀλλά,ἀλλ’,c--------,,2274392.0,COORD,Ref=1.512,,,,
2274392.1,ἀκέων,ἀκέων,a-s---mn-,Agr.,2274392.12,AtvV,Ref=1.512,Agr.,,,
2274392.11,δήν,δήν,d--------,,2274392.12,ADV,Ref=1.512,,,,
2274392.12,ἧμαι,ἧστο,v3slim---,Pperf. | Ind. | MidMotion.,2274392.9,PRED_CO,Ref=1.512|SpaceAfter=No,Pperf.,Ind.,MidMotion.,
,,,,,,,Ref=1.512,,,,
,,,,,,,,,,,
,,,,,,,,,,,
,,,,,,,,,,,
,,,,,,,,,,,
2274393.1,Θέτις,Θέτις,n-s---fn-,NomSubj.,2274393.1,SBJ,Ref=1.512,NomSubj.,,,
2274393.2,δέ,δ’,g--------,,2274393.1,AuxY,Ref=1.512,,,,
2274393.3,ὡς,ὡς,d--------,,2274393.4,ADV,Ref=1.512,,,,
2274393.4,ἅπτω,ἥψατο,v3saim---,Aor. | Ind. | MidIndir.,2274393.7,ADV,Ref=1.512,Aor.,Ind.,MidIndir.,
2274393.5,γόνυ,γούνων,n-p---ng-,GenVerb. ,2274393.4,OBJ,Ref=1.512,GenVerb.,,,
2274393.6,ὡς,ὡς,d--------,,2274393.7,ADV,Ref=1.513,,,,
2274393.7,ἔχω,ἔχετ’,v3siie---,ImpfDesc. | Ind. | MidDir.,2274393.1,PRED_CO,Ref=1.513,ImpfDesc.,Ind.,MidDir.,
2274393.8,ἐμφύω,ἐμπεφυυῖα,v-srpafn-,PerfNoni | PartCirc. | Act. | Agr.,2274393.7,ADV,Ref=1.513|SpaceAfter=No,PerfNoni,PartCirc.,Act.,Agr.
,,,,,,,Ref=1.513,,,,
2274393.1,καί,καί,c--------,,2274393.0,COORD,Ref=1.513,,,,
2274393.11,ἔρομαι,εἴρετο,v3siie---,ImpfDesc. | Ind. | MidSpee.,2274393.1,PRED_CO,Ref=1.513,ImpfDesc.,Ind.,MidSpee.,
2274393.12,δεύτερος,δεύτερον,a-s---na-,AccAdv.,2274393.11,ADV,Ref=1.513,AccAdv.,,,
2274393.13,αὖθις,αὖτις,d--------,,2274393.11,ADV,Ref=1.513|SpaceAfter=No,,,,
,,,,,,,Ref=1.513,,,,
,,,,,,,,,,,
,,,,,,,,,,,
,,,,,,,,,,,
,,,,,,,,,,,
2274394.1,νημερτής,νημερτές,a-s---na-,AccAdv.,2274394.6,ADV,Ref=1.514,AccAdv.,,,
2274394.2,μέν,μέν,g--------,,2274394.8,AuxY,Ref=1.514,,,,
2274394.3,δή,δή,g--------,,2274394.8,AuxY,Ref=1.514,,,,
2274394.3,ἐγώ,μοι,p-s---fd-,DatVerb. ,2274394.6,OBJ,Ref=1.514,DatVerb.,,,
2274394.5,ὑπισχνέομαι,ὑπόσχεο,v2saim---,Aor. | Ind. | MidIndir.,2274394.6,PRED_CO,Ref=1.514,Aor.,Ind.,MidIndir.,
2274394.6,καί,καί,c--------,,2274394.8,COORD,Ref=1.514,,,,
2274394.7,κατανεύω,κατάνευσον,v2sama---,AorNoni. | ImprComm. | Act.,2274394.6,PRED_CO,Ref=1.514,AorNoni.,ImprComm.,Act.,
2274394.8,ἤ,ἤ,c--------,,2274394.0,COORD,Ref=1.515,,,,
2274394.9,ἀπεῖπον,ἀπόειπ’,v2sama---,AorNoni. | ImprComm. | Act.,2274394.8,PRED_CO,Ref=1.515|SpaceAfter=No,AorNoni.,ImprComm.,Act.,
,,,,,,,Ref=1.515,,,,
2274394.11,ἐπεί,ἐπεί,c--------,,2274394.9,AuxC,Ref=1.515,,,,
,,,,,,,_,,,,
2274394.11,οὐ,οὔ,d--------,,2274394.28,AuxZ,Ref=1.515,,,,
2274394.11,σύ,τοι,p-s----d-,DatPos.,2274394.28,OBJ,Ref=1.515,DatPos.,,,
2274394.14,ἐπί,ἔπι,r--------,Preverb,2274394.28,AuxZ,Ref=1.515,Preverb,,,
2274394.15,δέος,δέος,n-s---nn-,NomSubj.,2274394.28,SBJ,Ref=1.515|SpaceAfter=No,NomSubj.,,,
,,,,,,,Ref=1.515,,,,
2274394.17,ὄφρα,ὄφρ’,c--------,,2274394.9,AuxC,Ref=1.515,,,,
2274394.18,εὖ,ἐύ,d--------,,2274394.19,ADV,Ref=1.515,,,,
2274394.19,οἶδα,εἰδέω,v1srsa---,PerfNoni. | SubjSubor. | Act.,2274394.17,ADV,Ref=1.515,PerfNoni.,SubjSubor.,Act.,
2274394.2,ὅσος,ὅσσον,a-s---na-,AccAdv.,2274394.26,ADV,Ref=1.516,AccAdv.,,,
2274394.2,ἐγώ,ἐγὼ,p-s---fn-,NomSubj.,2274394.26,SBJ,Ref=1.516,NomSubj.,,,
2274394.22,μετά,μετά,r--------,Prep3.,2274394.26,AuxP,Ref=1.516,Prep3.,,,
2274394.23,πᾶς,πᾶσιν,a-p---md-,GBP,2274394.22,ADV,Ref=1.516,GBP,,,
2274394.24,ἄτιμος,ἀτιμοτάτη,a-s---fns,,2274394.25,ATR,Ref=1.516,,,,
2274394.25,θεός,θεός,n-s---fn-,NomPred.,2274394.26,PNOM,Ref=1.516,NomPred.,,,
2274394.25,εἰμί,εἰμι,v1spia---,PresIter. | Ind. | Act.,2274394.19,OBJ,Ref=1.516|SpaceAfter=No,PresIter.,Ind.,Act.,
,,,,,,,Ref=1.516,,,,
,,,,,,,,,,,
,,,,,,,,,,,
,,,,,,,,,,,
,,,,,,,,,,,
2274394.25,ὁ,τὴν,p-s---fa-,AccObj. ,2274395.5,OBJ,Ref=1.517,AccObj.,,,
2274395.2,δέ,δέ,g--------,,2274395.0,COORD,Ref=1.517,,,,
2274395.3,μέγας,μέγ’,a-s---na-,AccAdv.,2274395.4,ADV,Ref=1.517,AccAdv.,,,
2274395.4,ὀχθέω,ὀχθήσας,v-sapamn-,AorNoni. | PartCirc. | Act. | Agr.,2274395.5,ADV,Ref=1.517,AorNoni.,PartCirc.,Act.,Agr.
2274395.5,πρόσφημι,προσέφη,v3siia---,Impf. | Ind. | Act.,2274395.2,PRED_CO,Ref=1.517,Impf.,Ind.,Act.,
2274395.6,νεφεληγερέτα,νεφεληγερέτα,n-s---mn-,Agr.,2274395.7,ATR,Ref=1.517,Agr.,,,
2274395.7,Ζεύς,Ζεύς,n-s---mn-,NomSubj.,2274395.5,SBJ,Ref=1.517|SpaceAfter=No,NomSubj.,,,
,,,,,,,Ref=1.517,,,,
,,,,,,,,,,,
,,,,,,,,,,,
,,,,,,,,,,,
,,,,,,,,,,,
,,,,,,,_,,,,
2274396.1,ἦ,ἦ,d--------,,2274396.18,AuxY,Ref=1.518,,,,
2274396.2,δή,δή,g--------,,2274396.18,AuxY,Ref=1.518,,,,
2274396.3,λοίγιος,λοίγια,a-p---nn-,Agr.,2274396.4,ATR,Ref=1.518,Agr.,,,
2274396.4,ἔργον,ἔργ’,n-p---nn-,NomSubj.,2274396.18,SBJ,Ref=1.518,NomSubj.,,,
2274396.4,ὅς,ὅ,p-s---na-,,2274396.18,AuxC,Ref=1.518,,,,
2274396.6,τε,τέ,g--------,,2274396.9,AuxY,Ref=1.518,,,,
2274396.6,ἐγώ,μ’,p-s---ma-,AccObj. ,2274396.9,OBJ,Ref=1.518,AccObj.,,,
2274396.8,ἐχθοδοπέω,ἐχθοδοπῆσαι,**,AorNoni. | InfDyn. | Act.,2274396.9,OBJ,Ref=1.518,AorNoni.,InfDyn.,Act.,
2274396.9,ἐφίημι,ἐφήσεις,v2sfia---,Fut. | Ind. | Act.,2274396.5,ADV,Ref=1.518,Fut.,Ind.,Act.,
2274396.1,Ἥρα,Ἥρῃ,n-s---fd-,DatVerb. ,2274396.8,OBJ,Ref=1.519,DatVerb.,,,
2274396.11,ὅτε,ὅτ’,c--------,,2274396.8,AuxC,Ref=1.519,,,,
2274396.12,ἄν,ἄν,g--------,,2274396.14,AuxY,Ref=1.519,,,,
2274396.12,ἐγώ,μ’,p-s---ma-,AccObj. ,2274396.14,OBJ,Ref=1.519,AccObj.,,,
2274396.14,ἐρέθω,ἐρέθῃσιν,v3spsa---,PresNoni. | SubjSubor. | Act.,2274396.11,ADV,Ref=1.519,PresNoni.,SubjSubor.,Act.,
2274396.15,ὀνείδειος,ὀνειδείοις,a-p---nd-,Agr.,2274396.16,ATR,Ref=1.519,Agr.,,,
2274396.16,ἔπος,ἐπέεσσιν,n-p---nd-,DatMean.,2274396.14,ADV,Ref=1.519|SpaceAfter=No,DatMean.,,,
,,,,,,,Ref=1.519,,,,
,,,,,,,,,,,
,,,,,,,,,,,
,,,,,,,,,,,
,,,,,,,,,,,
2274396.16,ὁ,ἣ,p-s---fn-,,2274397.12,SBJ,Ref=1.520,,,,
2274397.2,δέ,δέ,g--------,,2274397.12,AuxY,Ref=1.520,,,,
2274397.3,καί,καί,d--------,,2274397.4,AuxZ,Ref=1.520,,,,
2274397.4,αὔτως,αὔτως,d--------,,2274397.1,ADV,Ref=1.520,,,,
2274397.4,ἐγώ,μ’,p-s---ma-,AccObj. ,2274397.1,OBJ,Ref=1.520,AccObj.,,,
2274397.6,ἀεί,αἰεί,d--------,,2274397.1,ADV,Ref=1.520,,,,
2274397.7,ἐν,ἐν,r--------,Prep3.,2274397.1,AuxP,Ref=1.520,Prep3.,,,
2274397.8,ἀθάνατος,ἀθανάτοισι,a-p---md-,Agr.,2274397.9,ATR,Ref=1.520,Agr.,,,
2274397.9,θεός,θεοῖσι,n-p---md-,GBP,2274397.7,ADV,Ref=1.520,GBP,,,
2274397.1,νεικέω,νεικεῖ,v3spia---,PresIter. | Ind. | Act.,2274397.12,PRED_CO,Ref=1.521|SpaceAfter=No,PresIter.,Ind.,Act.,
,,,,,,,Ref=1.521,,,,
2274397.12,καί,καί,c--------,,2274397.0,COORD,Ref=1.521,,,,
2274397.13,τε,τέ,g--------,,2274397.15,AuxY,Ref=1.521,,,,
2274397.13,ἐγώ,μέ,p-s---ma-,AccObj. ,2274397.18,SBJ,Ref=1.521,AccObj.,,,
2274397.15,φημί,φησι,v3spia---,PresIter. | Ind. | Act.,2274397.12,PRED_CO,Ref=1.521,PresIter.,Ind.,Act.,
2274397.16,μάχη,μάχῃ,n-s---fd-,DatResp.,2274397.18,ADV,Ref=1.521,DatResp.,,,
2274397.17,Τρώς,Τρώεσσιν,n-p---md-,DatVerb. ,2274397.18,OBJ,Ref=1.521,DatVerb.,,,
2274397.18,ἀρήγω,ἀρήγειν,**,PresNoni. | InfDyn. | Act.,2274397.15,OBJ,Ref=1.521|SpaceAfter=No,PresNoni.,InfDyn.,Act.,
,,,,,,,Ref=1.521,,,,
,,,,,,,,,,,
,,,,,,,,,,,
,,,,,,,,,,,
,,,,,,,,,,,
2274398.1,ἀλλά,ἀλλά,d--------,,2274398.6,AuxY,Ref=1.522,,,,
2274398.1,σύ,σὺ,p-s----n-,,2274398.6,SBJ,Ref=1.522,,,,
2274398.3,μέν,μέν,g--------,,2274398.6,AuxY,Ref=1.522,,,,
2274398.4,νῦν,νῦν,d--------,,2274398.6,ADV,Ref=1.522,,,,
2274398.5,αὖθις,αὖτις,d--------,,2274398.6,ADV,Ref=1.522,,,,
2274398.6,ἀποστείχω,ἀπόστιχε,v2sama---,AorNoni. | ImprComm. | Act.,2274398.0,PRED,Ref=1.522,AorNoni.,ImprComm.,Act.,
2274398.7,μή,μή,c--------,,2274398.6,AuxC,Ref=1.522,,,,
2274398.7,τις,τι,p-s---na-,AccObj. ,2274398.9,OBJ,Ref=1.522,AccObj.,,,
2274398.9,νοέω,νοήσῃ,v3sasa---,AorNoni. | SubjProh. | Act.,2274398.7,ADV,Ref=1.522,AorNoni.,SubjProh.,Act.,
2274398.1,Ἥρα,Ἥρη,n-s---fn-,NomSubj.,2274398.9,SBJ,Ref=1.523|SpaceAfter=No,NomSubj.,,,
,,,,,,,Ref=1.523,,,,
,,,,,,,,,,,
,,,,,,,,,,,
,,,,,,,,,,,
,,,,,,,,,,,
2274398.1,ἐγώ,ἐμοὶ,p-s---md-,DatVerb. ,2274399.5,OBJ,Ref=1.523,DatVerb.,,,
2274399.2,δέ,δέ,g--------,,2274399.0,COORD,Ref=1.523,,,,
2274399.3,ἄν,κε,g--------,,2274399.5,AuxY,Ref=1.523,,,,
2274399.4,οὗτος,ταῦτα,a-p---nn-,NomSubj.,2274399.5,SBJ,Ref=1.523,NomSubj.,,,
2274399.5,μέλω,μελήσεται,v3sfim---,Fut. | Ind. | MidMent.,2274399.2,PRED_CO,Ref=1.523,Fut.,Ind.,MidMent.,
2274399.6,ὄφρα,ὄφρα,c--------,,2274399.5,AuxC,Ref=1.523,,,,
2274399.7,τελέω,τελέσσω,v1sasa---,AorNoni. | SubjSubor. | Act.,2274399.6,ADV,Ref=1.523|SpaceAfter=No,AorNoni.,SubjSubor.,Act.,
,,,,,,,Ref=1.523,,,,
,,,,,,,,,,,
,,,,,,,,,,,
,,,,,,,,,,,
,,,,,,,,,,,
2274400.1,εἰ,εἰ,i--------,,2274400.6,AuxY,Ref=1.524,,,,
2274400.2,δέ,δ’,g--------,,2274400.0,COORD,Ref=1.524,,,,
2274400.3,ἄγε,ἄγε,d--------,,2274400.6,AuxY,Ref=1.524,,,,
2274400.3,σύ,τοι,p-s----d-,DatVerb.,2274400.6,OBJ,Ref=1.524,DatVerb.,,,
2274400.5,κεφαλή,κεφαλῇ,n-s---fd-,DatInstr. ,2274400.6,ADV,Ref=1.524,DatInstr.,,,
2274400.6,κατανεύω,κατανεύσομαι,v1sfim---,Fut. | Ind. | MidMotion.,2274400.2,PRED_CO,Ref=1.524,Fut.,Ind.,MidMotion.,
2274400.7,ὄφρα,ὄφρα,c--------,,2274400.6,AuxC,Ref=1.524,,,,
2274400.8,πείθω,πεποίθῃς,v2srsa---,PerfNoni. | SubjSubor. | Act.,2274400.7,ADV,Ref=1.524|SpaceAfter=No,PerfNoni.,SubjSubor.,Act.,
,,,,,,,Ref=1.524,,,,
,,,,,,,,,,,
,,,,,,,,,,,
,,,,,,,,,,,
,,,,,,,,,,,
2274401.1,οὗτος,τοῦτο,a-s---nn-,NomSubj.,2274401.11,SBJ,Ref=1.525,NomSubj.,,,
2274401.2,γάρ,γάρ,g--------,,2274401.11,AuxY,Ref=1.525,,,,
2274401.3,ἐκ,ἐξ,r--------,Prep1.,2274401.11,AuxP,Ref=1.525,Prep1.,,,
2274401.3,ἐγώ,ἐμέθεν,p-s---mg-,GBP,2274401.3,ADV,Ref=1.525,GBP,,,
2274401.5,γε,γε,g--------,,2274401.4,AuxZ,Ref=1.525,,,,
2274401.6,μετά,μετ’,r--------,Prep3.,2274401.11,AuxP,Ref=1.525,Prep3.,,,
2274401.7,ἀθάνατος,ἀθανάτοισι,a-p---md-,GBP,2274401.5,ADV,Ref=1.525,GBP,,,
2274401.8,μέγας,μέγιστον,a-s---nn-,Agr.,2274401.9,ATR,Ref=1.525,Agr.,,,
2274401.9,τέκμαρ,τέκμωρ,n-s---nn-,NomPred.,2274401.11,PNOM,Ref=1.526|SpaceAfter=No,NomPred.,,,
,,,,,,,Ref=1.526,,,,
,,,,,,,,,,,
,,,,,,,,,,,
,,,,,,,,,,,
,,,,,,,,,,,
2274401.9,οὐ,οὐ,d--------,,2274402.4,AuxZ,Ref=1.526,,,,
2274402.2,γάρ,γάρ,g--------,,2274402.17,AuxY,Ref=1.526,,,,
,,,,,,,_,,,,
2274402.3,ἐμός,ἐμόν,a-s---nn-,NomSubj.,2274402.18,ATR,Ref=1.526,NomSubj.,,,
2274402.4,παλινάγρετος,παλινάγρετον,a-s---nn-,Agr.,2274402.9,PNOM_CO,Ref=1.526,Agr.,,,
2274402.4,οὐ,οὐ,d--------,,2274402.7,AuxZ,Ref=1.526|SpaceAfter=No,,,,
2274402.6,δέ,δ’,g--------,,2274402.9,AuxY,Ref=1.526,,,,
2274402.7,ἀπατηλός,ἀπατηλόν,a-s---nn-,NomPred.,2274402.9,PNOM_CO,Ref=1.526,NomPred.,,,
2274402.7,οὐ,οὐ,d--------,,2274402.1,AuxZ,Ref=1.527|SpaceAfter=No,,,,
2274402.9,δέ,δ’,g--------,,2274402.17,COORD,Ref=1.527,,,,
2274402.1,ἀτελεύτητος,ἀτελεύτητον,a-s---nn-,NomPred.,2274402.9,PNOM_CO,Ref=1.527,NomPred.,,,
2274402.1,ὅς,ὅ,p-s---na-,AccObj. ,2274402.15,OBJ,Ref=1.527,AccObj.,,,
2274402.1,τις,τί,p-s---na-,Agr.,2274402.11,ATR,Ref=1.527,Agr.,,,
2274402.13,ἄν,κεν,g--------,,2274402.15,AuxY,Ref=1.527,,,,
2274402.14,κεφαλή,κεφαλῇ,n-s---fd-,DatInstr. ,2274402.15,ADV,Ref=1.527,DatInstr.,,,
2274402.15,κατανεύω,κατανεύσω,v1sasa---,AorNoni. | SubjSubor. | Act.,2274402.18,ATR,Ref=1.527|SpaceAfter=No,AorNoni.,SubjSubor.,Act.,
,,,,,,,Ref=1.527,,,,
,,,,,,,,,,,
,,,,,,,,,,,
,,,,,,,,,,,
,,,,,,,,,,,
2274403.1,ἠμί,ἦ,v3siia---,Impf. | Ind. | Act.,2274403.2,PRED_CO,Ref=1.528,Impf.,Ind.,Act.,
2274403.2,καί,καί,c--------,,2274403.0,COORD,Ref=1.528,,,,
2274403.3,κυάνεος,κυανέῃσιν,a-p---fd-,Agr.,2274403.5,ATR,Ref=1.528,Agr.,,,
2274403.4,ἐπί,ἐπ’,r--------,Prep1.,2274403.6,AuxP,Ref=1.528,Prep1.,,,
2274403.5,ὀφρύς,ὀφρύσι,n-p---fd-,GBP,2274403.4,ADV,Ref=1.528,GBP,,,
2274403.6,νεύω,νεῦσε,v3saia---,Aor. | Ind. | Act.,2274403.2,PRED_CO,Ref=1.528,Aor.,Ind.,Act.,
2274403.7,Κρονίων,Κρονίων,n-s---mn-,NomSubj.,2274403.2,SBJ,Ref=1.528|SpaceAfter=No,NomSubj.,,,
,,,,,,,Ref=1.528,,,,
,,,,,,,,,,,
,,,,,,,,,,,
,,,,,,,,,,,
,,,,,,,,,,,
2274404.1,ἀμβρόσιος,ἀμβρόσιαι,a-p---fn-,Agr.,2274404.4,ATR,Ref=1.529,Agr.,,,
2274404.2,δέ,δ’,g--------,,2274404.0,COORD,Ref=1.529,,,,
2274404.2,ἄρα,ἄρα,g--------,,2274404.5,AuxY,Ref=1.529,,,,
2274404.4,χαίτη,χαῖται,n-p---fn-,NomSubj.,2274404.5,SBJ,Ref=1.529,NomSubj.,,,
2274404.5,ἐπιρρώομαι,ἐπερρώσαντο,v3paim---,Aor. | Ind. | MidSpon.,2274404.2,PRED_CO,Ref=1.529,Aor.,Ind.,MidSpon.,
2274404.6,ἄναξ,ἄνακτος,n-s---mg-,GenPos. ,2274404.4,ATR,Ref=1.529,GenPos.,,,
2274404.7,κράς,κρατός,n-s---fg-,GBP,2274404.8,ADV,Ref=1.530,GBP,,,
2274404.8,ἀπό,ἀπ’,r--------,Prep3.,2274404.5,AuxP,Ref=1.530,Prep3.,,,
2274404.9,ἀθάνατος,ἀθανάτοιο,a-s---fg-,Agr.,2274404.7,ATR,Ref=1.530|SpaceAfter=No,Agr.,,,
,,,,,,,Ref=1.530,,,,
,,,,,,,,,,,
,,,,,,,,,,,
,,,,,,,,,,,
,,,,,,,,,,,
2274405.1,μέγας,μέγαν,a-s---ma-,Agr.,2274405.4,ATR,Ref=1.530,Agr.,,,
2274405.2,δέ,δ’,g--------,,2274405.0,COORD,Ref=1.530,,,,
2274405.3,ἐλελίζω,ἐλέλιξεν,v3saia---,Aor. | Ind. | Act.,2274405.2,PRED_CO,Ref=1.530,Aor.,Ind.,Act.,
2274405.4,Ὄλυμπος,Ὄλυμπον,n-s---ma-,AccObj. ,2274405.3,OBJ,Ref=1.530|SpaceAfter=No,AccObj.,,,
,,,,,,,Ref=1.530,,,,
,,,,,,,,,,,
,,,,,,,,,,,
,,,,,,,,,,,
,,,,,,,,,,,
2274405.4,ὁ,τώ,p-d---mn-,NomSubj.,2274406.5,SBJ,Ref=1.531,NomSubj.,,,
2274406.2,γε,γ’,g--------,,2274406.1,AuxZ,Ref=1.531,,,,
2274406.3,ὡς,ὡς,d--------,,2274406.4,ADV,Ref=1.531,,,,
2274406.4,βουλεύω,βουλεύσαντε,v-dapamn-,AorNoni. | PartCirc. | Act. | Agr.,2274406.5,ADV,Ref=1.531,AorNoni.,PartCirc.,Act.,Agr.
2274406.5,διατμήγω,διέτμαγεν,v3paip---,AorIngr. | Ind. | Pass.,2274406.0,PRED,Ref=1.531|SpaceAfter=No,AorIngr.,Ind.,Pass.,
,,,,,,,Ref=1.531,,,,
,,,,,,,,,,,
,,,,,,,,,,,
,,,,,,,,,,,
,,,,,,,,,,,
2274406.5,ὁ,ἣ,p-s---fn-,NomSubj.,2274407.6,SBJ,Ref=1.531,NomSubj.,,,
2274407.2,μέν,μέν,g--------,,2274407.13,AuxY,Ref=1.531,,,,
2274407.3,ἔπειτα,ἔπειτα,d--------,,2274407.6,ADV,Ref=1.531,,,,
2274407.4,εἰς,εἰς,r--------,Prep3.,2274407.6,AuxP,Ref=1.532,Prep3.,,,
2274407.5,ἅλς,ἅλα,n-s---fa-,GBP,2274407.4,OBJ,Ref=1.532,GBP,,,
2274407.6,ἅλλομαι,ἆλτο,v3saim---,Aor. | Ind. | MidMotion.,2274407.13,PRED_CO,Ref=1.532,Aor.,Ind.,MidMotion.,
2274407.7,βαθύς,βαθεῖαν,a-s---fa-,Agr.,2274407.5,ATR,Ref=1.532,Agr.,,,
2274407.8,ἀπό,ἀπ’,r--------,Prep3.,2274407.6,AuxP,Ref=1.532,Prep3.,,,
2274407.9,αἰγλήεις,αἰγλήεντος,a-s---mg-,Agr.,2274407.1,ATR,Ref=1.532,Agr.,,,
2274407.1,Ὄλυμπος,Ὀλύμπου,n-s---mg-,GBP,2274407.8,OBJ,Ref=1.532|SpaceAfter=No,GBP,,,
,,,,,,,Ref=1.532,,,,
,,,,,,,_,,,,
2274407.12,Ζεύς,Ζεύς,n-s---mn-,NomSubj.,2274407.18,SBJ,Ref=1.533,NomSubj.,,,
2274407.13,δέ,δέ,g--------,,2274407.0,COORD,Ref=1.533,,,,
2274407.13,ἑός,ἑὸν,a-s---na-,Agr.,2274407.16,ATR,Ref=1.533,Agr.,,,
2274407.15,πρός,πρός,r--------,Prep3.,2274407.18,AuxP,Ref=1.533,Prep3.,,,
2274407.16,δῶμα,δῶμα,n-s---na-,GBP,2274407.15,OBJ,Ref=1.533|SpaceAfter=No,GBP,,,
,,,,,,,Ref=1.533,,,,
,,,,,,,,,,,
,,,,,,,,,,,
,,,,,,,,,,,
,,,,,,,,,,,
2274408.1,θεός,θεοί,n-p---mn-,NomSubj.,2274408.5,SBJ,Ref=1.533,NomSubj.,,,
2274408.2,δέ,δ’,g--------,,2274408.0,COORD,Ref=1.533,,,,
2274408.3,ἅμα,ἅμα,d--------,,2274408.5,ADV,Ref=1.533,,,,
2274408.4,πᾶς,πάντες,a-p---mn-,Agr.,2274408.1,ATR,Ref=1.533,Agr.,,,
2274408.5,ἀνίστημι,ἀνέσταν,v3paia---,Aor. | Ind. | Act.,2274408.2,PRED_CO,Ref=1.533,Aor.,Ind.,Act.,
2274408.6,ἐκ,ἐξ,r--------,Prep3.,2274408.5,AuxP,Ref=1.534,Prep3.,,,
2274408.7,ἕδος,ἑδέων,n-p---ng-,GBP,2274408.6,OBJ,Ref=1.534,GBP,,,
2274408.8,σφός,σφοῦ,a-s---mg-,Agr.,2274408.9,ATR,Ref=1.534,Agr.,,,
2274408.9,πατήρ,πατρός,n-s---mg-,GBP,2274408.1,ADV,Ref=1.534,GBP,,,
2274408.1,ἐναντίον,ἐναντίον,r--------,Prep3.,2274408.5,AuxP,Ref=1.534|SpaceAfter=No,Prep3.,,,
,,,,,,,Ref=1.534,,,,
,,,,,,,,,,,
,,,,,,,,,,,
,,,,,,,,,,,
,,,,,,,,,,,
2274408.1,οὐ,οὐ,d--------,,2274409.4,AuxZ,Ref=1.534|SpaceAfter=No,,,,
2274409.2,δέ,δέ,g--------,,2274409.8,AuxY,Ref=1.534,,,,
2274409.2,τις,τις,p-s---mn-,NomSubj.,2274409.4,SBJ,Ref=1.534,NomSubj.,,,
2274409.4,τλάω,ἔτλη,v3siia---,Impf. | Ind. | Act.,2274409.8,PRED_CO,Ref=1.534,Impf.,Ind.,Act.,
2274409.5,μένω,μεῖναι,**,AorNoni. | InfDyn. | Act.,2274409.4,OBJ,Ref=1.535,AorNoni.,InfDyn.,Act.,
2274409.6,ἐπέρχομαι,ἐπερχόμενον,v-sppema-,PresNoni. | PartCirc. | MidMotion. | Agr.,2274409.5,AtvV,Ref=1.535|SpaceAfter=No,PresNoni.,PartCirc.,MidMotion.,Agr.
,,,,,,,Ref=1.535,,,,
2274409.8,ἀλλά,ἀλλ’,c--------,,2274409.0,COORD,Ref=1.535,,,,
2274409.9,ἀντίος,ἀντίοι,a-p---mn-,Agr.,2274409.11,ATV,Ref=1.535,Agr.,,,
2274409.1,ἵστημι,ἔσταν,v3paia---,Aor. | Ind. | Act.,2274409.8,PRED_CO,Ref=1.535,Aor.,Ind.,Act.,
2274409.11,ἅπας,ἅπαντες,a-p---mn-,NomSubj.,2274409.1,SBJ,Ref=1.535|SpaceAfter=No,NomSubj.,,,
,,,,,,,Ref=1.535,,,,
,,,,,,,,,,,
,,,,,,,,,,,
,,,,,,,,,,,
,,,,,,,,,,,
2274410.1,ὡς,ὡς,d--------,,2274410.5,ADV,Ref=1.536,,,,
2274410.1,ὁ,ὃ,p-s---mn-,NomSubj.,2274410.5,SBJ,Ref=1.536,NomSubj.,,,
2274410.3,μέν,μέν,g--------,,2274410.5,AuxY,Ref=1.536,,,,
2274410.4,ἔνθα,ἔνθα,d--------,,2274410.5,ADV,Ref=1.536,,,,
2274410.4,καθέζετο,καθέζετ’,v3saia---,Aor. | Ind. | Act.,2274410.0,PRED,Ref=1.536,Aor.,Ind.,Act.,
2274410.6,ἐπί,ἐπί,r--------,Prep3.,2274410.5,AuxP,Ref=1.536,Prep3.,,,
2274410.7,θρόνος,θρόνου,n-s---mg-,GBP,2274410.6,OBJ,Ref=1.536|SpaceAfter=No,GBP,,,
,,,,,,,Ref=1.536,,,,
,,,,,,,,,,,
,,,,,,,,,,,
,,,,,,,,,,,
,,,,,,,,,,,
2274410.7,οὐ,οὐ,d--------,,2274411.5,AuxZ,Ref=1.536|SpaceAfter=No,,,,
2274411.2,δέ,δέ,g--------,,2274411.0,COORD,Ref=1.536,,,,
2274411.2,μιν,μιν,p-s---ma-,AccObj. ,2274411.6,OBJ,Ref=1.536,AccObj.,,,
2274411.4,Ἥρα,Ἥρη,n-s---fn-,NomSubj.,2274411.5,SBJ,Ref=1.536,NomSubj.,,,
2274411.5,ἀγνοέω,ἠγνοίησεν,v3saia---,Aor. | Ind. | Act.,2274411.2,PRED_CO,Ref=1.537,Aor.,Ind.,Act.,
2274411.6,εἶδον,ἰδοῦσ’,v-sapafn-,AorNoni. | PartCirc. | Act. | Agr.,2274411.5,ADV,Ref=1.537,AorNoni.,PartCirc.,Act.,Agr.
2274411.7,ὅτι,ὅτι,c--------,,2274411.5,AuxC,Ref=1.537,,,,
2274411.7,ἕ,οἱ,p-s---md-,DatVerb.,2274411.9,OBJ,Ref=1.537,DatVerb.,,,
2274411.9,συμφράζομαι,συμφράσσατο,v3saim---,Aor. | Ind. | MidRecip.,2274411.7,OBJ,Ref=1.537,Aor.,Ind.,MidRecip.,
2274411.1,βουλή,βουλάς,n-p---fa-,AccObj. ,2274411.9,OBJ,Ref=1.537,AccObj.,,,
2274411.11,ἀργυρόπεζος,ἀργυρόπεζα,a-s---fn-,Agr.,2274411.12,ATR,Ref=1.538,Agr.,,,
2274411.12,Θέτις,Θέτις,n-s---fn-,NomSubj.,2274411.17,SBJ_AP,Ref=1.538,NomSubj.,,,
2274411.13,θυγάτηρ,θυγάτηρ,n-s---fn-,Agr.,2274411.17,SBJ_AP,Ref=1.538,Agr.,,,
2274411.14,ἅλιος,ἁλίοιο,a-s---mg-,Agr.,2274411.15,ATR,Ref=1.538,Agr.,,,
2274411.15,γέρων,γέροντος,n-s---mg-,GenPos. ,2274411.13,ATR,Ref=1.538|SpaceAfter=No,GenPos.,,,
,,,,,,,Ref=1.538,,,,
,,,,,,,,,,,
,,,,,,,,,,,
,,,,,,,,,,,
,,,,,,,,,,,
2274412.1,αὐτίκα,αὐτίκα,d--------,,2274412.5,ADV,Ref=1.539,,,,
,,,,,,,_,,,,
2274412.2,κερτόμιος,κερτομίοισι,a-p---nd-,DatMean.,2274412.7,ATR,Ref=1.539,DatMean.,,,
2274412.3,Ζεύς,Δία,n-s---ma-,AccObj. ,2274412.5,OBJ,Ref=1.539,AccObj.,,,
2274412.4,Κρονίων,Κρονίωνα,n-s---ma-,Agr.,2274412.3,ATR,Ref=1.539,Agr.,,,
2274412.5,προσαυδάω,προσηύδα,v3siia---,Impf. | Ind. | Act.,2274412.0,PRED,Ref=1.539|SpaceAfter=No,Impf.,Ind.,Act.,
,,,,,,,Ref=1.539,,,,
,,,,,,,,,,,
,,,,,,,,,,,
,,,,,,,,,,,
,,,,,,,,,,,
2274412.5,τις,τίς,p-s---mn-,NomSubj.,2274413.7,SBJ,Ref=1.540,NomSubj.,,,
2274413.2,δέ,δ’,g--------,,2274413.0,COORD,Ref=1.540,,,,
2274413.3,αὖ,αὖ,d--------,,2274413.7,AuxY,Ref=1.540,,,,
2274413.3,σύ,τοι,p-s----d-,DatVerb. ,2274413.7,OBJ,Ref=1.540,DatVerb.,,,
2274413.5,δολομήτης,δολομῆτα,n-s---mv-,Voc. ,2274413.7,ExD,Ref=1.540,Voc.,,,
2274413.6,θεός,θεῶν,n-p---mg-,GenPart.,2274413.1,ATR,Ref=1.540,GenPart.,,,
2274413.7,συμφράζομαι,συμφράσσατο,v3saim---,Aor. | Ind. | MidRecip.,2274413.2,PRED_CO,Ref=1.540,Aor.,Ind.,MidRecip.,
2274413.8,βουλή,βουλάς,n-p---fa-,AccObj. ,2274413.7,OBJ,Ref=1.540|SpaceAfter=No,AccObj.,,,
,,,,,,,Ref=1.540,,,,
,,,,,,,,,,,
,,,,,,,,,,,
,,,,,,,,,,,
,,,,,,,,,,,
2274414.1,ἀεί,αἰεί,d--------,,2274414.4,ADV,Ref=1.541,,,,
2274414.1,σύ,τοι,p-s----d-,DatExpr.,2274414.4,OBJ,Ref=1.541,DatExpr.,,,
2274414.3,φίλος,φίλον,a-s---nn-,NomPred.,2274414.4,PNOM,Ref=1.541,NomPred.,,,
2274414.3,εἰμί,ἐστὶν,v3spia---,PresIter. | Ind. | Act.,2274414.0,PRED,Ref=1.541,PresIter.,Ind.,Act.,
2274414.3,ἐγώ,ἐμεῦ,p-s---fg-,GBP,2274414.6,ADV,Ref=1.541,GBP,,,
2274414.6,ἀπό,ἀπό,r--------,Prep3.,2274414.11,AuxP,Ref=1.541,Prep3.,,,
2274414.7,νόσφι,νόσφιν,d--------,,2274414.8,ADV,Ref=1.541,,,,
2274414.7,εἰμί,ἐόντα,v-sppama-,PresNoni. | PartCirc. | Act. | Agr.,2274414.11,ADV,Ref=1.541,PresNoni.,PartCirc.,Act.,Agr.
2274414.9,κρυπτάδιος,κρυπτάδια,a-p---na-,AccAdv.,2274414.1,ADV,Ref=1.542,AccAdv.,,,
2274414.1,φρονέω,φρονέοντα,v-sppama-,PresNoni. | PartCirc. | Act. | Agr.,2274414.11,ADV,Ref=1.542,PresNoni.,PartCirc.,Act.,Agr.
2274414.11,δικάζω,δικαζέμεν,**,PresNoni. | InfDyn. | Act.,2274414.4,SBJ,Ref=1.542|SpaceAfter=No,PresNoni.,InfDyn.,Act.,
,,,,,,,Ref=1.542,,,,
,,,,,,,,,,,
,,,,,,,,,,,
,,,,,,,,,,,
,,,,,,,,,,,
2274414.11,οὐ,οὐ,d--------,,2274415.7,AuxZ,Ref=1.542|SpaceAfter=No,,,,
2274415.2,δέ,δέ,g--------,,2274415.0,COORD,Ref=1.542,,,,
2274415.2,τις,τί,p-s---na-,,2274415.7,ADV,Ref=1.542,,,,
2274415.4,πω,πώ,g--------,,2274415.7,ADV,Ref=1.542,,,,
2274415.4,ἐγώ,μοι,p-s---fd-,DatVerb. ,2274415.8,OBJ,Ref=1.542,DatVerb.,,,
2274415.6,πρόφρων,πρόφρων,a-s---mn-,Agr.,2274415.7,AtvV,Ref=1.543,Agr.,,,
2274415.7,τλάω,τέτληκας,v2sria---,PerfInten. | Ind. | Act.,2274415.2,PRED_CO,Ref=1.543,PerfInten.,Ind.,Act.,
2274415.8,εἶπον,εἰπεῖν,**,AorNoni. | InfDyn. | Act.,2274415.7,OBJ,Ref=1.543,AorNoni.,InfDyn.,Act.,
2274415.9,ἔπος,ἔπος,n-s---na-,AccObj. ,2274415.8,OBJ,Ref=1.543,AccObj.,,,
2274415.9,ὅστις,ὅττι,p-s---na-,Agr.,2274415.11,OBJ,Ref=1.543,Agr.,,,
2274415.11,νοέω,νοήσῃς,v2sasa---,AorNoni. | SubjSubor. | Act.,2274415.9,ATR,Ref=1.543|SpaceAfter=No,AorNoni.,SubjSubor.,Act.,
,,,,,,,Ref=1.543,,,,
,,,,,,,,,,,
,,,,,,,,,,,
,,,,,,,,,,,
,,,,,,,,,,,
2274415.11,ὁ,τὴν,p-s---fa-,AccObj. ,2274416.3,OBJ,Ref=1.544,AccObj.,,,
2274416.2,δέ,δ’,g--------,,2274416.0,COORD,Ref=1.544,,,,
2274416.3,ἀμείβω,ἠμείβετ’,v3siie---,Impf. | Ind. | MidSpee.,2274416.2,PRED_CO,Ref=1.544,Impf.,Ind.,MidSpee.,
2274416.4,ἔπειτα,ἔπειτα,d--------,,2274416.3,ADV,Ref=1.544,,,,
2274416.5,πατήρ,πατήρ,n-s---mn-,NomSubj.,2274416.3,SBJ,Ref=1.544,NomSubj.,,,
2274416.6,ἀνήρ,ἀνδρῶν,n-p---mg-,GenPos. ,2274416.9,ATR_CO,Ref=1.544,GenPos.,,,
2274416.7,τε,τε,g--------,,2274416.9,AuxY,Ref=1.544,,,,
2274416.8,θεός,θεῶν,n-p---mg-,GenPos. ,2274416.9,ATR_CO,Ref=1.544,GenPos.,,,
2274416.9,τε,τε,g--------,,2274416.5,COORD,Ref=1.544|SpaceAfter=No,,,,
,,,,,,,Ref=1.544,,,,
,,,,,,,,,,,
,,,,,,,,,,,
,,,,,,,,,,,
,,,,,,,,,,,
2274417.1,Ἥρα,Ἥρη,n-s---fv-,Voc.,2274417.6,ExD,Ref=1.545,Voc.,,,
2274417.2,μή,μή,g--------,,2274417.6,AuxZ,Ref=1.545,,,,
2274417.3,δή,δή,g--------,,2274417.6,AuxY,Ref=1.545,,,,
2274417.4,πᾶς,πάντας,a-p---ma-,Agr.,2274417.7,ATR,Ref=1.545,Agr.,,,
2274417.5,ἐμός,ἐμούς,a-p---ma-,Agr.,2274417.7,ATR,Ref=1.545,Agr.,,,
2274417.6,ἐπέλπομαι,ἐπιέλπεο,v2spme---,AorNoni. | ImprComm. | MidMent.,2274417.0,PRED,Ref=1.545,AorNoni.,ImprComm.,MidMent.,
2274417.7,μῦθος,μύθους,n-p---ma-,AccObj. ,2274417.8,OBJ,Ref=1.545,AccObj.,,,
2274417.8,οἶδα,εἰδήσειν,**,FutNoni. | InfDyn. | Act.,2274417.6,OBJ,Ref=1.546|SpaceAfter=No,FutNoni.,InfDyn.,Act.,
,,,,,,,Ref=1.546,,,,
,,,,,,,,,,,
,,,,,,,,,,,
,,,,,,,,,,,
,,,,,,,,,,,
2274418.1,χαλεπός,χαλεποί,a-p---mn-,,2274418.3,PNOM,Ref=1.546,,,,
2274418.1,σύ,τοι,p-s----d-,DatExpr.,2274418.3,OBJ,Ref=1.546,DatExpr.,,,
2274418.1,εἰμί,ἔσοντ’,v3pfim---,FutHypo. | Ind. | MidSpon.,2274418.0,PRED,Ref=1.546,FutHypo.,Ind.,MidSpon.,
2274418.4,ἄλοχος,ἀλόχῳ,n-s---fd-,Agr.,2274418.6,PNOM,Ref=1.546,Agr.,,,
2274418.5,πέρ,περ,g--------,,2274418.6,AuxZ,Ref=1.546,,,,
2274418.5,εἰμί,ἐούσῃ,v-sppafd-,PresNoni. | PartAttr. | Act. | Agr.,2274418.2,ATV,Ref=1.546|SpaceAfter=No,PresNoni.,PartAttr.,Act.,Agr.
,,,,,,,Ref=1.546,,,,
,,,,,,,,,,,
,,,,,,,,,,,
,,,,,,,,,,,
,,,,,,,,,,,
2274419.1,ἀλλά,ἀλλ’,d--------,,2274419.15,AuxY,Ref=1.547,,,,
2274419.1,ὅς,ὃν,p-s---ma-,AccObj. ,2274419.6,OBJ,Ref=1.547,AccObj.,,,
2274419.3,μέν,μέν,g--------,,2274419.15,AuxY,Ref=1.547,,,,
2274419.4,ἄν,κ’,g--------,,2274419.2,AuxY,Ref=1.547,,,,
2274419.5,ἐπιεικής,ἐπιεικές,a-s---nn-,NomPred.,2274419.2,PNOM,Ref=1.547,NomPred.,,,
2274419.6,ἀκούω,ἀκουέμεν,**,PresNoni. | InfDyn. | Act.,2274419.2,SBJ,Ref=1.547,PresNoni.,InfDyn.,Act.,
2274419.6,οὐ,οὔ,d--------,,2274419.8,AuxZ,Ref=1.547,,,,
2274419.6,τις,τις,p-s---mn-,NomSubj.,2274419.15,SBJ,Ref=1.547,NomSubj.,,,
2274419.9,ἔπειτα,ἔπειτα,d--------,,2274419.15,ADV,Ref=1.547,,,,
2274419.9,οὐ,οὔ,d--------,,2274419.16,AuxY,Ref=1.548,,,,
2274419.11,τε,τε,g--------,,2274419.1,AuxZ,Ref=1.548,,,,
2274419.12,θεός,θεῶν,n-p---mg-,GenPart.,2274419.16,ATR_CO,Ref=1.548,GenPart.,,,
2274419.13,πρότερος,πρότερος,a-s---mn-,,2274419.8,ATV,Ref=1.548,,,,
2274419.13,ὁ,τὸν,p-s---ma-,AccObj. ,2274419.15,OBJ,Ref=1.548,AccObj.,,,
2274419.15,οἶδα,εἴσεται,v3sfim---,FutHypo. | Ind. | MidMent.,2274419.0,PRED,Ref=1.548,FutHypo.,Ind.,MidMent.,
2274419.15,οὐ,οὔ,d--------,,2274419.8,COORD,Ref=1.548,,,,
2274419.17,τε,τ’,g--------,,2274419.16,AuxZ,Ref=1.548,,,,
2274419.18,ἄνθρωπος,ἀνθρώπων,n-p---mg-,GenPart.,2274419.16,ATR_CO,Ref=1.548|SpaceAfter=No,GenPart.,,,
,,,,,,,Ref=1.548,,,,
,,,,,,,,,,,
,,,,,,,,,,,
,,,,,,,,,,,
,,,,,,,,,,,
2274419.18,ὅς,ὃν,p-s---na-,AccObj. ,2274420.8,OBJ,Ref=1.549,AccObj.,,,
2274420.2,δέ,δέ,g--------,,2274420.16,AuxY,Ref=1.549,,,,
2274420.3,ἄν,κ’,g--------,,2274420.7,AuxY,Ref=1.549,,,,
2274420.3,ἐγώ,ἐγὼν,p-s---mn-,NomSubj.,2274420.7,SBJ,Ref=1.549,NomSubj.,,,
2274420.5,ἀπάνευθε,ἀπάνευθε,r--------,Prep3.,2274420.7,AuxP,Ref=1.549,Prep3.,,,
2274420.6,θεός,θεῶν,n-p---mg-,GBP,2274420.5,ADV,Ref=1.549,GBP,,,
2274420.7,ἐθέλω,ἐθέλωμι,v1spsa---,PresNoni. | SubjSubor. | Act.,2274420.12,ATR,Ref=1.549,PresNoni.,SubjSubor.,Act.,
2274420.8,νοέω,νοῆσαι,**,AorNoni. | InfDyn. | Act.,2274420.7,OBJ,Ref=1.549,AorNoni.,InfDyn.,Act.,
2274420.9,μή,μή,d--------,,2274420.14,AuxZ,Ref=1.550,,,,
2274420.9,τις,τι,p-s---na-,,2274420.16,ADV,Ref=1.550,,,,
2274420.9,σύ,σὺ,p-s----n-,NomSubj.,2274420.16,SBJ,Ref=1.550,NomSubj.,,,
2274420.12,οὗτος,ταῦτα,a-p---na-,AccObj. ,2274420.16,OBJ,Ref=1.550,AccObj.,,,
2274420.13,ἕκαστος,ἕκαστα,a-p---na-,Agr.,2274420.12,ATR,Ref=1.550,Agr.,,,
2274420.14,διείρομαι,διείρεο,v2spme---,AorNoni. | ImprComm. | MidRecip.,2274420.16,PRED_CO,Ref=1.550,AorNoni.,ImprComm.,MidRecip.,
,,,,,,,Ref=1.550|SpaceAfter=No,,,,
2274420.16,δέ,δέ,g--------,,2274420.0,COORD,Ref=1.550,,,,
2274420.17,μεταλλάω,μετάλλα,v2spma---,PresNoni. | ImprComm. | Act.,2274420.16,PRED_CO,Ref=1.550|SpaceAfter=No,PresNoni.,ImprComm.,Act.,
,,,,,,,Ref=1.550,,,,
,,,,,,,,,,,
,,,,,,,,,,,
,,,,,,,,,,,
,,,,,,,,,,,
2274420.17,ὁ,τὸν,p-s---ma-,AccObj. ,2274421.3,OBJ,Ref=1.551,AccObj.,,,
2274421.2,δέ,δ’,g--------,,2274421.0,COORD,Ref=1.551,,,,
2274421.3,ἀμείβω,ἠμείβετ’,v3siie---,Impf. | Ind. | MidSpee.,2274421.2,PRED_CO,Ref=1.551,Impf.,Ind.,MidSpee.,
2274421.4,ἔπειτα,ἔπειτα,d--------,,2274421.3,ADV,Ref=1.551,,,,
2274421.5,βοῶπις,βοῶπις,a-s---fn-,Agr.,2274421.7,ATR,Ref=1.551,Agr.,,,
2274421.6,πότνια,πότνια,n-s---fn-,Agr.,2274421.7,ATR,Ref=1.551,Agr.,,,
2274421.7,Ἥρα,Ἥρη,n-s---fn-,NomSubj.,2274421.3,SBJ,Ref=1.551|SpaceAfter=No,NomSubj.,,,
,,,,,,,Ref=1.551,,,,
,,,,,,,,,,,
,,,,,,,,,,,
,,,,,,,,,,,
,,,,,,,,,,,
2274422.1,αἰνός,αἰνότατε,a-s---mvs,Agr.,2274422.2,ATR,Ref=1.552,Agr.,,,
2274422.2,Κρονίδης,Κρονίδη,n-s---mv-,Voc.,2274422.6,ExD,Ref=1.552,Voc.,,,
2274422.3,ποῖος,ποῖον,a-s---ma-,Agr.,2274422.5,ATR,Ref=1.552,Agr.,,,
2274422.3,ὁ,τὸν,l-s---ma-,Agr.,2274422.5,ATR,Ref=1.552,Agr.,,,
2274422.5,μῦθος,μῦθον,n-s---ma-,AccObj. ,2274422.6,OBJ,Ref=1.552,AccObj.,,,
2274422.6,εἶπον,ἔειπες,v2saia---,Aor. | Ind. | Act.,2274422.0,PRED,Ref=1.552|SpaceAfter=No,Aor.,Ind.,Act.,
,,,,,,,Ref=1.552,,,,
,,,,,,,,,,,
,,,,,,,,,,,
,,,,,,,,,,,
,,,,,,,,,,,
2274423.1,καί,καί,d--------,,2274423.2,AuxZ,Ref=1.553,,,,
2274423.2,λίαν,λίην,d--------,,2274423.9,ADV,Ref=1.553,,,,
2274423.2,σύ,σε,p-s----a-,AccObj. ,2274423.9,OBJ,Ref=1.553,AccObj.,,,
2274423.4,πάρος,πάρος,d--------,,2274423.9,ADV,Ref=1.553,,,,
2274423.5,γε,γ’,g--------,,2274423.4,AuxZ,Ref=1.553,,,,
2274423.5,οὐ,οὔ,d--------,,2274423.9,AuxY,Ref=1.553,,,,
2274423.7,τε,τ’,g--------,,2274423.6,AuxZ,Ref=1.553,,,,
2274423.8,ἔρομαι,εἴρομαι,v1spie---,PresPerf. | Ind. | MidSpee.,2274423.9,PRED_CO,Ref=1.553,PresPerf.,Ind.,MidSpee.,
2274423.8,οὐ,οὔ,d--------,,2274423.13,COORD,Ref=1.553,,,,
2274423.1,τε,τε,g--------,,2274423.9,AuxZ,Ref=1.553,,,,
2274423.11,μεταλλάω,μεταλλῶ,v1spia---,PresPerf. | Ind. | Act.,2274423.9,PRED_CO,Ref=1.553|SpaceAfter=No,PresPerf.,Ind.,Act.,
,,,,,,,Ref=1.553,,,,
2274423.13,ἀλλά,ἀλλά,c--------,,2274423.0,COORD,Ref=1.554,,,,
2274423.14,μάλα,μάλ’,d--------,,2274423.15,AuxZ,Ref=1.554,,,,
2274423.15,εὔκηλος,εὔκηλος,a-s---mn-,Agr.. ??,2274423.17,AtvV,Ref=1.554,Agr.. ??,,,
2274423.15,ὁ,τὰ,p-p---na-,AccObj. ,2274423.17,OBJ,Ref=1.554,AccObj.,,,
2274423.17,φράζω,φράζεαι,v2spie---,PresIter. | Ind. | MidMent.,2274423.13,PRED_CO,Ref=1.554,PresIter.,Ind.,MidMent.,
2274423.17,ὅστις,ἅσσ’,p-p---na-,AccObj. ,2274423.19,OBJ,Ref=1.554,AccObj.,,,
2274423.19,ἐθέλω,ἐθέλῃσθα,v2spsa---,PresNoni. | SubjSubor. | Act.,2274423.16,ATR,Ref=1.554|SpaceAfter=No,PresNoni.,SubjSubor.,Act.,
,,,,,,,Ref=1.554,,,,
,,,,,,,,,,,
,,,,,,,,,,,
,,,,,,,,,,,
,,,,,,,,,,,
2274424.1,νῦν,νῦν,d--------,,2274424.4,ADV,Ref=1.555,,,,
2274424.2,δέ,δ’,g--------,,2274424.0,COORD,Ref=1.555,,,,
2274424.3,αἰνός,αἰνῶς,d--------,,2274424.4,ADV,Ref=1.555,,,,
2274424.4,δείδω,δείδοικα,v1sria---,PerfInten. | Ind. | Act.,2274424.2,PRED_CO,Ref=1.555,PerfInten.,Ind.,Act.,
2274424.5,κατά,κατά,r--------,Prep3. ,2274424.4,AuxP,Ref=1.555,Prep3.,,,
2274424.6,φρήν,φρένα,n-s---fa-,GBP,2274424.5,ADV,Ref=1.555,GBP,,,
2274424.7,μή,μή,c--------,,2274424.4,AuxC,Ref=1.555,,,,
2274424.7,σύ,σε,p-s----a-,AccObj. ,2274424.9,OBJ,Ref=1.555,AccObj.,,,
2274424.9,παρεῖπον,παρείπῃ,v3sasa---,AorNoni. | SubjDoubt. | Act.,2274424.7,OBJ,Ref=1.555,AorNoni.,SubjDoubt.,Act.,
2274424.1,ἀργυρόπεζος,ἀργυρόπεζα,a-s---fn-,Agr.,2274424.11,ATR,Ref=1.556,Agr.,,,
2274424.11,Θέτις,Θέτις,n-s---fn-,NomSubj.,2274424.16,SBJ_AP,Ref=1.556,NomSubj.,,,
2274424.12,θυγάτηρ,θυγάτηρ,n-s---fn-,Agr.,2274424.16,SBJ_AP,Ref=1.556,Agr.,,,
2274424.13,ἅλιος,ἁλίοιο,a-s---mg-,Agr.,2274424.14,ATR,Ref=1.556,Agr.,,,
2274424.14,γέρων,γέροντος,n-s---mg-,GenPos. ,2274424.12,ATR,Ref=1.556|SpaceAfter=No,GenPos.,,,
,,,,,,,Ref=1.556,,,,
,,,,,,,,,,,
,,,,,,,,,,,
,,,,,,,,,,,
,,,,,,,,,,,
2274425.1,ἠέριος,ἠερίη,a-s---fn-,,2274425.6,AtvV,Ref=1.557,,,,
2274425.2,γάρ,γάρ,g--------,,2274425.6,AuxY,Ref=1.557,,,,
2274425.2,σύ,σοί,p-s----d-,DatVerb.,2274425.5,OBJ,Ref=1.557,DatVerb.,,,
2274425.4,γε,γε,g--------,,2274425.3,AuxZ,Ref=1.557,,,,
2274425.5,παρέζομαι,παρέζετο,v3siie---,ImpfDesc. | Ind. | MidMotion.,2274425.6,PRED_CO,Ref=1.557,ImpfDesc.,Ind.,MidMotion.,
2274425.6,καί,καί,c--------,,2274425.0,COORD,Ref=1.557,,,,
2274425.7,λαμβάνω,λάβε,v3saia---,Aor. | Ind. | Act.,2274425.6,PRED_CO,Ref=1.557,Aor.,Ind.,Act.,
2274425.8,γόνυ,γούνων,n-p---ng-,GenVerb. ,2274425.7,OBJ,Ref=1.557|SpaceAfter=No,GenVerb.,,,
,,,,,,,Ref=1.557,,,,
,,,,,,,,,,,
,,,,,,,,,,,
,,,,,,,,,,,
,,,,,,,,,,,
2274425.8,ὁ,τῇ,p-s---fd-,DatVerb.,2274426.4,OBJ,Ref=1.558,DatVerb.,,,
2274425.8,σύ,σ’,p-s----a-,,2274426.4,SBJ,Ref=1.558,,,,
2274426.3,οἴομαι,ὀΐω,v1spia---,Pres. | Ind. | Act.,2274426.0,PRED,Ref=1.558,Pres.,Ind.,Act.,
2274426.4,κατανεύω,κατανεῦσαι,**,AorNoni. | InfDyn. | Act.,2274426.3,OBJ,Ref=1.558,AorNoni.,InfDyn.,Act.,
2274426.5,ἐτήτυμος,ἐτήτυμον,a-s---na-,AccAdv.,2274426.4,ADV,Ref=1.558,AccAdv.,,,
2274426.6,ὡς,ὡς,c--------,,2274426.4,AuxC,Ref=1.558,,,,
2274426.7,Ἀχιλλεύς,Ἀχιλῆα,n-s---ma-,AccObj. ,2274426.8,OBJ,Ref=1.558,AccObj.,,,
2274426.8,τιμάω,τιμήσῃς,v2sasa---,AorNoni. | SubjSubor. | Act.,2274426.11,OBJ_CO,Ref=1.559|SpaceAfter=No,AorNoni.,SubjSubor.,Act.,
,,,,,,,Ref=1.559,,,,
2274426.1,ὄλλυμι,ὀλέσῃς,v2sasa---,AorNoni. | SubjSubor. | Act.,2274426.11,OBJ_CO,Ref=1.559,AorNoni.,SubjSubor.,Act.,
2274426.11,δέ,δέ,g--------,,2274426.6,COORD,Ref=1.559,,,,
2274426.12,πολύς,πολέας,a-p---ma-,AccObj. ,2274426.1,OBJ,Ref=1.559,AccObj.,,,
2274426.13,ἐπί,ἐπί,r--------,Prep3.,2274426.1,AuxP,Ref=1.559,Prep3.,,,
2274426.14,ναῦς,νηυσίν,n-p---fd-,GBP,2274426.13,ADV,Ref=1.559,GBP,,,
2274426.15,Ἀχαιός,Ἀχαιῶν,a-p---mg-,GenPos. ,2274426.14,ATR,Ref=1.559|SpaceAfter=No,GenPos.,,,
,,,,,,,Ref=1.559,,,,
,,,,,,,,,,,
,,,,,,,,,,,
,,,,,,,,,,,
,,,,,,,,,,,
2274426.15,ὁ,τὴν,p-s---fa-,AccObj. ,2274427.4,OBJ,Ref=1.560,AccObj.,,,
2274427.2,δέ,δ’,g--------,,2274427.0,COORD,Ref=1.560,,,,
2274427.3,ἀπαμείβομαι,ἀπαμειβόμενος,v-sppemn-,PresNoni. | PartCirc. | MidRecip. | Agr.,2274427.4,ADV,Ref=1.560,PresNoni.,PartCirc.,MidRecip.,Agr.
2274427.4,πρόσφημι,προσέφη,v3siia---,Impf. | Ind. | Act.,2274427.2,PRED_CO,Ref=1.560,Impf.,Ind.,Act.,
2274427.5,νεφεληγερέτα,νεφεληγερέτα,n-s---mn-,Agr.,2274427.6,ATR,Ref=1.560,Agr.,,,
2274427.6,Ζεύς,Ζεύς,n-s---mn-,NomSubj.,2274427.4,SBJ,Ref=1.560|SpaceAfter=No,NomSubj.,,,
,,,,,,,Ref=1.560,,,,
,,,,,,,,,,,
,,,,,,,,,,,
,,,,,,,,,,,
,,,,,,,,,,,
2274428.1,δαιμόνιος,δαιμονίη,a-s---fv-,Voc.,2274428.6,ExD,Ref=1.561,Voc.,,,
2274428.2,ἀεί,αἰεί,d--------,,2274428.4,ADV,Ref=1.561,,,,
2274428.3,μέν,μέν,g--------,,2274428.6,AuxY,Ref=1.561,,,,
2274428.4,οἴομαι,ὀΐεαι,v2spie---,PresIter. | Ind. | MidMent.,2274428.6,PRED_CO,Ref=1.561,PresIter.,Ind.,MidMent.,
2274428.4,οὐ,οὐ,d--------,,2274428.8,AuxZ,Ref=1.561|SpaceAfter=No,,,,
2274428.6,δέ,δέ,g--------,,2274428.0,COORD,Ref=1.561,,,,
2274428.6,σύ,σε,p-s----a-,AccObj.,2274428.8,OBJ,Ref=1.561,AccObj.,,,
2274428.8,λανθάνω,λήθω,v1spia---,Pres. | Ind. | Act.,2274428.6,PRED_CO,Ref=1.561|SpaceAfter=No,Pres.,Ind.,Act.,
,,,,,,,Ref=1.561,,,,
,,,,,,,,,,,
,,,,,,,,,,,
,,,,,,,,,,,
,,,,,,,,,,,
2274429.1,πράσσω,πρῆξαι,**,AorNoni. | InfDyn. | Act.,2274429.6,OBJ,Ref=1.562,AorNoni.,InfDyn.,Act.,
2274429.2,δέ,δ’,g--------,,2274429.8,AuxY,Ref=1.562,,,,
2274429.3,ἔμπας,ἔμπης,d--------,,2274429.6,ADV,Ref=1.562,,,,
2274429.3,οὐ,οὔ,d--------,,2274429.6,AuxZ,Ref=1.562,,,,
2274429.3,τις,τι,p-s---na-,AccObj. ,2274429.1,OBJ,Ref=1.562,AccObj.,,,
2274429.6,δύναμαι,δυνήσεαι,v2sfim---,Fut. | Ind. | MidSpon.,2274429.8,PRED_CO,Ref=1.562|SpaceAfter=No,Fut.,Ind.,MidSpon.,
,,,,,,,Ref=1.562,,,,
2274429.8,ἀλλά,ἀλλ’,c--------,,2274429.0,COORD,Ref=1.562,,,,
2274429.9,ἀπό,ἀπό,r--------,Prep3.,2274429.13,AuxP,Ref=1.562,Prep3.,,,
2274429.1,θυμός,θυμοῦ,n-s---mg-,GBP,2274429.9,ADV,Ref=1.562,GBP,,,
2274429.11,μᾶλλον,μᾶλλον,d--------,,2274429.13,ADV,Ref=1.563,,,,
2274429.11,ἐγώ,ἐμοὶ,p-s---md-,DatPos.,2274429.1,ATR,Ref=1.563,DatPos.,,,
2274429.11,εἰμί,ἔσεαι,v2sfim---,FutHypo. | Ind. | MidSpon.,2274429.8,PRED_CO,Ref=1.563|SpaceAfter=No,FutHypo.,Ind.,MidSpon.,
,,,,,,,Ref=1.563,,,,
,,,,,,,,,,,
,,,,,,,,,,,
,,,,,,,,,,,
,,,,,,,,,,,
2274429.11,ὁ,τὸ,p-s---nn-,NomSubj.,2274430.6,SBJ,Ref=1.563,NomSubj.,,,
2274430.2,δέ,δέ,g--------,,2274430.0,COORD,Ref=1.563,,,,
2274430.2,σύ,τοι,p-s----d-,DatExpr.,2274430.6,OBJ,Ref=1.563,DatExpr.,,,
2274430.4,καί,καί,d--------,,2274430.5,AuxZ,Ref=1.563,,,,
2274430.5,ῥίγιον,ῥίγιον,a-s---nnc,NomPred.,2274430.6,PNOM,Ref=1.563,NomPred.,,,
2274430.5,εἰμί,ἔσται,v3sfi----,FutHypo. | Ind. | MidSpon.,2274430.2,PRED_CO,Ref=1.563|SpaceAfter=No,FutHypo.,Ind.,MidSpon.,
,,,,,,,Ref=1.563,,,,
,,,,,,,,,,,
,,,,,,,,,,,
,,,,,,,,,,,
,,,,,,,,,,,
2274431.1,εἰ,εἰ,c--------,,2274431.7,AuxC,Ref=1.564,,,,
2274431.2,δέ,δ’,g--------,,2274431.0,COORD,Ref=1.564,,,,
2274431.3,οὕτως,οὕτω,d--------,,2274431.5,ADV,Ref=1.564,,,,
2274431.4,οὗτος,τοῦτ’,a-s---nn-,NomSubj.,2274431.5,SBJ,Ref=1.564,NomSubj.,,,
2274431.4,εἰμί,ἐστὶν,v3spia---,Pres. | Ind. | Act.,2274431.1,ADV,Ref=1.564,Pres.,Ind.,Act.,
2274431.4,ἐγώ,ἐμοὶ,p-s---md-,DatExpr.,2274431.9,OBJ,Ref=1.564,DatExpr.,,,
2274431.7,μέλλω,μέλλει,v3spia---,Pres. | Ind. | Act.,2274431.2,PRED_CO,Ref=1.564,Pres.,Ind.,Act.,
2274431.8,φίλος,φίλον,a-s---nn-,NomPred.,2274431.9,PNOM,Ref=1.564,NomPred.,,,
2274431.8,εἰμί,εἶναι,**,PresNoni. | InfDyn. | Act.,2274431.7,OBJ,Ref=1.564|SpaceAfter=No,PresNoni.,InfDyn.,Act.,
,,,,,,,Ref=1.564,,,,
,,,,,,,,,,,
,,,,,,,,,,,
,,,,,,,,,,,
,,,,,,,,,,,
2274432.1,ἀλλά,ἀλλ’,d--------,,2274432.6,AuxY,Ref=1.565,,,,
2274432.2,ἀκέων,ἀκέουσα,a-s---fn-,NomPred.,2274432.3,AtvV,Ref=1.565,NomPred.,,,
2274432.3,κάθημαι,κάθησο,v2srme---,PerfNoni. | ImprComm. | MidMotion.,2274432.6,PRED_CO,Ref=1.565|SpaceAfter=No,PerfNoni.,ImprComm.,MidMotion.,
,,,,,,,Ref=1.565,,,,
2274432.5,ἐμός,ἐμῷ,a-s---md-,Agr.,2274432.8,ATR,Ref=1.565,Agr.,,,
2274432.6,δέ,δ’,g--------,,2274432.0,COORD,Ref=1.565,,,,
2274432.7,ἐπιπείθομαι,ἐπιπείθεο,v2spme---,PresNoni. | ImprComm. | MidSpon.,2274432.6,PRED_CO,Ref=1.565,PresNoni.,ImprComm.,MidSpon.,
2274432.8,μῦθος,μύθῳ,n-s---md-,DatVerb. ,2274432.7,OBJ,Ref=1.565|SpaceAfter=No,DatVerb.,,,
,,,,,,,Ref=1.565,,,,
2274432.1,μή,μή,c--------,,2274432.6,AuxC,Ref=1.566,,,,
2274432.11,νῦν,νύ,d--------,,2274432.14,ADV,Ref=1.566,,,,
2274432.11,σύ,τοι,p-s----d-,DatVerb. ,2274432.14,OBJ,Ref=1.566,DatVerb.,,,
2274432.11,οὐ,οὐ,d--------,,2274432.14,AuxZ,Ref=1.566,,,,
2274432.14,χραισμέω,χραίσμωσιν,v3pasa---,AorNoni. | SubjDoubt. | Act.,2274432.1,ADV,Ref=1.566,AorNoni.,SubjDoubt.,Act.,
2274432.15,ὅσος,ὅσοι,a-p---mn-,Agr.,2274432.16,ATR,Ref=1.566,Agr.,,,
2274432.16,θεός,θεοί,n-p---mn-,NomSubj.,2274432.17,SBJ,Ref=1.566,NomSubj.,,,
2274432.16,εἰμί,εἰσ’,v3ppia---,Pres. | Ind. | Act.,2274432.14,SBJ,Ref=1.566,Pres.,Ind.,Act.,
2274432.18,ἐν,ἐν,r--------,Prep3.,2274432.17,AuxP,Ref=1.566,Prep3.,,,
2274432.19,Ὄλυμπος,Ὀλύμπῳ,n-s---md-,GBP,2274432.18,ADV,Ref=1.566,GBP,,,
2274432.2,ἆσσον,ἆσσον,d--------,,2274432.21,OBJ,Ref=1.567,,,,
2274432.21,εἶμι,ἰόνθ’,v-sppama-,PresNoni. | PartCirc. | Act. | Agr.,2274432.14,AtvV,Ref=1.567|SpaceAfter=No,PresNoni.,PartCirc.,Act.,Agr.
,,,,,,,Ref=1.567,,,,
2274432.23,ὅτε,ὅτε,c--------,,2274432.14,AuxC,Ref=1.567,,,,
2274432.24,ἄν,κέν,g--------,,2274432.28,AuxY,Ref=1.567,,,,
2274432.24,σύ,τοι,p-s----d-,DatAdvn. ,2274432.28,OBJ,Ref=1.567,DatAdvn.,,,
2274432.26,ἄαπτος,ἀάπτους,a-p---fa-,Agr.,2274432.27,ATR,Ref=1.567,Agr.,,,
2274432.26,χείρ,χεῖρας,n-p---fa-,AccObj. ,2274432.28,OBJ,Ref=1.567,AccObj.,,,
2274432.28,ἐφίημι,ἐφείω,v1sasa---,AorNoni. | SubjSubor. | Act.,2274432.23,ADV,Ref=1.567|SpaceAfter=No,AorNoni.,SubjSubor.,Act.,
,,,,,,,Ref=1.567,,,,
,,,,,,,,,,,
,,,,,,,,,,,
,,,,,,,,,,,
,,,,,,,,,,,
2274433.1,ὡς,ὡς,d--------,,2274433.2,ADV,Ref=1.568,,,,
2274433.2,φημί,ἔφατ’,v3siie---,Impf. | Ind. | MidSpee.,2274433.9,PRED_CO,Ref=1.568,Impf.,Ind.,MidSpee.,
2274433.3,δείδω,ἔδεισεν,v3saia---,AorIngr. | Ind. | Act.,2274433.9,PRED_CO,Ref=1.568,AorIngr.,Ind.,Act.,
2274433.4,δέ,δέ,g--------,,2274433.9,AuxY,Ref=1.568,,,,
2274433.5,βοῶπις,βοῶπις,a-s---fn-,Agr.,2274433.7,ATR,Ref=1.568,Agr.,,,
2274433.6,πότνια,πότνια,a-s---fn-,Agr.,2274433.7,ATR,Ref=1.568,Agr.,,,
2274433.7,Ἥρα,Ἥρη,n-s---fn-,NomSubj.,2274433.3,SBJ,Ref=1.568|SpaceAfter=No,NomSubj.,,,
,,,,,,,Ref=1.568,,,,
2274433.9,καί,καί,c--------,,2274433.0,COORD,Ref=1.569,,,,
2274433.9,ἄρα,ῥ’,g--------,,2274433.12,AuxY,Ref=1.569,,,,
2274433.11,ἀκέων,ἀκέουσα,a-s---fn-,Agr.,2274433.12,AtvV,Ref=1.569,Agr.,,,
2274433.12,κάθημαι,καθῆστο,v3slim---,Pperf. | Ind. | MidMotion.,2274433.9,PRED_CO,Ref=1.569,Pperf.,Ind.,MidMotion.,
2274433.13,ἐπιγνάμπτω,ἐπιγνάμψασα,v-sapafn-,AorNoni. | PartCirc. | Act. | Agr.,2274433.12,ADV,Ref=1.569,AorNoni.,PartCirc.,Act.,Agr.
2274433.14,φίλος,φίλον,a-s---na-,Agr.,2274433.15,ATR,Ref=1.569,Agr.,,,
2274433.15,κῆρ,κῆρ,n-s---na-,AccObj. ,2274433.13,OBJ,Ref=1.569|SpaceAfter=No,AccObj.,,,
,,,,,,,Ref=1.569,,,,
,,,,,,,,,,,
,,,,,,,,,,,
,,,,,,,,,,,
,,,,,,,,,,,
2274434.1,ὀχθέω,ὄχθησαν,v3paia---,Aor. | Ind. | Act.,2274434.2,PRED_CO,Ref=1.570,Aor.,Ind.,Act.,
2274434.2,δέ,δ’,g--------,,2274434.0,COORD,Ref=1.570,,,,
2274434.3,ἀνά,ἀνά,r--------,Prep3.,2274434.1,AuxP,Ref=1.570,Prep3.,,,
2274434.4,δῶμα,δῶμα,n-s---na-,GBP,2274434.3,ADV,Ref=1.570,GBP,,,
2274434.5,Ζεύς,Διός,n-s---mg-,GenPos. ,2274434.4,ATR,Ref=1.570,GenPos.,,,
2274434.6,θεός,θεοί,n-p---mn-,NomSubj.,2274434.1,SBJ,Ref=1.570,NomSubj.,,,
2274434.7,Οὐρανίωνες,Οὐρανίωνες,n-p---mn-,Agr.,2274434.6,ATR,Ref=1.570|SpaceAfter=No,Agr.,,,
,,,,,,,Ref=1.570,,,,
,,,,,,,,,,,
,,,,,,,,,,,
,,,,,,,,,,,
,,,,,,,,,,,
2274434.7,ὁ,τοῖσιν,p-p---md-,DatLoc.,2274435.5,OBJ,Ref=1.571,DatLoc.,,,
2274435.2,δέ,δ’,g--------,,2274435.0,COORD,Ref=1.571,,,,
2274435.3,Ἥφαιστος,Ἥφαιστος,n-s---mn-,NomSubj.,2274435.5,SBJ,Ref=1.571,NomSubj.,,,
2274435.4,κλυτοτέχνης,κλυτοτέχνης,a-s---mn-,Agr.,2274435.3,ATR,Ref=1.571,Agr.,,,
2274435.5,ἄρχω,ἦρχ’,v3siia---,Impf. | Ind. | Act.,2274435.2,PRED_CO,Ref=1.571,Impf.,Ind.,Act.,
2274435.6,ἀγορεύω,ἀγορεύειν,**,PresNoni. | InfDyn. | Act.,2274435.5,OBJ,Ref=1.571,PresNoni.,InfDyn.,Act.,
2274435.7,μήτηρ,μητρί,n-s---fd-,DatVerb. ,2274435.14,OBJ_AP,Ref=1.572,DatVerb.,,,
2274435.8,φίλος,φίλῃ,a-s---fd-,Agr.,2274435.7,ATR,Ref=1.572,Agr.,,,
2274435.9,ἐπίηρα,ἐπίηρα,n-p---na-,AccObj. ,2274435.1,OBJ,Ref=1.572,AccObj.,,,
2274435.1,φέρω,φέρων,v-sppamn-,PresNoni. | PartCirc. | Act. | Agr.,2274435.5,ADV,Ref=1.572,PresNoni.,PartCirc.,Act.,Agr.
2274435.11,λευκώλενος,λευκωλένῳ,a-s---fd-,Agr.,2274435.12,ATR,Ref=1.572,Agr.,,,
2274435.12,Ἥρα,Ἥρῃ,n-s---fd-,Agr.,2274435.14,OBJ_AP,Ref=1.572|SpaceAfter=No,Agr.,,,
,,,,,,,Ref=1.572,,,,
,,,,,,,,,,,
,,,,,,,,,,,
,,,,,,,,,,,
,,,,,,,,,,,
2274436.1,ἦ,ἦ,d--------,,2274436.6,AuxY,Ref=1.573,,,,
2274436.2,δή,δή,g--------,,2274436.6,AuxY,Ref=1.573,,,,
2274436.3,λοίγιος,λοίγια,a-p---nn-,NomPred.,2274436.8,ATR_CO,Ref=1.573,NomPred.,,,
2274436.4,ἔργον,ἔργα,n-p---nn-,NomSubj.,2274436.6,PNOM,Ref=1.573,NomSubj.,,,
2274436.5,ὅδε,τάδ’,p-p---nn-,Agr.,2274436.6,SBJ,Ref=1.573,Agr.,,,
2274436.5,εἰμί,ἔσσεται,v3sfi----,Fut. | Ind. | MidSpon.,2274436.0,PRED,Ref=1.573,Fut.,Ind.,MidSpon.,
2274436.5,οὐ,οὐ,d--------,,2274436.1,AuxZ,Ref=1.573|SpaceAfter=No,,,,
2274436.8,δέ,δ’,g--------,,2274436.4,COORD,Ref=1.573,,,,
2274436.9,ἔτι,ἔτ’,d--------,,2274436.1,AuxZ,Ref=1.573,,,,
2274436.1,ἀνεκτός,ἀνεκτά,a-p---nn-,NomPred.,2274436.8,ATR_CO,Ref=1.573|SpaceAfter=No,NomPred.,,,
,,,,,,,Ref=1.573,,,,
2274436.12,εἰ,εἰ,c--------,,2274436.6,AuxC,Ref=1.574,,,,
2274436.13,δή,δή,g--------,,2274436.17,AuxY,Ref=1.574,,,,
2274436.13,σύ,σφὼ,p-d----n-,NomSubj.,2274436.21,SBJ,Ref=1.574,NomSubj.,,,
2274436.15,ἕνεκα,ἕνεκα,r--------,Prep1.,2274436.17,AuxP,Ref=1.574,Prep1.,,,
2274436.16,θνητός,θνητῶν,a-p---mg-,GBP,2274436.15,ADV,Ref=1.574,GBP,,,
2274436.17,ἐριδαίνω,ἐριδαίνετον,v2dpia---,Pres. | Ind. | Act.,2274436.21,ADV_CO,Ref=1.574,Pres.,Ind.,Act.,
2274436.18,ὧδε,ὧδε,d--------,,2274436.17,ADV,Ref=1.574|SpaceAfter=No,,,,
,,,,,,,Ref=1.574,,,,
2274436.2,ἐν,ἐν,r--------,Prep3.,2274436.24,AuxP,Ref=1.575,Prep3.,,,
2274436.21,δέ,δέ,g--------,,2274436.12,COORD,Ref=1.575,,,,
2274436.22,θεός,θεοῖσι,n-p---md-,GBP,2274436.2,OBJ,Ref=1.575,GBP,,,
2274436.23,κολῳός,κολῳόν,n-s---ma-,AccObj. ,2274436.24,OBJ,Ref=1.575,AccObj.,,,
2274436.24,ἐλαύνω,ἐλαύνετον,v2dpia---,Pres. | Ind. | Act.,2274436.21,ADV_CO,Ref=1.575|SpaceAfter=No,Pres.,Ind.,Act.,
,,,,,,,Ref=1.575,,,,
,,,,,,,,,,,
,,,,,,,,,,,
,,,,,,,,,,,
,,,,,,,,,,,
2274436.24,οὐ,οὐ,d--------,,2274437.6,AuxZ,Ref=1.575|SpaceAfter=No,,,,
2274437.2,δέ,δέ,g--------,,2274437.0,COORD,Ref=1.575,,,,
2274437.2,τις,τι,p-s---na-,,2274437.6,ADV,Ref=1.575,,,,
2274437.2,δαίτης,δαιτός,n-s---fg-,GenSep.,2274437.7,ATR,Ref=1.575,GenSep.,,,
2274437.5,ἐσθλός,ἐσθλῆς,a-s---fg-,Agr.,2274437.4,ATR,Ref=1.576,Agr.,,,
2274437.5,εἰμί,ἔσσεται,v3sfi----,FutHypo. | Ind. | MidSpon.,2274437.2,PRED_CO,Ref=1.576,FutHypo.,Ind.,MidSpon.,
2274437.7,ἦδος,ἦδος,n-s---nn-,NomSubj.,2274437.6,SBJ,Ref=1.576|SpaceAfter=No,NomSubj.,,,
,,,,,,,Ref=1.576,,,,
2274437.9,ἐπεί,ἐπεί,c--------,,2274437.6,AuxC,Ref=1.576,,,,
2274437.9,ὁ,τὰ,l-p---nn-,Agr.,2274437.11,ATR,Ref=1.576,Agr.,,,
2274437.11,χερείων,χερείονα,n-p---nn-,NomSubj.,2274437.12,SBJ,Ref=1.576,NomSubj.,,,
2274437.12,νικάω,νικᾷ,v3spsa---,PresNoni. | SubjSubor. | Act.,2274437.9,ADV,Ref=1.576|SpaceAfter=No,PresNoni.,SubjSubor.,Act.,
,,,,,,,Ref=1.576,,,,
,,,,,,,,,,,
,,,,,,,,,,,
,,,,,,,,,,,
,,,,,,,,,,,
2274438.1,μήτηρ,μητρί,n-s---fd-,DatVerb.,2274438.4,OBJ,Ref=1.577,DatVerb.,,,
2274438.2,δέ,δ’,g--------,,2274438.0,COORD,Ref=1.577,,,,
2274438.2,ἐγώ,ἐγὼ,p-s---mn-,NomSubj.,2274438.4,SBJ,Ref=1.577,NomSubj.,,,
2274438.4,παράφημι,παράφημι,v1spia---,Pres. | Ind. | Act.,2274438.2,PRED_CO,Ref=1.577,Pres.,Ind.,Act.,
2274438.5,καί,καί,d--------,,2274438.6,AuxZ,Ref=1.577,,,,
2274438.6,αὐτός,αὐτῇ,a-s---fd-,Agr.,2274438.8,ATV,Ref=1.577,Agr.,,,
2274438.7,πέρ,περ,g--------,,2274438.8,AuxZ,Ref=1.577,,,,
2274438.8,νοέω,νοεούσῃ,v-sppafd-,PresNoni. | PartAttr. | Act. | Agr.,2274438.1,ATV,Ref=1.577,PresNoni.,PartAttr.,Act.,Agr.
2274438.9,πατήρ,πατρί,n-s---md-,DatVerb. ,2274438.27,OBJ_AP,Ref=1.578,DatVerb.,,,
2274438.1,φίλος,φίλῳ,a-s---md-,Agr.,2274438.9,ATR,Ref=1.578,Agr.,,,
2274438.11,ἐπίηρα,ἐπίηρα,n-p---na-,AccObj. ,2274438.12,OBJ,Ref=1.578,AccObj.,,,
2274438.12,φέρω,φέρειν,**,PresNoni. | InfDyn. | Act.,2274438.4,OBJ,Ref=1.578,PresNoni.,InfDyn.,Act.,
2274438.13,Ζεύς,Διί,n-s---md-,Agr.,2274438.27,OBJ_AP,Ref=1.578|SpaceAfter=No,Agr.,,,
,,,,,,,Ref=1.578,,,,
2274438.15,ὄφρα,ὄφρα,c--------,,2274438.12,AuxC,Ref=1.578,,,,
2274438.16,μή,μή,g--------,,2274438.22,AuxZ,Ref=1.578,,,,
2274438.17,αὖτε,αὖτε,d--------,,2274438.18,ADV,Ref=1.578,,,,
2274438.18,νεικέω,νεικείῃσι,v3spsa---,PresNoni. | SubjSubor. | Act.,2274438.22,ADV_CO,Ref=1.579,PresNoni.,SubjSubor.,Act.,
2274438.19,πατήρ,πατήρ,n-s---mn-,NomSubj.,2274438.22,SBJ,Ref=1.579|SpaceAfter=No,NomSubj.,,,
,,,,,,,Ref=1.579,,,,
2274438.21,σύν,σύν,r--------,Preverb,2274438.25,AuxZ,Ref=1.579,Preverb,,,
2274438.22,δέ,δ’,g--------,,2274438.15,COORD,Ref=1.579,,,,
2274438.22,ἐγώ,ἡμῖν,p-p---md-,DatPos.,2274438.25,ADV,Ref=1.579,DatPos.,,,
2274438.24,δαίς,δαῖτα,n-s---fa-,AccObj. ,2274438.25,OBJ,Ref=1.579,AccObj.,,,
2274438.25,ταράσσω,ταράξῃ,v3sasa---,AorNoni. | SubjSubor. | Act.,2274438.22,ADV_CO,Ref=1.579|SpaceAfter=No,AorNoni.,SubjSubor.,Act.,
,,,,,,,Ref=1.579,,,,
,,,,,,,,,,,
,,,,,,,,,,,
,,,,,,,,,,,
,,,,,,,,,,,
2274439.1,εἰ,εἴ,c--------,,2274439.0,AuxC,Ref=1.580,,,,
2274439.2,πέρ,περ,g--------,,2274439.5,AuxY,Ref=1.580,,,,
2274439.3,γάρ,γάρ,g--------,,2274439.5,AuxY,Ref=1.580,,,,
2274439.4,ἄν,κ’,g--------,,2274439.5,AuxY,Ref=1.580,,,,
2274439.5,ἐθέλω,ἐθέλῃσιν,v3spsa---,PresNoni. | SubjSubor. | Act.,2274439.1,ADV,Ref=1.580,PresNoni.,SubjSubor.,Act.,
2274439.6,Ὀλύμπιος,Ὀλύμπιος,a-s---mn-,Agr.,2274439.5,SBJ,Ref=1.580,Agr.,,,
2274439.7,ἀστεροπητής,ἀστεροπητής,n-s---mn-,NomSubj.,2274439.6,ATR,Ref=1.580,NomSubj.,,,
2274439.8,ἐκ,ἐξ,r--------,Prep3.,2274439.1,AuxP,Ref=1.581,Prep3.,,,
2274439.9,ἕδος,ἑδέων,n-p---ng-,GBP,2274439.8,OBJ,Ref=1.581,GBP,,,
2274439.1,στυφελίζω,στυφελίξαι,**,AorNoni. | InfDyn. | Act.,2274439.5,OBJ,Ref=1.581|SpaceAfter=No,AorNoni.,InfDyn.,Act.,
,,,,,,,Ref=1.581,,,,
,,,,,,,,,,,
,,,,,,,,,,,
,,,,,,,,,,,
,,,,,,,,,,,
2274439.1,ὁ,ὃ,p-s---mn-,NomSubj.,2274440.5,SBJ,Ref=1.581,NomSubj.,,,
2274440.2,γάρ,γάρ,g--------,,2274440.5,AuxY,Ref=1.581,,,,
2274440.3,πολύς,πολύ,a-s---na-,AccAdv.,2274440.4,AuxZ,Ref=1.581,AccAdv.,,,
2274440.4,φέρτατος,φέρτατός,a-s---mn-,NomPred.,2274440.5,PNOM,Ref=1.581,NomPred.,,,
2274440.4,εἰμί,ἐστιν,v3spia---,Pres. | Ind. | Act.,2274440.0,PRED,Ref=1.581|SpaceAfter=No,Pres.,Ind.,Act.,
,,,,,,,Ref=1.581,,,,
,,,,,,,,,,,
,,,,,,,,,,,
,,,,,,,,,,,
,,,,,,,,,,,
2274441.1,ἀλλά,ἀλλά,d--------,,2274441.5,AuxY,Ref=1.582,,,,
2274441.1,σύ,σὺ,p-s----n-,NomSubj.,2274441.5,SBJ,Ref=1.582,NomSubj.,,,
2274441.1,ὁ,τὸν,p-s---ma-,AccObj. ,2274441.5,OBJ,Ref=1.582,AccObj.,,,
2274441.4,ἔπος,ἐπέεσσι,n-p---nd-,DatMean.,2274441.5,ADV,Ref=1.582,DatMean.,,,
2274441.5,καθάπτω,καθάπτεσθαι,v--pne---,PresNoni. | InfDyn. | MidMotion.,2274441.0,PRED,Ref=1.582,PresNoni.,InfDyn.,MidMotion.,
2274441.6,μαλακός,μαλακοῖσιν,a-p---nd-,Agr.,2274441.4,ATR,Ref=1.582|SpaceAfter=No,Agr.,,,
,,,,,,,Ref=1.582,,,,
,,,,,,,,,,,
,,,,,,,,,,,
,,,,,,,,,,,
,,,,,,,,,,,
2274442.1,αὐτίκα,αὐτίκ’,d--------,,2274442.5,ADV,Ref=1.583,,,,
2274442.2,ἔπειτα,ἔπειθ’,d--------,,2274442.5,ADV,Ref=1.583,,,,
2274442.3,ἴλαος,ἵλαος,a-s---mn-,Agr.,2274442.5,PNOM,Ref=1.583,Agr.,,,
2274442.4,Ὀλύμπιος,Ὀλύμπιος,a-s---mn-,NomSubj.,2274442.5,SBJ,Ref=1.583,NomSubj.,,,
2274442.4,εἰμί,ἔσσεται,v3sfi----,Fut. | Ind. | MidSpon.,2274442.0,PRED,Ref=1.583,Fut.,Ind.,MidSpon.,
2274442.4,ἐγώ,ἡμῖν,p-p---md-,DatVerb. ,2274442.5,OBJ,Ref=1.583|SpaceAfter=No,DatVerb.,,,
,,,,,,,Ref=1.583,,,,
,,,,,,,,,,,
,,,,,,,,,,,
,,,,,,,,,,,
,,,,,,,,,,,
2274443.1,ὡς,ὡς,d--------,,2274443.3,ADV,Ref=1.584,,,,
2274443.1,ἄρα,ἄρ’,g--------,,2274443.3,AuxY,Ref=1.584,,,,
2274443.3,φημί,ἔφη,v3siia---,Impf. | Ind. | Act.,2274443.13,PRED_CO,Ref=1.584,Impf.,Ind.,Act.,
2274443.4,καί,καί,c--------,,2274443.13,AuxY,Ref=1.584,,,,
2274443.5,ἀναίσσω,ἀναΐξας,v-sapamn-,AorNoni. | PartCirc. | Act. | Agr.,2274443.12,ADV,Ref=1.584,AorNoni.,PartCirc.,Act.,Agr.
2274443.6,δέπας,δέπας,n-s---na-,AccObj. ,2274443.12,OBJ,Ref=1.584,AccObj.,,,
2274443.7,ἀμφικύπελλος,ἀμφικύπελλον,a-s---na-,Agr.,2274443.6,ATR,Ref=1.584,Agr.,,,
2274443.8,μήτηρ,μητρί,n-s---fd-,DatVerb. ,2274443.12,OBJ,Ref=1.585,DatVerb.,,,
2274443.9,φίλος,φίλῃ,a-s---fd-,Agr.,2274443.8,ATR,Ref=1.585,Agr.,,,
2274443.1,ἐν,ἐν,r--------,Prep3.,2274443.12,AuxP,Ref=1.585,Prep3.,,,
2274443.1,χείρ,χειρὶ,n-s---fd-,GBP,2274443.1,OBJ,Ref=1.585,GBP,,,
2274443.12,τίθημι,τίθει,v3siia---,Impf. | Ind. | Act.,2274443.13,PRED_CO,Ref=1.585,Impf.,Ind.,Act.,
2274443.13,καί,καί,c--------,,2274443.0,COORD,Ref=1.585,,,,
2274443.13,μιν,μιν,p-s---fa-,AccObj. ,2274443.15,OBJ,Ref=1.585,AccObj.,,,
2274443.15,προσεῖπον,προσέειπε,v3saia---,Impf. | Ind. | Act.,2274443.13,PRED_CO,Ref=1.585|SpaceAfter=No,Impf.,Ind.,Act.,
,,,,,,,Ref=1.585,,,,
,,,,,,,,,,,
,,,,,,,,,,,
,,,,,,,,,,,
,,,,,,,,,,,
2274444.1,τλάω,τέτλαθι,v2srma---,PerfNoni. | ImprComm. | Act.,2274444.5,PRED_CO,Ref=1.586,PerfNoni.,ImprComm.,Act.,
2274444.2,μήτηρ,μῆτερ,n-s---fv-,Voc.,2274444.5,ExD,Ref=1.586,Voc.,,,
2274444.3,ἐμός,ἐμή,a-s---fv-,Agr.,2274444.2,ATR,Ref=1.586|SpaceAfter=No,Agr.,,,
,,,,,,,Ref=1.586,,,,
2274444.5,καί,καί,c--------,,2274444.0,COORD,Ref=1.586,,,,
2274444.6,ἀνέχω,ἀνάσχεο,v2samm---,AorNoni. | ImprComm. | MidDir.,2274444.5,PRED_CO,Ref=1.586,AorNoni.,ImprComm.,MidDir.,
2274444.7,κήδω,κηδομένη,v-sppefn-,PresNoni. | PartCirc. | MidMent. | Agr.,2274444.6,ADV,Ref=1.586,PresNoni.,PartCirc.,MidMent.,Agr.
2274444.8,πέρ,περ,g--------,,2274444.7,AuxZ,Ref=1.586|SpaceAfter=No,,,,
,,,,,,,Ref=1.586,,,,
2274444.1,μή,μή,c--------,,2274444.5,AuxC,Ref=1.587,,,,
2274444.1,σύ,σε,p-s----a-,AccObj.,2274444.17,OBJ,Ref=1.587,AccObj.,,,
2274444.12,φίλος,φίλην,a-s---fa-,AccDoubl.,2274444.14,PNOM,Ref=1.587,AccDoubl.,,,
2274444.13,πέρ,περ,g--------,,2274444.12,AuxZ,Ref=1.587,,,,
2274444.13,εἰμί,ἐοῦσαν,v-sppafa-,PresNoni. | PartCirc. | Act. | Agr.,2274444.11,ATR,Ref=1.587,PresNoni.,PartCirc.,Act.,Agr.
2274444.15,ἐν,ἐν,r--------,Prep3.,2274444.17,AuxP,Ref=1.587,Prep3.,,,
2274444.16,ὀφθαλμός,ὀφθαλμοῖσιν,n-p---md-,GBP,2274444.15,ADV,Ref=1.587,GBP,,,
2274444.17,εἶδον,ἴδωμαι,v1sase---,AorNoni. | SubjSubor. | MidMent.,2274444.21,ADV_CO,Ref=1.587,AorNoni.,SubjSubor.,MidMent.,
2274444.18,θείνω,θεινομένην,v-sppefa-,PresNoni. | PartCirc. | Pass. | Agr.,2274444.11,ATV,Ref=1.588|SpaceAfter=No,PresNoni.,PartCirc.,Pass.,Agr.
,,,,,,,Ref=1.588,,,,
2274444.2,τότε,τότε,d--------,,2274444.24,ADV,Ref=1.588,,,,
2274444.21,δέ,δ’,g--------,,2274444.1,COORD,Ref=1.588,,,,
2274444.21,οὐ,οὔ,d--------,,2274444.24,AuxZ,Ref=1.588,,,,
2274444.21,τις,τι,p-s---na-,,2274444.24,ADV,Ref=1.588,,,,
2274444.21,δύναμαι,δυνήσομαι,v1sasm---,AorNoni. | SubjSubor. | MidSpon.,2274444.21,ADV_CO,Ref=1.588,AorNoni.,SubjSubor.,MidSpon.,
2274444.25,ἀχεύω,ἀχνύμενός,v-spppmn-,PresNoni. | PartCirc. | Pass. | Agr.,2274444.24,ADV,Ref=1.588,PresNoni.,PartCirc.,Pass.,Agr.
2274444.26,πέρ,περ,g--------,,2274444.25,AuxZ,Ref=1.588,,,,
2274444.27,χραισμέω,χραισμεῖν,v--pna---,PresNoni. | InfDyn. | Act.,2274444.24,OBJ,Ref=1.589|SpaceAfter=No,PresNoni.,InfDyn.,Act.,
,,,,,,,Ref=1.589,,,,
,,,,,,,,,,,
,,,,,,,,,,,
,,,,,,,,,,,
,,,,,,,,,,,
2274445.1,ἀργαλέος,ἀργαλέος,a-s---mn-,NomPred.,2274445.6,PNOM,Ref=1.589,NomPred.,,,
2274445.2,γάρ,γάρ,g--------,,2274445.6,AuxY,Ref=1.589,,,,
2274445.3,Ὀλύμπιος,Ὀλύμπιος,a-s---mn-,NomSubj.,2274445.6,SBJ,Ref=1.589,NomSubj.,,,
2274445.4,ἀντιφέρω,ἀντιφέρεσθαι,v--pne---,AorNoni. | InfDyn. | Pass.,2274445.6,ADV,Ref=1.589|SpaceAfter=No,AorNoni.,InfDyn.,Pass.,
,,,,,,,Ref=1.589,,,,
,,,,,,,,,,,
,,,,,,,,,,,
,,,,,,,,,,,
,,,,,,,,,,,
2274446.1,ἤδη,ἤδη,d--------,,2274446.29,ADV,Ref=1.590,,,,
2274446.2,γάρ,γάρ,g--------,,2274446.29,AuxY,Ref=1.590,,,,
2274446.2,ἐγώ,με,p-s---ma-,AccObj. ,2274446.8,OBJ,Ref=1.590,AccObj.,,,
2274446.4,καί,καί,d--------,,2274446.5,AuxZ,Ref=1.590,,,,
2274446.5,ἄλλοτε,ἄλλοτ’,d--------,,2274446.7,ADV,Ref=1.590,,,,
2274446.6,ἀλέξω,ἀλεξέμεναι,**,PresNoni. | InfDyn. | Act.,2274446.7,OBJ,Ref=1.590,PresNoni.,InfDyn.,Act.,
2274446.7,μέμαα,μεμαῶτα,v-srpama-,PerfNoni. | PartCirc. | Act. | Agr.,2274446.3,ATV,Ref=1.590,PerfNoni.,PartCirc.,Act.,Agr.
2274446.8,ῥίπτω,ῥῖψε,v3saia---,Aor. | Ind. | Act.,2274446.29,PRED_CO,Ref=1.591,Aor.,Ind.,Act.,
2274446.9,πούς,ποδός,n-s---mg-,GenVerb.,2274446.1,OBJ,Ref=1.591,GenVerb.,,,
2274446.1,τεταγών,τεταγών,v-sapamn-,AorNoni. | PartCirc. |Act. | Agr.,2274446.8,ADV,Ref=1.591,AorNoni.,PartCirc.,Act.,Agr.
2274446.11,ἀπό,ἀπό,r--------,Prep3.,2274446.8,AuxP,Ref=1.591,Prep3.,,,
2274446.12,βηλός,βηλοῦ,n-s---mg-,GBP,2274446.11,OBJ,Ref=1.591,GBP,,,
2274446.13,θεσπέσιος,θεσπεσίοιο,a-s---mg-,Agr.,2274446.12,ATR,Ref=1.591|SpaceAfter=No,Agr.,,,
,,,,,,,Ref=1.591,,,,
2274446.15,πᾶς,πᾶν,a-s---na-,Agr.,2274446.17,ATR,Ref=1.592,Agr.,,,
2274446.16,δέ,δ’,g--------,,2274446.29,AuxY,Ref=1.592,,,,
2274446.17,ἦμαρ,ἦμαρ,n-s---na-,AccTime. ,2274446.18,ADV,Ref=1.592,AccTime.,,,
2274446.18,φέρω,φερόμην,v1siie---,Impf. | Ind. | MidMotion.,2274446.29,PRED_CO,Ref=1.592|SpaceAfter=No,Impf.,Ind.,MidMotion.,
,,,,,2274446.24,,Ref=1.592,,,,
2274446.2,ἅμα,ἅμα,r--------,Prep2.,2274446.29,AuxP,Ref=1.592,Prep2.,,,
2274446.21,δέ,δ’,g--------,,2274446.2,AuxY,Ref=1.592,,,,
2274446.22,ἠέλιος,ἠελίῳ,n-s---md-,GBP,2274446.22,ADV,Ref=1.592,GBP,,,
2274446.23,καταδύω,καταδύντι,v-sapamd-,AorNoni. | PartAttr. |Act. | Agr.,2274446.29,ATV,Ref=1.592,AorNoni.,PartAttr.,Act.,Agr.
2274446.24,καταπίπτω,κάππεσον,v1saia---,Aor. | Ind. | Act.,2274446.24,PRED_CO,Ref=1.593,Aor.,Ind.,Act.,
2274446.25,ἐν,ἐν,r--------,Prep3.,2274446.25,AuxP,Ref=1.593,Prep3.,,,
2274446.26,Λῆμνος,Λήμνῳ,n-s---fd-,GBP,,OBJ,Ref=1.593|SpaceAfter=No,GBP,,,
,,,,,,,Ref=1.593,,,,
2274446.28,ὀλίγος,ὀλίγος,a-s---mn-,Agr.,2274446.31,ATR,Ref=1.593,Agr.,,,
2274446.29,δέ,δ’,g--------,,2274446.0,COORD,Ref=1.593,,,,
2274446.3,ἔτι,ἔτι,d--------,,2274446.32,ADV,Ref=1.593,,,,
2274446.31,θυμός,θυμός,n-s---mn-,NomSubj.,2274446.32,SBJ,Ref=1.593,NomSubj.,,,
2274446.32,ἔνειμι,ἐνῆεν,v3siia---,Impf. | Ind. | Act.,2274446.29,PRED_CO,Ref=1.593|SpaceAfter=No,Impf.,Ind.,Act.,
,,,,,,,Ref=1.593,,,,
,,,,,,,,,,,
,,,,,,,,,,,
,,,,,,,,,,,
,,,,,,,,,,,
2274447.1,ἔνθα,ἔνθά,d--------,,2274447.6,ADV,Ref=1.594,,,,
2274447.1,ἐγώ,με,p-s---ma-,AccObj. ,2274447.6,OBJ,Ref=1.594,AccObj.,,,
2274447.3,Σίντιες,Σίντιες,n-p---mn-,Agr.,2274447.4,ATR,Ref=1.594,Agr.,,,
2274447.4,ἀνήρ,ἄνδρες,n-p---mn-,NomSubj.,2274447.6,SBJ,Ref=1.594,NomSubj.,,,
2274447.5,ἄφαρ,ἄφαρ,d--------,,2274447.6,ADV,Ref=1.594,,,,
2274447.6,κομίζω,κομίσαντο,v3paim---,AorComp. | Ind. | MidIndir.,2274447.0,PRED,Ref=1.594,AorComp.,Ind.,MidIndir.,
2274447.7,πίπτω,πεσόντα,v-sapama-,AorNoni. | PartAttr. |Act. | Agr.,2274447.2,ATV,Ref=1.594|SpaceAfter=No,AorNoni.,PartAttr.,Act.,Agr.
,,,,,,,Ref=1.594,,,,
,,,,,,,,,,,
,,,,,,,,,,,
,,,,,,,,,,,
,,,,,,,,,,,
2274448.1,ὡς,ὡς,d--------,,2274448.2,ADV,Ref=1.595,,,,
2274448.2,φημί,φάτο,v3saim---,Aor. | Ind. | MidSpee.,2274448.11,PRED_CO,Ref=1.595|SpaceAfter=No,Aor.,Ind.,MidSpee.,
,,,,,,,Ref=1.595,,,,
2274448.4,μειδάω,μείδησεν,v3saia---,Aor. | Ind. | Act.,2274448.11,PRED_CO,Ref=1.595,Aor.,Ind.,Act.,
2274448.5,δέ,δέ,g--------,,2274448.11,AuxY,Ref=1.595,,,,
2274448.6,θεά,θεά,n-s---fn-,Agr.,2274448.17,SBJ_AP,Ref=1.595,Agr.,,,
2274448.7,λευκώλενος,λευκώλενος,a-s---fn-,Agr.,2274448.8,ATR,Ref=1.595,Agr.,,,
2274448.8,Ἥρα,Ἥρη,n-s---fn-,NomSubj.,2274448.17,SBJ_AP,Ref=1.595|SpaceAfter=No,NomSubj.,,,
,,,,,,,Ref=1.595,,,,
2274448.1,μειδάω,μειδήσασα,v-sapafn-,AorNoni. | PartCirc. |Act. | Agr.,2274448.13,ADV,Ref=1.596,AorNoni.,PartCirc.,Act.,Agr.
2274448.11,δέ,δέ,g--------,,2274448.0,COORD,Ref=1.596,,,,
2274448.12,παῖς,παιδός,n-s---mg-,GenSep.,2274448.13,OBJ,Ref=1.596,GenSep.,,,
2274448.13,δέχομαι,ἐδέξατο,v3saim---,Aor. | Ind. | MidIndir.,2274448.11,PRED_CO,Ref=1.596,Aor.,Ind.,MidIndir.,
2274448.13,χείρ,χειρὶ,n-s---fd-,DatInstr.,2274448.13,ADV,Ref=1.596,DatInstr.,,,
2274448.15,κύπελλον,κύπελλον,n-s---na-,AccObj. ,2274448.13,OBJ,Ref=1.596|SpaceAfter=No,AccObj.,,,
,,,,,,,Ref=1.596,,,,
,,,,,,,,,,,
,,,,,,,,,,,
,,,,,,,,,,,
,,,,,,,,,,,
2274449.1,ἀτάρ,αὐτάρ,g--------,,2274449.8,AuxY,Ref=1.597,,,,
2274449.1,ὁ,ὃ,p-s---mn-,NomSubj.,2274449.8,SBJ,Ref=1.597,NomSubj.,,,
2274449.1,ὁ,τοῖς,l-p---md-,Agr.,2274449.5,ATR,Ref=1.597,Agr.,,,
2274449.4,ἄλλος,ἄλλοισι,a-p---md-,Agr.,2274449.5,ATR,Ref=1.597,Agr.,,,
2274449.5,θεός,θεοῖς,n-p---md-,DatVerb. ,2274449.8,OBJ,Ref=1.597,DatVerb.,,,
2274449.6,ἐνδέξιος,ἐνδέξια,a-p---na-,AccAdv.,2274449.8,ADV,Ref=1.597,AccAdv.,,,
2274449.7,πᾶς,πᾶσιν,a-p---md-,Agr.,2274449.5,ATR,Ref=1.597,Agr.,,,
2274449.8,οἰνοχοέω,οἰνοχόει,v3siia---,Impf. | Ind. | Act.,2274449.0,PRED,Ref=1.598,Impf.,Ind.,Act.,
2274449.9,γλυκύς,γλυκύ,a-s---na-,Agr.,2274449.1,ATR,Ref=1.598,Agr.,,,
2274449.1,νέκταρ,νέκταρ,n-s---na-,AccObj. ,2274449.13,OBJ,Ref=1.598,AccObj.,,,
2274449.11,ἀπό,ἀπό,r--------,Prep3.,2274449.13,AuxP,Ref=1.598,Prep3.,,,
2274449.12,κρατήρ,κρητῆρος,n-s---mg-,GBP,2274449.11,ADV,Ref=1.598,GBP,,,
2274449.13,ἀφύσσω,ἀφύσσων,v-sppamn-,PresNoni. | PartCirc. |Act. | Agr.,2274449.8,ADV,Ref=1.598|SpaceAfter=No,PresNoni.,PartCirc.,Act.,Agr.
,,,,,,,Ref=1.598,,,,
,,,,,,,,,,,
,,,,,,,,,,,
,,,,,,,,,,,
,,,,,,,,,,,
2274450.1,ἄσβεστος,ἄσβεστος,a-s---mn-,Agr.,2274450.5,ATR,Ref=1.599,Agr.,,,
2274450.2,δέ,δ’,g--------,,2274450.0,COORD,Ref=1.599,,,,
2274450.2,ἄρα,ἄρ’,g--------,,2274450.4,AuxY,Ref=1.599,,,,
2274450.4,ἐνόρνυμι,ἐνῶρτο,v3saim---,Aor. | Ind. | MidMotion.,2274450.2,PRED_CO,Ref=1.599,Aor.,Ind.,MidMotion.,
2274450.5,γέλως,γέλως,n-s---mn-,NomSubj.,2274450.4,SBJ,Ref=1.599,NomSubj.,,,
2274450.6,μάκαρ,μακάρεσσι,a-p---md-,Agr.,2274450.7,ATR,Ref=1.599,Agr.,,,
2274450.7,θεός,θεοῖσιν,n-p---md-,DatCaus.,2274450.4,OBJ,Ref=1.599,DatCaus.,,,
2274450.8,ὡς,ὡς,c--------,,2274450.4,AuxC,Ref=1.600,,,,
2274450.9,εἶδον,ἴδον,v3paia---,Aor. | Ind. | Act.,2274450.8,ADV,Ref=1.600,Aor.,Ind.,Act.,
2274450.1,Ἥφαιστος,Ἥφαιστον,n-s---ma-,AccObj. ,2274450.9,OBJ,Ref=1.600,AccObj.,,,
2274450.11,διά,διά,r--------,Prep3.,2274450.13,AuxP,Ref=1.600,Prep3.,,,
2274450.12,δῶμα,δώματα,n-p---na-,GBP,2274450.11,OBJ,Ref=1.600,GBP,,,
2274450.13,ποιπνύω,ποιπνύοντα,v-sppama-,PresNoni. | PartCirc. |Act. | Agr.,2274450.1,ATV,Ref=1.600|SpaceAfter=No,PresNoni.,PartCirc.,Act.,Agr.
,,,,,,,Ref=1.600,,,,
,,,,,,,,,,,
,,,,,,,,,,,
,,,,,,,,,,,
,,,,,,,,,,,
2274451.1,ὡς,ὡς,d--------,,2274451.9,ADV,Ref=1.601,,,,
2274451.2,τότε,τότε,d--------,,2274451.9,ADV,Ref=1.601,,,,
2274451.3,μέν,μέν,g--------,,2274451.12,AuxY,Ref=1.601,,,,
2274451.4,πρόπας,πρόπαν,a-s---na-,Agr.,2274451.5,ATR,Ref=1.601,Agr.,,,
2274451.5,ἦμαρ,ἦμαρ,n-s---na-,AccTime. ,2274451.9,ADV,Ref=1.601,AccTime.,,,
2274451.6,εἰς,ἐς,r--------,Prep7.,2274451.9,AuxP,Ref=1.601,Prep7.,,,
2274451.7,ἥλιος,ἠέλιον,n-s---ma-,GBP,2274451.6,ADV,Ref=1.601,GBP,,,
2274451.8,καταδύω,καταδύντα,v-sapama-,AorNoni. | PartAttr. | Act. | Agr.,2274451.7,ATV,Ref=1.601,AorNoni.,PartAttr.,Act.,Agr.
2274451.9,δαίνυμι,δαίνυντ’,v3piie---,Impf. | Ind. | MidIndir.,2274451.12,PRED_CO,Ref=1.602|SpaceAfter=No,Impf.,Ind.,MidIndir.,
,,,,,,,Ref=1.602,,,,
2274451.9,οὐ,οὐ,d--------,,2274451.15,AuxZ,Ref=1.602|SpaceAfter=No,,,,
2274451.12,δέ,δέ,g--------,,2274451.0,COORD,Ref=1.602,,,,
2274451.12,τις,τι,p-s---na-,,2274451.15,ADV,Ref=1.602,,,,
2274451.14,θυμός,θυμός,n-s---mn-,NomSubj.,2274451.15,SBJ,Ref=1.602,NomSubj.,,,
2274451.15,δέω,ἐδεύετο,v3siie---,Impf. | Ind. | MidSpon.,2274451.12,PRED_CO,Ref=1.602,Impf.,Ind.,MidSpon.,
2274451.16,δαίς,δαιτός,n-s---fg-,GenVerb.,2274451.28,OBJ_CO,Ref=1.602,GenVerb.,,,
2274451.17,ἴσος,ἐΐσης,a-s---fg-,Agr.,2274451.16,ATR,Ref=1.602|SpaceAfter=No,Agr.,,,
,,,,,,,Ref=1.602,,,,
2274451.17,οὐ,οὐ,d--------,,2274451.21,AuxZ,Ref=1.603,,,,
2274451.2,μέν,μέν,g--------,,2274451.28,AuxY,Ref=1.603,,,,
2274451.21,φόρμιγξ,φόρμιγγος,n-s---fg-,GenVerb. ,2274451.28,OBJ_CO,Ref=1.603,GenVerb.,,,
2274451.22,περικαλλής,περικαλλέος,a-s---fg-,Agr.,2274451.21,ATR,Ref=1.603,Agr.,,,
2274451.22,ὅς,ἣν,p-s---fa-,AccObj. ,2274451.24,OBJ,Ref=1.603,AccObj.,,,
2274451.24,ἔχω,ἔχ’,v3siia---,Impf. | Ind. | Act.,2274451.21,ATR,Ref=1.603,Impf.,Ind.,Act.,
2274451.25,Ἀπόλλων,Ἀπόλλων,n-s---mn-,NomSubj.,2274451.24,SBJ,Ref=1.603|SpaceAfter=No,NomSubj.,,,
,,,,,,,Ref=1.603,,,,
2274451.27,Μοῦσα,Μουσάων,n-p---fg-,GenVerb. ,2274451.28,OBJ_CO,Ref=1.604,GenVerb.,,,
2274451.28,τε,θ’,g--------,,2274451.15,COORD,Ref=1.604,,,,
2274451.28,ὅς,αἳ,p-p---fn-,NomSubj.,2274451.3,SBJ,Ref=1.604,NomSubj.,,,
2274451.3,ἀείδω,ἄειδον,v3piia---,Impf. | Ind. | Act.,2274451.27,ATR,Ref=1.604,Impf.,Ind.,Act.,
2274451.31,ἀμείβω,ἀμειβόμεναι,v-pppefn-,PresNoni. | PartCirc. |MidDir. | Agr.,2274451.3,ADV,Ref=1.604,PresNoni.,PartCirc.,MidDir.,Agr.
2274451.32,ὄψ,ὀπί,n-s---fd-,DatMean.,2274451.31,ADV,Ref=1.604,DatMean.,,,
2274451.33,καλός,καλῇ,a-s---fd-,Agr.,2274451.32,ATR,Ref=1.604|SpaceAfter=No,Agr.,,,
,,,,,,,Ref=1.604,,,,
,,,,,,,,,,,
,,,,,,,,,,,
,,,,,,,,,,,
,,,,,,,,,,,
2274452.1,ἀτάρ,αὐτάρ,g--------,,2274452.11,AuxY,Ref=1.605,,,,
2274452.2,ἐπεί,ἐπεί,c--------,,2274452.11,AuxC,Ref=1.605,,,,
2274452.3,καταδύω,κατέδυ,v3saia---,Aor. | Ind. | Act.,2274452.2,ADV,Ref=1.605,Aor.,Ind.,Act.,
2274452.4,λαμπρός,λαμπρόν,a-s---nn-,Agr.,2274452.5,ATR,Ref=1.605,Agr.,,,
2274452.5,φάος,φάος,n-s---nn-,NomSubj.,2274452.3,SBJ,Ref=1.605,NomSubj.,,,
2274452.6,ἥλιος,ἠελίοιο,n-s---mg-,GenExpl.,2274452.5,ATR,Ref=1.605|SpaceAfter=No,GenExpl.,,,
,,,,,,,Ref=1.605,,,,
2274452.6,ὁ,οἳ,p-p---mn-,NomSubj.,2274452.11,SBJ,Ref=1.606,NomSubj.,,,
2274452.9,μέν,μέν,g--------,,2274452.11,AuxY,Ref=1.606,,,,
2274452.1,κατακείω,κακκείοντες,v-pfpamn-,FutNoni. | PartAttr. |Act. | Agr.,2274452.11,ADV,Ref=1.606,FutNoni.,PartAttr.,Act.,Agr.
2274452.11,βαίνω,ἔβαν,v3paia---,Aor. | Ind. | Act.,2274452.0,PRED,Ref=1.606,Aor.,Ind.,Act.,
2274452.12,οἶκος,οἶκον,n-s---ma-,AccDirec.,2274452.11,OBJ,Ref=1.606,AccDirec.,,,
2274452.13,δέ,δέ,g--------,,2274452.12,AuxZ,Ref=1.606,,,,
2274452.14,ἕκαστος,ἕκαστος,a-s---mn-,Agr.,2274452.8,ATV,Ref=1.606|SpaceAfter=No,Agr.,,,
,,,,,,,Ref=1.606,,,,
2274452.16,ἧχι,ἧχι,d--------,,2274452.22,ADV,Ref=1.607,,,,
2274452.17,ἕκαστος,ἑκάστῳ,a-s---md-,DatAdvn.,2274452.22,OBJ,Ref=1.607,DatAdvn.,,,
2274452.18,δῶμα,δῶμα,n-s---na-,AccObj. ,2274452.22,OBJ,Ref=1.607,AccObj.,,,
2274452.19,περικλυτός,περικλυτός,a-s---mn-,Agr.,2274452.21,ATR,Ref=1.607,Agr.,,,
2274452.2,ἀμφιγύεις,ἀμφιγυήεις,a-s---mn-,Agr.,2274452.21,ATR,Ref=1.607,Agr.,,,
2274452.21,Ἥφαιστος,Ἥφαιστος,n-s---mn-,NomSubj.,2274452.22,SBJ,Ref=1.608,NomSubj.,,,
2274452.22,ποιέω,ποίησεν,v3saia---,Aor. | Ind. | Act.,2274452.12,ATR,Ref=1.608,Aor.,Ind.,Act.,
2274452.23,οἶδα,ἰδυίῃσι,v-prpafd-,PerfNoni. | PartAttr. |Act. | Agr.,2274452.24,ATR,Ref=1.608,PerfNoni.,PartAttr.,Act.,Agr.
2274452.24,πραπίδες,πραπίδεσσι,n-p---fd-,DatMean.,2274452.22,ADV,Ref=1.608|SpaceAfter=No,DatMean.,,,
,,,,,,,Ref=1.608,,,,
,,,,,,,,,,,
,,,,,,,,,,,
,,,,,,,,,,,
,,,,,,,,,,,
2274453.1,Ζεύς,Ζεύς,n-s---mn-,NomSubj.,2274453.6,SBJ,Ref=1.609,NomSubj.,,,
2274453.2,δέ,δέ,g--------,,2274453.0,COORD,Ref=1.609,,,,
2274453.3,πρός,πρός,r--------,Prep3.,2274453.6,AuxP,Ref=1.609,Prep3.,,,
2274453.3,ἑός,ὃν,a-s---na-,Agr.,2274453.5,ATR,Ref=1.609,Agr.,,,
2274453.5,λέχος,λέχος,n-s---na-,GBP,2274453.3,OBJ,Ref=1.609,GBP,,,
2274453.6,εἶμι,ἤϊ’,v3siia---,Impf. | Ind. | Act.,2274453.2,PRED_CO,Ref=1.609,Impf.,Ind.,Act.,
2274453.7,Ὀλύμπιος,Ὀλύμπιος,a-s---mn-,NomSubj.,2274453.1,ATR,Ref=1.609,NomSubj.,,,
2274453.8,ἀστεροπητής,ἀστεροπητής,n-s---mn-,Agr.,2274453.1,ATR,Ref=1.609|SpaceAfter=No,Agr.,,,
,,,,,,,Ref=1.609,,,,
2274453.1,ἔνθα,ἔνθα,d--------,,2274453.12,ADV,Ref=1.610,,,,
2274453.11,πάρος,πάρος,d--------,,2274453.12,ADV,Ref=1.610,,,,
2274453.12,κοιμάω,κοιμᾶθ’,v3siie---,Impf. | Ind. | MidDir.,2274453.5,ATR,Ref=1.610,Impf.,Ind.,MidDir.,
2274453.13,ὅτε,ὅτε,c--------,,2274453.12,AuxC,Ref=1.610,,,,
2274453.13,μιν,μιν,p-s---ma-,AccObj. ,2274453.17,OBJ,Ref=1.610,AccObj.,,,
2274453.15,γλυκύς,γλυκύς,a-s---mn-,Agr.,2274453.16,ATR,Ref=1.610,Agr.,,,
2274453.16,ὕπνος,ὕπνος,n-s---mn-,NomSubj.,2274453.17,SBJ,Ref=1.610,NomSubj.,,,
2274453.17,ἱκάνω,ἱκάνοι,v3spoa---,PresNoni. | OptSubor. | Act.,2274453.13,ADV,Ref=1.610|SpaceAfter=No,PresNoni.,OptSubor.,Act.,
,,,,,,,Ref=1.610,,,,
,,,,,,,,,,,
,,,,,,,,,,,
,,,,,,,,,,,
,,,,,,,,,,,
2274454.1,ἔνθα,ἔνθα,d--------,,2274454.2,ADV,Ref=1.611,,,,
2274454.2,καθεύδω,καθεῦδ’,v3siia---,Impf. | Ind. | Act.,2274454.6,PRED_CO,Ref=1.611,Impf.,Ind.,Act.,
2274454.3,ἀναβαίνω,ἀναβάς,v-sapamn-,AorNoni. | PartCirc. |Act. | Agr.,2274454.2,ADV,Ref=1.611|SpaceAfter=No,AorNoni.,PartCirc.,Act.,Agr.
,,,,,,,Ref=1.611,,,,
,,,,,,,_,,,,
2274454.3,παρά,παρὰ,r--------,Preverb,2274454.1,AuxZ,Ref=1.611,Preverb,,,
2274454.6,δέ,δέ,g--------,,2274454.0,COORD,Ref=1.611,,,,
2274454.7,χρυσόθρονος,χρυσόθρονος,a-s---fn-,Agr.,2274454.8,ATR,Ref=1.611,Agr.,,,
2274454.8,Ἥρα,Ἥρη,n-s---fn-,NomSubj.,2274454.1,SBJ,Ref=1.611|SpaceAfter=No,NomSubj.,,,
,,,,,,,Ref=1.611,,,,
