ref,greek,lemma,pos,didakta,rel,syn,line,didakta_1,didakta_2,didakta_3,didakta_4,didakta_combined
1,Ἠὼς,ἠώς,n-s---fn-,NomSubj,8.0,SBJ,5.1,NomSubj,,,,NomSubj
2,δ',δέ,g--------,particle indeclform,0.0,COORD,5.1,,,,,
3,ἐκ,ἐκ,r--------,Prep3,8.0,AuxP,5.1,,,,,
4,λεχέων,λέχος,n-p---ng-,GenSep (Prep3),3.0,OBJ,5.1,GenSep (Prep3),,,,GenSep (Prep3)
5,παρ',παρά,r--------,Prep5,8.0,AuxP,5.1,,,,,
6,ἀγαυοῦ,ἀγαυός,a-s---mg-,GenSep (Prep5),7.0,ATR,5.1,GenSep (Prep5),,,,GenSep (Prep5)
7,Τιθωνοῖο,Τιθωνός,n-s---mg-,GenSep (Prep5),5.0,ADV,5.1,GenSep (Prep5),,,,GenSep (Prep5)
8,ὤρνυθ',ὄρνυμι,v3siie---,"ImpfIter, Ind, MidDir",2.0,PRED_CO,5.2,ImpfIter,Ind,MidDir,,ImpfIter|Ind|MidDir
9,",",",",u--------,,10.0,AuxX,5.2,,,,,
10,ἵν',ἵνα,c--------,conj indeclform,8.0,AuxC,5.2,,,,,
11,ἀθανάτοισι,ἀθάνατος,a-p---md-,DatVerb,14.0,OBJ_CO,5.2,DatVerb,,,,DatVerb
12,φόως,φόως,n-s---na-,DatVerb,13.0,OBJ,5.2,DatVerb,,,,DatVerb
13,φέροι,φέρω,v3spoa---,AorNoni,10.0,ADV,5.2,AorNoni,,,,AorNoni
14,ἠδὲ,ἠδέ,c--------,conj indeclform,13.0,COORD,5.2,,,,,
15,βροτοῖσιν,βροτός,n-p---md-,DatVerb,14.0,OBJ_CO,5.2,DatVerb,,,,DatVerb
16,·,·,u--------,,0.0,AuxK,5.2,,,,,
1,οἱ,ὁ,l-p---mn-,"NomSubj, ArtSubs",3.0,ATR,5.3,NomSubj,ArtSubs,,,NomSubj|ArtSubs
2,δὲ,δέ,g--------,particle indeclform,8.0,AuxY,5.3,,,,,
3,θεοὶ,θεός,n-p---mn-,NomSubj,5.0,SBJ,5.3,NomSubj,,,,NomSubj
4,θῶκόνδε,θᾶκος,d--------,AccDirec.1,5.0,OBJ,5.3,AccDirec.1,,,,AccDirec.1
5,καθίζανον,καθιζάνω,v3piia---,"ImpfIter, Ind, Act",8.0,PRED_CO,5.3,ImpfIter,Ind,Act,,ImpfIter|Ind|Act
6,",",",",u--------,,8.0,AuxX,5.3,,,,,
7,ἐν,ἐν,r--------,Prep5,8.0,AuxP,5.3,,,,,
8,δ',δέ,g--------,particle indeclform,0.0,COORD,5.3,,,,,
9,ἄρα,ἄρα,g--------,particle indeclform,20.0,AuxY,5.3,,,,,
10,τοῖσι,ὁ,p-p---md-,"DatLoc (Prep3), Pron4",20.0,ADV,5.3,DatLoc (Prep3),,,,DatLoc (Prep3)
11,Ζεὺς,Ζεύς,n-s---mn-,NomSubj,20.0,SBJ,5.4,NomSubj,,,,NomSubj
12,ὑψιβρεμέτης,ὑψιβρεμέτης,n-s---mn-,NomSubj,11.0,ATR,5.4,NomSubj,,,,NomSubj
13,",",",",u--------,,17.0,AuxX,5.4,,,,,
14,οὗ,ἕ,p-s---mg-,"GenPos, Pron8",16.0,ATR,5.4,GenPos,,,,GenPos
15,τε,τε,g--------,particle indeclform,17.0,AuxY,5.4,,,,,
16,κράτος,κράτος,n-s---nn-,NomSubj,17.0,SBJ,5.4,NomSubj,,,,NomSubj
17,ἐστὶ,εἰμί,v3spia---,"PresIter.1., Ind, Act",11.0,ATR,5.4,PresIter.1.,Ind,Act,,PresIter.1.|Ind|Act
18,μέγιστον,μέγας,a-s---nn-,NomPred,17.0,PNOM,5.4,NomPred,,,,NomPred
19,.,.,u--------,,0.0,AuxK,5.4,,,,,
1,τοῖσι,ὁ,p-p---md-,DatVerb,4.0,OBJ,5.5,DatVerb,,,,DatVerb
2,δ',δέ,g--------,particle indeclform,0.0,COORD,5.5,,,,,
3,Ἀθηναίη,Ἀθήνη,n-s---fn-,NomSubj,4.0,SBJ,5.5,NomSubj,,,,NomSubj
4,λέγε,λέγω,v3siia---,"ImpfCons, Ind, Act",2.0,PRED_CO,5.5,ImpfCons,Ind,Act,,ImpfCons|Ind|Act
5,κήδεα,κῆδος,n-p---na-,AccObj,4.0,OBJ,5.5,AccObj,,,,AccObj
6,πόλλ',πολύς,a-p---na-,AccObj,5.0,ATR,5.5,AccObj,,,,AccObj
7,Ὀδυσῆος,̓ὀδυσσεύς,n-s---mg-,GenSubj,5.0,ATR,5.5,GenSubj,,,,GenSubj
8,μνησαμένη,μιμνήσκω,v-sapmfn-,"NomSubj, PartCirc.3",4.0,ADV,5.6,NomSubj,PartCirc.3,,,NomSubj|PartCirc.3
9,·,·,u--------,,0.0,AuxK,5.6,,,,,
1,μέλε,μέλω,v3siia---,"Impf, Ind, Act",0.0,PRED,5.6,Impf,Ind,Act,,Impf|Ind|Act
2,γάρ,γάρ,g--------,particle indeclform,1.0,AuxY,5.6,,,,,
3,οἱ,ἕ,p-s---fd-,DatPos,1.0,OBJ,5.6,DatPos,,,,DatPos
4,ἐὼν,εἰμί,v-sppamn-,"NomSubj, PartCirc.4",1.0,ADV,5.6,NomSubj,PartCirc.4,,,NomSubj|PartCirc.4
5,ἐν,ἐν,r--------,DatLoc prep,4.0,AuxP,5.6,,,,,
6,δώμασι,δῶμα,n-p---nd-,DatLoc w/ prep,5.0,ADV,5.6,,,,,
7,νύμφης,νύμφη,n-s---fg-,GenPos,6.0,ATR,5.6,GenPos,,,,GenPos
8,·,·,u--------,,0.0,AuxK,5.6,,,,,
1,&quot;,&quot;,u--------,,33.0,AuxG,5.7,,,,,
2,Ζεῦ,Ζεύς,n-s---mv-,Voc,4.0,ExD_CO,5.7,Voc,,,,Voc
3,πάτερ,πατήρ,n-s---mv-,Voc,2.0,ATR,5.7,Voc,,,,Voc
4,ἠδ',ἠδέ,c--------,conj indeclform,33.0,COORD,5.7,,,,,
5,ἄλλοι,ἄλλος,a-p---mv-,NomSubj,7.0,ATR,5.7,NomSubj,,,,NomSubj
6,μάκαρες,μάκαρ,n-p---mv-,NomSubj,7.0,ATR,5.7,NomSubj,,,,NomSubj
7,θεοὶ,θεός,n-p---mv-,NomSubj,4.0,ExD_CO,5.7,NomSubj,,,,NomSubj
8,αἰὲν,ἀεί,d--------,adv indeclform,9.0,ADV,5.7,,,,,
9,ἐόντες,εἰμί,v-pppamv-,"NomSubj, PartAttr",7.0,ATR,5.7,NomSubj,PartAttr,,,NomSubj|PartAttr
10,",",",",u--------,,4.0,AuxX,5.7,,,,,
11,μή,μή,d--------,ImprComm (mh),18.0,AuxZ,5.8,ImprComm (mh),,,,ImprComm (mh)
12,τις,τις,p-s---mn-,"NomSubj, Pron6",20.0,ATR,5.8,NomSubj,,,,NomSubj
13,ἔτι,ἔτι,d--------,adv indeclform,18.0,ADV,5.8,,,,,
14,πρόφρων,πρόφρων,a-s---mn-,NomPred-- adverbial force,20.0,ATR,5.8,,,,,
15,ἀγανὸς,ἀγανός,a-s---mn-,NomPred,16.0,PNOM_CO,5.8,NomPred,,,,NomPred
16,καὶ,καί,c--------,conj indeclform,18.0,COORD,5.8,,,,,
17,ἤπιος,ἤπιος,a-s---mn-,NomPred,16.0,PNOM_CO,5.8,NomPred,,,,NomPred
18,ἔστω,εἰμί,v3spma---,ImprCommd,33.0,PRED_CO,5.8,,,,,
19,σκηπτοῦχος,σκηπτοῦχος,a-s---mn-,NomSubj,20.0,ATR,5.9,NomSubj,,,,NomSubj
20,βασιλεύς,βασιλεύς,n-s---mn-,NomSubj,33.0,SBJ,5.9,NomSubj,,,,NomSubj
21,",",",",u--------,,33.0,AuxX,5.9,,,,,
22,μη,μή,g--------,ImprComm (mh),37.0,AuxZ,5.9,ImprComm (mh),,,,ImprComm (mh)
23,δὲ,δέ,g--------,particle indeclform,33.0,AuxY,5.9,,,,,
24,φρεσὶν,φρήν,n-p----d-,DatLoca,37.0,ADV,5.9,,,,,
25,αἴσιμα,αἴσιμος,a-p---na-,AccObj,26.0,OBJ,5.9,AccObj,,,,AccObj
26,εἰδώς,οἶδα,v-srpamn-,"NomSubj, PartAttr",37.0,PNOM,5.9,NomSubj,PartAttr,,,NomSubj|PartAttr
27,",",",",u--------,,33.0,AuxX,5.9,,,,,
28,ἀλλ',ἀλλά,c--------,adv indeclform,33.0,AuxY,5.1,,,,,
29,αἰεὶ,ἀεί,d--------,adv indeclform,32.0,ADV,5.1,,,,,
30,χαλεπός,χαλεπός,a-s---mn-,NomPred,32.0,PNOM,5.1,NomPred,,,,NomPred
31,τ',τε,g--------,particle indeclform,33.0,AuxY,5.1,,,,,
32,εἴη,εἰμί,v3spoa---,OptComm,33.0,PRED_CO,5.1,OptComm,,,,OptComm
33,καὶ,καί,c--------,conj indeclform,0.0,COORD,5.1,,,,,
34,αἴσυλα,αἴσυλος,a-p---na-,AccObj,35.0,OBJ,5.1,AccObj,,,,AccObj
35,ῥέζοι,ῥέζω,v3spoa---,OptComm,33.0,PRED_CO,5.1,OptComm,,,,OptComm
36,·,·,u--------,,0.0,AuxK,5.1,,,,,
1,ὡς,ὡς,c--------,conj indeclform,4.0,ADV,5.11,,,,,
2,οὔ,οὐ,d--------,adv indeclform,3.0,AuxZ,5.11,,,,,
3,τις,τις,p-s---mn-,"NomSubj, Pron6",4.0,SBJ,5.11,NomSubj,,,,NomSubj
4,μέμνηται,μιμνήσκω,v3srie---,"Perf, MidMent",12.0,PRED_CO,5.11,Perf,MidMent,,,Perf|MidMent
5,Ὀδυσσῆος,̓ὀδυσσεύς,n-s---mg-,GenVerb.9,4.0,OBJ,5.11,GenVerb.9,,,,GenVerb.9
6,θείοιο,θεῖος,a-s---mg-,GenVerb.9,5.0,ATR,5.11,GenVerb.9,,,,GenVerb.9
7,λαῶν,λαός,n-p---mg-,GenPart,3.0,ATR,5.12,GenPart,,,,GenPart
8,οἷσιν,ὅς,p-p---md-,"DatAdvn, Pron8",9.0,OBJ,5.12,DatAdvn,,,,DatAdvn
9,ἄνασσε,ἀνάσσω,v3siia---,ImpfDesc,7.0,ATR,5.12,ImpfDesc,,,,ImpfDesc
10,",",",",u--------,,12.0,AuxX,5.12,,,,,
11,πατὴρ,πατήρ,n-s---mn-,NomPred,17.0,ADV,5.12,NomPred,,,,NomPred
12,δ',δέ,g--------,particle indeclform,0.0,COORD,5.12,,,,,
13,ὣς,ὡς,d--------,adv indeclform,17.0,ADV,5.12,,,,,
14,ἤπιος,ἤπιος,a-s---mn-,NomPred,15.0,PNOM,5.12,NomPred,,,,NomPred
15,ἦεν,εἰμί,v3siia---,ImpfDesc,12.0,PRED_CO,5.12,ImpfDesc,,,,ImpfDesc
16,.,.,u--------,,0.0,AuxK,5.12,,,,,
1,ἀλλ',ἀλλά,d--------,adv indeclform,6.0,AuxY,5.13,,,,,
2,ὁ,ὁ,p-s---mn-,"NomSubj, Pron4",6.0,SBJ,5.13,NomSubj,,,,NomSubj
3,μὲν,μέν,g--------,particle indeclform,6.0,AuxY,5.13,,,,,
4,ἐν,ἐν,r--------,Prep5,6.0,AuxP,5.13,,,,,
5,νήσῳ,νῆσος,n-s---fd-,DatLoc (Prep5),4.0,ADV,5.13,DatLoc (Prep5),,,,DatLoc (Prep5)
6,κεῖται,κεῖμαι,v3spie---,"Pres, MidDir",0.0,PRED,5.13,Pres,MidDir,,,Pres|MidDir
7,κρατέρ',κρατερός,a-p---na-,AccObj,8.0,ATR,5.13,AccObj,,,,AccObj
8,ἄλγεα,ἄλγος,n-p---na-,AccObj,9.0,OBJ,5.13,AccObj,,,,AccObj
9,πάσχων,πάσχω,v-sppamn-,"NomSubj, PartCirc.1",6.0,ADV,5.13,NomSubj,PartCirc.1,,,NomSubj|PartCirc.1
10,νύμφης,νύμφη,n-s---fg-,GenPos,13.0,ATR,5.14,GenPos,,,,GenPos
11,ἐν,ἐν,r--------,Prep3,6.0,AuxP,5.14,,,,,
12,μεγάροισι,μέγαρον,n-p---nd-,DatLoc (Prep3),11.0,ADV,5.14,DatLoc (Prep3),,,,DatLoc (Prep3)
13,Καλυψοῦς,Καλυψώ,n-s---fg-,GenPos,12.0,ATR,5.14,GenPos,,,,GenPos
14,",",",",u--------,,18.0,AuxX,5.14,,,,,
15,ἥ,ὅς,p-s---fn-,"NomSubj, Pron8",18.0,SBJ,5.14,NomSubj,,,,NomSubj
16,μιν,μιν,p-s---ma-,"AccObj, Pron4",18.0,OBJ,5.14,AccObj,,,,AccObj
17,ἀνάγκῃ,ἀνάγκη,n-s---fd-,DatInstr,18.0,ADV,5.14,DatInstr,,,,DatInstr
18,ἴσχει,ἴσχω,v3spia---,"Pres, Ind, Act",13.0,ATR,5.15,Pres,Ind,Act,,Pres|Ind|Act
19,·,·,u--------,,0.0,AuxK,5.15,,,,,
1,ὁ,ὁ,p-s---mn-,"NomSubj, Pron4",4.0,SBJ,5.15,NomSubj,,,,NomSubj
2,δ',δέ,g--------,particle indeclform,0.0,COORD,5.15,,,,,
3,οὐ,οὐ,d--------,adv indeclform,4.0,AuxZ,5.15,,,,,
4,δύναται,δύναμαι,v3spie---,"PresCona, MidIndir",2.0,PRED_CO,5.15,PresCona,MidIndir,,,PresCona|MidIndir
5,ἣν,ἑός,a-s---fa-,"AccDirec, Pron3",7.0,ATR,5.15,AccDirec,,,,AccDirec
6,πατρίδα,πατρίς,a-s---fa-,AccDirec,7.0,ATR,5.15,AccDirec,,,,AccDirec
7,γαῖαν,γαῖα,n-s---fa-,AccDirec,8.0,OBJ,5.15,AccDirec,,,,AccDirec
8,ἱκέσθαι,ἱκνέομαι,v--anm---,InfDyn,4.0,OBJ,5.15,InfDyn,,,,InfDyn
9,·,·,u--------,,0.0,AuxK,5.15,,,,,
1,οὐ,οὐ,d--------,adv indeclform,19.0,AuxZ,5.16,,,,,
2,γάρ,γάρ,g--------,particle indeclform,19.0,AuxY,5.16,,,,,
3,οἱ,ἕ,p-s---md-,DatVerb (Prep5),19.0,OBJ,5.16,DatVerb (Prep5),,,,DatVerb (Prep5)
4,πάρα,παρά,r--------,Prep5,19.0,AuxZ,5.16,,,,,
5,νῆες,ναῦς,n-p---fn-,NomSubj,19.0,SBJ_CO,5.16,NomSubj,,,,NomSubj
6,ἐπήρετμοι,ἐπήρετμος,a-p---fn-,NomSubj,5.0,ATR,5.16,NomSubj,,,,NomSubj
7,καὶ,καί,c--------,conj indeclform,0.0,COORD,5.16,,,,,
8,ἑταῖροι,ἑταῖρος,n-p---mn-,NomSubj,19.0,SBJ_CO,5.16,NomSubj,,,,NomSubj
9,",",",",u--------,,13.0,AuxX,5.16,,,,,
10,οἵ,ὅς,p-p---mn-,"NomSubj, Pron8",13.0,SBJ,5.17,NomSubj,,,,NomSubj
11,κέν,ἄν,g--------,OptPoten (an),13.0,AuxZ,5.17,OptPoten (an),,,,OptPoten (an)
12,μιν,μιν,p-s---ma-,"AccObj, Pron4",13.0,OBJ,5.17,AccObj,,,,AccObj
13,πέμποιεν,πέμπω,v3ppoa---,OptPoten,8.0,ATR,5.17,OptPoten,,,,OptPoten
14,ἐπ',ἐπί,r--------,Prep5,13.0,AuxP,5.17,,,,,
15,εὐρέα,εὐρύς,a-p---na-,AccDirec.1 (Prep5),16.0,ATR,5.17,,,,,
16,νῶτα,νῶτον,n-p---na-,AccDirec.1 (Prep5),14.0,OBJ,5.17,,,,,
17,θαλάσσης,θάλασσα,n-s---fg-,GenPart,16.0,ATR,5.17,GenPart,,,,GenPart
18,.,.,u--------,,0.0,AuxK,5.17,,,,,
1,νῦν,νῦν,d--------,adv indeclform,6.0,ADV,5.18,,,,,
2,αὖ,αὖ,d--------,adv indeclform,6.0,AuxY,5.18,,,,,
3,παῖδ',παῖς,n-s---ma-,AccObj,5.0,OBJ,5.18,AccObj,,,,AccObj
4,ἀγαπητὸν,ἀγαπητός,a-s---ma-,AccObj,3.0,ATR,5.18,AccObj,,,,AccObj
5,ἀποκτεῖναι,ἀποκτείνω,v--ana---,InfDyn,6.0,OBJ,5.18,InfDyn,,,,InfDyn
6,μεμάασιν,μέμαα,v3pria---,Perf,0.0,PRED,5.18,Perf,,,,Perf
7,οἴκαδε,οἴκαδε,d--------,AccDirec.1,8.0,OBJ,5.19,AccDirec.1,,,,AccDirec.1
8,νισόμενον,νίσσομαι,v-sapmma-,PartCirc.1,3.0,ATV,5.19,PartCirc.1,,,,PartCirc.1
9,·,·,u--------,,0.0,AuxK,5.19,,,,,
1,ὁ,ὁ,p-s---mn-,"NomSubj, Pron4",3.0,SBJ,5.19,NomSubj,,,,NomSubj
2,δ',δέ,g--------,particle indeclform,0.0,COORD,5.19,,,,,
3,ἔβη,βαίνω,v3saia---,Aor,2.0,PRED_CO,5.19,Aor,,,,Aor
4,μετὰ,μετά,r--------,Prep5,3.0,AuxP,5.19,,,,,
5,πατρὸς,πατήρ,n-s---mg-,GenObj,6.0,ATR,5.19,GenObj,,,,GenObj
6,ἀκουὴν,ἀκουή,n-s---fa-,AccDirec.1 (Prep5),4.0,ADV,5.19,,,,,
7,ἐς,εἰς,r--------,Prep3,10.0,AuxP,5.2,,,,,
8,Πύλον,Πύλος,n-s---fa-,AccDirec.1 (Prep3),7.0,OBJ_CO,5.2,,,,,
9,ἠγαθέην,ἠγάθεος,a-s---fa-,AccDirec.1 (Prep3),8.0,ATR,5.2,,,,,
10,ἠδ',ἠδέ,c--------,conj indeclform,3.0,COORD,5.2,,,,,
11,ἐς,εἰς,r--------,Prep3,10.0,AuxP,5.2,,,,,
12,Λακεδαίμονα,Λακεδαίμων,n-s---fa-,AccDirec.1 (Prep3),11.0,OBJ_CO,5.2,,,,,
13,δῖαν,δῖος,a-s---fa-,AccDirec.1 (Prep3),12.0,ATR,5.2,,,,,
14,.,.,u--------,,0.0,AuxK,5.2,,,,,
15,&quot;,&quot;,u--------,,2.0,AuxG,5.2,,,,,
1,τὴν,ὁ,p-s---fa-,"AccObj.3b, Pron4",4.0,OBJ,5.21,,,,,
2,δ',δέ,g--------,particle indeclform,0.0,COORD,5.21,,,,,
3,ἀπαμειβόμενος,ἀπαμείβομαι,v-sppemn-,PartCirc.5,4.0,ADV,5.21,PartCirc.5,,,,PartCirc.5
4,προσέφη,πρόσφημι,v3siia---,Aor,2.0,PRED_CO,5.21,Aor,,,,Aor
5,νεφεληγερέτα,νεφεληγερέτα,n-s---mn-,NomSubj,6.0,ATR,5.21,NomSubj,,,,NomSubj
6,Ζεύς,Ζεύς,n-s---mn-,NomSubj,4.0,SBJ,5.21,NomSubj,,,,NomSubj
7,·,·,u--------,,0.0,AuxK,5.21,,,,,
1,&quot;,&quot;,u--------,,8.0,AuxG,5.22,,,,,
2,τέκνον,τέκνον,n-s---nv-,Voc,8.0,ExD,5.22,Voc,,,,Voc
3,ἐμόν,ἐμός,a-s---nv-,"Voc, Pron1",2.0,ATR,5.22,Voc,,,,Voc
4,",",",",u--------,,2.0,AuxX,5.22,,,,,
5,ποῖόν,ποῖος,a-s---nn-,NomSubj,7.0,ATR,5.22,NomSubj,,,,NomSubj
6,σε,σύ,p2s----a-,"AccObj, Pron1",8.0,OBJ,5.22,AccObj,,,,AccObj
7,ἔπος,ἔπος,n-s---nn-,NomSubj,8.0,SBJ,5.22,NomSubj,,,,NomSubj
8,φύγεν,φεύγω,v3saia---,AorIngr,0.0,PRED,5.22,AorIngr,,,,AorIngr
9,ἕρκος,ἕρκος,n-s---na-,AccObj,8.0,OBJ,5.22,AccObj,,,,AccObj
10,ὀδόντων,ὀδούς,n-p---mg-,GenMat,9.0,ATR,5.22,GenMat,,,,GenMat
11,.,.,u--------,,0.0,AuxK,5.22,,,,,
1,οὐ,οὐ,d--------,adv indeclform,6.0,AuxZ,5.23,,,,,
2,γὰρ,γάρ,g--------,particle indeclform,6.0,AuxY,5.23,,,,,
3,δὴ,δή,g--------,particle indeclform,6.0,AuxY,5.23,,,,,
4,τοῦτον,οὗτος,a-s---ma-,"AccObj, Pron4",7.0,ATR,5.23,AccObj,,,,AccObj
5,μὲν,μέν,g--------,particle indeclform,6.0,AuxY,5.23,,,,,
6,ἐβούλευσας,βουλεύω,v2saia---,AorIngr,0.0,PRED,5.23,AorIngr,,,,AorIngr
7,νόον,νόος,n-s---ma-,AccObj,6.0,OBJ,5.23,AccObj,,,,AccObj
8,αὐτή,αὐτός,a-s---fn-,Pron2.1a,6.0,AtvV,5.23,,,,,
9,",",",",u--------,,10.0,AuxX,5.23,,,,,
10,ὡς,ὡς,c--------,conj indeclform,6.0,AuxC,5.24,,,,,
11,ἦ,ἦ,d--------,adv indeclform,15.0,AuxY,5.24,,,,,
12,τοι,τοι,g--------,particle indeclform,15.0,AuxY,5.24,,,,,
13,κείνους,ἐκεῖνος,a-p---ma-,"AccObj.3b, Pron4",15.0,OBJ,5.24,,,,,
14,Ὀδυσεὺς,Ὀδυσσεύς,n-s---mn-,NomSubj,15.0,SBJ,5.24,NomSubj,,,,NomSubj
15,ἀποτίσεται,ἀποτίνω,v3sasm---,Fut,10.0,OBJ,5.24,Fut,,,,Fut
16,ἐλθών,ἔρχομαι,v-sapamn-,"NomSubj, PartCirc.1",15.0,ADV,5.24,NomSubj,PartCirc.1,,,NomSubj|PartCirc.1
17,;,;,u--------,,0.0,AuxK,5.24,,,,,
1,Τηλέμαχον,Τηλέμαχος,n-s---ma-,AccObj,4.0,OBJ,5.25,AccObj,,,,AccObj
2,δὲ,δέ,g--------,particle indeclform,0.0,COORD,5.25,,,,,
3,σὺ,σύ,p2s----n-,"NomSubj, Pron1",4.0,SBJ,5.25,NomSubj,,,,NomSubj
4,πέμψον,πέμπω,v2sama---,"AorDram, ImprComm",2.0,PRED_CO,5.25,AorDram,ImprComm,,,AorDram|ImprComm
5,ἐπισταμένως,ἐπισταμένως,d--------,adv indeclform,4.0,ADV,5.25,,,,,
6,",",",",u--------,,7.0,AuxX,5.25,,,,,
7,δύνασαι,δύναμαι,v2spie---,"Pres, Ind, MidIndir",4.0,ExD,5.25,Pres,Ind,MidIndir,,Pres|Ind|MidIndir
8,γάρ,γάρ,g--------,particle indeclform,7.0,AuxY,5.25,,,,,
9,",",",",u--------,,10.0,AuxX,5.25,,,,,
10,ὥς,ὡς,c--------,conj indeclform,4.0,AuxC,5.26,,,,,
11,κε,ἄν,g--------,Subcl4,17.0,AuxZ,5.26,,,,,
12,μάλ',μάλα,d--------,adv indeclform,13.0,AuxZ,5.26,,,,,
13,ἀσκηθὴς,ἀσκηθής,a-s---mn-,NomSubj,17.0,AtvV,5.26,NomSubj,,,,NomSubj
14,ἣν,ἑός,a-s---fa-,"AccDirec, Pron3",16.0,ATR,5.26,AccDirec,,,,AccDirec
15,πατρίδα,πατρίς,a-s---fa-,AccDirec,16.0,ATR,5.26,AccDirec,,,,AccDirec
16,γαῖαν,γαῖα,n-s---fa-,AccDirec,17.0,OBJ,5.26,AccDirec,,,,AccDirec
17,ἵκηται,ἱκνέομαι,v3sase---,Subj (Subcl4),20.0,ADV_CO,5.26,,,,,
18,",",",",u--------,,20.0,AuxX,5.26,,,,,
19,μνηστῆρες,μνηστήρ,n-p---mn-,NomSubj,24.0,SBJ,5.27,NomSubj,,,,NomSubj
20,δ',δέ,g--------,particle indeclform,10.0,COORD,5.27,,,,,
21,ἐν,ἐν,r--------,Prep5,20.0,AuxP,5.27,,,,,
22,νηῒ,ναῦς,n-s---fd-,DatLoc (Prep5),24.0,ADV,5.27,DatLoc (Prep5),,,,DatLoc (Prep5)
23,παλιμπετὲς,παλιμπετής,a-s---na-,AccAdv,24.0,ADV,5.27,AccAdv,,,,AccAdv
24,ἀπονέωνται,ἀπονέω,v3ppse---,Subj (Subcl4),20.0,ADV_CO,5.27,,,,,
25,.,.,u--------,,0.0,AuxK,5.27,,,,,
26,&quot;,&quot;,u--------,,2.0,AuxG,5.27,,,,,
1,ἦ,ἠμί,v3siia---,adv indeclform,3.0,PRED_CO,5.28,,,,,
2,ῥα,ἄρα,g--------,particle indeclform,1.0,AuxY,5.28,,,,,
3,καὶ,καί,c--------,conj indeclform,0.0,COORD,5.28,,,,,
4,Ἑρμείαν,Ἑρμῆς,n-s---ma-,AccObj,5.0,OBJ_AP,5.28,AccObj,,,,AccObj
5,",",",",u--------,,10.0,APOS,5.28,,,,,
6,υἱὸν,υἱός,n-s---ma-,AccObj,5.0,OBJ_AP,5.28,AccObj,,,,AccObj
7,φίλον,φίλος,a-s---ma-,AccObj,6.0,ATR,5.28,AccObj,,,,AccObj
8,",",",",u--------,,5.0,AuxX,5.28,,,,,
9,ἀντίον,ἀντίος,a-s---na-,NomSubj,10.0,ADV,5.28,NomSubj,,,,NomSubj
10,ηὔδα,αὐδάω,v3siia---,Aor,3.0,PRED_CO,5.28,Aor,,,,Aor
11,·,·,u--------,,0.0,AuxK,5.28,,,,,
1,&quot;,&quot;,u--------,,16.0,AuxG,5.29,,,,,
2,Ἑρμεία,Ἑρμῆς,n-s---mv-,Voc,16.0,ExD,5.29,Voc,,,,Voc
3,",",",",u--------,,2.0,AuxX,5.29,,,,,
4,σὺ,σύ,p2s----n-,"NomSubj, Pron1",12.0,SBJ,5.29,NomSubj,,,,NomSubj
5,γὰρ,γάρ,g--------,particle indeclform,12.0,AuxY,5.29,,,,,
6,αὖτε,αὖτε,d--------,adv indeclform,12.0,AuxY,5.29,,,,,
7,τά,ὁ,l--------,"AccResp, ArtSubs",9.0,ATR,5.29,AccResp,ArtSubs,,,AccResp|ArtSubs
8,τ',τε,g--------,particle indeclform,12.0,AuxY,5.29,,,,,
9,ἄλλα,ἄλλος,a-p---na-,AccResp,12.0,ADV,5.29,AccResp,,,,AccResp
10,περ,πέρ,g--------,particle indeclform,9.0,AuxZ,5.29,,,,,
11,ἄγγελός,ἄγγελος,n-s---mn-,NomPred,12.0,PNOM,5.29,NomPred,,,,NomPred
12,ἐσσι,εἰμί,v2spia---,"PresIter, Ind, Act",16.0,ExD,5.29,PresIter,Ind,Act,,PresIter|Ind|Act
13,",",",",u--------,,12.0,AuxX,5.29,,,,,
14,νύμφῃ,νύμφη,n-s---fd-,DatVerb,16.0,OBJ,5.3,DatVerb,,,,DatVerb
15,ἐυπλοκάμῳ,εὐπλόκαμος,a-s---fd-,DatVerb,14.0,ATR,5.3,DatVerb,,,,DatVerb
16,εἰπεῖν,εἶπον,v--ana---,InfComm,0.0,PRED,5.3,InfComm,,,,InfComm
17,νημερτέα,νημερτής,a-s---fa-,AccObj,18.0,ATR,5.3,AccObj,,,,AccObj
18,βουλήν,βουλή,n-s---fa-,AccObj,19.0,OBJ_AP,5.3,AccObj,,,,AccObj
19,",",",",u--------,,16.0,APOS,5.3,,,,,
20,νόστον,νόστος,n-s---ma-,AccResp,19.0,OBJ_AP,5.31,AccResp,,,,AccResp
21,Ὀδυσσῆος,Ὀδυσσεύς,n-s---mg-,GenSubj,20.0,ATR,5.31,GenSubj,,,,GenSubj
22,ταλασίφρονος,ταλασίφρων,a-s---mg-,GenSubj,21.0,ATR,5.31,GenSubj,,,,GenSubj
23,",",",",u--------,,24.0,AuxX,5.31,,,,,
24,ὥς,ὡς,c--------,conj indeclform,16.0,AuxC,5.31,,,,,
25,κε,ἄν,g--------,Subcl4,26.0,AuxZ,5.31,,,,,
26,νέηται,νέομαι,v3spse---,Subj (Subcl4),24.0,ADV,5.31,,,,,
27,οὔ,οὐ,d--------,adv indeclform,29.0,AuxZ,5.32,,,,,
28,τε,τε,g--------,particle indeclform,32.0,AuxY,5.32,,,,,
29,θεῶν,θεός,n-p---mg-,GenSubj,32.0,ATR_CO,5.32,GenSubj,,,,GenSubj
30,πομπῇ,πομπή,n-s---fd-,DatInstr,26.0,ADV,5.32,DatInstr,,,,DatInstr
31,οὔ,οὐ,d--------,adv indeclform,34.0,AuxZ,5.32,,,,,
32,τε,τε,g--------,particle indeclform,30.0,COORD,5.32,,,,,
33,θνητῶν,θνητός,a-p---mg-,GenSubj,34.0,ATR,5.32,GenSubj,,,,GenSubj
34,ἀνθρώπων,ἄνθρωπος,n-p---mg-,GenSubj,32.0,ATR_CO,5.32,GenSubj,,,,GenSubj
35,·,·,u--------,,0.0,AuxK,5.32,,,,,
1,ἀλλ',ἀλλά,c--------,adv indeclform,14.0,AuxY,5.33,,,,,
2,ὅ,ὁ,p-s---mn-,"NomSubj, Pron4",14.0,SBJ,5.33,NomSubj,,,,NomSubj
3,γ',γε,g--------,particle indeclform,2.0,AuxZ,5.33,,,,,
4,ἐπὶ,ἐπί,r--------,Prep5,14.0,AuxP,5.33,,,,,
5,σχεδίης,σχεδία,n-s---fg-,GenTime.1 (Prep5),4.0,ADV,5.33,,,,,
6,πολυδέσμου,πολύδεσμος,a-s---fg-,GenTime.1 (Prep5),5.0,ATR,5.33,,,,,
7,πήματα,πῆμα,n-p---na-,"AccCog [lit ""suffering sufferings""]",8.0,OBJ,5.33,"AccCog [lit ""suffering sufferings""]",,,,"AccCog [lit ""suffering sufferings""]"
8,πάσχων,πάσχω,v-sppamn-,"NomSubj, PartAttr",14.0,ADV,5.33,NomSubj,PartAttr,,,NomSubj|PartAttr
9,ἤματί,ἦμαρ,n-s---nd-,DatTime,14.0,ADV,5.34,DatTime,,,,DatTime
10,κ',ἄν,g--------,OptComm (an),14.0,AuxZ,5.34,OptComm (an),,,,OptComm (an)
11,εἰκοστῷ,εἰκοστός,a-s---nd-,DatTime,9.0,ATR,5.34,DatTime,,,,DatTime
12,Σχερίην,Σχερία,n-s---fa-,AccDirec,15.0,OBJ_AP,5.34,AccDirec,,,,AccDirec
13,ἐρίβωλον,ἐριβῶλαξ,a-s---fa-,AccDirec,12.0,ATR,5.34,AccDirec,,,,AccDirec
14,ἵκοιτο,ἱκνέομαι,v3saom---,OptComm,0.0,PRED,5.34,OptComm,,,,OptComm
15,",",",",u--------,,14.0,APOS,5.34,,,,,
16,Φαιήκων,Φαίαξ,n-p---mg-,AccDirec.1 (Prep3),18.0,ATR,5.35,,,,,
17,ἐς,εἰς,r--------,Prep3,15.0,AuxP,5.35,,,,,
18,γαῖαν,γαῖα,n-s---fa-,AccDirec.1 (Prep3),17.0,OBJ_AP,5.35,,,,,
19,",",",",u--------,,22.0,AuxX,5.35,,,,,
20,οἳ,ὅς,p-p---mn-,"NomSubj, Pron8",22.0,SBJ,5.35,NomSubj,,,,NomSubj
21,ἀγχίθεοι,ἀγχίθεος,a-p---mn-,NomPred,22.0,PNOM,5.35,NomPred,,,,NomPred
22,γεγάασιν,γίγνομαι,v3pria---,Perf,23.0,ATR_CO,5.35,Perf,,,,Perf
23,",",",",u--------,,16.0,COORD,5.35,,,,,
24,οἵ,ὅς,p-p---mn-,"NomSubj, Pron8",34.0,SBJ,5.36,NomSubj,,,,NomSubj
25,κέν,ἄν,g--------,"particle indeclform, Fut (Smyth 1793)",34.0,AuxZ,5.36,,Fut (Smyth 1793),,,Fut (Smyth 1793)
26,μιν,μιν,p-s---ma-,AccObj,34.0,OBJ,5.36,AccObj,,,,AccObj
27,περὶ,περί,r--------,tmesis,31.0,AuxP,5.36,,,,,
28,κῆρι,κῆρ,n-s---nd-,DatLoc,27.0,ADV,5.36,DatLoc,,,,DatLoc
29,θεὸν,θεός,n-s---ma-,AccObj,72.0,OBJ,5.36,AccObj,,,,AccObj
30,ὣς,ὡς,d--------,adv indeclform,72.0,ADV,5.36,,,,,
31,τιμήσουσιν,τιμάω,v3pasa---,"Fut, Ind, Act; Monro, Grammar, 326.1: ken with future; also Smyth 1793",34.0,ATR_CO,5.36,Fut,Ind,,,Fut|Ind
32,",",",",u--------,,34.0,AuxX,5.36,,,,,
33,πέμψουσιν,πέμπω,v3pasa---,"Fut, Ind, Act;Monro, Grammar, 326.1: ken with future; also Smyth 1793",34.0,ATR_CO,5.37,Fut,Ind,,,Fut|Ind
34,δ',δέ,g--------,particle indeclform,23.0,COORD,5.37,,,,,
35,ἐν,ἐν,r--------,Prep5,33.0,AuxP,5.37,,,,,
36,νηὶ,ναῦς,n-s---fd-,DatLoc (Prep5),35.0,ADV,5.37,DatLoc (Prep5),,,,DatLoc (Prep5)
37,φίλην,φίλος,a-s---fa-,AccDirec.1 (Prep3),40.0,ATR,5.37,,,,,
38,ἐς,εἰς,r--------,Prep3,33.0,AuxP,5.37,,,,,
39,πατρίδα,πατρίς,a-s---fa-,AccDirec.1 (Prep3),40.0,ATR,5.37,,,,,
40,γαῖαν,γαῖα,n-s---fa-,AccDirec.1 (Prep3),38.0,ADV,5.37,,,,,
41,",",",",u--------,,49.0,AuxX,5.37,,,,,
42,χαλκόν,χαλκός,n-s---ma-,AccObj,48.0,OBJ_CO,5.38,AccObj,,,,AccObj
43,τε,τε,g--------,particle indeclform,48.0,AuxY,5.38,,,,,
44,χρυσόν,χρυσός,n-s---ma-,AccObj,48.0,OBJ_CO,5.38,AccObj,,,,AccObj
45,τε,τε,g--------,particle indeclform,48.0,AuxY,5.38,,,,,
46,ἅλις,ἅλις,d--------,adv indeclform,49.0,ADV,5.38,,,,,
47,ἐσθῆτά,ἐσθής,n-s---fa-,AccObj,48.0,OBJ_CO,5.38,AccObj,,,,AccObj
48,τε,τε,g--------,particle indeclform,49.0,COORD,5.38,,,,,
49,δόντες,δίδωμι,v-papamn-,"NomSubj, PartCirc.7",33.0,ADV,5.38,NomSubj,PartCirc.7,,,NomSubj|PartCirc.7
50,",",",",u--------,,51.0,AuxX,5.38,,,,,
51,πόλλ',πολύς,a-p---na-,AccObj,52.0,ATR_CO,5.39,AccObj,,,,AccObj
52,",",",",u--------,,48.0,COORD,5.39,,,,,
53,ὅσ',ὅσος,a-p---na-,AccObj,59.0,OBJ,5.39,AccObj,,,,AccObj
54,ἂν,ἄν,g--------,particle indeclform,59.0,AuxZ,5.39,,,,,
55,οὐ,οὐ,d--------,adv indeclform,59.0,AuxZ,5.39,,,,,
56,δέ,δέ,g--------,particle indeclform,59.0,AuxZ,5.39,,,,,
57,ποτε,ποτέ,g--------,indeclform,59.0,ADV,5.39,,,,,
58,Τροίης,Τροία,n-s---fg-,GenSep,59.0,OBJ,5.39,GenSep,,,,GenSep
59,ἐξήρατ',ἐξαίρω,v3saim---,"AorIngr, MidIndir",52.0,ATR_CO,5.39,AorIngr,MidIndir,,,AorIngr|MidIndir
60,Ὀδυσσεύς,Ὀδυσσεύς,n-s---mn-,NomSubj,59.0,SBJ,5.39,NomSubj,,,,NomSubj
61,",",",",u--------,,62.0,AuxX,5.39,,,,,
62,εἴ,εἰ,c--------,Cond1,59.0,AuxC,5.4,,,,,
63,περ,πέρ,g--------,particle indeclform,65.0,AuxY,5.4,,,,,
64,ἀπήμων,ἀπήμων,a-s---mn-,NomSubj,65.0,AtvV,5.4,NomSubj,,,,NomSubj
65,ἦλθε,ἔρχομαι,v3saia---,AorDram,62.0,ADV,5.4,AorDram,,,,AorDram
66,",",",",u--------,,67.0,AuxX,5.4,,,,,
67,λαχὼν,λαγχάνω,v-sapamn-,"NomSubj, PartCirc.7",65.0,ADV,5.4,NomSubj,PartCirc.7,,,NomSubj|PartCirc.7
68,ἀπὸ,ἀπό,r--------,Prep5,67.0,AuxP,5.4,,,,,
69,ληίδος,ληίς,n-s---fg-,GenPart (Prep5),68.0,OBJ,5.4,GenPart (Prep5),,,,GenPart (Prep5)
70,αἶσαν,αἶσα,n-s---fa-,AccObj,67.0,OBJ,5.4,AccObj,,,,AccObj
71,.,.,u--------,,0.0,AuxK,5.4,,,,,
1,ὣς,ὡς,d--------,adv indeclform,5.0,ADV,5.41,,,,,
2,γάρ,γάρ,g--------,particle indeclform,5.0,AuxY,5.41,,,,,
3,οἱ,ἕ,p-s---md-,DatPos,4.0,OBJ,5.41,DatPos,,,,DatPos
4,μοῖρ',μοῖρα,n-s---fn-,NomPred,5.0,SBJ,5.41,NomPred,,,,NomPred
5,ἐστὶ,εἰμί,v3spia---,Pres.1,0.0,PRED,5.41,Pres.1,,,,Pres.1
6,φίλους,φίλος,a-p---ma-,AccObj,8.0,OBJ,5.41,AccObj,,,,AccObj
7,τ',τε,g--------,particle indeclform,9.0,AuxY,5.41,,,,,
8,ἰδέειν,εἶδον,v--ana---,InfDyn,9.0,PNOM_CO,5.41,InfDyn,,,,InfDyn
9,καὶ,καί,c--------,conj indeclform,5.0,COORD,5.41,,,,,
10,ἱκέσθαι,ἱκνέομαι,v--anm---,InfDyn,9.0,PNOM_CO,5.41,InfDyn,,,,InfDyn
11,οἶκον,οἶκος,n-s---ma-,AccDirec.1 (Prep3),12.0,OBJ_CO,5.42,,,,,
12,ἐς,εἰς,r--------,Prep3,14.0,AuxP,5.42,,,,,
13,ὑψόροφον,ὑψόροφος,a-s---ma-,AccDirec.1 (Prep3),11.0,ATR,5.42,,,,,
14,καὶ,καί,c--------,conj indeclform,10.0,COORD,5.42,,,,,
15,ἑὴν,ἑός,a-s---fa-,"AccDirec.1 (Prep3), Pron3",18.0,ATR,5.42,,,,,
16,ἐς,εἰς,r--------,Prep3,14.0,AuxP,5.42,,,,,
17,πατρίδα,πατρίς,a-s---fa-,AccDirec.1 (Prep3),18.0,ATR,5.42,,,,,
18,γαῖαν,γαῖα,n-s---fa-,AccDirec.1 (Prep3),16.0,OBJ_CO,5.42,,,,,
19,.,.,u--------,,0.0,AuxK,5.42,,,,,
20,&quot;,&quot;,u--------,,5.0,AuxG,5.42,,,,,
1,ὣς,ὡς,d--------,adv indeclform,2.0,ADV,5.43,,,,,
2,ἔφατ',φημί,v3siie---,Impf.2,5.0,PRED_CO,5.43,Impf.2,,,,Impf.2
3,",",",",u--------,,5.0,AuxX,5.43,,,,,
4,οὐ,οὐ,d--------,adv indeclform,6.0,AuxZ,5.43,,,,,
5,δ',δέ,g--------,particle indeclform,0.0,COORD,5.43,,,,,
6,ἀπίθησε,ἀπιθέω,v3saia---,Aor,5.0,PRED_CO,5.43,Aor,,,,Aor
7,διάκτορος,διάκτορος,n-s---mn-,NomSubj,8.0,ATR,5.43,NomSubj,,,,NomSubj
8,ἀργεϊφόντης,Ἀργειφόντης,n-s---mn-,NomInd,6.0,SBJ,5.43,NomInd,,,,NomInd
9,.,.,u--------,,0.0,AuxK,5.43,,,,,
1,αὐτίκ',αὐτίκα,d--------,adv indeclform,5.0,ADV,5.44,,,,,
2,ἔπειθ',ἔπειτα,d--------,adv indeclform,5.0,ADV,5.44,,,,,
3,ὑπὸ,ὑπό,r--------,Prep3,5.0,AuxP,5.44,,,,,
4,ποσσὶν,πούς,n-p---md-,DatLoc  (Prep3),3.0,ADV,5.44,DatLoc  (Prep3),,,,DatLoc  (Prep3)
5,ἐδήσατο,δέω,v3saim---,AorIngr,0.0,PRED,5.44,AorIngr,,,,AorIngr
6,καλὰ,καλός,a-p---na-,AccObj,8.0,ATR_CO,5.44,AccObj,,,,AccObj
7,πέδιλα,πέδιλον,n-p---na-,AccObj,5.0,OBJ,5.44,AccObj,,,,AccObj
8,",",",",u--------,,7.0,COORD,5.44,,,,,
9,ἀμβρόσια,ἀμβρόσιος,a-p---na-,AccObj,8.0,ATR_CO,5.45,AccObj,,,,AccObj
10,χρύσεια,χρύσεος,a-p---na-,AccObj,8.0,ATR_CO,5.45,AccObj,,,,AccObj
11,",",",",u--------,,14.0,AuxX,5.45,,,,,
12,τά,ὁ,p-p---nn-,"NomSubj, Pron4",14.0,SBJ,5.45,NomSubj,,,,NomSubj
13,μιν,μιν,p-s---ma-,"AccObj, Pron4",14.0,OBJ,5.45,AccObj,,,,AccObj
14,φέρον,φέρω,v3piia---,ImpfIter,7.0,ATR,5.45,ImpfIter,,,,ImpfIter
15,ἠμὲν,ἠμέν,c--------,conj indeclform,18.0,AuxY,5.45,,,,,
16,ἐφ',ἐπί,r--------,Prep3,18.0,AuxP,5.45,,,,,
17,ὑγρὴν,ὑγρός,a-s---fa-,AccDirec.1 (Prep3),16.0,OBJ_CO,5.45,,,,,
18,ἠδ',ἠδέ,c--------,conj indeclform,14.0,COORD,5.46,,,,,
19,ἐπ',ἐπί,r--------,Prep3,18.0,AuxP,5.46,,,,,
20,ἀπείρονα,ἀπείρων,a-s---fa-,AccDirec.1 (Prep3),21.0,ATR,5.46,,,,,
21,γαῖαν,γαῖα,n-s---fa-,AccDirec.1 (Prep3),19.0,OBJ_CO,5.46,,,,,
22,ἅμα,ἅμα,r--------,adv indeclform,14.0,AuxP,5.46,,,,,
23,πνοιῇς,πνοή,n-p---fd-,DatAccom,22.0,ADV,5.46,DatAccom,,,,DatAccom
24,ἀνέμοιο,ἄνεμος,n-s---mg-,GenExpl,23.0,ATR,5.46,GenExpl,,,,GenExpl
25,.,.,u--------,,0.0,AuxK,5.46,,,,,
1,εἵλετο,αἱρέω,v3saim---,"AorIngr, MidIndir",2.0,PRED_CO,5.47,AorIngr,MidIndir,,,AorIngr|MidIndir
2,δὲ,δέ,g--------,particle indeclform,0.0,COORD,5.47,,,,,
3,ῥάβδον,ῥάβδος,n-s---fa-,AccObj,1.0,OBJ,5.47,AccObj,,,,AccObj
4,",",",",u--------,,15.0,AuxX,5.47,,,,,
5,τῇ,ὁ,p-s---fd-,"DatInstr, Pron8",15.0,ADV,5.47,DatInstr,,,,DatInstr
6,τ',τε,g--------,particle indeclform,9.0,AuxY,5.47,,,,,
7,ἀνδρῶν,ἀνήρ,n-p---mg-,GenPos,8.0,ATR,5.47,GenPos,,,,GenPos
8,ὄμματα,ὄμμα,n-p---na-,AccObj,9.0,OBJ,5.47,AccObj,,,,AccObj
9,θέλγει,θέλγω,v3spia---,"PresIter, Ind, Act",15.0,ATR_CO,5.47,PresIter,Ind,Act,,PresIter|Ind|Act
10,",",",",u--------,,12.0,AuxX,5.47,,,,,
11,ὧν,ὅς,p-p---mg-,"GenPos, Pron8",21.0,ATR,5.48,GenPos,,,,GenPos
12,ἐθέλει,ἐθέλω,v3spia---,"PresIter, Ind, Act",7.0,ATR,5.48,PresIter,Ind,Act,,PresIter|Ind|Act
13,",",",",u--------,,15.0,AuxX,5.48,,,,,
14,τοὺς,ὁ,p-p---ma-,"AccObj, Pron8",19.0,OBJ,5.48,AccObj,,,,AccObj
15,δ',δέ,g--------,particle indeclform,3.0,COORD,5.48,,,,,
16,αὖτε,αὖτε,d--------,adv indeclform,19.0,AuxY,5.48,,,,,
17,καὶ,καί,d--------,conj indeclform,18.0,AuxZ,5.48,,,,,
18,ὑπνώοντας,ὑπνάω,v-pppama-,"AccObj, PartAttr",14.0,ATV,5.48,AccObj,PartAttr,,,AccObj|PartAttr
19,ἐγείρει,ἐγείρω,v3spia---,"PresIter, Ind, Act",15.0,ATR_CO,5.48,PresIter,Ind,Act,,PresIter|Ind|Act
20,.,.,u--------,,0.0,AuxK,5.48,,,,,
1,τὴν,ὁ,p-s---fa-,"AccObj, Pron4",4.0,OBJ,5.49,AccObj,,,,AccObj
2,μετὰ,μετά,r--------,Prep3,4.0,AuxP,5.49,,,,,
3,χερσὶν,χείρ,n-p---fd-,"DatLoc (Prep3); Cunliffe -- ref. to hands (Pl) where one hand is meant: cheir-cunliffe-lex-1 -- maybe, maybe not but worth citing.",2.0,ADV,5.49,,,,,
4,ἔχων,ἔχω,v-sppamn-,"NomSubj, PartCirc.7",5.0,ADV,5.49,NomSubj,PartCirc.7,,,NomSubj|PartCirc.7
5,πέτετο,πέτομαι,v3siie---,ImpfDesc,0.0,PRED,5.49,ImpfDesc,,,,ImpfDesc
6,κρατὺς,κρατύς,a-s---mn-,NomSubj,7.0,ATR,5.49,NomSubj,,,,NomSubj
7,ἀργεϊφόντης,Ἀργειφόντης,n-s---mn-,NomSubj,5.0,SBJ,5.49,NomSubj,,,,NomSubj
8,.,.,u--------,,0.0,AuxK,5.49,,,,,
1,Πιερίην,Πιερία,n-s---fa-,AccDirec,3.0,OBJ,5.5,AccDirec,,,,AccDirec
2,δ',δέ,g--------,particle indeclform,0.0,COORD,5.5,,,,,
3,ἐπιβὰς,ἐπιβαίνω,v-sapamn-,"NomSubj, PartCirc.7",6.0,ADV,5.5,NomSubj,PartCirc.7,,,NomSubj|PartCirc.7
4,ἐξ,ἐκ,r--------,Prep3,6.0,AuxP,5.5,,,,,
5,αἰθέρος,αἰθήρ,n-s---mg-,GenSep (Prep3),4.0,ADV,5.5,GenSep (Prep3),,,,GenSep (Prep3)
6,ἔμπεσε,ἐμπίπτω,v3saia---,AorComp,2.0,PRED_CO,5.5,AorComp,,,,AorComp
7,πόντῳ,πόντος,n-s---md-,DatVerb,6.0,OBJ,5.5,DatVerb,,,,DatVerb
8,·,·,u--------,,0.0,AuxK,5.5,,,,,
1,σεύατ',σεύω,v3saim---,"AorComp, MidIndir",0.0,PRED,5.51,AorComp,MidIndir,,,AorComp|MidIndir
2,ἔπειτ',ἔπειτα,d--------,adv indeclform,1.0,ADV,5.51,,,,,
3,ἐπὶ,ἐπί,r--------,Prep5,1.0,AuxP,5.51,,,,,
4,κῦμα,κῦμα,n-s---na-,AccDirec.1 (Prep5),3.0,OBJ,5.51,,,,,
5,λάρῳ,λάρος,n-s---md-,DatVerb9,6.0,ATR,5.51,DatVerb9,,,,DatVerb9
6,ὄρνιθι,ὄρνις,n-s---md-,DatVerb9,7.0,OBJ,5.51,DatVerb9,,,,DatVerb9
7,ἐοικώς,εἴκω1,v-srpamn-,"NomSubj, PartCirc.2",1.0,ADV,5.51,NomSubj,PartCirc.2,,,NomSubj|PartCirc.2
8,",",",",u--------,,20.0,AuxX,5.51,,,,,
9,ὅς,ὅς,p-s---mn-,"NomSubj, Pron8",20.0,SBJ,5.52,NomSubj,,,,NomSubj
10,τε,τε,g--------,particle indeclform,20.0,AuxY,5.52,,,,,
11,κατὰ,κατά,r--------,Prep5,17.0,AuxP,5.52,,,,,
12,δεινοὺς,δεινός,a-p---ma-,AccDirec.1 (Prep5),13.0,ATR,5.52,,,,,
13,κόλπους,κόλπος,n-p---ma-,AccDirec.1 (Prep5),11.0,ADV,5.52,,,,,
14,ἁλὸς,ἅλς,n-s---mg-,GenPart,13.0,ATR,5.52,GenPart,,,,GenPart
15,ἀτρυγέτοιο,ἀτρύγετος,a-s---mg-,GenPart,14.0,ATR,5.52,GenPart,,,,GenPart
16,ἰχθῦς,ἰχθύς,n-p---ma-,AccObj,17.0,OBJ,5.53,AccObj,,,,AccObj
17,ἀγρώσσων,ἀγρώσσω,v-sppamn-,"NomSubj, PartCirc.2",20.0,ADV,5.53,NomSubj,PartCirc.2,,,NomSubj|PartCirc.2
18,πυκινὰ,πυκνός,a-p---na-,AccObj,19.0,ATR,5.53,AccObj,,,,AccObj
19,πτερὰ,πτερόν,n-p---na-,AccObj,20.0,OBJ,5.53,AccObj,,,,AccObj
20,δεύεται,δεύω1,v3spie---,"PresIter, MidDir",6.0,ATR,5.53,PresIter,MidDir,,,PresIter|MidDir
21,ἅλμῃ,ἅλμη,n-s---fd-,DatLoc,20.0,ADV,5.53,DatLoc,,,,DatLoc
22,·,·,u--------,,0.0,AuxK,5.53,,,,,
1,τῷ,ὁ,p-s---md-,"DatVerb9, Pron4",2.0,OBJ,5.54,DatVerb9,,,,DatVerb9
2,ἴκελος,ἴκελος,a-s---mn-,NomSubj,6.0,ATV,5.54,NomSubj,,,,NomSubj
3,πολέεσσιν,πολύς,a-p---nd-,DatInstr,5.0,ATR,5.54,DatInstr,,,,DatInstr
4,ὀχήσατο,ὀχέω,v3saim---,"I3, N1",0.0,PRED,5.54,,,,,
5,κύμασιν,κῦμα,n-p---nd-,DatInstr,4.0,OBJ,5.54,DatInstr,,,,DatInstr
6,Ἑρμῆς,Ἑρμῆς,n-s---mn-,NomSubj,4.0,SBJ,5.54,NomSubj,,,,NomSubj
7,.,.,u--------,,0.0,AuxK,5.54,,,,,
1,ἀλλ',ἀλλά,d--------,adv indeclform,16.0,AuxY,5.55,,,,,
2,ὅτε,ὅτε,c--------,conj indeclform,16.0,AuxC,5.55,,,,,
3,δὴ,δή,g--------,particle indeclform,6.0,AuxY,5.55,,,,,
4,τὴν,ὁ,l-s---fa-,"AccDirec, ArtSubs",5.0,ATR,5.55,AccDirec,ArtSubs,,,AccDirec|ArtSubs
5,νῆσον,νῆσος,n-s---fa-,AccDirec,6.0,OBJ,5.55,AccDirec,,,,AccDirec
6,ἀφίκετο,ἀφικνέομαι,v3saim---,"AorIngr, MidDir",2.0,ADV,5.55,AorIngr,MidDir,,,AorIngr|MidDir
7,τηλόθ',τηλόθι,d--------,adv indeclform,8.0,ADV,5.55,,,,,
8,ἐοῦσαν,εἰμί,v-sppafa-,"AccDirec, PartAttr",5.0,ATR,5.55,AccDirec,PartAttr,,,AccDirec|PartAttr
9,",",",",u--------,,2.0,AuxX,5.55,,,,,
10,ἔνθ',ἔνθα,d--------,adv indeclform,16.0,ADV,5.56,,,,,
11,ἐκ,ἐκ,r--------,Prep3,13.0,AuxP,5.56,,,,,
12,πόντου,πόντος,n-s---mg-,GenSep (Prep3),11.0,OBJ,5.56,GenSep (Prep3),,,,GenSep (Prep3)
13,βὰς,βαίνω,v-sapamn-,"NomSubj, PartCirc.7",16.0,ADV,5.56,NomSubj,PartCirc.7,,,NomSubj|PartCirc.7
14,ἰοειδέος,ἰοειδής,a-s---mg-,GenSep (Prep3),12.0,ATR,5.56,GenSep (Prep3),,,,GenSep (Prep3)
15,ἤπειρόνδε,ἤπειρόνδε,d--------,AccDirec.1,16.0,OBJ,5.56,AccDirec.1,,,,AccDirec.1
16,ἤιεν,εἶμι,v3siia---,ImpfCons,0.0,PRED,5.57,ImpfCons,,,,ImpfCons
17,",",",",u--------,,18.0,AuxX,5.57,,,,,
18,ὄφρα,ὄφρα,c--------,conj indeclform,16.0,AuxC,5.57,,,,,
19,μέγα,μέγας,a-s---na-,AccDirec,20.0,ATR,5.57,AccDirec,,,,AccDirec
20,σπέος,σπέος,n-s---na-,AccDirec,21.0,OBJ,5.57,AccDirec,,,,AccDirec
21,ἵκετο,ἱκνέομαι,v3saim---,"AorIngr, MidIndir",18.0,ADV,5.57,AorIngr,MidIndir,,,AorIngr|MidIndir
22,",",",",u--------,,26.0,AuxX,5.57,,,,,
23,τῷ,ὁ,p-s---md-,"DatLoc (Prep3), Pron8",24.0,ADV,5.57,DatLoc (Prep3),,,,DatLoc (Prep3)
24,ἔνι,ἐν,r--------,Prep3,26.0,AuxP,5.57,,,,,
25,νύμφη,νύμφη,n-s---fn-,NomSubj,26.0,SBJ,5.57,NomSubj,,,,NomSubj
26,ναῖεν,ναίω,v3siia---,ImpfDesc,20.0,ATR,5.58,ImpfDesc,,,,ImpfDesc
27,ἐυπλόκαμος,εὐπλόκαμος,a-s---fn-,NomSubj,25.0,ATR,5.58,NomSubj,,,,NomSubj
28,·,·,u--------,,0.0,AuxK,5.58,,,,,
1,τὴν,ὁ,p-s---fa-,"AccObj, Pron4",4.0,OBJ,5.58,AccObj,,,,AccObj
2,δ',δέ,g--------,particle indeclform,0.0,COORD,5.58,,,,,
3,ἔνδοθι,ἔνδοθι,d--------,adv indeclform,5.0,ADV,5.58,,,,,
4,τέτμεν,τέτμον,v3saia---,AorIngr,2.0,PRED_CO,5.58,AorIngr,,,,AorIngr
5,ἐοῦσαν,εἰμί,v-sppafa-,"AccObj, PartAttr",1.0,ATV,5.58,AccObj,PartAttr,,,AccObj|PartAttr
6,.,.,u--------,,0.0,AuxK,5.58,,,,,
1,πῦρ,πῦρ,n-s---nn-,NomSubj,6.0,SBJ,5.59,NomSubj,,,,NomSubj
2,μὲν,μέν,g--------,particle indeclform,9.0,AuxY,5.59,,,,,
3,ἐπ',ἐπί,r--------,Prep3,6.0,AuxP,5.59,,,,,
4,ἐσχαρόφιν,ἐσχάρα,n-p---md-,GenTime.1 (Prep3),3.0,ADV,5.59,,,,,
5,μέγα,μέγας,a-s---nn-,NomSubj,1.0,ATR,5.59,NomSubj,,,,NomSubj
6,καίετο,καίω,v3siie---,"ImpfDesc, MidIndir",9.0,PRED_CO,5.59,ImpfDesc,MidIndir,,,ImpfDesc|MidIndir
7,",",",",u--------,,9.0,AuxX,5.59,,,,,
8,τηλόσε,τηλόσε,d--------,adv indeclform,18.0,ADV,5.59,,,,,
9,δ',δέ,g--------,particle indeclform,0.0,COORD,5.59,,,,,
10,ὀδμὴ,ὀσμή,n-s---fn-,NomSubj,18.0,SBJ,5.59,NomSubj,,,,NomSubj
11,κέδρου,κέδρος,n-s---fg-,GenSep.1,15.0,ATR_CO,5.6,GenSep.1,,,,GenSep.1
12,τ',τε,g--------,particle indeclform,15.0,AuxY,5.6,,,,,
13,εὐκεάτοιο,εὐκέατος,a-s---ng-,GenSep.1,14.0,ATR,5.6,GenSep.1,,,,GenSep.1
14,θύου,θύον,n-s---ng-,GenSep.1,15.0,ATR_CO,5.6,GenSep.1,,,,GenSep.1
15,τ',τε,g--------,particle indeclform,10.0,COORD,5.6,,,,,
16,ἀνὰ,ἀνά,r--------,Prep5,18.0,AuxP,5.6,,,,,
17,νῆσον,νῆσος,n-s---fa-,AccDirec.1 (Prep5),16.0,ADV,5.6,,,,,
18,ὀδώδει,ὄζω,v3slia---,Pperf,9.0,PRED_CO,5.6,Pperf,,,,Pperf
19,δαιομένων,δαίω,v-pppeng-,"GenSep.1, PartCirc.4",15.0,ATV,5.61,GenSep.1,PartCirc.4,,,GenSep.1|PartCirc.4
20,·,·,u--------,,0.0,AuxK,5.61,,,,,
1,ἡ,ὁ,p-s---fn-,"NomSubj, Pron4",11.0,SBJ,5.61,NomSubj,,,,NomSubj
2,δ',δέ,g--------,particle indeclform,0.0,COORD,5.61,,,,,
3,ἔνδον,ἔνδον,d--------,adv indeclform,11.0,ADV,5.61,,,,,
4,ἀοιδιάουσ',ἀοιδιάω,v-sppafn-,"NomSubj, PartAttr",11.0,ADV,5.61,NomSubj,PartAttr,,,NomSubj|PartAttr
5,ὀπὶ,ὄψ,n-s---fd-,DatInstr,4.0,ADV,5.61,DatInstr,,,,DatInstr
6,καλῇ,καλός,a-s---fd-,DatInstr,5.0,ATR,5.61,DatInstr,,,,DatInstr
7,ἱστὸν,ἱστός,n-s---ma-,AccObj,8.0,OBJ,5.62,AccObj,,,,AccObj
8,ἐποιχομένη,ἐποίχομαι,v-sppefn-,"NomSubj, PartCirc.3",11.0,ADV,5.62,NomSubj,PartCirc.3,,,NomSubj|PartCirc.3
9,χρυσείῃ,χρύσεος,a-s---fd-,DatInstr,10.0,ATR,5.62,DatInstr,,,,DatInstr
10,κερκίδ',κερκίς,n-s---fd-,DatInstr,11.0,ADV,5.62,DatInstr,,,,DatInstr
11,ὕφαινεν,ὑφαίνω,v3siia---,ImpfDesc,2.0,PRED_CO,5.62,ImpfDesc,,,,ImpfDesc
12,.,.,u--------,,0.0,AuxK,5.62,,,,,
1,ὕλη,ὕλη,n-s---fn-,NomSubj,7.0,SBJ_AP,5.63,NomSubj,,,,NomSubj
2,δὲ,δέ,g--------,particle indeclform,0.0,COORD,5.63,,,,,
3,σπέος,σπέος,n-s---na-,AccSpac (Prep5),4.0,ADV,5.63,AccSpac (Prep5),,,,AccSpac (Prep5)
4,ἀμφὶ,ἀμφί,r--------,Prep5,5.0,AuxP,5.63,,,,,
5,πεφύκει,φύω,v3slia---,Pperf,2.0,PRED_CO,5.63,Pperf,,,,Pperf
6,τηλεθόωσα,τηλεθάω,v-sppafn-,"NomSubj, PartCirc.3",1.0,ATR,5.63,NomSubj,PartCirc.3,,,NomSubj|PartCirc.3
7,",",",",u--------,,5.0,APOS,5.63,,,,,
8,κλήθρη,κλήθρα,n-s---fn-,NomSubj,12.0,SBJ_AP_CO,5.64,NomSubj,,,,NomSubj
9,τ',τε,g--------,particle indeclform,12.0,AuxY,5.64,,,,,
10,αἴγειρός,αἴγειρος,n-s---fn-,NomSubj,12.0,SBJ_AP_CO,5.64,NomSubj,,,,NomSubj
11,τε,τε,g--------,particle indeclform,12.0,AuxY,5.64,,,,,
12,καὶ,καί,c--------,conj indeclform,7.0,COORD,5.64,,,,,
13,εὐώδης,εὐώδης,a-s---fn-,NomSubj,14.0,ATR,5.64,NomSubj,,,,NomSubj
14,κυπάρισσος,κυπάρισσος,n-s---fn-,NomSubj,12.0,SBJ_AP_CO,5.64,NomSubj,,,,NomSubj
15,.,.,u--------,,0.0,AuxK,5.64,,,,,
1,ἔνθα,ἔνθα,d--------,adv indeclform,6.0,ADV,5.65,,,,,
2,δέ,δέ,g--------,particle indeclform,0.0,COORD,5.65,,,,,
3,τ',τε,g--------,particle indeclform,6.0,AuxY,5.65,,,,,
4,ὄρνιθες,ὄρνις,n-p---mn-,NomSubj,7.0,SBJ_AP,5.65,NomSubj,,,,NomSubj
5,τανυσίπτεροι,τανυσίπτερος,a-p---mn-,NomSubj,4.0,ATR,5.65,NomSubj,,,,NomSubj
6,εὐνάζοντο,εὐνάζω,v3piie---,"ImpfIter, MidIndir",2.0,PRED_CO,5.65,ImpfIter,MidIndir,,,ImpfIter|MidIndir
7,",",",",u--------,,6.0,APOS,5.65,,,,,
8,σκῶπές,σκώψ,n-p---mn-,NomInd,13.0,SBJ_AP_CO,5.66,NomInd,,,,NomInd
9,τ',τε,g--------,particle indeclform,13.0,AuxY,5.66,,,,,
10,ἴρηκές,ἱέραξ,n-p---mn-,NomInd,13.0,SBJ_AP_CO,5.66,NomInd,,,,NomInd
11,τε,τε,g--------,particle indeclform,13.0,AuxY,5.66,,,,,
12,τανύγλωσσοί,τανύγλωσσος,a-p---mn-,NomInd,10.0,ATR,5.66,NomInd,,,,NomInd
13,τε,τε,g--------,particle indeclform,7.0,COORD,5.66,,,,,
14,κορῶναι,κορώνη,n-p---fn-,NomInd,13.0,SBJ_AP_CO,5.66,NomInd,,,,NomInd
15,εἰνάλιαι,εἰνάλιος,a-p---fn-,NomInd,14.0,ATR,5.67,NomInd,,,,NomInd
16,",",",",u--------,,21.0,AuxX,5.67,,,,,
17,τῇσίν,ὁ,p-p---fd-,"DatAdvn, Pron8",21.0,OBJ,5.67,DatAdvn,,,,DatAdvn
18,τε,τε,g--------,particle indeclform,21.0,AuxY,5.67,,,,,
19,θαλάσσια,θαλάσσιος,a-p---nn-,NomSubj,20.0,ATR,5.67,NomSubj,,,,NomSubj
20,ἔργα,ἔργον,n-p---nn-,NomSubj,21.0,SBJ,5.67,NomSubj,,,,NomSubj
21,μέμηλεν,μέλω,v3sria---,Perf,7.0,ATR,5.67,Perf,,,,Perf
22,.,.,u--------,,0.0,AuxK,5.67,,,,,
1,ἡ,ὁ,p-s---fn-,"NomSubj, Pron4",15.0,SBJ_AP,5.68,NomSubj,,,,NomSubj
2,δ',δέ,g--------,particle indeclform,0.0,COORD,5.68,,,,,
3,αὐτοῦ,αὐτοῦ,d--------,adv indeclform,12.0,ADV,5.68,,,,,
4,τετάνυστο,τανύω,v3slie---,"Pperf, MidDir",12.0,PRED_CO,5.68,Pperf,MidDir,,,Pperf|MidDir
5,περὶ,περί,r--------,Prep5,4.0,AuxP,5.68,,,,,
6,σπείους,σπέος,n-s---ng-,GenTime.1 (Prep5),5.0,ADV,5.68,,,,,
7,γλαφυροῖο,γλαφυρός,a-s---ng-,GenTime.1 (Prep5),6.0,ATR,5.68,,,,,
8,ἡμερὶς,ἡμερίς,n-s---fn-,NomSubj,15.0,SBJ_AP,5.69,NomSubj,,,,NomSubj
9,ἡβώωσα,ἡβάω,v-sppafn-,NomSubj,4.0,ADV,5.69,NomSubj,,,,NomSubj
10,",",",",u--------,,12.0,AuxX,5.69,,,,,
11,τεθήλει,θάλλω,v3slia---,Pperf,12.0,PRED_CO,5.69,Pperf,,,,Pperf
12,δὲ,δέ,g--------,particle indeclform,0.0,COORD,5.69,,,,,
13,σταφυλῇσι,σταφυλή,n-p---fd-,DatMean,11.0,ADV,5.69,DatMean,,,,DatMean
14,.,.,u--------,,0.0,AuxK,5.69,,,,,
1,κρῆναι,κρήνη,n-p---fn-,NomSubj,5.0,SBJ,5.7,NomSubj,,,,NomSubj
2,δ',δέ,g--------,particle indeclform,0.0,COORD,5.7,,,,,
3,ἑξείης,ἑξείης,d--------,adv indeclform,5.0,ADV,5.7,,,,,
4,πίσυρες,τέσσαρες,n-p---fn-,NomSubj,1.0,ATR,5.7,NomSubj,,,,NomSubj
5,ῥέον,ῥέω,v3piia---,ImpfDesc,2.0,PRED_CO,5.7,ImpfDesc,,,,ImpfDesc
6,ὕδατι,ὕδωρ,n-s---nd-,DatInstr,5.0,ADV,5.7,DatInstr,,,,DatInstr
7,λευκῷ,λευκός,a-s---nd-,DatInstr,6.0,ATR,5.7,DatInstr,,,,DatInstr
8,",",",",u--------,,11.0,AuxX,5.7,,,,,
9,πλησίαι,πλησίος,a-p---fn-,NomSubj ,11.0,OCOMP,5.71,NomSubj,,,,NomSubj
10,ἀλλήλων,ἀλλήλων,a-p---fg-,GenLoc,9.0,ATR,5.71,GenLoc,,,,GenLoc
11,τετραμμέναι,τρέπω,v-prpefn-,"PartCirc.7, MidDir",5.0,ADV,5.71,PartCirc.7,MidDir,,,PartCirc.7|MidDir
12,ἄλλυδις,ἄλλυδις,d--------,adv indeclform,11.0,OBJ,5.71,,,,,
13,ἄλλη,ἄλλος,a-s---fn-,adv indeclform,11.0,AtvV,5.71,,,,,
14,.,.,u--------,,0.0,AuxK,5.71,,,,,
1,ἀμφὶ,ἀμφί,d--------,Prep5,8.0,ADV,5.72,,,,,
2,δὲ,δέ,g--------,particle indeclform,0.0,COORD,5.72,,,,,
3,λειμῶνες,λειμών,n-p---mn-,NomSubj,8.0,SBJ,5.72,NomSubj,,,,NomSubj
4,μαλακοὶ,μαλακός,a-p---mn-,NomSubj,3.0,ATR,5.72,NomSubj,,,,NomSubj
5,ἴου,ἴον,n-s---ng-,GenMat,6.0,ATR_CO,5.72,GenMat,,,,GenMat
6,ἠδὲ,ἠδέ,c--------,conj indeclform,3.0,COORD,5.72,,,,,
7,σελίνου,σέλινον,n-s---ng-,GenMat,6.0,ATR_CO,5.72,GenMat,,,,GenMat
8,θήλεον,θηλέω,v3piia---,Impf,2.0,PRED_CO,5.73,Impf,,,,Impf
9,.,.,u--------,,0.0,AuxK,5.73,,,,,
1,ἔνθα,ἔνθα,d--------,adv indeclform,10.0,ADV,5.73,,,,,
2,κ',ἄν,g--------,OptPoten (an),10.0,AuxZ,5.73,OptPoten (an),,,,OptPoten (an)
3,ἔπειτα,ἔπειτα,d--------,adv indeclform,10.0,ADV,5.73,,,,,
4,καὶ,καί,d--------,conj indeclform,5.0,AuxZ,5.73,,,,,
5,ἀθάνατός,ἀθάνατος,a-s---mn-,NomSubj,10.0,AtvV,5.73,NomSubj,,,,NomSubj
6,περ,πέρ,g--------,particle indeclform,5.0,AuxZ,5.73,,,,,
7,ἐπελθὼν,ἐπέρχομαι,v-sapamn-,"NomSubj, PartCirc.1",10.0,ADV,5.73,NomSubj,PartCirc.1,,,NomSubj|PartCirc.1
8,θηήσαιτο,θεάομαι,v3saoe---,"OptPoten.1, MidIndir",10.0,PRED_CO,5.74,OptPoten.1,MidIndir,,,OptPoten.1|MidIndir
9,ἰδὼν,εἶδον,v-sapamn-,"NomSubj, PartCirc.7",8.0,ADV,5.74,NomSubj,PartCirc.7,,,NomSubj|PartCirc.7
10,καὶ,καί,c--------,conj indeclform,0.0,COORD,5.74,,,,,
11,τερφθείη,τέρπω,v3saop---,"OptPoten.1, Pass",10.0,PRED_CO,5.74,OptPoten.1,Pass,,,OptPoten.1|Pass
12,φρεσὶν,φρήν,n-p---fd-,DatLoc,11.0,ADV,5.74,DatLoc,,,,DatLoc
13,ᾗσιν,ὅς,p-p---fd-,"DatLoc, Pron4",12.0,ATR,5.74,DatLoc,,,,DatLoc
14,.,.,u--------,,0.0,AuxK,5.74,,,,,
1,ἔνθα,ἔνθα,d--------,adv indeclform,2.0,ADV,5.75,,,,,
2,στὰς,ἵστημι,v-sapamn-,"NomSubj, PartCirc.7",3.0,ADV,5.75,NomSubj,PartCirc.7,,,NomSubj|PartCirc.7
3,θηεῖτο,θεάομαι,v3siie---,"Impf, MidIndir",0.0,PRED,5.75,Impf,MidIndir,,,Impf|MidIndir
4,διάκτορος,διάκτορος,n-s---mn-,NomSubj,5.0,ATR,5.75,NomSubj,,,,NomSubj
5,ἀργεϊφόντης,Ἀργειφόντης,n-s---mn-,NomInd,3.0,SBJ,5.75,NomInd,,,,NomInd
6,.,.,u--------,,0.0,AuxK,5.75,,,,,
1,αὐτὰρ,ἀτάρ,g--------,particle indeclform,14.0,AuxY,5.76,,,,,
2,ἐπεὶ,ἐπεί,c--------,conj indeclform,14.0,AuxC,5.76,,,,,
3,δὴ,δή,g--------,particle indeclform,6.0,AuxY,5.76,,,,,
4,πάντα,πᾶς,a-p---na-,AccObj,6.0,OBJ,5.76,AccObj,,,,AccObj
5,ἑῷ,ἑός,a-s---md-,"DatLoc, Pron3",7.0,ATR,5.76,DatLoc,,,,DatLoc
6,θηήσατο,θεάομαι,v3saie---,"AorIngr, MidIndir",2.0,ADV,5.76,AorIngr,MidIndir,,,AorIngr|MidIndir
7,θυμῷ,θυμός,n-s---md-,DatLoc,6.0,ADV,5.76,DatLoc,,,,DatLoc
8,",",",",u--------,,2.0,AuxX,5.76,,,,,
9,αὐτίκ',αὐτίκα,d--------,adv indeclform,14.0,ADV,5.77,,,,,
10,ἄρ',ἄρα,g--------,particle indeclform,14.0,AuxY,5.77,,,,,
11,εἰς,εἰς,r--------,Prep3,14.0,AuxP,5.77,,,,,
12,εὐρὺ,εὐρύς,a-s---na-,AccDirec.1 (Prep3),13.0,ATR,5.77,,,,,
13,σπέος,σπέος,n-s---na-,AccDirec.1 (Prep3),11.0,OBJ,5.77,,,,,
14,ἤλυθεν,ἔρχομαι,v3saia---,Aor,0.0,PRED,5.77,Aor,,,,Aor
15,.,.,u--------,,0.0,AuxK,5.77,,,,,
1,οὐ,οὐ,d--------,adv indeclform,5.0,AuxZ,5.77,,,,,
2,δέ,δέ,g--------,particle indeclform,0.0,COORD,5.77,,,,,
3,μιν,μιν,p-s---ma-,AccObj,5.0,OBJ,5.77,AccObj,,,,AccObj
4,ἄντην,ἄντην,d--------,adv indeclform,6.0,ADV,5.77,,,,,
5,ἠγνοίησεν,ἀγνοέω,v3saia---,AorIngr,2.0,PRED_CO,5.78,AorIngr,,,,AorIngr
6,ἰδοῦσα,εἶδον,v-sapafn-,PartCirc.7,5.0,ADV,5.78,PartCirc.7,,,,PartCirc.7
7,Καλυψώ,Καλυψώ,n-s---fn-,NomSubj,8.0,SBJ_AP,5.78,NomSubj,,,,NomSubj
8,",",",",u--------,,5.0,APOS,5.78,,,,,
9,δῖα,δῖος,a-s---fn-,NomInd,8.0,SBJ_AP,5.78,NomInd,,,,NomInd
10,θεάων,θεά,n-p---fg-,GenPart,9.0,ATR,5.78,GenPart,,,,GenPart
11,·,·,u--------,,0.0,AuxK,5.78,,,,,
1,οὐ,οὐ,d--------,adv indeclform,7.0,AuxZ,5.79,,,,,
2,γάρ,γάρ,g--------,particle indeclform,7.0,AuxY,5.79,,,,,
3,τ',τε,g--------,particle indeclform,7.0,AuxY,5.79,,,,,
4,ἀγνῶτες,ἀγνώς,n-p---mn-,NomPred,7.0,PNOM,5.79,NomPred,,,,NomPred
5,θεοὶ,θεός,n-p---mn-,NomSubj,7.0,SBJ,5.79,NomSubj,,,,NomSubj
6,ἀλλήλοισι,ἀλλήλων,a-p---md-,DatVerb,4.0,ATR,5.79,DatVerb,,,,DatVerb
7,πέλονται,πέλω,v3ppie---,"PresIter.1, In1, MidIndir",0.0,PRED,5.79,PresIter.1,,MidIndir,,PresIter.1|MidIndir
8,ἀθάνατοι,ἀθάνατος,a-p---mn-,NomSubj,5.0,ATR,5.8,NomSubj,,,,NomSubj
9,",",",",u--------,,12.0,AuxX,5.8,,,,,
10,οὐ,οὐ,d--------,adv indeclform,7.0,AuxZ,5.8,,,,,
11,δ',δέ,g--------,particle indeclform,7.0,AuxZ,5.8,,,,,
12,εἴ,εἰ,c--------,conj indeclform,7.0,AuxC,5.8,,,,,
13,τις,τις,p-s---mn-,"NomSubj, Pron6",16.0,SBJ,5.8,NomSubj,,,,NomSubj
14,ἀπόπροθι,ἀπόπροθι,d--------,adv indeclform,16.0,ADV,5.8,,,,,
15,δώματα,δῶμα,n-p---na-,AccObj,16.0,OBJ,5.8,AccObj,,,,AccObj
16,ναίει,ναίω,v3spia---,"PresIter.1, Ind, Act",12.0,ADV,5.8,PresIter.1,Ind,Act,,PresIter.1|Ind|Act
17,.,.,u--------,,0.0,AuxK,5.8,,,,,
1,οὐ,οὐ,d--------,adv indeclform,7.0,AuxZ,5.81,,,,,
2,δ',δέ,g--------,particle indeclform,9.0,AuxY,5.81,,,,,
3,ἄρ',ἄρα,g--------,particle indeclform,7.0,AuxY,5.81,,,,,
4,Ὀδυσσῆα,Ὀδυσσεύς,n-s---ma-,AccObj,7.0,OBJ,5.81,AccObj,,,,AccObj
5,μεγαλήτορα,μεγαλήτωρ,n-s---ma-,AccObj,4.0,ATR,5.81,AccObj,,,,AccObj
6,ἔνδον,ἔνδον,d--------,adv indeclform,7.0,ADV,5.81,,,,,
7,ἔτετμεν,τέτμον,v3saia---,AorIngr,9.0,PRED_CO,5.81,AorIngr,,,,AorIngr
8,",",",",u--------,,9.0,AuxX,5.81,,,,,
9,ἀλλ',ἀλλά,d--------,adv indeclform,0.0,COORD,5.82,,,,,
10,ὅ,ὁ,p-s---mn-,"NomSubj, Pron4",14.0,SBJ,5.82,NomSubj,,,,NomSubj
11,γ',γε,g--------,particle indeclform,10.0,AuxZ,5.82,,,,,
12,ἐπ',ἐπί,r--------,Prep3,15.0,AuxP,5.82,,,,,
13,ἀκτῆς,ἀκτή,n-s---fg-,GenTime.1 (Prep3),12.0,OBJ,5.82,,,,,
14,κλαῖε,κλαίω,v3siia---,ImpfIter,9.0,PRED_CO,5.82,ImpfIter,,,,ImpfIter
15,καθήμενος,κάθημαι,v-srpemn-,"NomSubj, PartCirc.1, Perf, MidDir",14.0,ADV,5.82,NomSubj,PartCirc.1,Perf,MidDir,NomSubj|PartCirc.1|Perf|MidDir
16,",",",",u--------,,29.0,AuxX,5.82,,,,,
17,ἔνθα,ἔνθα,d--------,adv indeclform,29.0,ADV,5.82,,,,,
18,πάρος,πάρος,d--------,adv indeclform,29.0,ADV,5.82,,,,,
19,περ,πέρ,g--------,particle indeclform- Ebeling164,18.0,AuxZ,5.82,,,,,
20,",",",",u--------,,27.0,AuxX,5.82,,,,,
21,δάκρυσι,δάκρυον,n-p---nd-,DatInstr,24.0,ADV_CO,5.83,DatInstr,,,,DatInstr
22,καὶ,καί,c--------,conj indeclform,24.0,AuxY,5.83,,,,,
23,στοναχῇσι,στοναχή,n-p---fd-,DatInstr,24.0,ADV_CO,5.83,DatInstr,,,,DatInstr
24,καὶ,καί,c--------,conj indeclform,27.0,COORD,5.83,,,,,
25,ἄλγεσι,ἄλγος,n-p---nd-,DatInstr,24.0,ADV_CO,5.83,DatInstr,,,,DatInstr
26,θυμὸν,θυμός,n-s---ma-,AccObj,27.0,OBJ,5.83,AccObj,,,,AccObj
27,ἐρέχθων,ἐρέχθω,v-sppamn-,"NomSubj, PartCirc.4",14.0,ADV,5.83,NomSubj,PartCirc.4,,,NomSubj|PartCirc.4
28,.,.,u--------,,0.0,AuxK,5.83,,,,,
1,πόντον,πόντος,n-s---ma-,AccDirec.1 (Prep5),2.0,OBJ,5.84,,,,,
2,ἐπ',ἐπί,r--------,Prep5,4.0,AuxP,5.84,,,,,
3,ἀτρύγετον,ἀτρύγετος,a-s---ma-,AccDirec.1 (Prep5),1.0,ATR,5.84,,,,,
4,δερκέσκετο,δέρκομαι,v3siie---,ImpfIter.1,0.0,PRED,5.84,ImpfIter.1,,,,ImpfIter.1
5,δάκρυα,δάκρυον,n-p---na-,AccObj,6.0,OBJ,5.84,AccObj,,,,AccObj
6,λείβων,λείβω,v-sppamn-,"NomSubj, PartCirc.7",4.0,ADV,5.84,NomSubj,PartCirc.7,,,NomSubj|PartCirc.7
7,.,.,u--------,,0.0,AuxK,5.84,,,,,
1,Ἑρμείαν,Ἑρμῆς,n-s---ma-,AccObj,3.0,OBJ,5.85,AccObj,,,,AccObj
2,δ',δέ,g--------,particle indeclform,0.0,COORD,5.85,,,,,
3,ἐρέεινε,ἐρεείνω,v3siia---,Aor,2.0,PRED_CO,5.85,Aor,,,,Aor
4,Καλυψώ,Καλυψώ,n-s---fn-,NomSubj,5.0,SBJ_AP,5.85,NomSubj,,,,NomSubj
5,",",",",u--------,,3.0,APOS,5.85,,,,,
6,δῖα,δῖος,a-s---fn-,NomInd,5.0,SBJ_AP,5.85,NomInd,,,,NomInd
7,θεάων,θεά,n-p---fg-,GenPart,6.0,ATR,5.85,GenPart,,,,GenPart
8,",",",",u--------,,11.0,AuxX,5.85,,,,,
9,ἐν,ἐν,r--------,Prep5,11.0,AuxP,5.86,,,,,
10,θρόνῳ,θρόνος,n-s---md-,DatLoc (Prep5),9.0,OBJ,5.86,DatLoc (Prep5),,,,DatLoc (Prep5)
11,ἱδρύσασα,ἱδρύω,v-sapafn-,"NomSubj, PartCirc.7",3.0,ADV,5.86,NomSubj,PartCirc.7,,,NomSubj|PartCirc.7
12,φαεινῷ,φαεινός,a-s---md-,DatLoc (Prep5),10.0,ATR,5.86,DatLoc (Prep5),,,,DatLoc (Prep5)
13,σιγαλόεντι,σιγαλόεις,a-s---md-,DatLoc (Prep5),10.0,ATR,5.86,DatLoc (Prep5),,,,DatLoc (Prep5)
14,·,·,u--------,,0.0,AuxK,5.86,,,,,
1,&quot;,&quot;,u--------,,8.0,AuxG,5.87,,,,,
2,τίπτε,τίπτε,d--------,indeclform,8.0,ADV,5.87,,,,,
3,μοι,ἐγώ,p1s---fd-,"DatVerb, Pron1",8.0,OBJ,5.87,DatVerb,,,,DatVerb
4,",",",",u--------,,5.0,AuxX,5.87,,,,,
5,Ἑρμεία,Ἑρμῆς,n-s---mv-,Voc,8.0,ExD,5.87,Voc,,,,Voc
6,χρυσόρραπι,χρυσόρραπις,n-s---mv-,Voc,5.0,ATR,5.87,Voc,,,,Voc
7,",",",",u--------,,5.0,AuxX,5.87,,,,,
8,εἰλήλουθας,ἔρχομαι,v2sria---,Perf,0.0,PRED,5.87,Perf,,,,Perf
9,αἰδοῖός,αἰδοῖος,a-s---mn-,NomInd,12.0,AtvV_CO,5.88,NomInd,,,,NomInd
10,τε,τε,g--------,particle indeclform,12.0,AuxY,5.88,,,,,
11,φίλος,φίλος,a-s---mn-,NomInd,12.0,AtvV_CO,5.88,NomInd,,,,NomInd
12,τε,τε,g--------,particle indeclform,8.0,COORD,5.88,,,,,
13,;,;,u--------,,0.0,AuxK,5.88,,,,,
1,πάρος,πάρος,d--------,adv indeclform,6.0,ADV,5.88,,,,,
2,γε,γε,g--------,particle indeclform,1.0,AuxZ,5.88,,,,,
3,μὲν,μέν,g--------,particle indeclform,6.0,AuxY,5.88,,,,,
4,οὔ,οὐ,d--------,adv indeclform,6.0,AuxZ,5.88,,,,,
5,τι,τις,p-s---na-,"AccResp, Pron6",6.0,AuxZ,5.88,AccResp,,,,AccResp
6,θαμίζεις,θαμίζω,v2spia---,"PresIter, Ind, Act",0.0,PRED,5.88,PresIter,Ind,Act,,PresIter|Ind|Act
7,.,.,u--------,,0.0,AuxK,5.88,,,,,
1,αὔδα,αὐδάω,v2spma---,ImprComm,0.0,PRED,5.89,ImprComm,,,,ImprComm
2,ὅ,ὅς,p-s---na-,"AccObj, Pron4",4.0,OBJ,5.89,AccObj,,,,AccObj
3,τι,τις,p-s---na-,"AccObj, Pron6",2.0,ATR,5.89,AccObj,,,,AccObj
4,φρονέεις,φρονέω,v2spia---,"Pres, Ind, Act",1.0,OBJ,5.89,Pres,Ind,Act,,Pres|Ind|Act
5,·,·,u--------,,0.0,AuxK,5.89,,,,,
1,τελέσαι,τελέω,v--ana---,InfDyn,5.0,OBJ,5.89,InfDyn,,,,InfDyn
2,δέ,δέ,g--------,particle indeclform,0.0,COORD,5.89,,,,,
3,με,ἐγώ,p1s---fa-,AccSubj,1.0,SBJ,5.89,AccSubj,,,,AccSubj
4,θυμὸς,θυμός,n-s---mn-,NomSubj,5.0,SBJ,5.89,NomSubj,,,,NomSubj
5,ἄνωγεν,ἄνωγα,v3sria---,Perf,2.0,PRED_CO,5.89,Perf,,,,Perf
6,",",",",u--------,,11.0,AuxX,5.89,,,,,
7,εἰ,εἰ,c--------,conj indeclform,11.0,AuxC,5.9,,,,,
8,δύναμαι,δύναμαι,v1spie---,"Pres.1, Ind, MidIndir",7.0,ADV_CO,5.9,Pres.1,Ind,MidIndir,,Pres.1|Ind|MidIndir
9,τελέσαι,τελέω,v--ana---,InfDyn,8.0,OBJ,5.9,InfDyn,,,,InfDyn
10,γε,γε,g--------,particle indeclform,9.0,AuxZ,5.9,,,,,
11,καὶ,καί,c--------,conj indeclform,5.0,COORD,5.9,,,,,
12,εἰ,εἰ,c--------,conj indeclform,11.0,AuxC,5.9,,,,,
13,τετελεσμένον,τελέω,v-srpenn-,"NomPred, PartSupp.2 [hysteron proteron, Smyth 3030]",14.0,PNOM,5.9,NomPred,,,,NomPred
14,ἐστίν,εἰμί,v3spia---,"Pres.1, Ind, Act",12.0,ADV_CO,5.9,Pres.1,Ind,Act,,Pres.1|Ind|Act
15,.,.,u--------,,0.0,AuxK,5.9,,,,,
1,ἀλλ',ἀλλά,d--------,adv indeclform,2.0,AuxY,5.91,,,,,
2,ἕπεο,ἕπομαι,v2spme---,ImprComm,0.0,PRED,5.91,ImprComm,,,,ImprComm
3,προτέρω,προτέρω,d--------,adv indeclform,2.0,ADV,5.91,,,,,
4,",",",",u--------,,5.0,AuxX,5.91,,,,,
5,ἵνα,ἵνα,c--------,Subcl4,2.0,AuxC,5.91,,,,,
6,τοι,σύ,p2s----d-,"DatVerb, Pron1",9.0,OBJ,5.91,DatVerb,,,,DatVerb
7,πὰρ,παρά,r--------,adv indeclform,9.0,AuxZ,5.91,,,,,
8,ξείνια,ξένιος,a-p---na-,AccObj,9.0,OBJ,5.91,AccObj,,,,AccObj
9,θείω,τίθημι,v1sasa---,Subj (Subcl4),5.0,ADV,5.91,,,,,
10,.,.,u--------,,0.0,AuxK,5.91,,,,,
11,&quot;,&quot;,u--------,,2.0,AuxG,5.91,,,,,
1,ὥς,ὡς,d--------,conj indeclform,3.0,ADV,5.92,,,,,
2,ἄρα,ἄρα,g--------,particle indeclform,3.0,AuxY,5.92,,,,,
3,φωνήσασα,φωνέω,v-sapafn-,"NomSubj, PartCirc.7",5.0,ADV,5.92,NomSubj,PartCirc.7,,,NomSubj|PartCirc.7
4,θεὰ,θεά,n-s---fn-,NomSubj,11.0,SBJ,5.92,NomSubj,,,,NomSubj
5,παρέθηκε,παρατίθημι,v3saia---,AorComp,11.0,PRED_CO,5.92,AorComp,,,,AorComp
6,τράπεζαν,τράπεζα,n-s---fa-,AccObj,5.0,OBJ,5.92,AccObj,,,,AccObj
7,ἀμβροσίης,ἀμβροσίη,n-s---fg-,GenVerb.10,8.0,OBJ,5.93,GenVerb.10,,,,GenVerb.10
8,πλήσασα,πίμπλημι,v-sapafn-,"NomSubj, PartCirc.7",5.0,ADV,5.93,NomSubj,PartCirc.7,,,NomSubj|PartCirc.7
9,",",",",u--------,,11.0,AuxX,5.93,,,,,
10,κέρασσε,κεράννυμι,v3saia---,AorComp,11.0,PRED_CO,5.93,AorComp,,,,AorComp
11,δὲ,δέ,g--------,particle indeclform,0.0,COORD,5.93,,,,,
12,νέκταρ,νέκταρ,n-s---na-,AccObj,10.0,OBJ,5.93,AccObj,,,,AccObj
13,ἐρυθρόν,ἐρυθρός,a-s---na-,AccObj,12.0,ATR,5.93,AccObj,,,,AccObj
14,.,.,u--------,,0.0,AuxK,5.93,,,,,
1,αὐτὰρ,ἀτάρ,g--------,particle indeclform,4.0,AuxY,5.94,,,,,
2,ὁ,ὁ,p-s---mn-,"NomSubj, Pron4",9.0,SBJ,5.94,NomSubj,,,,NomSubj
3,πῖνε,πίνω,v3siia---,ImpfCons,4.0,PRED_CO,5.94,ImpfCons,,,,ImpfCons
4,καὶ,καί,c--------,conj indeclform,0.0,COORD,5.94,,,,,
5,ἦσθε,ἔσθω,v3siia---,ImpfCons,4.0,PRED_CO,5.94,ImpfCons,,,,ImpfCons
6,διάκτορος,διάκτορος,n-s---mn-,NomSubj,7.0,ATR,5.94,NomSubj,,,,NomSubj
7,ἀργεϊφόντης,Ἀργειφόντης,n-s---mn-,NomInd,9.0,OBJ_AP,5.94,NomInd,,,,NomInd
8,.,.,u--------,,0.0,AuxK,5.94,,,,,
1,αὐτὰρ,ἀτάρ,g--------,particle indeclform,15.0,AuxY,5.95,,,,,
2,ἐπεὶ,ἐπεί,c--------,conj indeclform,15.0,AuxC,5.95,,,,,
3,δείπνησε,δειπνέω,v3saia---,AorIngr,4.0,ADV_CO,5.95,AorIngr,,,,AorIngr
4,καὶ,καί,c--------,conj indeclform,2.0,COORD,5.95,,,,,
5,ἤραρε,ἀραρίσκω,v3saia---,AorIngr,4.0,ADV_CO,5.95,AorIngr,,,,AorIngr
6,θυμὸν,θυμός,n-s---ma-,AccObj,5.0,OBJ,5.95,AccObj,,,,AccObj
7,ἐδωδῇ,ἐδωδή,n-s---fd-,DatInstr,5.0,ADV,5.95,DatInstr,,,,DatInstr
8,",",",",u--------,,2.0,AuxX,5.95,,,,,
9,καὶ,καί,d--------,conj indeclform,15.0,AuxY,5.96,,,,,
10,τότε,τότε,d--------,adv indeclform,15.0,ADV,5.96,,,,,
11,δή,δή,g--------,particle indeclform,15.0,AuxY,5.96,,,,,
12,μιν,μιν,p-s---fa-,"AccObj, Pron4",15.0,OBJ,5.96,AccObj,,,,AccObj
13,ἔπεσσιν,ἔπος,n-p---nd-,DatInstr,15.0,ADV,5.96,DatInstr,,,,DatInstr
14,ἀμειβόμενος,ἀμείβω,v-sppemn-,"NomSubj, PartCirc.5",15.0,ADV,5.96,NomSubj,PartCirc.5,,,NomSubj|PartCirc.5
15,προσέειπεν,προσεῖπον,v3saia---,Aor,0.0,PRED,5.96,Aor,,,,Aor
16,·,·,u--------,,0.0,AuxK,5.96,,,,,
1,&quot;,&quot;,u--------,,2.0,AuxG,5.97,,,,,
2,εἰρωτᾷς,ἐρωτάω,v2spia---,"Pres, Ind, Act",0.0,PRED,5.97,Pres,Ind,Act,,Pres|Ind|Act
3,μ',ἐγώ,p1s---ma-,"AccObj, Pron1",2.0,OBJ,5.97,AccObj,,,,AccObj
4,ἐλθόντα,ἔρχομαι,v-sapama-,"AccDoubl, PartAttr, AorIngr",2.0,ATV,5.97,AccDoubl,PartAttr,AorIngr,,AccDoubl|PartAttr|AorIngr
5,θεὰ,θεά,n-s---fn-,NomInd,2.0,AtvV,5.97,NomInd,,,,NomInd
6,θεόν,θεός,n-s---ma-,AccObj [paranomasia- Smyth 3040],3.0,ATV,5.97,AccObj [paranomasia- Smyth 3040],,,,AccObj [paranomasia- Smyth 3040]
7,·,·,u--------,,0.0,AuxK,5.97,,,,,
1,αὐτὰρ,ἀτάρ,g--------,particle indeclform,7.0,AuxY,5.97,,,,,
2,ἐγώ,ἐγώ,p1s---mn-,"NomSubj, Pron1",7.0,SBJ,5.97,NomSubj,,,,NomSubj
3,τοι,σύ,p2s----d-,"DatVerb, Pron1",7.0,OBJ,5.97,DatVerb,,,,DatVerb
4,νημερτέως,νημερτής,d--------,adv,7.0,ADV,5.98,,,,,
5,τὸν,ὁ,l-s---ma-,"AccObj, ArtSubs",6.0,ATR,5.98,AccObj,ArtSubs,,,AccObj|ArtSubs
6,μῦθον,μῦθος,n-s---ma-,AccObj,7.0,OBJ,5.98,AccObj,,,,AccObj
7,ἐνισπήσω,ἐνέπω,v1sfia---,FutHypo,0.0,PRED,5.98,FutHypo,,,,FutHypo
8,·,·,u--------,,0.0,AuxK,5.98,,,,,
1,κέλεαι,κέλομαι,v2spie---,Pres,0.0,PRED,5.98,Pres,,,,Pres
2,γάρ,γάρ,g--------,particle indeclform,1.0,AuxY,5.98,,,,,
3,.,.,u--------,,0.0,AuxK,5.98,,,,,
1,Ζεὺς,Ζεύς,n-s---mn-,NomSubj,4.0,SBJ,5.99,NomSubj,,,,NomSubj
2,ἐμέ,ἐγώ,p1s---ma-,AccObj,6.0,SBJ,5.99,AccObj,,,,AccObj
3,γ',γε,g--------,particle indeclform,2.0,AuxZ,5.99,,,,,
4,ἠνώγει,ἄνωγα,v3siia---,Pperf,0.0,PRED,5.99,Pperf,,,,Pperf
5,δεῦρ',δεῦρο,d--------,adv indeclform,6.0,OBJ,5.99,,,,,
6,ἐλθέμεν,ἔρχομαι,v--ana---,InfDyn,4.0,OBJ,5.99,InfDyn,,,,InfDyn
7,οὐκ,οὐ,d--------,adv indeclform,8.0,AuxZ,5.99,,,,,
8,ἐθέλοντα,ἐθέλω,v-sppama-,"AccResp, PartAttr",2.0,ATV,5.99,AccResp,PartAttr,,,AccResp|PartAttr
9,·,·,u--------,,0.0,AuxK,5.99,,,,,
1,τίς,τις,p-s---mn-,"NomSubj, Pron7",6.0,SBJ,5.1,NomSubj,,,,NomSubj
2,δ',δέ,g--------,particle indeclform,0.0,COORD,5.1,,,,,
3,ἂν,ἄν,g--------,OptPoten (an),6.0,AuxZ,5.1,OptPoten (an),,,,OptPoten (an)
4,ἑκὼν,ἑκών,a-s---mn-,"NomSubj, PartCirc",1.0,ATV,5.1,NomSubj,PartCirc,,,NomSubj|PartCirc
5,τοσσόνδε,τοσόσδε,p-s---na-,"AccDirec, Pron4",8.0,ATR,5.1,AccDirec,,,,AccDirec
6,διαδράμοι,διατρέχω,v3saoa---,OptPoten,2.0,PRED_CO,5.1,OptPoten,,,,OptPoten
7,ἁλμυρὸν,ἁλμυρός,a-s---na-,AccDirec,8.0,ATR,5.1,AccDirec,,,,AccDirec
8,ὕδωρ,ὕδωρ,n-s---na-,AccDirec,6.0,OBJ,5.1,AccDirec,,,,AccDirec
9,ἄσπετον,ἄσπετος,a-s---na-,AccDirec,8.0,ATR,5.101,AccDirec,,,,AccDirec
10,;,;,u--------,,0.0,AuxK,5.101,,,,,
1,οὐ,οὐ,d--------,adv indeclform,18.0,AuxZ,5.101,,,,,
2,δέ,δέ,g--------,particle indeclform,0.0,COORD,5.101,,,,,
3,τις,τις,p-s---fn-,"NomSubj, Pron6",6.0,ATR,5.101,NomSubj,,,,NomSubj
4,ἄγχι,ἄγχι,d--------,adv indeclform,18.0,ADV,5.101,,,,,
5,βροτῶν,βροτός,n-p---mg-,GenPos,6.0,ATR,5.101,GenPos,,,,GenPos
6,πόλις,πόλις,n-s---fn-,NomSubj,18.0,SBJ,5.101,NomSubj,,,,NomSubj
7,",",",",u--------,,13.0,AuxX,5.101,,,,,
8,οἵ,ὅς,p-p---mn-,"NomSubj, Pron8",13.0,SBJ,5.101,NomSubj,,,,NomSubj
9,τε,τε,g--------,particle indeclform,13.0,AuxY,5.101,,,,,
10,θεοῖσιν,θεός,n-p---md-,DatAdvn,13.0,OBJ,5.101,DatAdvn,,,,DatAdvn
11,ἱερά,ἱερός,a-p---na-,AccObj,14.0,OBJ_CO,5.102,AccObj,,,,AccObj
12,τε,τε,g--------,particle indeclform,14.0,AuxY,5.102,,,,,
13,ῥέζουσι,ῥέζω,v3ppia---,"PresIter.1, Ind, Act",5.0,ATR,5.102,PresIter.1,Ind,Act,,PresIter.1|Ind|Act
14,καὶ,καί,c--------,conj indeclform,13.0,COORD,5.102,,,,,
15,ἐξαίτους,ἔξαιτος,a-p---fa-,AccObj,16.0,ATR,5.102,AccObj,,,,AccObj
16,ἑκατόμβας,ἑκατόμβη,n-p---fa-,AccObj,14.0,OBJ_CO,5.102,AccObj,,,,AccObj
17,.,.,u--------,,0.0,AuxK,5.102,,,,,
1,ἀλλὰ,ἀλλά,d--------,adv indeclform,5.0,AuxY,5.103,,,,,
2,μάλ',μάλα,d--------,adv indeclform,3.0,AuxZ,5.103,,,,,
3,οὔ,οὐ,d--------,adv indeclform,5.0,AuxZ,5.103,,,,,
4,πως,πως,g--------,particle indeclform,5.0,AuxY,5.103,,,,,
5,ἔστι,εἰμί,v3spia---,"PresIter.1., Ind, Act",0.0,PRED,5.103,PresIter.1.,Ind,Act,,PresIter.1.|Ind|Act
6,Διὸς,Ζεύς,n-s---mg-,GenPos,7.0,ATR,5.103,GenPos,,,,GenPos
7,νόον,νόος,n-s---ma-,AccObj,14.0,OBJ,5.103,AccObj,,,,AccObj
8,αἰγιόχοιο,αἰγίοχος,a-s---mg-,GenPos,6.0,ATR,5.103,GenPos,,,,GenPos
9,οὔ,οὐ,d--------,adv indeclform,14.0,AuxY,5.104,,,,,
10,τε,τε,g--------,particle indeclform,14.0,AuxY,5.104,,,,,
11,παρεξελθεῖν,παρεξέρχομαι,v--ana---,"InfDyn, AorGnom",14.0,SBJ_CO,5.104,InfDyn,AorGnom,,,InfDyn|AorGnom
12,ἄλλον,ἄλλος,a-s---ma-,AccSubj,13.0,ATR,5.104,AccSubj,,,,AccSubj
13,θεὸν,θεός,n-s---ma-,AccSubj,14.0,SBJ,5.104,AccSubj,,,,AccSubj
14,οὔθ',οὔτε,c--------,adv indeclform,5.0,COORD,5.104,,,,,
15,ἁλιῶσαι,ἁλιόω,v--ana---,"InfDyn, AorGnom",14.0,SBJ_CO,5.104,InfDyn,AorGnom,,,InfDyn|AorGnom
16,.,.,u--------,,0.0,AuxK,5.104,,,,,
1,φησί,φημί,v3spia---,PresPerf,0.0,PRED,5.105,PresPerf,,,,PresPerf
2,τοι,σύ,p2s----d-,"DatPos, Pron1",4.0,OBJ,5.105,DatPos,,,,DatPos
3,ἄνδρα,ἀνήρ,n-s---ma-,AccSubj,4.0,SBJ,5.105,AccSubj,,,,AccSubj
4,παρεῖναι,πάρειμι,v--pna---,InfDec,1.0,OBJ,5.105,InfDec,,,,InfDec
5,ὀιζυρώτατον,ὀιζυρός,a-s---mas,AccSubj,3.0,ATR,5.105,AccSubj,,,,AccSubj
6,ἄλλων,ἄλλος,a-p---mg-,GenPart,5.0,ATR,5.105,GenPart,,,,GenPart
7,",",",",u--------,,9.0,APOS,5.105,,,,,
8,τῶν,ὁ,l-p---mg-,"GenPart, ArtSubs",9.0,ATR,5.106,GenPart,ArtSubs,,,GenPart|ArtSubs
9,ἀνδρῶν,ἀνήρ,n-p---mg-,GenPart,6.0,ATR,5.106,GenPart,,,,GenPart
10,",",",",u--------,,19.0,AuxX,5.106,,,,,
11,οἳ,ὅς,p-p---mn-,"NomSubj, Pron8",19.0,SBJ,5.106,NomSubj,,,,NomSubj
12,ἄστυ,ἄστυ,n-s---na-,AccDirec.1 (Prep3),13.0,ADV,5.106,,,,,
13,πέρι,περί,r--------,Prep3,15.0,AuxP,5.106,,,,,
14,Πριάμοιο,Πρίαμος,n-s---mg-,GenPos,12.0,ATR,5.106,GenPos,,,,GenPos
15,μάχοντο,μάχομαι,v3piie---,"ImpfDesc, MidRecip",19.0,ATR_CO,5.106,ImpfDesc,MidRecip,,,ImpfDesc|MidRecip
16,εἰνάετες,εἰναετής,a-s---na-,AccAdv,15.0,ADV,5.107,AccAdv,,,,AccAdv
17,",",",",u--------,,19.0,AuxX,5.107,,,,,
18,δεκάτῳ,δέκατος,a-s---nd-,DatTime,22.0,ADV,5.107,DatTime,,,,DatTime
19,δὲ,δέ,g--------,particle indeclform,9.0,COORD,5.107,,,,,
20,πόλιν,πόλις,n-s---fa-,AccObj,21.0,OBJ,5.107,AccObj,,,,AccObj
21,πέρσαντες,πέρθω,v-papamn-,PartCirc.7,22.0,ADV,5.107,PartCirc.7,,,,PartCirc.7
22,ἔβησαν,βαίνω,v3paia---,AorIngr,19.0,ATR_CO,5.107,AorIngr,,,,AorIngr
23,οἴκαδ',οἴκαδε,d--------,AccDirec.1,22.0,OBJ,5.108,AccDirec.1,,,,AccDirec.1
24,·,·,u--------,,0.0,AuxK,5.108,,,,,
1,ἀτὰρ,ἀτάρ,g--------,particle indeclform,5.0,AuxY,5.108,,,,,
2,ἐν,ἐν,r--------,Prep- temporal,5.0,AuxP,5.108,,,,,
3,νόστῳ,νόστος,n-s---md-,DatTime.2.A,2.0,ADV,5.108,,,,,
4,Ἀθηναίην,Ἀθήνη,n-s---fa-,AccObj,5.0,OBJ,5.108,AccObj,,,,AccObj
5,ἀλίτοντο,ἀλιταίνω,v3paim---,"AorIngr, MidIndir",0.0,PRED,5.108,AorIngr,MidIndir,,,AorIngr|MidIndir
6,",",",",u--------,,9.0,AuxX,5.108,,,,,
7,ἥ,ὅς,p-s---fn-,"NomSubj, Pron8",9.0,SBJ,5.109,NomSubj,,,,NomSubj
8,σφιν,σφεῖς,p-p---md-,DatAdvn,9.0,OBJ,5.109,DatAdvn,,,,DatAdvn
9,ἐπῶρσ',ἐπόρνυμι,v3saia---,AorComp,4.0,ATR,5.109,AorComp,,,,AorComp
10,ἄνεμόν,ἄνεμος,n-s---ma-,AccObj,13.0,OBJ_CO,5.109,AccObj,,,,AccObj
11,τε,τε,g--------,particle indeclform,13.0,AuxY,5.109,,,,,
12,κακὸν,κακός,a-s---ma-,AccObj,10.0,ATR,5.109,AccObj,,,,AccObj
13,καὶ,καί,c--------,conj indeclform,9.0,COORD,5.109,,,,,
14,κύματα,κῦμα,n-p---na-,AccObj,13.0,OBJ_CO,5.109,AccObj,,,,AccObj
15,μακρά,μακρός,a-p---na-,AccObj,14.0,ATR,5.109,AccObj,,,,AccObj
16,.,.,u--------,,0.0,AuxK,5.109,,,,,
1,ἔνθ',ἔνθα,d--------,adv indeclform,5.0,ADV,5.11,,,,,
2,ἄλλοι,ἄλλος,a-p---mn-,NomSubj,7.0,ATR,5.11,NomSubj,,,,NomSubj
3,μὲν,μέν,g--------,particle indeclform,10.0,AuxY,5.11,,,,,
4,πάντες,πᾶς,a-p---mn-,NomSubj,7.0,ATR,5.11,NomSubj,,,,NomSubj
5,ἀπέφθιθεν,ἀποφθίνω,v3paip---,"AorComp, Pass",10.0,PRED_CO,5.11,AorComp,Pass,,,AorComp|Pass
6,ἐσθλοὶ,ἐσθλός,a-p---mn-,NomSubj,7.0,ATR,5.11,NomSubj,,,,NomSubj
7,ἑταῖροι,ἑταῖρος,n-p---mn-,NomSubj,5.0,SBJ,5.11,NomSubj,,,,NomSubj
8,",",",",u--------,,10.0,AuxX,5.11,,,,,
9,τὸν,ὁ,p-s---ma-,"AccObj, Pron4",18.0,OBJ,5.111,AccObj,,,,AccObj
10,δ',δέ,g--------,particle indeclform,0.0,COORD,5.111,,,,,
11,ἄρα,ἄρα,g--------,particle indeclform,18.0,AuxY,5.111,,,,,
12,δεῦρ',δεῦρο,d--------,adv indeclform,18.0,OBJ,5.111,,,,,
13,ἄνεμός,ἄνεμος,n-s---mn-,NomSubj,16.0,SBJ_CO,5.111,NomSubj,,,,NomSubj
14,τε,τε,g--------,particle indeclform,16.0,AuxY,5.111,,,,,
15,φέρων,φέρω,v-sppamn-,PartCirc.3,18.0,ADV,5.111,PartCirc.3,,,,PartCirc.3
16,καὶ,καί,c--------,conj indeclform,18.0,COORD,5.111,,,,,
17,κῦμα,κῦμα,n-s---nn-,NomSubj,16.0,SBJ_CO,5.111,NomSubj,,,,NomSubj
18,πέλασσε,πελάζω,v3saia---,AorIngr,10.0,PRED_CO,5.111,AorIngr,,,,AorIngr
19,.,.,u--------,,0.0,AuxK,5.111,,,,,
1,τὸν,ὁ,p-s---ma-,"AccObj, Pron4",5.0,OBJ,5.112,AccObj,,,,AccObj
2,νῦν,νῦν,d--------,adv indeclform,4.0,ADV,5.112,,,,,
3,σ',σύ,p2s----a-,"AccSubj, Pron1",5.0,SBJ,5.112,AccSubj,,,,AccSubj
4,ἠνώγειν,ἄνωγα,v3slia---,Pperf,0.0,PRED,5.112,Pperf,,,,Pperf
5,ἀποπεμπέμεν,ἀποπέμπω,v--pna---,InfDyn,4.0,OBJ,5.112,InfDyn,,,,InfDyn
6,ὅττι,ὅτι,c--------,conj indeclform,7.0,AuxZ,5.112,,,,,
7,τάχιστα,ταχύς,a-p---na-,AccAdv,5.0,ADV,5.112,AccAdv,,,,AccAdv
8,·,·,u--------,,0.0,AuxK,5.112,,,,,
1,οὐ,οὐ,d--------,adv indeclform,30.0,AuxZ,5.113,,,,,
2,γάρ,γάρ,g--------,particle indeclform,30.0,AuxY,5.113,,,,,
3,οἱ,ἕ,p-s---md-,"DatPos, Pron4",5.0,OBJ,5.113,DatPos,,,,DatPos
4,τῇδ',τῇδε,d--------,adv indeclform,8.0,ADV,5.113,,,,,
5,αἶσα,αἶσα,n-s---fn-,NomSubj,30.0,SBJ,5.113,NomSubj,,,,NomSubj
6,φίλων,φίλος,a-p---mg-,GenVerb.1,7.0,ADV,5.113,GenVerb.1,,,,GenVerb.1
7,ἀπονόσφιν,ἀπονόσφι,r--------,"adv indeclform, w/ gen",8.0,AuxP,5.113,,,,,
8,ὀλέσθαι,ὄλλυμι,v--anm---,InfDyn.2,30.0,PNOM,5.113,InfDyn.2,,,,InfDyn.2
9,",",",",u--------,,10.0,AuxX,5.113,,,,,
10,ἀλλ',ἀλλά,c--------,adv indeclform,0.0,COORD,5.114,,,,,
11,ἔτι,ἔτι,d--------,adv indeclform,14.0,AuxY,5.114,,,,,
12,οἱ,ἕ,p-s---md-,"DatPos, Pron4",13.0,OBJ,5.114,DatPos,,,,DatPos
13,μοῖρ',μοῖρα,n-s---fn-,NomSubj,14.0,SBJ,5.114,NomSubj,,,,NomSubj
14,ἐστὶ,εἰμί,v3spia---,"PresIter.1., Ind, Act [introduces hysteron proteron, Smyth 3030]",10.0,PRED_CO,5.114,PresIter.1.,Ind,,,PresIter.1.|Ind
15,φίλους,φίλος,a-p---ma-,AccObj,17.0,OBJ,5.114,AccObj,,,,AccObj
16,τ',τε,g--------,particle indeclform,18.0,AuxY,5.114,,,,,
17,ἰδέειν,εἶδον,v--ana---,InfDyn.2,18.0,PNOM_CO,5.114,InfDyn.2,,,,InfDyn.2
18,καὶ,καί,c--------,conj indeclform,14.0,COORD,5.114,,,,,
19,ἱκέσθαι,ἱκνέομαι,v--anm---,InfDyn.2,18.0,PNOM_CO,5.114,InfDyn.2,,,,InfDyn.2
20,οἶκον,οἶκος,n-s---ma-,AccDirec.1 (Prep3),21.0,OBJ_CO,5.115,,,,,
21,ἐς,εἰς,r--------,Prep3,23.0,AuxP,5.115,,,,,
22,ὑψόροφον,ὑψόροφος,a-s---ma-,AccDirec.1 (Prep3),20.0,ATR,5.115,,,,,
23,καὶ,καί,c--------,conj indeclform,19.0,COORD,5.115,,,,,
24,ἑὴν,ἑός,a-s---fa-,"Pron3, AccDirec.1 (Prep3)",27.0,ATR,5.115,,,,,
25,ἐς,εἰς,r--------,Prep3,23.0,AuxP,5.115,,,,,
26,πατρίδα,πατρίς,a-s---fa-,AccDirec.1 (Prep3),27.0,ATR,5.115,,,,,
27,γαῖαν,γαῖα,n-s---fa-,AccDirec.1 (Prep3),25.0,OBJ_CO,5.115,,,,,
28,.,.,u--------,,0.0,AuxK,5.115,,,,,
29,&quot;,&quot;,u--------,,10.0,AuxG,5.115,,,,,
1,ὣς,ὡς,d--------,adv indeclform,2.0,ADV,5.116,,,,,
2,φάτο,φημί,v3saim---,Impf.2,11.0,PRED_CO,5.116,Impf.2,,,,Impf.2
3,",",",",u--------,,11.0,AuxX,5.116,,,,,
4,ῥίγησεν,ῥιγέω,v3saia---,Aor,11.0,PRED_CO,5.116,Aor,,,,Aor
5,δὲ,δέ,g--------,particle indeclform,11.0,AuxY,5.116,,,,,
6,Καλυψώ,Καλυψώ,n-s---fn-,NomSubj,7.0,SBJ_AP,5.116,NomSubj,,,,NomSubj
7,",",",",u--------,,4.0,APOS,5.116,,,,,
8,δῖα,δῖος,a-s---fn-,NomInd,7.0,SBJ_AP,5.116,NomInd,,,,NomInd
9,θεάων,θεά,n-p---fg-,GenPart,8.0,ATR,5.116,GenPart,,,,GenPart
10,",",",",u--------,,11.0,AuxX,5.116,,,,,
11,καί,καί,c--------,conj indeclform,0.0,COORD,5.117,,,,,
12,μιν,μιν,p-s---ma-,"AccObj, Pron4",16.0,OBJ,5.117,AccObj,,,,AccObj
13,φωνήσασ',φωνέω,v-sapafn-,"NomSubj, PartCirc.3",16.0,ADV,5.117,NomSubj,PartCirc.3,,,NomSubj|PartCirc.3
14,ἔπεα,ἔπος,n-p---na-,AccObj,16.0,OBJ,5.117,AccObj,,,,AccObj
15,πτερόεντα,πτερόεις,a-p---na-,AccObj,14.0,ATR,5.117,AccObj,,,,AccObj
16,προσηύδα,προσαυδάω,v3siia---,ImpfCons,11.0,PRED_CO,5.117,ImpfCons,,,,ImpfCons
17,·,·,u--------,,0.0,AuxK,5.117,,,,,
1,&quot;,&quot;,u--------,,3.0,AuxG,5.118,,,,,
2,σχέτλιοί,σχέτλιος,a-p---mn-,NomPred,6.0,PNOM_CO,5.118,NomPred,,,,NomPred
3,ἐστε,εἰμί,v2ppia---,"PresIter, Ind, Act",0.0,PRED,5.118,PresIter,Ind,Act,,PresIter|Ind|Act
4,",",",",u--------,,5.0,AuxX,5.118,,,,,
5,θεοί,θεός,n-p---mv-,Voc,3.0,ExD,5.118,Voc,,,,Voc
6,",",",",u--------,,3.0,COORD,5.118,,,,,
7,ζηλήμονες,ζηλήμων,a-p---mn-,NomPred,6.0,PNOM_CO,5.118,NomPred,,,,NomPred
8,ἔξοχον,ἔξοχος,a-s---na-,AccAdv,7.0,ADV,5.118,AccAdv,,,,AccAdv
9,ἄλλων,ἄλλος,a-p---mg-,GenComp,8.0,ATR,5.118,GenComp,,,,GenComp
10,",",",",u--------,,14.0,AuxX,5.118,,,,,
11,οἵ,ὅς,p-p---mn-,"NomSubj, Pron8",14.0,SBJ,5.119,NomSubj,,,,NomSubj
12,τε,τε,g--------,particle indeclform,14.0,AuxY,5.119,,,,,
13,θεαῖς,θεά,n-p---fd-,DatVerb,14.0,OBJ,5.119,DatVerb,,,,DatVerb
14,ἀγάασθε,ἄγαμαι,v2ppie---,"PresIter, Ind, MidMent",5.0,ATR,5.119,PresIter,Ind,MidMent,,PresIter|Ind|MidMent
15,παρ',παρά,r--------,Prep5,17.0,AuxP,5.119,,,,,
16,ἀνδράσιν,ἀνήρ,n-p---md-,DatLoca (Prep5),15.0,ADV,5.119,,,,,
17,εὐνάζεσθαι,εὐνάζω,v--pne---,InfDyn,14.0,OBJ,5.119,InfDyn,,,,InfDyn
18,ἀμφαδίην,ἀμφάδιος,a-s---fa-,AccAdv,17.0,ADV,5.12,AccAdv,,,,AccAdv
19,",",",",u--------,,20.0,AuxX,5.12,,,,,
20,ἤν,ἐάν,c--------,conj indeclform,17.0,AuxC,5.12,,,,,
21,τίς,τις,p-s---fn-,"NomSubj, Pron6",24.0,SBJ,5.12,NomSubj,,,,NomSubj
22,τε,τε,g--------,particle indeclform,24.0,AuxY,5.12,,,,,
23,φίλον,φίλος,a-s---ma-,AccObj,25.0,ATR,5.12,AccObj,,,,AccObj
24,ποιήσετ',ποιέω,v3sasm---,SubjSubor,20.0,ADV,5.12,SubjSubor,,,,SubjSubor
25,ἀκοίτην,ἀκοίτης,n-s---ma-,AccObj,24.0,OCOMP,5.12,AccObj,,,,AccObj
26,.,.,u--------,,0.0,AuxK,5.12,,,,,
1,ὣς,ὡς,d--------,adv indeclform,11.0,AuxY,5.121,,,,,
2,μὲν,μέν,g--------,particle indeclform,11.0,AuxY,5.121,,,,,
3,ὅτ',ὅτε,c--------,conj indeclform,11.0,AuxC,5.121,,,,,
4,Ὠρίων',Ὠρίων,n-s---ma-,AccObj,5.0,OBJ,5.121,AccObj,,,,AccObj
5,ἕλετο,αἱρέω,v3saim---,"Aor, MidIndir",3.0,ADV,5.121,Aor,MidIndir,,,Aor|MidIndir
6,ῥοδοδάκτυλος,ῥοδοδάκτυλος,a-s---fn-,NomSubj,7.0,ATR,5.121,NomSubj,,,,NomSubj
7,Ἠώς,ἠώς,n-s---fn-,NomSubj,5.0,SBJ,5.121,NomSubj,,,,NomSubj
8,",",",",u--------,,3.0,AuxX,5.121,,,,,
9,τόφρα,τόφρα,d--------,adv indeclform,11.0,ADV,5.122,,,,,
10,οἱ,ἕ,p-s---fd-,"DatVerb, Pron4",11.0,OBJ,5.122,DatVerb,,,,DatVerb
11,ἠγάασθε,ἄγαμαι,v2piie---,"Imp5, MidMent",0.0,PRED,5.122,,MidMent,,,MidMent
12,θεοὶ,θεός,n-p---mn-,NomSubj,11.0,SBJ,5.122,NomSubj,,,,NomSubj
13,ῥεῖα,ῥεῖα,d--------,adv indeclform,14.0,ADV,5.122,,,,,
14,ζώοντες,ζώω,v-pppamn-,"NomSubj, PartCirc.7",12.0,ATR,5.122,NomSubj,PartCirc.7,,,NomSubj|PartCirc.7
15,",",",",u--------,,16.0,AuxX,5.122,,,,,
16,ἧος,ἕως,c--------,conj indeclform,11.0,AuxC,5.123,,,,,
17,ἐν,ἐν,r--------,Prep3,26.0,AuxP,5.123,,,,,
18,Ὀρτυγίῃ,Ὀρτυγία,n-s---fd-,DatLoc.4 (Prep3),17.0,ADV,5.123,,,,,
19,χρυσόθρονος,χρυσόθρονος,a-s---fn-,NomInd,20.0,ATR,5.123,NomInd,,,,NomInd
20,Ἄρτεμις,Ἄρτεμις,n-s---fn-,NomSubj,26.0,SBJ,5.123,NomSubj,,,,NomSubj
21,ἁγνὴ,ἁγνός,a-s---fn-,NomSubj,20.0,ATR,5.123,NomSubj,,,,NomSubj
22,οἷς,ἑός,a-p---nd-,"DatInstr, Pron3",24.0,ATR,5.124,DatInstr,,,,DatInstr
23,ἀγανοῖς,ἀγανός,a-p---nd-,DatInstr,24.0,ATR,5.124,DatInstr,,,,DatInstr
24,βελέεσσιν,βέλος,n-p---nd-,DatInstr,26.0,ADV,5.124,DatInstr,,,,DatInstr
25,ἐποιχομένη,ἐποίχομαι,v-sppefn-,"NomSubj, PartCirc.7",26.0,ADV,5.124,NomSubj,PartCirc.7,,,NomSubj|PartCirc.7
26,κατέπεφνεν,κατέπεφνον,v3saia---,AorIngr,16.0,ADV,5.124,AorIngr,,,,AorIngr
27,.,.,u--------,,0.0,AuxK,5.124,,,,,
1,ὣς,ὡς,d--------,adv indeclform,20.0,AuxY,5.125,,,,,
2,δ',δέ,g--------,particle indeclform,0.0,COORD,5.125,,,,,
3,ὁπότ',ὁπότε,d--------,adv indeclform,2.0,AuxC,5.125,,,,,
4,Ἰασίωνι,̓ἰασίων,n-s---md-,DatResp,12.0,OBJ,5.125,DatResp,,,,DatResp
5,ἐυπλόκαμος,εὐπλόκαμος,a-s---fn-,NomSubj,6.0,ATR,5.125,NomSubj,,,,NomSubj
6,Δημήτηρ,Δημήτηρ,n-s---fn-,NomSubj,12.0,SBJ,5.125,NomSubj,,,,NomSubj
7,",",",",u--------,,10.0,AuxX,5.125,,,,,
8,ᾧ,ὅς,p-s---md-,"DatVerb, Pron3",9.0,ATR,5.126,DatVerb,,,,DatVerb
9,θυμῷ,θυμός,n-s---md-,DatVerb,10.0,OBJ,5.126,DatVerb,,,,DatVerb
10,εἴξασα,εἴκω,v-sapafn-,"NomSubj, PartCirc.4",12.0,ADV,5.126,NomSubj,PartCirc.4,,,NomSubj|PartCirc.4
11,",",",",u--------,,10.0,AuxX,5.126,,,,,
12,μίγη,μίγνυμι,v3saip---,"Aor, Pass",20.0,ADV,5.126,Aor,Pass,,,Aor|Pass
13,φιλότητι,φιλότης,n-s---fd-,DatMean,14.0,ADV_CO,5.126,DatMean,,,,DatMean
14,καὶ,καί,c--------,conj indeclform,12.0,COORD,5.126,,,,,
15,εὐνῇ,εὐνή,n-s---fd-,DatLoc (Prep3),14.0,ADV_CO,5.126,DatLoc (Prep3),,,,DatLoc (Prep3)
16,νειῷ,νειός,n-s---fd-,DatLoc (Prep3),17.0,ADV,5.127,DatLoc (Prep3),,,,DatLoc (Prep3)
17,ἔνι,ἐν,r--------,Prep3,12.0,AuxP,5.127,,,,,
18,τριπόλῳ,τρίπολος,a-s---fd-,DatLoc (Prep3),16.0,ATR,5.127,DatLoc (Prep3),,,,DatLoc (Prep3)
19,·,·,u--------,,0.0,AuxK,5.127,,,,,
1,οὐ,οὐ,d--------,adv indeclform,4.0,AuxZ,5.127,,,,,
2,δὲ,δέ,g--------,particle indeclform,0.0,COORD,5.127,,,,,
3,δὴν,δήν,d--------,adv indeclform,4.0,ADV,5.127,,,,,
4,ἦεν,εἰμί,v3siia---,Impf,2.0,PRED_CO,5.127,Impf,,,,Impf
5,ἄπυστος,ἄπυστος,a-s---mn-,NomPred,4.0,PNOM,5.127,NomPred,,,,NomPred
6,Ζεύς,Ζεύς,n-s---mn-,NomSubj,4.0,SBJ,5.128,NomSubj,,,,NomSubj
7,",",",",u--------,,10.0,AuxX,5.128,,,,,
8,ὅς,ὅς,p-s---mn-,"NomSubj, Pron8",10.0,SBJ,5.128,NomSubj,,,,NomSubj
9,μιν,μιν,p-s---ma-,"AccObj, Pron4",10.0,OBJ,5.128,AccObj,,,,AccObj
10,κατέπεφνε,κατέπεφνον,v3saia---,AorComp,6.0,ATR,5.128,AorComp,,,,AorComp
11,βαλὼν,βάλλω,v-sapamn-,"NomSubj, PartCirc.3",10.0,ADV,5.128,NomSubj,PartCirc.3,,,NomSubj|PartCirc.3
12,ἀργῆτι,ἀργής,n-s---md-,DatInstr,13.0,ATR,5.128,DatInstr,,,,DatInstr
13,κεραυνῷ,κεραυνός,n-s---md-,DatInstr,10.0,ADV,5.128,DatInstr,,,,DatInstr
14,.,.,u--------,,0.0,AuxK,5.128,,,,,
1,ὥς,ὡς,d--------,conj indeclform,6.0,AuxY,5.129,,,,,
2,δ',δέ,g--------,particle indeclform,0.0,COORD,5.129,,,,,
3,αὖ,αὖ,d--------,adv indeclform,6.0,AuxY,5.129,,,,,
4,νῦν,νῦν,d--------,adv indeclform,6.0,ADV,5.129,,,,,
5,μοι,ἐγώ,p1s---fd-,"DatVerb, Pron1",6.0,OBJ,5.129,DatVerb,,,,DatVerb
6,ἄγασθε,ἄγαμαι,v2ppie---,"Pres, MidMent",2.0,PRED_CO,5.129,Pres,MidMent,,,Pres|MidMent
7,",",",",u--------,,8.0,AuxX,5.129,,,,,
8,θεοί,θεός,n-p---mv-,Voc,6.0,ExD,5.129,Voc,,,,Voc
9,",",",",u--------,,8.0,AuxX,5.129,,,,,
10,βροτὸν,βροτός,n-s---ma-,AccSubj,11.0,ATR,5.129,AccSubj,,,,AccSubj
11,ἄνδρα,ἀνήρ,n-s---ma-,AccSubj,12.0,SBJ,5.129,AccSubj,,,,AccSubj
12,παρεῖναι,πάρειμι,v--pna---,InfDyn,6.0,OBJ,5.129,InfDyn,,,,InfDyn
13,.,.,u--------,,0.0,AuxK,5.129,,,,,
1,τὸν,ὁ,p-s---ma-,"AccObj, Pron4",4.0,OBJ,5.13,AccObj,,,,AccObj
2,μὲν,μέν,g--------,particle indeclform,4.0,AuxY,5.13,,,,,
3,ἐγὼν,ἐγώ,p1s---fn-,"NomSubj, Pron1",4.0,SBJ,5.13,NomSubj,,,,NomSubj
4,ἐσάωσα,σώζω,v1saia---,AorIngr,0.0,PRED,5.13,AorIngr,,,,AorIngr
5,περὶ,περί,r--------,Prep5,7.0,AuxP,5.13,,,,,
6,τρόπιος,τρόπις,n-s---fg-,GenLoc (Prep5),5.0,OBJ,5.13,GenLoc (Prep5),,,,GenLoc (Prep5)
7,βεβαῶτα,βαίνω,v-srpama-,"AccObj, PartCirc.7, PerfNoni",1.0,ATV,5.13,AccObj,PartCirc.7,PerfNoni,,AccObj|PartCirc.7|PerfNoni
8,οἶον,οἶος,a-s---ma-,AccObj,1.0,ATV,5.131,AccObj,,,,AccObj
9,",",",",u--------,,10.0,AuxX,5.131,,,,,
10,ἐπεί,ἐπεί,c--------,conj indeclform,4.0,AuxC,5.131,,,,,
11,οἱ,ἕ,p-s---md-,"DatPos, Pron4",12.0,ATR,5.131,DatPos,,,,DatPos
12,νῆα,ναῦς,n-s---fa-,AccObj,17.0,OBJ,5.131,AccObj,,,,AccObj
13,θοὴν,θοός,a-s---fa-,AccObj,12.0,ATR,5.131,AccObj,,,,AccObj
14,ἀργῆτι,ἀργής,n-s---md-,DatInstr,15.0,ATR,5.131,DatInstr,,,,DatInstr
15,κεραυνῷ,κεραυνός,n-s---md-,DatInstr,18.0,ADV,5.131,DatInstr,,,,DatInstr
16,Ζεὺς,Ζεύς,n-s---mn-,NomSubj,18.0,SBJ,5.132,NomSubj,,,,NomSubj
17,ἔλσας,εἴλω,v-sapamn-,"NomSubj, PartCirc.3",18.0,ADV,5.132,NomSubj,PartCirc.3,,,NomSubj|PartCirc.3
18,ἐκέασσε,κεάζω,v3saia---,Aor,10.0,ADV,5.132,Aor,,,,Aor
19,μέσῳ,μέσος,a-s---md-,DatLoc (Prep3),22.0,ATR,5.132,DatLoc (Prep3),,,,DatLoc (Prep3)
20,ἐνὶ,ἐν,r--------,Prep3,18.0,AuxP,5.132,,,,,
21,οἴνοπι,οἶνοψ,n-s---md-,DatLoc (Prep3),22.0,ATR,5.132,DatLoc (Prep3),,,,DatLoc (Prep3)
22,πόντῳ,πόντος,n-s---md-,DatLoc (Prep3),20.0,ADV,5.132,DatLoc (Prep3),,,,DatLoc (Prep3)
23,.,.,u--------,,0.0,AuxK,5.132,,,,,
1,ἔνθ',ἔνθα,d--------,adv indeclform,5.0,ADV,5.133,,,,,
2,ἄλλοι,ἄλλος,a-p---mn-,NomSubj,7.0,ATR,5.133,NomSubj,,,,NomSubj
3,μὲν,μέν,g--------,particle indeclform,5.0,AuxY,5.133,,,,,
4,πάντες,πᾶς,a-p---mn-,NomSubj,7.0,ATR,5.133,NomSubj,,,,NomSubj
5,ἀπέφθιθεν,ἀποφθίνω,v3paip---,"AorIngr, Pass",10.0,PRED_CO,5.133,AorIngr,Pass,,,AorIngr|Pass
6,ἐσθλοὶ,ἐσθλός,a-p---mn-,NomSubj,7.0,ATR,5.133,NomSubj,,,,NomSubj
7,ἑταῖροι,ἑταῖρος,n-p---mn-,NomSubj,5.0,SBJ,5.133,NomSubj,,,,NomSubj
8,",",",",u--------,,10.0,AuxX,5.133,,,,,
9,τὸν,ὁ,p-s---ma-,"AccObj, Pron4",18.0,OBJ,5.134,AccObj,,,,AccObj
10,δ',δέ,g--------,particle indeclform,0.0,COORD,5.134,,,,,
11,ἄρα,ἄρα,g--------,particle indeclform,18.0,AuxY,5.134,,,,,
12,δεῦρ',δεῦρο,d--------,adv indeclform,18.0,OBJ,5.134,,,,,
13,ἄνεμός,ἄνεμος,n-s---mn-,NomSubj,16.0,SBJ_CO,5.134,NomSubj,,,,NomSubj
14,τε,τε,g--------,particle indeclform,16.0,AuxY,5.134,,,,,
15,φέρων,φέρω,v-sppamn-,"NomSubj, PartCirc.3",18.0,ADV,5.134,NomSubj,PartCirc.3,,,NomSubj|PartCirc.3
16,καὶ,καί,c--------,conj indeclform,18.0,COORD,5.134,,,,,
17,κῦμα,κῦμα,n-s---nn-,NomSubj,16.0,SBJ_CO,5.134,NomSubj,,,,NomSubj
18,πέλασσε,πελάζω,v3saia---,AorIngr,10.0,PRED_CO,5.134,AorIngr,,,,AorIngr
19,.,.,u--------,,0.0,AuxK,5.134,,,,,
1,τὸν,ὁ,p-s---ma-,"AccObj, Pron4",6.0,OBJ,5.135,AccObj,,,,AccObj
2,μὲν,μέν,g--------,particle indeclform,9.0,AuxY,5.135,,,,,
3,ἐγὼ,ἐγώ,p1s---fn-,"NomSubj, Pron1",9.0,SBJ,5.135,NomSubj,,,,NomSubj
4,φίλεόν,φιλέω,v1siia---,ImpfDesc,6.0,PRED_CO,5.135,ImpfDesc,,,,ImpfDesc
5,τε,τε,g--------,particle indeclform,6.0,AuxY,5.135,,,,,
6,καὶ,καί,c--------,conj indeclform,9.0,COORD,5.135,,,,,
7,ἔτρεφον,τρέφω,v1siia---,ImpfDesc,6.0,PRED_CO,5.135,ImpfDesc,,,,ImpfDesc
8,",",",",u--------,,9.0,AuxX,5.135,,,,,
9,ἠδὲ,ἠδέ,c--------,conj indeclform,0.0,COORD,5.135,,,,,
10,ἔφασκον,φάσκω,v1siia---,ImpfIter.1,9.0,PRED_CO,5.135,ImpfIter.1,,,,ImpfIter.1
11,θήσειν,τίθημι,v--fna---,InfDec,10.0,OBJ,5.136,InfDec,,,,InfDec
12,ἀθάνατον,ἀθάνατος,a-s---nn-,AccObj,13.0,OCOMP_CO,5.136,AccObj,,,,AccObj
13,καὶ,καί,c--------,conj indeclform,11.0,COORD,5.136,,,,,
14,ἀγήραον,ἀγήραος,a-s---ma-,AccObj,13.0,OCOMP_CO,5.136,AccObj,,,,AccObj
15,ἤματα,ἦμαρ,n-p---na-,AccTime,13.0,ADV,5.136,AccTime,,,,AccTime
16,πάντα,πᾶς,a-p---na-,AccTime,15.0,ATR,5.136,AccTime,,,,AccTime
17,.,.,u--------,,0.0,AuxK,5.136,,,,,
1,ἀλλ',ἀλλά,d--------,adv indeclform,17.0,AuxY,5.137,,,,,
2,ἐπεὶ,ἐπεί,c--------,conj indeclform,17.0,AuxC,5.137,,,,,
3,οὔ,οὐ,d--------,adv indeclform,5.0,AuxZ,5.137,,,,,
4,πως,πως,g--------,particle indeclform,5.0,AuxY,5.137,,,,,
5,ἔστι,εἰμί,v3spia---,"PresIter.1., Ind, Act",2.0,ADV,5.137,PresIter.1.,Ind,Act,,PresIter.1.|Ind|Act
6,Διὸς,ζεύς,n-s---mg-,GenPos,7.0,ATR,5.137,GenPos,,,,GenPos
7,νόον,νόος,n-s---ma-,AccObj,14.0,OBJ,5.137,AccObj,,,,AccObj
8,αἰγιόχοιο,αἰγίοχος,a-s---mg-,GenPos,6.0,ATR,5.137,GenPos,,,,GenPos
9,οὔ,οὐ,d--------,adv indeclform,14.0,AuxY,5.138,,,,,
10,τε,τε,g--------,particle indeclform,14.0,AuxY,5.138,,,,,
11,παρεξελθεῖν,παρεξέρχομαι,v--ana---,InfDyn,14.0,SBJ_CO,5.138,InfDyn,,,,InfDyn
12,ἄλλον,ἄλλος,a-s---ma-,AccSubj,13.0,ATR,5.138,AccSubj,,,,AccSubj
13,θεὸν,θεός,n-s---ma-,AccSubj,14.0,SBJ,5.138,AccSubj,,,,AccSubj
14,οὔθ',οὔτε,c--------,adv indeclform,5.0,COORD,5.138,,,,,
15,ἁλιῶσαι,ἁλιόω,v--ana---,InfDyn,14.0,SBJ_CO,5.138,InfDyn,,,,InfDyn
16,",",",",u--------,,2.0,AuxX,5.138,,,,,
17,ἐρρέτω,ἔρρω,v3spma---,ImprComm,0.0,PRED,5.139,ImprComm,,,,ImprComm
18,",",",",u--------,,19.0,AuxX,5.139,,,,,
19,εἴ,εἰ,c--------,conj indeclform,17.0,AuxC,5.139,,,,,
20,μιν,μιν,p-s---ma-,"AccObj, Pron4",23.0,OBJ,5.139,AccObj,,,,AccObj
21,κεῖνος,κεῖνος,p-s---mn-,"NomSubj, Pron4",23.0,SBJ,5.139,NomSubj,,,,NomSubj
22,ἐποτρύνει,ἐποτρύνω,v3spia---,"Pres, Ind, Act",23.0,ADV_CO,5.139,Pres,Ind,Act,,Pres|Ind|Act
23,καὶ,καί,c--------,conj indeclform,19.0,COORD,5.139,,,,,
24,ἀνώγει,ἄνωγα,v3spia---,"Pres, Ind, Act",23.0,ADV_CO,5.139,Pres,Ind,Act,,Pres|Ind|Act
25,",",",",u--------,,19.0,AuxX,5.139,,,,,
26,πόντον,πόντος,n-s---ma-,AccSpac (Prep3),27.0,OBJ,5.14,AccSpac (Prep3),,,,AccSpac (Prep3)
27,ἐπ',ἐπί,r--------,Prep3,17.0,AuxP,5.14,,,,,
28,ἀτρύγετον,ἀτρύγετος,a-s---ma-,AccSpac (Prep3),26.0,ATR,5.14,AccSpac (Prep3),,,,AccSpac (Prep3)
29,·,·,u--------,,0.0,AuxK,5.14,,,,,
1,πέμψω,πέμπω,v1sfia---,FutHypo,2.0,PRED_CO,5.14,FutHypo,,,,FutHypo
2,δέ,δέ,g--------,particle indeclform,0.0,COORD,5.14,,,,,
3,μιν,μιν,p-s---ma-,"AccObj, Pron4",1.0,OBJ,5.14,AccObj,,,,AccObj
4,οὔ,οὐ,d--------,adv indeclform,1.0,AuxZ,5.14,,,,,
5,πῃ,πη,g--------,particle indeclform,1.0,AuxY,5.14,,,,,
6,ἐγώ,ἐγώ,p1s---fn-,"NomSubj, Pron1",1.0,SBJ,5.14,NomSubj,,,,NomSubj
7,γε,γε,g--------,particle indeclform,6.0,AuxZ,5.14,,,,,
8,·,·,u--------,,0.0,AuxK,5.14,,,,,
1,οὐ,οὐ,d--------,adv indeclform,19.0,AuxZ,5.141,,,,,
2,γάρ,γάρ,g--------,particle indeclform,19.0,AuxY,5.141,,,,,
3,μοι,ἐγώ,p1s---fd-,"DatLoc (Prep5), Pron1",19.0,OBJ,5.141,DatLoc (Prep5),,,,DatLoc (Prep5)
4,πάρα,παρά,r--------,Prep5,19.0,AuxZ,5.141,,,,,
5,νῆες,ναῦς,n-p---fn-,NomSubj,19.0,SBJ_CO,5.141,NomSubj,,,,NomSubj
6,ἐπήρετμοι,ἐπήρετμος,a-p---fn-,NomSubj,5.0,ATR,5.141,NomSubj,,,,NomSubj
7,καὶ,καί,c--------,conj indeclform,0.0,COORD,5.141,,,,,
8,ἑταῖροι,ἑταῖρος,n-p---mn-,NomSubj,19.0,SBJ_CO,5.141,NomSubj,,,,NomSubj
9,",",",",u--------,,13.0,AuxX,5.141,,,,,
10,οἵ,ὅς,p-p---mn-,"NomSubj, Pron8",13.0,SBJ,5.142,NomSubj,,,,NomSubj
11,κέν,ἄν,g--------,OptPoten (an),13.0,AuxZ,5.142,OptPoten (an),,,,OptPoten (an)
12,μιν,μιν,p-s---ma-,"AccObj, Pron4",13.0,OBJ,5.142,AccObj,,,,AccObj
13,πέμποιεν,πέμπω,v3ppoa---,OptPoten,7.0,ATR,5.142,OptPoten,,,,OptPoten
14,ἐπ',ἐπί,r--------,Prep5,13.0,AuxP,5.142,,,,,
15,εὐρέα,εὐρύς,a-p---na-,AccDirec.1 (Prep5),16.0,ATR,5.142,,,,,
16,νῶτα,νῶτον,n-p---na-,AccDirec.1 (Prep5),14.0,OBJ,5.142,,,,,
17,θαλάσσης,θάλασσα,n-s---fg-,GenPos,16.0,ATR,5.142,GenPos,,,,GenPos
18,.,.,u--------,,0.0,AuxK,5.142,,,,,
1,αὐτάρ,ἀτάρ,g--------,particle indeclform,4.0,AuxY,5.143,,,,,
2,οἱ,ἕ,p-s---md-,"DatAdvn, Pron4",4.0,OBJ,5.143,DatAdvn,,,,DatAdvn
3,πρόφρων,πρόφρων,a-s---fn-,NomSubj,4.0,ADV,5.143,NomSubj,,,,NomSubj
4,ὑποθήσομαι,ὑποτίθημι,v1sfim---,FutHypo,7.0,PRED_CO,5.143,FutHypo,,,,FutHypo
5,",",",",u--------,,7.0,AuxX,5.143,,,,,
6,οὐ,οὐ,d--------,adv indeclform,8.0,AuxZ,5.143,,,,,
7,δ',δέ,g--------,particle indeclform,0.0,COORD,5.143,,,,,
8,ἐπικεύσω,ἐπικεύθω,v1sfia---,FutHypo,7.0,PRED_CO,5.143,FutHypo,,,,FutHypo
9,",",",",u--------,,10.0,AuxX,5.143,,,,,
10,ὥς,ὡς,c--------,Subcl4,7.0,AuxC,5.144,,,,,
11,κε,ἄν,g--------,Subcl4,17.0,AuxZ,5.144,,,,,
12,μάλ',μάλα,d--------,adv indeclform,13.0,AuxZ,5.144,,,,,
13,ἀσκηθὴς,ἀσκηθής,a-s---mn-,NomPred,17.0,AtvV,5.144,NomPred,,,,NomPred
14,ἣν,ἑός,a-s---fa-," AccDirec, Pron3",16.0,ATR,5.144,AccDirec,,,,AccDirec
15,πατρίδα,πατρίς,a-s---fa-,AccDirec,16.0,ATR,5.144,AccDirec,,,,AccDirec
16,γαῖαν,γαῖα,n-s---fa-,AccDirec,17.0,OBJ,5.144,AccDirec,,,,AccDirec
17,ἵκηται,ἱκνέομαι,v3sase---,Subj (Subcl4),10.0,ADV,5.144,,,,,
18,.,.,u--------,,0.0,AuxK,5.144,,,,,
19,&quot;,&quot;,u--------,,7.0,AuxG,5.144,,,,,
1,τὴν,ὁ,p-s---fa-,"AccObj, Pron4",4.0,OBJ,5.145,AccObj,,,,AccObj
2,δ',δέ,g--------,particle indeclform,0.0,COORD,5.145,,,,,
3,αὖτε,αὖτε,d--------,adv indeclform,4.0,AuxY,5.145,,,,,
4,προσέειπε,προσεῖπον,v3saia---,Aor,2.0,PRED_CO,5.145,Aor,,,,Aor
5,διάκτορος,διάκτορος,n-s---mn-,NomSubj,6.0,ATR,5.145,NomSubj,,,,NomSubj
6,ἀργεϊφόντης,Ἀργειφόντης,n-s---mn-,NomInd,4.0,SBJ,5.145,NomInd,,,,NomInd
7,·,·,u--------,,0.0,AuxK,5.145,,,,,
1,&quot;,&quot;,u--------,,7.0,AuxG,5.146,,,,,
2,οὕτω,οὕτως,d--------,adv indeclform,4.0,ADV,5.146,,,,,
3,νῦν,νῦν,d--------,adv indeclform,4.0,ADV,5.146,,,,,
4,ἀπόπεμπε,ἀποπέμπω,v2spma---,ImprComm,7.0,PRED_CO,5.146,ImprComm,,,,ImprComm
5,",",",",u--------,,7.0,AuxX,5.146,,,,,
6,Διὸς,Ζεύς,n-s---mg-,GenPos,9.0,ATR,5.146,GenPos,,,,GenPos
7,δ',δέ,g--------,particle indeclform,0.0,COORD,5.146,,,,,
8,ἐποπίζεο,ἐποπίζομαι,v2spme---,ImprComm,7.0,PRED_CO,5.146,ImprComm,,,,ImprComm
9,μῆνιν,μῆνις,n-s---fa-,AccObj,8.0,OBJ,5.146,AccObj,,,,AccObj
10,",",",",u--------,,11.0,AuxX,5.146,,,,,
11,μή,μή,c--------,Subcl5,8.0,AuxC,5.147,,,,,
12,πώς,πως,g--------,particle indeclform,16.0,AuxY,5.147,,,,,
13,τοι,σύ,p2s----d-,"DatAdvn, Pron1",16.0,OBJ,5.147,DatAdvn,,,,DatAdvn
14,μετόπισθε,μετόπισθε,d--------,adv indeclform,16.0,ADV,5.147,,,,,
15,κοτεσσάμενος,κοτέω,v-sapmmn-,"NomSubj, PartCirc.4",16.0,ADV,5.147,NomSubj,PartCirc.4,,,NomSubj|PartCirc.4
16,χαλεπήνῃ,χαλεπαίνω,v3sasa---,Subj (Subcl5),11.0,ADV,5.147,,,,,
17,.,.,u--------,,0.0,AuxK,5.147,,,,,
18,&quot;,&quot;,u--------,,7.0,AuxG,5.147,,,,,
1,ὣς,ὡς,d--------,adv indeclform,3.0,ADV,5.148,,,,,
2,ἄρα,ἄρα,g--------,particle indeclform,3.0,AuxY,5.148,,,,,
3,φωνήσας,φωνέω,v-sapamn-,"NomSubj, PartCirc.7",4.0,ADV,5.148,NomSubj,PartCirc.7,,,NomSubj|PartCirc.7
4,ἀπέβη,ἀποβαίνω,v3saia---,AorIngr,0.0,PRED,5.148,AorIngr,,,,AorIngr
5,κρατὺς,κρατύς,a-s---mn-,NomSubj,6.0,ATR,5.148,NomSubj,,,,NomSubj
6,ἀργεϊφόντης,Ἀργειφόντης,n-s---mn-,NomSubj,4.0,SBJ,5.148,NomSubj,,,,NomSubj
7,·,·,u--------,,0.0,AuxK,5.148,,,,,
1,ἡ,ὁ,p-s---fn-,"NomSubj, Pron4",16.0,SBJ_AP,5.149,NomSubj,,,,NomSubj
2,δ',δέ,g--------,particle indeclform,0.0,COORD,5.149,,,,,
3,ἐπ',ἐπί,r--------,Prep5,8.0,AuxP,5.149,,,,,
4,Ὀδυσσῆα,Ὀδυσσεύς,n-s---ma-,AccDirec.1 (Prep5),3.0,OBJ,5.149,,,,,
5,μεγαλήτορα,μεγαλήτωρ,n-s---ma-,AccDirec.1 (Prep5),4.0,ATR,5.149,,,,,
6,πότνια,πότνια,n-s---fn-,NomSubj,7.0,ATR,5.149,NomSubj,,,,NomSubj
7,νύμφη,νύμφη,n-s---fn-,NomSubj,16.0,SBJ_AP,5.149,NomSubj,,,,NomSubj
8,ἤι',εἶμι,v3siia---,ImpfCons,2.0,PRED_CO,5.15,ImpfCons,,,,ImpfCons
9,",",",",u--------,,10.0,AuxX,5.15,,,,,
10,ἐπεὶ,ἐπεί,c--------,conj indeclform,8.0,AuxC,5.15,,,,,
11,δὴ,δή,g--------,particle indeclform,13.0,AuxY,5.15,,,,,
12,Ζηνὸς,Ζεύς,n-s---mg-,GenPos,14.0,ATR,5.15,GenPos,,,,GenPos
13,ἐπέκλυεν,ἐπικλύω,v3saia---,Aor,10.0,ADV,5.15,Aor,,,,Aor
14,ἀγγελιάων,ἀγγελία,n-p---fg-,GenVerb,13.0,OBJ,5.15,GenVerb,,,,GenVerb
15,.,.,u--------,,0.0,AuxK,5.15,,,,,
1,τὸν,ὁ,p-s---ma-,"AccObj, Pron4",6.0,OBJ,5.151,AccObj,,,,AccObj
2,δ',δέ,g--------,particle indeclform,0.0,COORD,5.151,,,,,
3,ἄρ',ἄρα,g--------,particle indeclform,6.0,AuxY,5.151,,,,,
4,ἐπ',ἐπί,r--------,Prep3,7.0,AuxP,5.151,,,,,
5,ἀκτῆς,ἀκτή,n-s---fg-,GenLoc (Prep3),4.0,OBJ,5.151,GenLoc (Prep3),,,,GenLoc (Prep3)
6,εὗρε,εὑρίσκω,v2sama---,AorIngr,2.0,PRED_CO,5.151,AorIngr,,,,AorIngr
7,καθήμενον,κάθημαι,v-srpema-,"AccObj, PartAttr",1.0,ATV,5.151,AccObj,PartAttr,,,AccObj|PartAttr
8,·,·,u--------,,0.0,AuxK,5.151,,,,,
1,οὐ,οὐ,d--------,adv indeclform,6.0,AuxZ,5.151,,,,,
2,δέ,δέ,g--------,particle indeclform,9.0,COORD,5.151,,,,,
3,ποτ',ποτέ,g--------,particle indeclform,6.0,ADV,5.151,,,,,
4,ὄσσε,ὄσσε,n-d---nn-,NomSubj,6.0,SBJ,5.151,NomSubj,,,,NomSubj
5,δακρυόφιν,δάκρυον,n-p---ng-,GenVerb.1,6.0,OBJ,5.152,GenVerb.1,,,,GenVerb.1
6,τέρσοντο,τέρσομαι,v3piip---,"ImpfDesc, Pass",9.0,PRED_CO,5.152,ImpfDesc,Pass,,,ImpfDesc|Pass
7,",",",",u--------,,9.0,AuxX,5.152,,,,,
8,κατείβετο,κατείβω,v3siie---,"ImpfDesc, MidIndir",9.0,PRED_CO,5.152,ImpfDesc,MidIndir,,,ImpfDesc|MidIndir
9,δὲ,δέ,g--------,particle indeclform,0.0,COORD,5.152,,,,,
10,γλυκὺς,γλυκύς,a-s---mn-,NomSubj,11.0,ATR,5.152,NomSubj,,,,NomSubj
11,αἰὼν,αἰών,n-s---mn-,NomSubj,8.0,SBJ,5.152,NomSubj,,,,NomSubj
12,νόστον,νόστος,n-s---ma-,AccObj,13.0,OBJ,5.153,AccObj,,,,AccObj
13,ὀδυρομένῳ,ὀδύρομαι,v-sppemd-,"DatAdvn, PartAttr",20.0,ATV,5.153,DatAdvn,PartAttr,,,DatAdvn|PartAttr
14,",",",",u--------,,15.0,AuxX,5.153,,,,,
15,ἐπεὶ,ἐπεί,c--------,conj indeclform,9.0,AuxC,5.153,,,,,
16,οὐκέτι,οὐκέτι,d--------,adv indeclform,17.0,ADV,5.153,,,,,
17,ἥνδανε,ἁνδάνω,v3siia---,Impf,15.0,ADV,5.153,Impf,,,,Impf
18,νύμφη,νύμφη,n-s---fn-,NomSubj,17.0,SBJ,5.153,NomSubj,,,,NomSubj
19,.,.,u--------,,0.0,AuxK,5.153,,,,,
1,ἀλλ',ἀλλά,d--------,adv indeclform,6.0,AuxY,5.154,,,,,
2,ἦ,ἦ,d--------,adv indeclform,6.0,AuxY,5.154,,,,,
3,τοι,τοι,g--------,particle indeclform,6.0,AuxY,5.154,,,,,
4,νύκτας,νύξ,n-p---fa-,AccTime,6.0,ADV,5.154,AccTime,,,,AccTime
5,μὲν,μέν,g--------,particle indeclform,6.0,AuxY,5.154,,,,,
6,ἰαύεσκεν,ἰαύω,v3siia---,ImpfIter.1,0.0,PRED,5.154,ImpfIter.1,,,,ImpfIter.1
7,καὶ,καί,d--------,conj indeclform,8.0,AuxZ,5.154,,,,,
8,ἀνάγκῃ,ἀνάγκη,n-s---fd-,DatInstr,6.0,ADV,5.154,DatInstr,,,,DatInstr
9,ἐν,ἐν,r--------,Prep3,6.0,AuxP,5.155,,,,,
10,σπέσσι,σπέος,n-p---nd-,DatLoc (Prep3),9.0,ADV,5.155,DatLoc (Prep3),,,,DatLoc (Prep3)
11,γλαφυροῖσι,γλαφυρός,a-p---nd-,DatLoc (Prep3),10.0,ATR,5.155,DatLoc (Prep3),,,,DatLoc (Prep3)
12,παρ',παρά,r--------,Prep5,6.0,AuxP,5.155,,,,,
13,οὐκ,οὐ,d--------,adv indeclform,14.0,AuxZ,5.155,,,,,
14,ἐθέλων,ἐθέλω,v-sppamn-,"NomSubj, PartAttr",6.0,ADV,5.155,NomSubj,PartAttr,,,NomSubj|PartAttr
15,ἐθελούσῃ,ἐθέλω,v-sppafd-,"DatLoc (Prep5), PartAttr",12.0,ADV,5.155,DatLoc (Prep5),PartAttr,,,DatLoc (Prep5)|PartAttr
16,·,·,u--------,,0.0,AuxK,5.155,,,,,
1,ἤματα,ἦμαρ,n-p---na-,AccTime,18.0,ADV,5.156,AccTime,,,,AccTime
2,δ',δέ,g--------,particle indeclform,0.0,COORD,5.156,,,,,
3,ἂμ,ἀνά,r--------,Prep5,7.0,AuxP,5.156,,,,,
4,πέτρῃσι,πέτρα,n-p---fd-,DatLoc (Prep5),5.0,ADV_CO,5.156,DatLoc (Prep5),,,,DatLoc (Prep5)
5,καὶ,καί,c--------,conj indeclform,3.0,COORD,5.156,,,,,
6,ἠιόνεσσι,ἠιών,n-p---fd-,DatLoc (Prep5),5.0,ADV_CO,5.156,DatLoc (Prep5),,,,DatLoc (Prep5)
7,καθίζων,καθίζω,v-sppamn-,"NomSubj, PartCirc.1",18.0,ADV,5.156,NomSubj,PartCirc.1,,,NomSubj|PartCirc.1
8,δάκρυσι,δάκρυον,n-p---nd-,DatInstr,11.0,ADV_CO,5.157,DatInstr,,,,DatInstr
9,καὶ,καί,c--------,conj indeclform,11.0,AuxY,5.157,,,,,
10,στοναχῇσι,στοναχή,n-p---fd-,DatInstr,11.0,ADV_CO,5.157,DatInstr,,,,DatInstr
11,καὶ,καί,c--------,conj indeclform,14.0,COORD,5.157,,,,,
12,ἄλγεσι,ἄλγος,n-p---nd-,DatInstr,11.0,ADV_CO,5.157,DatInstr,,,,DatInstr
13,θυμὸν,θυμός,n-s---ma-,AccObj,14.0,OBJ,5.157,AccObj,,,,AccObj
14,ἐρέχθων,ἐρέχθω,v-sppamn-,"NomSubj, PartAttr",18.0,ADV,5.157,NomSubj,PartAttr,,,NomSubj|PartAttr
15,πόντον,πόντος,n-s---ma-,AccDirec.1 (Prep5),16.0,OBJ,5.158,,,,,
16,ἐπ',ἐπί,r--------,Prep5,18.0,AuxP,5.158,,,,,
17,ἀτρύγετον,ἀτρύγετος,a-s---ma-,AccDirec.1 (Prep5),15.0,ATR,5.158,,,,,
18,δερκέσκετο,δέρκομαι,v3siie---,ImpfIter.1,2.0,PRED_CO,5.158,ImpfIter.1,,,,ImpfIter.1
19,δάκρυα,δάκρυον,n-p---na-,AccObj,20.0,OBJ,5.158,AccObj,,,,AccObj
20,λείβων,λείβω,v-sppamn-,"NomSubj, PartCirc.1",18.0,ADV,5.158,NomSubj,PartCirc.1,,,NomSubj|PartCirc.1
21,.,.,u--------,,0.0,AuxK,5.158,,,,,
1,ἀγχοῦ,ἀγχοῦ,d--------,adv indeclform,3.0,ADV,5.159,,,,,
2,δ',δέ,g--------,particle indeclform,0.0,COORD,5.159,,,,,
3,ἱσταμένη,ἵστημι,v-sppefn-,"NomSubj, PartCirc.7",4.0,ADV,5.159,NomSubj,PartCirc.7,,,NomSubj|PartCirc.7
4,προσεφώνεε,προσφωνέω,v3siia---,ImpfCons,2.0,PRED_CO,5.159,ImpfCons,,,,ImpfCons
5,δῖα,δῖος,a-s---fn-,NomInd,4.0,SBJ,5.159,NomInd,,,,NomInd
6,θεάων,θεά,n-p---fg-,GenPart,5.0,ATR,5.159,GenPart,,,,GenPart
7,·,·,u--------,,0.0,AuxK,5.159,,,,,
1,&quot;,&quot;,u--------,,11.0,AuxG,5.16,,,,,
2,κάμμορε,κάμμορος,a-s---mv-,Voc,11.0,ExD,5.16,Voc,,,,Voc
3,",",",",u--------,,2.0,AuxX,5.16,,,,,
4,μή,μή,d--------,ImprComm (mh),8.0,AuxZ,5.16,ImprComm (mh),,,,ImprComm (mh)
5,μοι,ἐγώ,p1s---fd-,DatAccom,8.0,ADV,5.16,DatAccom,,,,DatAccom
6,ἔτ',ἔτι,d--------,adv indeclform,8.0,ADV,5.16,,,,,
7,ἐνθάδ',ἐνθάδε,d--------,adv indeclform,8.0,ADV,5.16,,,,,
8,ὀδύρεο,ὀδύρομαι,v2spme---,ImprCommB,11.0,PRED_CO,5.16,ImprCommB,,,,ImprCommB
9,",",",",u--------,,11.0,AuxX,5.16,,,,,
10,μη,μή,g--------,ImprComm (mh),14.0,AuxZ,5.16,ImprComm (mh),,,,ImprComm (mh)
11,δέ,δέ,g--------,particle indeclform,0.0,COORD,5.16,,,,,
12,τοι,σύ,p2s----d-,DatPos,13.0,ATR,5.16,DatPos,,,,DatPos
13,αἰὼν,αἰών,n-s---mn-,NomSubj,14.0,SBJ,5.16,NomSubj,,,,NomSubj
14,φθινέτω,φθίω,v3spma---,ImprCommC,11.0,PRED_CO,5.161,ImprCommC,,,,ImprCommC
15,·,·,u--------,,0.0,AuxK,5.161,,,,,
1,ἤδη,ἤδη,d--------,adv indeclform,6.0,ADV,5.161,,,,,
2,γάρ,γάρ,g--------,particle indeclform,6.0,AuxY,5.161,,,,,
3,σε,σύ,p2s----a-,"AccObj, Pron1",6.0,OBJ,5.161,AccObj,,,,AccObj
4,μάλα,μάλα,d--------,adv indeclform,5.0,AuxZ,5.161,,,,,
5,πρόφρασσ',πρόφρασσα,a-s---fn-,NomSubj,6.0,AtvV,5.161,NomSubj,,,,NomSubj
6,ἀποπέμψω,ἀποπέμπω,v1sfia---,Fut,0.0,PRED,5.161,Fut,,,,Fut
7,.,.,u--------,,0.0,AuxK,5.161,,,,,
1,ἀλλ',ἀλλά,d--------,adv indeclform,6.0,AuxY,5.162,,,,,
2,ἄγε,ἄγε,d--------,adv indeclform,6.0,AuxY,5.162,,,,,
3,δούρατα,δόρυ,n-p---na-,AccObj,5.0,OBJ,5.162,AccObj,,,,AccObj
4,μακρὰ,μακρός,a-p---na-,AccObj,3.0,ATR,5.162,AccObj,,,,AccObj
5,ταμὼν,τέμνω,v-sapamn-,"NomSubj, PartCirc.7",6.0,ADV,5.162,NomSubj,PartCirc.7,,,NomSubj|PartCirc.7
6,ἁρμόζεο,ἁρμόζω,v2spme---,"ImprComm, N1",0.0,PRED,5.162,ImprComm,,,,ImprComm
7,χαλκῷ,χαλκός,n-s---md-,DatInstr,6.0,ADV,5.162,DatInstr,,,,DatInstr
8,εὐρεῖαν,εὐρύς,a-s---fa-,AccObj,9.0,ATR,5.163,AccObj,,,,AccObj
9,σχεδίην,σχεδία,n-s---fa-,AccObj,6.0,OBJ,5.163,AccObj,,,,AccObj
10,·,·,u--------,,0.0,AuxK,5.163,,,,,
1,ἀτὰρ,ἀτάρ,g--------,particle indeclform,3.0,AuxY,5.163,,,,,
2,ἴκρια,ἴκρια,n-p---na-,AccObj,3.0,OBJ,5.163,AccObj,,,,AccObj
3,πῆξαι,πήγνυμι,v2samm---,"AorDram, ImprComm, MidIndir",0.0,PRED,5.163,AorDram,ImprComm,MidIndir,,AorDram|ImprComm|MidIndir
4,ἐπ',ἐπί,r--------,Prep3,3.0,AuxP,5.163,,,,,
5,αὐτῆς,αὐτός,a-s---fg-,GenLoc (Prep3),4.0,OBJ,5.163,GenLoc (Prep3),,,,GenLoc (Prep3)
6,ὑψοῦ,ὑψοῦ,d--------,adv indeclform,3.0,ADV,5.164,,,,,
7,",",",",u--------,,8.0,AuxX,5.164,,,,,
8,ὥς,ὡς,c--------,Subcl4,3.0,AuxC,5.164,,,,,
9,σε,σύ,p2s----a-,"AccObj, Pron1",10.0,OBJ,5.164,AccObj,,,,AccObj
10,φέρῃσιν,φέρω,v3spsa---,Subj (Subcl4),8.0,ADV,5.164,,,,,
11,ἐπ',ἐπί,r--------,Prep5,10.0,AuxP,5.164,,,,,
12,ἠεροειδέα,ἠεροειδής,a-s---ma-,AccDirec.1 (Prep5),13.0,ATR,5.164,,,,,
13,πόντον,πόντος,n-s---ma-,AccDirec.1 (Prep5),11.0,OBJ,5.164,,,,,
14,.,.,u--------,,0.0,AuxK,5.164,,,,,
1,αὐτὰρ,ἀτάρ,g--------,particle indeclform,9.0,AuxY,5.165,,,,,
2,ἐγὼ,ἐγώ,p1s---fn-,"NomSubj, Pron1",9.0,SBJ,5.165,NomSubj,,,,NomSubj
3,σῖτον,σῖτος,n-s---ma-,AccObj,6.0,OBJ_CO,5.165,AccObj,,,,AccObj
4,καὶ,καί,c--------,conj indeclform,6.0,AuxY,5.165,,,,,
5,ὕδωρ,ὕδωρ,n-s---na-,AccObj,6.0,OBJ_CO,5.165,AccObj,,,,AccObj
6,καὶ,καί,c--------,conj indeclform,9.0,COORD,5.165,,,,,
7,οἶνον,οἶνος,n-s---ma-,AccObj,6.0,OBJ_CO,5.165,AccObj,,,,AccObj
8,ἐρυθρὸν,ἐρυθρός,a-s---ma-,AccObj,7.0,ATR,5.165,AccObj,,,,AccObj
9,ἐνθήσω,ἐντίθημι,v1sfia---,Fut,19.0,PRED_CO,5.166,Fut,,,,Fut
10,μενοεικέ',μενοεικής,a-s---ma-,AccObj,7.0,ATR,5.166,AccObj,,,,AccObj
11,",",",",u--------,,16.0,AuxX,5.166,,,,,
12,ἅ,ὅς,p-p---nn-,"NomSubj, Pron8",16.0,SBJ,5.166,NomSubj,,,,NomSubj
13,κέν,ἄν,g--------,OptSubor (an),16.0,AuxZ,5.166,OptSubor (an),,,,OptSubor (an)
14,τοι,σύ,p2s----d-,DatAdvn,16.0,OBJ,5.166,DatAdvn,,,,DatAdvn
15,λιμὸν,λιμός,n-s---ma-,AccObj,16.0,OBJ,5.166,AccObj,,,,AccObj
16,ἐρύκοι,ἐρύκω,v3spoa---,OptSubor,6.0,ATR,5.166,OptSubor,,,,OptSubor
17,",",",",u--------,,19.0,AuxX,5.166,,,,,
18,εἵματά,εἷμα,n-p---na-,AccObj,20.0,OBJ,5.167,AccObj,,,,AccObj
19,τ',τε,g--------,particle indeclform,0.0,COORD,5.167,,,,,
20,ἀμφιέσω,ἀμφιάζω,v1sfia---,Fut,19.0,PRED_CO,5.167,Fut,,,,Fut
21,·,·,u--------,,0.0,AuxK,5.167,,,,,
1,πέμψω,πέμπω,v1sfia---,Fut,2.0,PRED_CO,5.167,Fut,,,,Fut
2,δέ,δέ,g--------,particle indeclform,0.0,COORD,5.167,,,,,
3,τοι,σύ,p2s----d-,DatVerb,1.0,OBJ,5.167,DatVerb,,,,DatVerb
4,οὖρον,οὖρος,n-s---ma-,AccObj,1.0,OBJ,5.167,AccObj,,,,AccObj
5,ὄπισθεν,ὄπισθεν,d--------,adv indeclform,1.0,ADV,5.167,,,,,
6,",",",",u--------,,7.0,AuxX,5.167,,,,,
7,ὥς,ὡς,c--------,Subcl4,1.0,AuxC,5.168,,,,,
8,κε,ἄν,g--------,Subcl4,14.0,AuxZ,5.168,,,,,
9,μάλ',μάλα,d--------,adv indeclform,10.0,AuxZ,5.168,,,,,
10,ἀσκηθὴς,ἀσκηθής,a-s---mn-,NomSubj,14.0,AtvV,5.168,NomSubj,,,,NomSubj
11,σὴν,σός,a-s---fa-,"AccDirec, Pron1",13.0,ATR,5.168,AccDirec,,,,AccDirec
12,πατρίδα,πατρίς,a-s---fa-,AccDirec,13.0,ATR,5.168,AccDirec,,,,AccDirec
13,γαῖαν,γαῖα,n-s---fa-,AccDirec,14.0,OBJ,5.168,AccDirec,,,,AccDirec
14,ἵκηαι,ἱκνέομαι,v2sase---,Subj (Subcl4),7.0,ADV,5.168,,,,,
15,",",",",u--------,,16.0,AuxX,5.168,,,,,
16,αἴ,εἰ,c--------,Cond2,14.0,AuxC,5.169,,,,,
17,κε,ἄν,g--------,particle indeclform,20.0,AuxZ,5.169,,,,,
18,θεοί,θεός,n-p---mn-,NomSubj,20.0,SBJ,5.169,NomSubj,,,,NomSubj
19,γ',γε,g--------,particle indeclform,18.0,AuxZ,5.169,,,,,
20,ἐθέλωσι,ἐθέλω,v3ppsa---,SubjSubor (Cond2 protasis--- Subcl4 takes place of apodosis),16.0,ADV,5.169,SubjSubor (Cond2 protasis--- Subcl4 takes place of apodosis),,,,SubjSubor (Cond2 protasis--- Subcl4 takes place of apodosis)
21,",",",",u--------,,25.0,AuxX,5.169,,,,,
22,τοὶ,ὁ,p-p---mn-,"NomSubj, Pron8",25.0,SBJ,5.169,NomSubj,,,,NomSubj
23,οὐρανὸν,οὐρανός,n-s---ma-,AccObj,25.0,OBJ,5.169,AccObj,,,,AccObj
24,εὐρὺν,εὐρύς,a-s---ma-,AccObj,23.0,ATR,5.169,AccObj,,,,AccObj
25,ἔχουσιν,ἔχω,v3ppia---,"PresIter.1., Ind, Act",18.0,ATR,5.169,PresIter.1.,Ind,Act,,PresIter.1.|Ind|Act
26,",",",",u--------,,30.0,AuxX,5.169,,,,,
27,οἵ,ὅς,p-p---mn-,"NomSubj, Pron8",30.0,SBJ,5.17,NomSubj,,,,NomSubj
28,μευ,ἐγώ,p1s---fg-,GenComp,29.0,ATR,5.17,GenComp,,,,GenComp
29,φέρτεροί,φέρτατος,a-p---mn-,NomPred,30.0,PNOM,5.17,NomPred,,,,NomPred
30,εἰσι,εἰμί,v3ppia---,"PresIter.1., Ind, Act",18.0,ATR,5.17,PresIter.1.,Ind,Act,,PresIter.1.|Ind|Act
31,νοῆσαί,νοέω,v--ana---,InfDyn,34.0,ADV_CO,5.17,InfDyn,,,,InfDyn
32,τε,τε,g--------,particle indeclform,34.0,AuxY,5.17,,,,,
33,κρῆναί,κραίνω,v--ana---,InfDyn,34.0,ADV_CO,5.17,InfDyn,,,,InfDyn
34,τε,τε,g--------,particle indeclform,30.0,COORD,5.17,,,,,
35,.,.,u--------,,0.0,AuxK,5.17,,,,,
36,&quot;,&quot;,u--------,,2.0,AuxG,5.17,,,,,
1,ὣς,ὡς,d--------,adv indeclform,2.0,ADV,5.171,,,,,
2,φάτο,φημί,v3sai----,Impf.2,10.0,PRED_CO,5.171,Impf.2,,,,Impf.2
3,",",",",u--------,,10.0,AuxX,5.171,,,,,
4,ῥίγησεν,ῥιγέω,v3saia---,AorIngr,10.0,PRED_CO,5.171,AorIngr,,,,AorIngr
5,δὲ,δέ,g--------,particle indeclform,10.0,AuxY,5.171,,,,,
6,πολύτλας,πολύτλας,n-s---mn-,NomSubj,8.0,ATR,5.171,NomSubj,,,,NomSubj
7,δῖος,δῖος,a-s---mn-,NomSubj,8.0,ATR,5.171,NomSubj,,,,NomSubj
8,Ὀδυσσεύς,Ὀδυσσεύς,n-s---mn-,NomSubj,4.0,SBJ,5.171,NomSubj,,,,NomSubj
9,",",",",u--------,,10.0,AuxX,5.171,,,,,
10,καί,καί,c--------,conj indeclform,0.0,COORD,5.172,,,,,
11,μιν,μιν,p-s---fa-,"AccObj, Pron4",15.0,OBJ,5.172,AccObj,,,,AccObj
12,φωνήσας,φωνέω,v-sapamn-,"NomSubj, PartCirc.3",15.0,ADV,5.172,NomSubj,PartCirc.3,,,NomSubj|PartCirc.3
13,ἔπεα,ἔπος,n-p---na-,AccObj,15.0,OBJ,5.172,AccObj,,,,AccObj
14,πτερόεντα,πτερόεις,a-p---na-,AccObj,13.0,ATR,5.172,AccObj,,,,AccObj
15,προσηύδα,προσαυδάω,v3siia---,ImpfCons,10.0,PRED_CO,5.172,ImpfCons,,,,ImpfCons
16,·,·,u--------,,0.0,AuxK,5.172,,,,,
1,&quot;,&quot;,u--------,,13.0,AuxG,5.173,,,,,
2,ἄλλο,ἄλλος,a-s---na-,AccObj,9.0,ATR,5.173,AccObj,,,,AccObj
3,τι,τις,p-s---na-,AccObj,9.0,ATR,5.173,AccObj,,,,AccObj
4,δὴ,δή,g--------,particle indeclform,10.0,AuxY,5.173,,,,,
5,σύ,σύ,p2s----n-,"NomSubj, Pron1",10.0,SBJ,5.173,NomSubj,,,,NomSubj
6,",",",",u--------,,7.0,AuxX,5.173,,,,,
7,θεά,θεά,n-s---fv-,Voc,10.0,ExD,5.173,Voc,,,,Voc
8,",",",",u--------,,7.0,AuxX,5.173,,,,,
9,τόδε,ὅδε,p-s---na-,AccAdv,10.0,OBJ,5.173,AccAdv,,,,AccAdv
10,μήδεαι,μήδομαι,v2spie---,"Pres, Ind, MidIndir",13.0,PRED_CO,5.173,Pres,Ind,MidIndir,,Pres|Ind|MidIndir
11,",",",",u--------,,13.0,AuxX,5.173,,,,,
12,οὐ,οὐ,d--------,adv indeclform,31.0,AuxZ,5.173,,,,,
13,δέ,δέ,g--------,particle indeclform,0.0,COORD,5.173,,,,,
14,τι,τις,p-s---na-,AccAdv,31.0,AuxZ,5.173,AccAdv,,,,AccAdv
15,πομπήν,πομπή,n-s---fa-,AccObj,31.0,OBJ,5.173,AccObj,,,,AccObj
16,",",",",u--------,,19.0,AuxX,5.173,,,,,
17,ἥ,ὅς,p-s---fn-,"NomSubj, Pron8",19.0,SBJ,5.174,NomSubj,,,,NomSubj
18,με,ἐγώ,p1s---ma-,AccObj,21.0,SBJ,5.174,AccObj,,,,AccObj
19,κέλεαι,κέλομαι,v2spie---,Pres,5.0,ATR,5.174,Pres,,,,Pres
20,σχεδίῃ,σχεδία,n-s---fd-,DatLoc,21.0,ADV,5.174,DatLoc,,,,DatLoc
21,περάαν,περάω,v--pna---,InfDyn,19.0,OBJ,5.174,InfDyn,,,,InfDyn
22,μέγα,μέγας,a-s---na-,AccSpac,23.0,ATR,5.174,AccSpac,,,,AccSpac
23,λαῖτμα,λαῖτμα,n-s---na-,AccSpac,21.0,OBJ,5.174,AccSpac,,,,AccSpac
24,θαλάσσης,θάλασσα,n-s---fg-,GenExpl,23.0,ATR,5.174,GenExpl,,,,GenExpl
25,",",",",u--------,,29.0,AuxX,5.174,,,,,
26,δεινόν,δεινός,a-s---na-,AccSpac,29.0,ATR_CO,5.175,AccSpac,,,,AccSpac
27,τ',τε,g--------,particle indeclform,29.0,AuxY,5.175,,,,,
28,ἀργαλέον,ἀργαλέος,a-s---na-,AccSpac,29.0,ATR_CO,5.175,AccSpac,,,,AccSpac
29,τε,τε,g--------,particle indeclform,23.0,COORD,5.175,,,,,
30,·,·,u--------,,0.0,AuxK,5.175,,,,,
1,τὸ,ὁ,p-s---na-,"AccDirec.1 (Prep5), Pron4",9.0,OBJ,5.175,,,,,
2,δ',δέ,g--------,particle indeclform,0.0,COORD,5.175,,,,,
3,οὐ,οὐ,d--------,adv indeclform,9.0,AuxZ,5.175,,,,,
4,δ',δέ,g--------,particle indeclform,9.0,AuxZ,5.175,,,,,
5,ἐπὶ,ἐπί,r--------,Prep5,9.0,AuxZ,5.175,,,,,
6,νῆες,ναῦς,n-p---fn-,NomSubj,9.0,SBJ,5.175,NomSubj,,,,NomSubj
7,ἐῖσαι,ἴσος,a-p---fn-,NomSubj,6.0,ATR,5.175,NomSubj,,,,NomSubj
8,ὠκύποροι,ὠκύπορος,a-p---fn-,NomSubj,6.0,ATR,5.176,NomSubj,,,,NomSubj
9,περόωσιν,περάω,v3ppia---,"PresIter.1., Ind, Act",2.0,PRED_CO,5.176,PresIter.1.,Ind,Act,,PresIter.1.|Ind|Act
10,",",",",u--------,,11.0,AuxX,5.176,,,,,
11,ἀγαλλόμεναι,ἀγάλλω,v-pppefn-,"NomSubj, PartCirc.7",9.0,ADV,5.176,NomSubj,PartCirc.7,,,NomSubj|PartCirc.7
12,Διὸς,Ζεύς,n-s---mg-,GenSep,13.0,ATR,5.176,GenSep,,,,GenSep
13,οὔρῳ,οὖρος,n-s---md-,DatVerb,11.0,OBJ,5.176,DatVerb,,,,DatVerb
14,.,.,u--------,,0.0,AuxK,5.176,,,,,
1,οὐ,οὐ,d--------,adv indeclform,8.0,AuxZ,5.177,,,,,
2,δ',δέ,g--------,particle indeclform,0.0,COORD,5.177,,,,,
3,ἂν,ἄν,g--------,OptPoten (an),8.0,AuxZ,5.177,OptPoten (an),,,,OptPoten (an)
4,ἐγὼν,ἐγώ,p1s---mn-,"NomSubj, Pron1",8.0,SBJ,5.177,NomSubj,,,,NomSubj
5,ἀέκητι,ἀέκητι,d--------,adv indeclform,8.0,ADV,5.177,,,,,
6,σέθεν,σύ,p2s----g-,"GenPos, Pron1",5.0,ATR,5.177,GenPos,,,,GenPos
7,σχεδίης,σχεδία,n-s---fg-,GenLoc,8.0,OBJ,5.177,GenLoc,,,,GenLoc
8,ἐπιβαίην,ἐπιβαίνω,v1saoa---,OptPoten,2.0,PRED_CO,5.177,OptPoten,,,,OptPoten
9,",",",",u--------,,10.0,AuxX,5.177,,,,,
10,εἰ,εἰ,c--------,conj indeclform,8.0,AuxC,5.178,,,,,
11,μή,μή,d--------,OptPoten.4 (mh),13.0,AuxZ,5.178,,,,,
12,μοι,ἐγώ,p1s---md-,DatVerb,20.0,OBJ,5.178,DatVerb,,,,DatVerb
13,τλαίης,τλάω,v2saoa---,OptPoten.4,10.0,ADV,5.178,OptPoten.4,,,,OptPoten.4
14,γε,γε,g--------,particle indeclform,13.0,AuxZ,5.178,,,,,
15,",",",",u--------,,16.0,AuxX,5.178,,,,,
16,θεά,θεά,n-s---fv-,Voc,8.0,ExD,5.178,Voc,,,,Voc
17,",",",",u--------,,16.0,AuxX,5.178,,,,,
18,μέγαν,μέγας,a-s---ma-,AccObj,19.0,ATR,5.178,AccObj,,,,AccObj
19,ὅρκον,ὅρκος,n-s---ma-,AccObj,31.0,OBJ_AP,5.178,AccObj,,,,AccObj
20,ὀμόσσαι,ὄμνυμι,v--ana---,InfDyn,13.0,OBJ,5.178,InfDyn,,,,InfDyn
21,μή,μή,d--------,,27.0,AuxZ,5.179,,,,,
22,τί,τις,p-s---na-,AccObj,25.0,ATR,5.179,AccObj,,,,AccObj
23,μοι,ἐγώ,p1s---md-,"DatAdvn, Pron1",27.0,OBJ,5.179,DatAdvn,,,,DatAdvn
24,αὐτῷ,αὐτός,a-s---md-,"DatAdvn, Pron2",23.0,ATR,5.179,DatAdvn,,,,DatAdvn
25,πῆμα,πῆμα,n-s---na-,AccObj,27.0,OBJ,5.179,AccObj,,,,AccObj
26,κακὸν,κακός,a-s---na-,AccObj,25.0,ATR,5.179,AccObj,,,,AccObj
27,βουλευσέμεν,βουλεύω,v--fna---,"Fut, InfDec",31.0,OBJ_AP,5.179,Fut,InfDec,,,Fut|InfDec
28,ἄλλο,ἄλλος,a-s---na-,AccObj,25.0,ATR,5.179,AccObj,,,,AccObj
29,.,.,u--------,,0.0,AuxK,5.179,,,,,
30,&quot;,&quot;,u--------,,2.0,AuxG,5.179,,,,,
1,ὣς,ὡς,d--------,adv indeclform,2.0,ADV,5.18,,,,,
2,φάτο,φημί,v3sai----,Impf.2,18.0,PRED_CO,5.18,Impf.2,,,,Impf.2
3,",",",",u--------,,18.0,AuxX,5.18,,,,,
4,μείδησεν,μειδάω,v3saia---,AorIngr,18.0,PRED_CO,5.18,AorIngr,,,,AorIngr
5,δὲ,δέ,g--------,particle indeclform,18.0,AuxY,5.18,,,,,
6,Καλυψὼ,Καλυψώ,n-s---fn-,NomSubj,21.0,SBJ_AP,5.18,NomSubj,,,,NomSubj
7,δῖα,δῖος,a-s---fn-,NomInd,21.0,SBJ_AP,5.18,NomInd,,,,NomInd
8,θεάων,θεά,n-p---fg-,GenPart,7.0,ATR,5.18,GenPart,,,,GenPart
9,",",",",u--------,,18.0,AuxX,5.18,,,,,
10,χειρί,χείρ,n-s---fd-,DatInstr,13.0,ADV,5.181,DatInstr,,,,DatInstr
11,τέ,τε,g--------,particle indeclform,18.0,AuxY,5.181,,,,,
12,μιν,μιν,p-s---ma-,"AccObj, Pron4",13.0,OBJ,5.181,AccObj,,,,AccObj
13,κατέρεξεν,καταρρέζω,v3saia---,AorIngr,18.0,PRED_CO,5.181,AorIngr,,,,AorIngr
14,ἔπος,ἔπος,n-s---na-,AccObj,16.0,OBJ,5.181,AccObj,,,,AccObj
15,τ',τε,g--------,particle indeclform,18.0,AuxY,5.181,,,,,
16,ἔφατ',φημί,v3siie---,ImpfDesc,18.0,PRED_CO,5.181,ImpfDesc,,,,ImpfDesc
17,ἔκ,ἐκ,r--------,adv indeclform,19.0,AuxZ,5.181,,,,,
18,τ',τε,g--------,particle indeclform,0.0,COORD,5.181,,,,,
19,ὀνόμαζεν,ὀνομάζω,v3siia---,ImpfCons,18.0,PRED_CO,5.181,ImpfCons,,,,ImpfCons
20,·,·,u--------,,0.0,AuxK,5.181,,,,,
1,&quot;,&quot;,u--------,,6.0,AuxG,5.182,,,,,
2,ἦ,ἦ,d--------,adv indeclform,6.0,AuxY,5.182,,,,,
3,δὴ,δή,g--------,particle indeclform,6.0,AuxY,5.182,,,,,
4,ἀλιτρός,ἀλιτρός,a-s---mn-,NomPred,7.0,PNOM_CO,5.182,NomPred,,,,NomPred
5,γ',γε,g--------,particle indeclform,4.0,AuxZ,5.182,,,,,
6,ἐσσὶ,εἰμί,v2spia---,"PresIter, Ind, Act",0.0,PRED,5.182,PresIter,Ind,Act,,PresIter|Ind|Act
7,καὶ,καί,c--------,conj indeclform,6.0,COORD,5.182,,,,,
8,οὐκ,οὐ,d--------,adv indeclform,10.0,AuxZ,5.182,,,,,
9,ἀποφώλια,ἀποφώλιος,a-p---na-,AccObj,10.0,OBJ,5.182,AccObj,,,,AccObj
10,εἰδώς,οἶδα,v-srpamn-,"NomSubj, PartAttr",7.0,PNOM_CO,5.182,NomSubj,PartAttr,,,NomSubj|PartAttr
11,",",",",u--------,,19.0,AuxX,5.182,,,,,
12,οἷον,οἷος,a-s---na-,AccObj,15.0,ATR,5.183,AccObj,,,,AccObj
13,δὴ,δή,g--------,particle indeclform,16.0,AuxY,5.183,,,,,
14,τὸν,ὁ,l--------,"AccObj, ArtSubs",15.0,ATR,5.183,AccObj,ArtSubs,,,AccObj|ArtSubs
15,μῦθον,μῦθος,n-s---ma-,AccObj,17.0,OBJ,5.183,AccObj,,,,AccObj
16,ἐπεφράσθης,ἐπιφράζω,v2saip---,"AorIngr, Pass",19.0,ADV,5.183,AorIngr,Pass,,,AorIngr|Pass
17,ἀγορεῦσαι,ἀγορεύω,v--ana---,InfDyn,16.0,OBJ,5.183,InfDyn,,,,InfDyn
18,.,.,u--------,,0.0,AuxK,5.183,,,,,
1,ἴστω,οἶδα,v3srma---,"Perf, ImprComm",0.0,PRED,5.184,Perf,ImprComm,,,Perf|ImprComm
2,νῦν,νῦν,d--------,adv indeclform,1.0,ADV,5.184,,,,,
3,τόδε,ὅδε,p-s---na-,"AccObj, Pron4",24.0,OBJ_AP,5.184,AccObj,,,,AccObj
4,γαῖα,γαῖα,n-s---fn-,NomSubj,9.0,SBJ_CO,5.184,NomSubj,,,,NomSubj
5,καὶ,καί,c--------,conj indeclform,9.0,AuxY,5.184,,,,,
6,οὐρανὸς,οὐρανός,n-s---mn-,NomSubj,9.0,SBJ_CO,5.184,NomSubj,,,,NomSubj
7,εὐρὺς,εὐρύς,a-s---mn-,NomSubj,6.0,ATR,5.184,NomSubj,,,,NomSubj
8,ὕπερθε,ὕπερθεν,d--------,Prep5,6.0,ATR,5.184,,,,,
9,καὶ,καί,c--------,conj indeclform,1.0,COORD,5.185,,,,,
10,τὸ,ὁ,l-s---nn-,"NomSubj, ArtSubs",13.0,ATR,5.185,NomSubj,ArtSubs,,,NomSubj|ArtSubs
11,κατειβόμενον,κατείβω,v-sppenn-,"NomSubj, PartAttr",13.0,ATR,5.185,NomSubj,PartAttr,,,NomSubj|PartAttr
12,Στυγὸς,Στύξ,n-s---fg-,GenPos,13.0,ATR,5.185,GenPos,,,,GenPos
13,ὕδωρ,ὕδωρ,n-s---nn-,NomSubj,9.0,SBJ_CO,5.185,NomSubj,,,,NomSubj
14,",",",",u--------,,21.0,AuxX,5.185,,,,,
15,ὅς,ὅς,p-s---mn-,"NomSubj, Pron8",21.0,SBJ,5.185,NomSubj,,,,NomSubj
16,τε,τε,g--------,particle indeclform,21.0,AuxY,5.185,,,,,
17,μέγιστος,μέγας,a-s---mn-,NomPred,20.0,ATR_CO,5.185,NomPred,,,,NomPred
18,ὅρκος,ὅρκος,n-s---mn-,NomPred,21.0,PNOM,5.186,NomPred,,,,NomPred
19,δεινότατός,δεινός,a-s---mns,NomPred,20.0,ATR_CO,5.186,NomPred,,,,NomPred
20,τε,τε,g--------,particle indeclform,18.0,COORD,5.186,,,,,
21,πέλει,πέλω,v3spia---,"PresIter.1., Ind, Act",13.0,ATR,5.186,PresIter.1.,Ind,Act,,PresIter.1.|Ind|Act
22,μακάρεσσι,μάκαρ,n-p---md-,DatVerb,23.0,ATR,5.186,DatVerb,,,,DatVerb
23,θεοῖσι,θεός,n-p---md-,DatVerb,21.0,OBJ,5.186,DatVerb,,,,DatVerb
24,",",",",u--------,,1.0,APOS,5.186,,,,,
25,μή,μή,c--------,conj indeclform,31.0,AuxZ,5.187,,,,,
26,τί,τις,p-s---na-,AccObj,29.0,ATR,5.187,AccObj,,,,AccObj
27,τοι,σύ,p2s----d-,"DatAdvn, Pron1",31.0,OBJ,5.187,DatAdvn,,,,DatAdvn
28,αὐτῷ,αὐτός,a-s---md-,"DatAdvn, Pron2",27.0,ATR,5.187,DatAdvn,,,,DatAdvn
29,πῆμα,πῆμα,n-s---na-,AccObj,31.0,OBJ,5.187,AccObj,,,,AccObj
30,κακὸν,κακός,a-s---na-,AccObj,29.0,ATR,5.187,AccObj,,,,AccObj
31,βουλευσέμεν,βουλεύω,v--fna---,"Fut, InfDec",24.0,OBJ_AP,5.187,Fut,InfDec,,,Fut|InfDec
32,ἄλλο,ἄλλος,a-s---na-,AccObj,29.0,ATR,5.187,AccObj,,,,AccObj
33,.,.,u--------,,0.0,AuxK,5.187,,,,,
1,ἀλλὰ,ἀλλά,d--------,adv indeclform,5.0,AuxY,5.188,,,,,
2,τὰ,ὁ,p-p---na-,"AccObj, Pron4",5.0,OBJ,5.188,AccObj,,,,AccObj
3,μὲν,μέν,g--------,particle indeclform,5.0,AuxY,5.188,,,,,
4,νοέω,νοέω,v1spia---,"Pres, Ind, Act",5.0,PRED_CO,5.188,Pres,Ind,Act,,Pres|Ind|Act
5,καὶ,καί,c--------,conj indeclform,0.0,COORD,5.188,,,,,
6,φράσσομαι,φράζω,v1sfim---,"Fut, MidMent",5.0,PRED_CO,5.188,Fut,MidMent,,,Fut|MidMent
7,",",",",u--------,,13.0,AuxX,5.188,,,,,
8,ἅσσ',ὅστις,p-p---na-,"AccObj, Pron8",13.0,OBJ,5.188,AccObj,,,,AccObj
9,ἂν,ἄν,g--------,OptPoten (an),13.0,AuxZ,5.188,OptPoten (an),,,,OptPoten (an)
10,ἐμοί,ἐγώ,p1s---fd-,"DatAdvn, Pron1",13.0,ADV,5.188,DatAdvn,,,,DatAdvn
11,περ,πέρ,g--------,particle indeclform,10.0,AuxZ,5.188,,,,,
12,αὐτῇ,αὐτός,a-s---fd-,"DatAdvn, Pron2",10.0,ATR,5.189,DatAdvn,,,,DatAdvn
13,μηδοίμην,μήδομαι,v1spoe---,OptPoten,2.0,ATR,5.189,OptPoten,,,,OptPoten
14,",",",",u--------,,15.0,AuxX,5.189,,,,,
15,ὅτε,ὅτε,c--------,conj indeclform,13.0,AuxC,5.189,,,,,
16,με,ἐγώ,p1s---fa-,AccObj,19.0,OBJ,5.189,AccObj,,,,AccObj
17,χρειὼ,χρεώ,n-s---nn-,NomSubj,19.0,SBJ,5.189,NomSubj,,,,NomSubj
18,τόσον,τόσος,a-s---nn-,"NomSubj, Pron4",17.0,ATR,5.189,NomSubj,,,,NomSubj
19,ἵκοι,ἵκω,v3spoa---,OptSubor.B,15.0,ADV,5.189,OptSubor.B,,,,OptSubor.B
20,·,·,u--------,,0.0,AuxK,5.189,,,,,
1,καὶ,καί,d--------,conj indeclform,3.0,AuxZ,5.19,,,,,
2,γὰρ,γάρ,g--------,particle indeclform,5.0,AuxY,5.19,,,,,
3,ἐμοὶ,ἐγώ,p1s---fd-,"DatPos, Pron1",5.0,OBJ,5.19,DatPos,,,,DatPos
4,νόος,νόος,n-s---mn-,NomSubj,5.0,SBJ,5.19,NomSubj,,,,NomSubj
5,ἐστὶν,εἰμί,v3spia---,"Pres, Ind, Act",9.0,PRED_CO,5.19,Pres,Ind,Act,,Pres|Ind|Act
6,ἐναίσιμος,ἐναίσιμος,a-s---mn-,NomPred,4.0,ATR,5.19,NomPred,,,,NomPred
7,",",",",u--------,,9.0,AuxX,5.19,,,,,
8,οὐ,οὐ,d--------,adv indeclform,21.0,AuxZ,5.19,,,,,
9,δέ,δέ,g--------,particle indeclform,0.0,COORD,5.19,,,,,
10,μοι,ἐγώ,p1s---fd-,"DatLoc (Prep3), Pron1",9.0,OBJ_ExD_PRED_CO,5.19,DatLoc (Prep3),,,,DatLoc (Prep3)
11,αὐτῇ,αὐτός,a-s---fd-,"DatLoc (Prep3), Pron2",10.0,ATR,5.19,DatLoc (Prep3),,,,DatLoc (Prep3)
12,θυμὸς,θυμός,n-s---mn-,NomSubj,21.0,SBJ,5.191,NomSubj,,,,NomSubj
13,ἐνὶ,ἐν,r--------,Prep3,12.0,AuxP,5.191,,,,,
14,στήθεσσι,στῆθος,n-p---nd-,DatLoc (Prep3),13.0,ATR,5.191,DatLoc (Prep3),,,,DatLoc (Prep3)
15,σιδήρεος,σιδήρεος,a-s---mn-,NomPred,17.0,ATR_CO,5.191,NomPred,,,,NomPred
16,",",",",u--------,,17.0,AuxX,5.191,,,,,
17,ἀλλ',ἀλλά,c--------,adv indeclform,12.0,COORD,5.191,,,,,
18,ἐλεήμων,ἐλεήμων,a-s---mn-,"NomPred, PartAttr",17.0,ATR_CO,5.191,NomPred,PartAttr,,,NomPred|PartAttr
19,.,.,u--------,,0.0,AuxK,5.191,,,,,
20,&quot;,&quot;,u--------,,9.0,AuxG,5.191,,,,,
1,ὣς,ὡς,d--------,adv indeclform,3.0,ADV,5.192,,,,,
2,ἄρα,ἄρα,g--------,particle indeclform,3.0,AuxY,5.192,,,,,
3,φωνήσασ',φωνέω,v-sapafn-,"NomSubj, PartCirc.7",4.0,ADV,5.192,NomSubj,PartCirc.7,,,NomSubj|PartCirc.7
4,ἡγήσατο,ἡγέομαι,v3saim---,"Aor, MidIndir",0.0,PRED,5.192,Aor,MidIndir,,,Aor|MidIndir
5,δῖα,δῖος,a-s---fn-,NomSubj,4.0,SBJ,5.192,NomSubj,,,,NomSubj
6,θεάων,θεά,n-p---fg-,GenPart,5.0,ATR,5.192,GenPart,,,,GenPart
7,καρπαλίμως,καρπάλιμος,d--------,adv indeclform,4.0,ADV,5.193,,,,,
8,·,·,u--------,,0.0,AuxK,5.193,,,,,
1,ὁ,ὁ,p-s---mn-,"NomSubj, Pron4",6.0,SBJ,5.193,NomSubj,,,,NomSubj
2,δ',δέ,g--------,particle indeclform,0.0,COORD,5.193,,,,,
3,ἔπειτα,ἔπειτα,d--------,adv indeclform,6.0,ADV,5.193,,,,,
4,μετ',μετά,r--------,Prep5,6.0,AuxP,5.193,,,,,
5,ἴχνια,ἴχνιον,n-p---na-,AccDirec.1 (Prep5),4.0,OBJ,5.193,,,,,
6,βαῖνε,βαίνω,v3siia---,ImpfCons,2.0,PRED_CO,5.193,ImpfCons,,,,ImpfCons
7,θεοῖο,θεός,n-s---fg-,GenPos,5.0,ATR,5.193,GenPos,,,,GenPos
8,.,.,u--------,,0.0,AuxK,5.193,,,,,
1,ἷξον,ἵκω,v3paia---,AorIngr,23.0,PRED_CO,5.194,AorIngr,,,,AorIngr
2,δὲ,δέ,g--------,particle indeclform,23.0,AuxY,5.194,,,,,
3,σπεῖος,σπέος,n-s---na-,AccObj,1.0,OBJ,5.194,AccObj,,,,AccObj
4,γλαφυρὸν,γλαφυρός,a-s---na-,AccObj,3.0,ATR,5.194,AccObj,,,,AccObj
5,θεὸς,θεός,n-s---mn-,NomSubj,6.0,SBJ_CO,5.194,NomSubj,,,,NomSubj
6,ἠδὲ,ἠδέ,c--------,conj indeclform,7.0,AuxY,5.194,,,,,
7,καὶ,καί,d--------,conj indeclform,1.0,COORD,5.194,,,,,
8,ἀνήρ,ἀνήρ,n-s---mn-,NomSubj,7.0,SBJ_CO,5.194,NomSubj,,,,NomSubj
9,",",",",u--------,,23.0,AuxX,5.194,,,,,
10,καί,καί,c--------,conj indeclform,23.0,AuxY,5.195,,,,,
11,ῥ',ἄρα,g--------,particle indeclform,15.0,AuxY,5.195,,,,,
12,ὁ,ὁ,p-s---mn-,"NomSubj, Pron4",15.0,SBJ,5.195,NomSubj,,,,NomSubj
13,μὲν,μέν,g--------,particle indeclform,15.0,AuxY,5.195,,,,,
14,ἔνθα,ἔνθα,d--------,adv indeclform,15.0,ADV,5.195,,,,,
15,καθέζετ',καθέζετο,v3saia---,"Pres, MidIndir",23.0,PRED_CO,5.195,Pres,MidIndir,,,Pres|MidIndir
16,ἐπὶ,ἐπί,r--------,Prep3,15.0,AuxP,5.195,,,,,
17,θρόνου,θρόνον,n-s---ng-,GenLoc (Prep3),16.0,OBJ,5.195,GenLoc (Prep3),,,,GenLoc (Prep3)
18,ἔνθεν,ἔνθεν,d--------,adv indeclform,19.0,OBJ,5.195,,,,,
19,ἀνέστη,ἀνίστημι,v3saia---,Aor,17.0,ATR,5.195,Aor,,,,Aor
20,Ἑρμείας,Ἑρμῆς,n-s---mn-,NomSubj,19.0,SBJ,5.196,NomSubj,,,,NomSubj
21,",",",",u--------,,23.0,AuxX,5.196,,,,,
22,νύμφη,νύμφη,n-s---fn-,NomSubj,24.0,SBJ,5.196,NomSubj,,,,NomSubj
23,δ',δέ,g--------,particle indeclform,0.0,COORD,5.196,,,,,
24,ἐτίθει,τίθημι,v3siia---,ImpfDesc,23.0,PRED_CO,5.196,ImpfDesc,,,,ImpfDesc
25,πάρα,παρά,r--------,Prep5,24.0,AuxZ,5.196,,,,,
26,πᾶσαν,πᾶς,a-s---fa-,AccObj,27.0,ATR,5.196,AccObj,,,,AccObj
27,ἐδωδήν,ἐδωδή,n-s---fa-,AccObj,24.0,OBJ,5.196,AccObj,,,,AccObj
28,",",",",u--------,,30.0,AuxX,5.196,,,,,
29,ἔσθειν,ἔσθω,v--pna---,InfDyn.,30.0,ADV_CO,5.197,InfDyn.,,,,InfDyn.
30,καὶ,καί,c--------,conj indeclform,24.0,COORD,5.197,,,,,
31,πίνειν,πίνω,v--pna---,InfDyn.,30.0,ADV_CO,5.197,InfDyn.,,,,InfDyn.
32,",",",",u--------,,36.0,AuxX,5.197,,,,,
33,οἷα,οἷος,a-p---na-,AccObj,36.0,OBJ,5.197,AccObj,,,,AccObj
34,βροτοὶ,βροτός,n-p---mn-,NomSubj,35.0,ATR,5.197,NomSubj,,,,NomSubj
35,ἄνδρες,ἀνήρ,n-p---mn-,NomSubj,36.0,SBJ,5.197,NomSubj,,,,NomSubj
36,ἔδουσιν,ἔδω,v3ppia---,"PresIter.1., Ind, Act",27.0,ATR,5.197,PresIter.1.,Ind,Act,,PresIter.1.|Ind|Act
37,·,·,u--------,,0.0,AuxK,5.197,,,,,
1,αὐτὴ,αὐτός,a-s---fn-,"NomSubj, Pron2",4.0,SBJ,5.198,NomSubj,,,,NomSubj
2,δ',δέ,g--------,particle indeclform,9.0,AuxY,5.198,,,,,
3,ἀντίον,ἀντίος,r--------,AccAdv,4.0,AuxP,5.198,AccAdv,,,,AccAdv
4,ἷζεν,ἵζω,v3siia---,ImpfDesc,9.0,PRED_CO,5.198,ImpfDesc,,,,ImpfDesc
5,Ὀδυσσῆος,Ὀδυσσεύς,n-s---mg-,GenLoc,3.0,OBJ,5.198,GenLoc,,,,GenLoc
6,θείοιο,θεῖος,a-s---mg-,GenLoc,5.0,ATR,5.198,GenLoc,,,,GenLoc
7,",",",",u--------,,9.0,AuxX,5.198,,,,,
8,τῇ,ὁ,p-s---fd-,"DatLoc (Prep5), Pron4",10.0,OBJ,5.199,DatLoc (Prep5),,,,DatLoc (Prep5)
9,δὲ,δέ,g--------,particle indeclform,0.0,COORD,5.199,,,,,
10,παρ',παρά,r--------,Prep5,15.0,AuxP,5.199,,,,,
11,ἀμβροσίην,ἀμβροσίη,n-s---fa-,AccObj,13.0,OBJ_CO,5.199,AccObj,,,,AccObj
12,δμῳαὶ,δμωή,n-p---fn-,NomSubj,15.0,SBJ,5.199,NomSubj,,,,NomSubj
13,καὶ,καί,c--------,conj indeclform,15.0,COORD,5.199,,,,,
14,νέκταρ,νέκταρ,n-s---na-,AccObj,13.0,OBJ_CO,5.199,AccObj,,,,AccObj
15,ἔθηκαν,τίθημι,v3paia---,AorComp,9.0,PRED_CO,5.199,AorComp,,,,AorComp
16,.,.,u--------,,0.0,AuxK,5.199,,,,,
1,οἱ,ὁ,p-p---mn-,"NomSubj, Pron4",8.0,SBJ,5.2,NomSubj,,,,NomSubj
2,δ',δέ,g--------,particle indeclform,0.0,COORD,5.2,,,,,
3,ἐπ',ἐπί,r--------,Prep5,8.0,AuxP,5.2,,,,,
4,ὀνείαθ',ὄνειαρ,n-p---na-,AccDirec.1 (prep5),3.0,OBJ,5.2,,,,,
5,ἑτοῖμα,ἑτοῖμος,a-p---na-,AccDirec.1 (prep5),4.0,ATR,5.2,,,,,
6,προκείμενα,πρόκειμαι,v-pppena-,AccDirec.1 (prep5),4.0,ATR,5.2,,,,,
7,χεῖρας,χείρ,n-p---fa-,AccObj,8.0,OBJ,5.2,AccObj,,,,AccObj
8,ἴαλλον,ἰάλλω,v3piia---,Impf,2.0,PRED_CO,5.2,Impf,,,,Impf
9,.,.,u--------,,0.0,AuxK,5.2,,,,,
1,αὐτὰρ,ἀτάρ,g--------,particle indeclform,11.0,AuxY,5.201,,,,,
2,ἐπεὶ,ἐπεί,c--------,conj indeclform,11.0,AuxC,5.201,,,,,
3,τάρπησαν,τέρπω,v3paip---,Aor,2.0,ADV,5.201,Aor,,,,Aor
4,ἐδητύος,ἐδητύς,n-s---fg-,GenVerb,5.0,OBJ_CO,5.201,GenVerb,,,,GenVerb
5,ἠδὲ,ἠδέ,c--------,conj indeclform,3.0,COORD,5.201,,,,,
6,ποτῆτος,ποτής,n-s---fg-,GenVerb,5.0,OBJ_CO,5.201,GenVerb,,,,GenVerb
7,",",",",u--------,,2.0,AuxX,5.201,,,,,
8,τοῖς,ὁ,p-p---md-,"DatVerb, Pron4",11.0,OBJ,5.202,DatVerb,,,,DatVerb
9,ἄρα,ἄρα,g--------,particle indeclform,11.0,AuxY,5.202,,,,,
10,μύθων,μῦθος,n-p---mg-,GenVerb,11.0,OBJ,5.202,GenVerb,,,,GenVerb
11,ἦρχε,ἄρχω,v3siia---,ImpfCons,0.0,PRED_CO,5.202,ImpfCons,,,,ImpfCons
12,Καλυψώ,Καλυψώ,n-s---fn-,NomSubj,13.0,SBJ_AP,5.202,NomSubj,,,,NomSubj
13,",",",",u--------,,11.0,APOS,5.202,,,,,
14,δῖα,δῖος,a-s---fn-,GenPart,13.0,SBJ_AP,5.202,GenPart,,,,GenPart
15,θεάων,θεά,n-p---fg-,NomInd,14.0,ATR,5.202,NomInd,,,,NomInd
16,·,·,u--------,,0.0,AuxK,5.202,,,,,
1,&quot;,&quot;,u--------,,17.0,AuxG,5.203,,,,,
2,διογενὲς,διογενής,a-s---nv-,Voc,3.0,ATR,5.203,Voc,,,,Voc
3,Λαερτιάδη,Λαερτιάδης,n-s---mv-,Voc,4.0,ExD_AP,5.203,Voc,,,,Voc
4,",",",",u--------,,17.0,APOS,5.203,,,,,
5,πολυμήχαν',πολυμήχανος,a-s---mv-,Voc,6.0,ATR,5.203,Voc,,,,Voc
6,Ὀδυσσεῦ,Ὀδυσσεύς,n-s---mv-,Voc,4.0,ExD_AP,5.203,Voc,,,,Voc
7,",",",",u--------,,4.0,AuxX,5.203,,,,,
8,οὕτω,οὕτως,d--------,adv indeclform,17.0,ADV,5.204,,,,,
9,δὴ,δή,g--------,particle indeclform,17.0,AuxY,5.204,,,,,
10,οἶκόνδε,οἶκόνδε,d--------,AccDirec.1 ,20.0,OBJ_AP,5.204,AccDirec.1,,,,AccDirec.1
11,φίλην,φίλος,a-s---fa-,AccDirec.1 (Prep3),14.0,ATR,5.204,,,,,
12,ἐς,εἰς,r--------,Prep3,18.0,AuxP,5.204,,,,,
13,πατρίδα,πατρίς,a-s---fa-,AccDirec.1 (Prep3),14.0,ATR,5.204,,,,,
14,γαῖαν,γαῖα,n-s---fa-,AccDirec.1 (Prep3),20.0,OBJ_AP,5.204,,,,,
15,αὐτίκα,αὐτίκα,d--------,adv indeclform,18.0,ADV,5.205,,,,,
16,νῦν,νῦν,d--------,adv indeclform,18.0,ADV,5.205,,,,,
17,ἐθέλεις,ἐθέλω,v2spia---,"Pres, Ind, Act",0.0,PRED,5.205,Pres,Ind,Act,,Pres|Ind|Act
18,ἰέναι,εἶμι,v--pna---,InfDyn,17.0,OBJ,5.205,InfDyn,,,,InfDyn
19,;,;,u--------,,0.0,AuxK,5.205,,,,,
1,σὺ,σύ,p2s----n-,"NomSubj, Pron1",3.0,SBJ,5.205,NomSubj,,,,NomSubj
2,δὲ,δέ,g--------,particle indeclform,0.0,COORD,5.205,,,,,
3,χαῖρε,χαίρω,v2spma---,ImprAssum,2.0,PRED_CO,5.205,ImprAssum,,,,ImprAssum
4,καὶ,καί,d--------,conj indeclform,5.0,AuxZ,5.205,,,,,
5,ἔμπης,ἔμπας,d--------,adv indeclform,3.0,ADV,5.205,,,,,
6,.,.,u--------,,0.0,AuxK,5.205,,,,,
1,εἴ,εἰ,c--------,Cond3,28.0,AuxC,5.206,,,,,
2,γε,γε,g--------,particle indeclform,1.0,AuxZ,5.206,,,,,
3,μὲν,μέν,g--------,particle indeclform,4.0,AuxY,5.206,,,,,
4,εἰδείης,οἶδα,v2sroa---,"OptSubor, Perf",1.0,ADV,5.206,OptSubor,Perf,,,OptSubor|Perf
5,σῇσι,σός,a-p---fd-,"DatLoc, Pron1",6.0,ATR,5.206,DatLoc,,,,DatLoc
6,φρεσὶν,φρήν,n-p---fd-,DatLoc,4.0,ADV,5.206,DatLoc,,,,DatLoc
7,ὅσσα,ὅσος,a-p---na-,AccObj,10.0,ATR,5.206,AccObj,,,,AccObj
8,τοι,σύ,p2s----d-,"DatVerb, Pron1",9.0,ATR,5.206,DatVerb,,,,DatVerb
9,αἶσα,αἶσα,n-s---fn-,AccSubj,44.0,SBJ,5.206,AccSubj,,,,AccSubj
10,κήδε',κῆδος,n-p---na-,AccObj,11.0,OBJ,5.207,AccObj,,,,AccObj
11,ἀναπλῆσαι,ἀναπίμπλημι,v--ana---,InfDyn.2,44.0,PNOM,5.207,InfDyn.2,,,,InfDyn.2
12,",",",",u--------,,13.0,AuxX,5.207,,,,,
13,πρὶν,πρίν,c--------,adv indeclform,11.0,AuxC,5.207,,,,,
14,πατρίδα,πατρίς,a-s---fa-,AccDirec,15.0,ATR,5.207,AccDirec,,,,AccDirec
15,γαῖαν,γαῖα,n-s---fa-,AccDirec,16.0,OBJ,5.207,AccDirec,,,,AccDirec
16,ἱκέσθαι,ἱκνέομαι,v--anm---,InfDyn.2,13.0,ADV,5.207,InfDyn.2,,,,InfDyn.2
17,",",",",u--------,,1.0,AuxX,5.207,,,,,
18,ἐνθάδε,ἐνθάδε,d--------,adv indeclform,21.0,OBJ,5.208,,,,,
19,κ',ἄν,g--------,Cond3,28.0,AuxZ,5.208,,,,,
20,αὖθι,αὖθι,d--------,adv indeclform,21.0,ADV,5.208,,,,,
21,μένων,μένω,v-sppamn-,"NomSubj, PartCirc.7",28.0,ADV,5.208,NomSubj,PartCirc.7,,,NomSubj|PartCirc.7
22,σὺν,σύν,r--------,DatAccom,21.0,AuxP,5.208,DatAccom,,,,DatAccom
23,ἐμοὶ,ἐγώ,p1s---fd-,DatAccom,22.0,ADV,5.208,DatAccom,,,,DatAccom
24,τόδε,ὅδε,p-s---na-,D1,25.0,ATR,5.208,,,,,
25,δῶμα,δῶμα,n-s---na-,D1,26.0,OBJ,5.208,,,,,
26,φυλάσσοις,φυλάσσω,v2spoa---,OptSubor,28.0,PRED_CO,5.208,OptSubor,,,,OptSubor
27,ἀθάνατός,ἀθάνατος,a-s---mn-,NomPred,29.0,PNOM,5.209,NomPred,,,,NomPred
28,τ',τε,g--------,particle indeclform,0.0,COORD,5.209,,,,,
29,εἴης,εἰμί,v2spoa---,OptSubor,28.0,PRED_CO,5.209,OptSubor,,,,OptSubor
30,",",",",u--------,,31.0,AuxX,5.209,,,,,
31,ἱμειρόμενός,ἱμείρω,v-sppemn-,"NomSubj, PartCirc.5",28.0,ADV,5.209,NomSubj,PartCirc.5,,,NomSubj|PartCirc.5
32,περ,πέρ,g--------,particle indeclform,31.0,AuxZ,5.209,,,,,
33,ἰδέσθαι,εἶδον,v--anm---,InfDyn,31.0,OBJ,5.209,InfDyn,,,,InfDyn
34,σὴν,σός,a-s---fa-,"AccObj, Pron1",35.0,ATR,5.21,AccObj,,,,AccObj
35,ἄλοχον,ἄλοχος,n-s---fa-,AccObj,33.0,OBJ,5.21,AccObj,,,,AccObj
36,",",",",u--------,,40.0,AuxX,5.21,,,,,
37,τῆς,ὁ,p-s---fg-,"GenVerb, Pron8",40.0,OBJ,5.21,GenVerb,,,,GenVerb
38,τ',τε,g--------,particle indeclform,40.0,AuxY,5.21,,,,,
39,αἰὲν,ἀεί,d--------,adv indeclform,40.0,ADV,5.21,,,,,
40,ἐέλδεαι,ἔλδομαι,v2spie---,PresIter,35.0,ATR,5.21,PresIter,,,,PresIter
41,ἤματα,ἦμαρ,n-p---na-,AccTime,40.0,ADV,5.21,AccTime,,,,AccTime
42,πάντα,πᾶς,a-p---na-,AccTime,41.0,ATR,5.21,AccTime,,,,AccTime
43,.,.,u--------,,0.0,AuxK,5.21,,,,,
1,οὐ,οὐ,d--------,adv indeclform,7.0,AuxZ,5.211,,,,,
2,μέν,μέν,g--------,particle indeclform,7.0,AuxY,5.211,,,,,
3,θην,θήν,g--------,particle indeclform,7.0,AuxY,5.211,,,,,
4,κείνης,κεῖνος,a-s---fg-,"GenComp, Pron4",6.0,ATR,5.211,GenComp,,,,GenComp
5,γε,γε,g--------,particle indeclform,4.0,AuxZ,5.211,,,,,
6,χερείων,χείρων,n-s---fnc,NomPred,8.0,PNOM,5.211,NomPred,,,,NomPred
7,εὔχομαι,εὔχομαι,v1spie---,Pres,0.0,PRED,5.211,Pres,,,,Pres
8,εἶναι,εἰμί,v--pna---,InfDec,7.0,OBJ,5.211,InfDec,,,,InfDec
9,",",",",u--------,,13.0,AuxX,5.211,,,,,
10,οὐ,οὐ,d--------,adv indeclform,11.0,AuxZ,5.212,,,,,
11,δέμας,δέμας,n-s---na-,AccResp,13.0,ADV_CO,5.212,AccResp,,,,AccResp
12,οὐ,οὐ,d--------,adv indeclform,14.0,AuxZ,5.212,,,,,
13,δὲ,δέ,g--------,particle indeclform,8.0,COORD,5.212,,,,,
14,φυήν,φυή,n-s---fa-,AccResp,13.0,ADV_CO,5.212,AccResp,,,,AccResp
15,",",",",u--------,,16.0,AuxX,5.212,,,,,
16,ἐπεὶ,ἐπεί,c--------,conj indeclform,7.0,AuxC,5.212,,,,,
17,οὔ,οὐ,d--------,adv indeclform,21.0,AuxZ,5.212,,,,,
18,πως,πως,g--------,adv indeclform,21.0,ADV,5.212,,,,,
19,οὐ,οὐ,d--------,adv indeclform,21.0,AuxZ,5.212,,,,,
20,δὲ,δέ,g--------,particle indeclform,21.0,AuxY,5.212,,,,,
21,ἔοικεν,εἴκω1,v3sria---,Perf,16.0,ADV,5.212,Perf,,,,Perf
22,θνητὰς,θνητός,a-p---fa-,AccSubj,27.0,SBJ,5.213,AccSubj,,,,AccSubj
23,ἀθανάτῃσι,ἀθάνατος,a-p---fd-,DatVerb,27.0,OBJ,5.213,DatVerb,,,,DatVerb
24,δέμας,δέμας,n-s---na-,AccResp,25.0,ADV_CO,5.213,AccResp,,,,AccResp
25,καὶ,καί,c--------,conj indeclform,27.0,COORD,5.213,,,,,
26,εἶδος,εἶδος,n-s---na-,AccResp,25.0,ADV_CO,5.213,AccResp,,,,AccResp
27,ἐρίζειν,ἐρίζω,v--pna---,InfDyn,21.0,SBJ,5.213,InfDyn,,,,InfDyn
28,.,.,u--------,,0.0,AuxK,5.213,,,,,
29,&quot;,&quot;,u--------,,7.0,AuxG,5.213,,,,,
1,τὴν,ὁ,p-s---fa-,"AccObj, Pron4",4.0,OBJ,5.214,AccObj,,,,AccObj
2,δ',δέ,g--------,particle indeclform,0.0,COORD,5.214,,,,,
3,ἀπαμειβόμενος,ἀπαμείβομαι,v-sppemn-,"NomSubj, PartCirc.7",4.0,ADV,5.214,NomSubj,PartCirc.7,,,NomSubj|PartCirc.7
4,προσέφη,πρόσφημι,v3siia---,ImpfCons -- do we see efh as an aor? imperf? or neither?,2.0,PRED_CO,5.214,,,,,
5,πολύμητις,πολύμητις,n-s---mn-,NomSubj,6.0,ATR,5.214,NomSubj,,,,NomSubj
6,Ὀδυσσεύς,Ὀδυσσεύς,n-s---mn-,NomSubj,4.0,SBJ,5.214,NomSubj,,,,NomSubj
7,·,·,u--------,,0.0,AuxK,5.214,,,,,
1,&quot;,&quot;,u--------,,8.0,AuxG,5.215,,,,,
2,πότνα,πότνα,n-s---fv-,Voc,3.0,ATR,5.215,Voc,,,,Voc
3,θεά,θεά,n-s---fv-,Voc,8.0,ExD,5.215,Voc,,,,Voc
4,",",",",u--------,,3.0,AuxX,5.215,,,,,
5,μή,μή,d--------,ImprComm (mh),8.0,AuxZ,5.215,ImprComm (mh),,,,ImprComm (mh)
6,μοι,ἐγώ,p1s---md-,DatAgent,8.0,OBJ,5.215,DatAgent,,,,DatAgent
7,τόδε,ὅδε,p-s---na-,"AccAdv, Pron4",8.0,OBJ,5.215,AccAdv,,,,AccAdv
8,χώεο,χώομαι,v2spme---,ImprComm,0.0,PRED,5.215,ImprComm,,,,ImprComm
9,·,·,u--------,,0.0,AuxK,5.215,,,,,
1,οἶδα,οἶδα,v1sria---,Perf,0.0,PRED,5.215,Perf,,,,Perf
2,καὶ,καί,d--------,conj indeclform,3.0,AuxZ,5.215,,,,,
3,αὐτὸς,αὐτός,a-s---mn-,"NomSubj, Pron2",1.0,AtvV,5.215,NomSubj,,,,NomSubj
4,πάντα,πᾶς,a-p---na-,AccObj,1.0,ADV,5.216,AccObj,,,,AccObj
5,μάλ',μάλα,d--------,adv indeclform,4.0,AuxZ,5.216,,,,,
6,",",",",u--------,,7.0,AuxX,5.216,,,,,
7,οὕνεκα,οὕνεκα,c--------,conj indeclform,1.0,AuxC,5.216,,,,,
8,σεῖο,σύ,p2s----g-,"GenComp, Pron1",12.0,ATR,5.216,GenComp,,,,GenComp
9,περίφρων,περίφρων,n-s---fn-,"NomSubj, PartAttr",10.0,ATR,5.216,NomSubj,PartAttr,,,NomSubj|PartAttr
10,Πηνελόπεια,Πηνελόπεια,n-s---fn-,NomSubj,18.0,SBJ,5.216,NomSubj,,,,NomSubj
11,εἶδος,εἶδος,n-s---na-,AccResp,18.0,ADV_CO,5.217,AccResp,,,,AccResp
12,ἀκιδνοτέρη,ἀκιδνός,a-s---fnc,AccCog,18.0,PNOM,5.217,AccCog,,,,AccCog
13,μέγεθός,μέγεθος,n-s---na-,AccResp,18.0,ADV_CO,5.217,AccResp,,,,AccResp
14,τ',τε,g--------,particle indeclform,7.0,COORD,5.217,,,,,
15,εἰσάντα,εἰσάντα,d--------,adv indeclform,16.0,ADV,5.217,,,,,
16,ἰδέσθαι,εἶδον,v--anm---,InfDyn,12.0,ATR,5.217,InfDyn,,,,InfDyn
17,·,·,u--------,,0.0,AuxK,5.217,,,,,
1,ἡ,ὁ,p-s---fn-,"NomSubj, Pron4",5.0,SBJ,5.218,NomSubj,,,,NomSubj
2,μὲν,μέν,g--------,particle indeclform,8.0,AuxY,5.218,,,,,
3,γὰρ,γάρ,g--------,particle indeclform,5.0,AuxY,5.218,,,,,
4,βροτός,βροτός,n-s---mn-,NomPred,5.0,PNOM,5.218,NomPred,,,,NomPred
5,ἐστι,εἰμί,v3spia---,"Pres, Ind, Act",8.0,PRED_CO,5.218,Pres,Ind,Act,,Pres|Ind|Act
6,",",",",u--------,,8.0,AuxX,5.218,,,,,
7,σὺ,σύ,p2s----n-,"NomSubj, Pron1",13.0,SBJ,5.218,NomSubj,,,,NomSubj
8,δ',δέ,g--------,particle indeclform,0.0,COORD,5.218,,,,,
9,ἀθάνατος,ἀθάνατος,a-s---fn-,NomPred,13.0,PNOM_CO,5.218,NomPred,,,,NomPred
10,καὶ,καί,c--------,conj indeclform,8.0,COORD,5.218,,,,,
11,ἀγήρως,ἀγήραος,a-s---fn-,NomPred,13.0,PNOM_CO,5.218,NomPred,,,,NomPred
12,.,.,u--------,,0.0,AuxK,5.218,,,,,
1,ἀλλὰ,ἀλλά,d--------,adv indeclform,5.0,AuxY,5.219,,,,,
2,καὶ,καί,d--------,conj indeclform,3.0,AuxZ,5.219,,,,,
3,ὣς,ὡς,d--------,conj indeclform,5.0,ADV,5.219,,,,,
4,ἐθέλω,ἐθέλω,v1spia---,"PresIter, Ind, Act",5.0,PRED_CO,5.219,PresIter,Ind,Act,,PresIter|Ind|Act
5,καὶ,καί,c--------,conj indeclform,0.0,COORD,5.219,,,,,
6,ἐέλδομαι,ἔλδομαι,v1spie---,PresIter,5.0,PRED_CO,5.219,PresIter,,,,PresIter
7,ἤματα,ἦμαρ,n-p---na-,AccTime,5.0,ADV,5.219,AccTime,,,,AccTime
8,πάντα,πᾶς,a-p---na-,AccTime,7.0,ATR,5.219,AccTime,,,,AccTime
9,οἴκαδέ,οἴκαδε,d--------,AccDirec.1,11.0,OBJ,5.22,AccDirec.1,,,,AccDirec.1
10,τ',τε,g--------,particle indeclform,12.0,AuxY,5.22,,,,,
11,ἐλθέμεναι,ἔρχομαι,v--ana---,InfDyn,12.0,OBJ_CO,5.22,InfDyn,,,,InfDyn
12,καὶ,καί,c--------,conj indeclform,5.0,COORD,5.22,,,,,
13,νόστιμον,νόστιμος,a-s---na-,"AccObj [poetic periphrasis, Smyth 3041]",14.0,ATR,5.22,,,,,
14,ἦμαρ,ἦμαρ,n-s---na-,AccObj,15.0,OBJ,5.22,AccObj,,,,AccObj
15,ἰδέσθαι,εἶδον,v--anm---,InfDyn,12.0,OBJ_CO,5.22,InfDyn,,,,InfDyn
16,.,.,u--------,,0.0,AuxK,5.22,,,,,
1,εἰ,εἰ,c--------,Cond2,11.0,AuxC,5.221,,,,,
2,δ',δέ,g--------,particle indeclform,0.0,COORD,5.221,,,,,
3,αὖ,αὖ,d--------,adv indeclform,5.0,AuxY,5.221,,,,,
4,τις,τις,p-s---mn-,"NomSubj, Pron6",5.0,SBJ,5.221,NomSubj,,,,NomSubj
5,ῥαίῃσι,ῥαίω,v3spsa---,SubjSubor (Cond2),1.0,ADV,5.221,SubjSubor (Cond2),,,,SubjSubor (Cond2)
6,θεῶν,θεός,n-p---mg-,GenPart,4.0,ATR,5.221,GenPart,,,,GenPart
7,ἐνὶ,ἐν,r--------,Prep3,5.0,AuxP,5.221,,,,,
8,οἴνοπι,οἶνοψ,n-s---md-,DatLoc (Prep3),9.0,ATR,5.221,DatLoc (Prep3),,,,DatLoc (Prep3)
9,πόντῳ,πόντος,n-s---md-,DatLoc (Prep3),7.0,ADV,5.221,DatLoc (Prep3),,,,DatLoc (Prep3)
10,",",",",u--------,,1.0,AuxX,5.221,,,,,
11,τλήσομαι,τλάω,v1sfim---,"Fut (Cond2), MidIndir",2.0,PRED_CO,5.222,Fut (Cond2),MidIndir,,,Fut (Cond2)|MidIndir
12,ἐν,ἐν,r--------,Prep3,14.0,AuxP,5.222,,,,,
13,στήθεσσιν,στῆθος,n-p---nd-,DatLoc (Prep3),12.0,ADV,5.222,DatLoc (Prep3),,,,DatLoc (Prep3)
14,ἔχων,ἔχω,v-sppamn-,"NomSubj, PartCirc.4",11.0,ADV,5.222,NomSubj,PartCirc.4,,,NomSubj|PartCirc.4
15,ταλαπενθέα,ταλαπενθής,a-s---ma-,AccObj,16.0,ATR,5.222,AccObj,,,,AccObj
16,θυμόν,θυμός,n-s---ma-,AccObj,14.0,OBJ,5.222,AccObj,,,,AccObj
17,·,·,u--------,,0.0,AuxK,5.222,,,,,
1,ἤδη,ἤδη,d--------,adv indeclform,6.0,ADV,5.223,,,,,
2,γὰρ,γάρ,g--------,particle indeclform,6.0,AuxY,5.223,,,,,
3,μάλα,μάλα,d--------,adv indeclform,4.0,AuxZ,5.223,,,,,
4,πολλὰ,πολύς,a-p---na-,AccObj,5.0,OBJ,5.223,AccObj,,,,AccObj
5,πάθον,πάσχω,v1saia---,Aor,6.0,PRED_CO,5.223,Aor,,,,Aor
6,καὶ,καί,c--------,conj indeclform,0.0,COORD,5.223,,,,,
7,πολλὰ,πολύς,a-p---na-,AccObj,8.0,OBJ,5.223,AccObj,,,,AccObj
8,μόγησα,μογέω,v1saia---,Aor,6.0,PRED_CO,5.223,Aor,,,,Aor
9,κύμασι,κῦμα,n-p---nd-,DatLoc,10.0,ADV_CO,5.224,DatLoc,,,,DatLoc
10,καὶ,καί,c--------,conj indeclform,6.0,COORD,5.224,,,,,
11,πολέμῳ,πόλεμος,n-s---md-,DatLoc,10.0,ADV_CO,5.224,DatLoc,,,,DatLoc
12,·,·,u--------,,0.0,AuxK,5.224,,,,,
1,μετὰ,μετά,r--------,Prep5,5.0,AuxP,5.224,,,,,
2,καὶ,καί,d--------,conj indeclform,3.0,AuxZ,5.224,,,,,
3,τόδε,ὅδε,p-s---nn-,"NomSubj, Pron4",5.0,SBJ,5.224,NomSubj,,,,NomSubj
4,τοῖσι,ὁ,l--------,"DatLoc (Prep5), ArtPart",1.0,OBJ,5.224,DatLoc (Prep5),ArtPart,,,DatLoc (Prep5)|ArtPart
5,γενέσθω,γίγνομαι,v3samm---,ImprComm,0.0,PRED,5.224,ImprComm,,,,ImprComm
6,.,.,u--------,,0.0,AuxK,5.224,,,,,
7,&quot;,&quot;,u--------,,5.0,AuxG,5.224,,,,,
1,ὣς,ὡς,d--------,adv indeclform,2.0,ADV,5.225,,,,,
2,ἔφατ',φημί,v3siie---,Impf.2,5.0,PRED_CO,5.225,Impf.2,,,,Impf.2
3,",",",",u--------,,5.0,AuxX,5.225,,,,,
4,ἠέλιος,ἥλιος,n-s---mn-,NomSubj,7.0,SBJ,5.225,NomSubj,,,,NomSubj
5,δ',δέ,g--------,particle indeclform,8.0,AuxY,5.225,,,,,
6,ἄρ',ἄρα,g--------,particle indeclform,7.0,AuxY,5.225,,,,,
7,ἔδυ,δύω,v3saia---,AorComp,8.0,PRED_CO,5.225,AorComp,,,,AorComp
8,καὶ,καί,c--------,conj indeclform,0.0,COORD,5.225,,,,,
9,ἐπὶ,ἐπί,r--------,tmesis,11.0,AuxZ,5.225,,,,,
10,κνέφας,κνέφας,n-s---nn-,NomSubj,11.0,SBJ,5.225,NomSubj,,,,NomSubj
11,ἦλθεν,ἔρχομαι,v3saia---,AorComp,8.0,PRED_CO,5.225,AorComp,,,,AorComp
12,·,·,u--------,,0.0,AuxK,5.225,,,,,
1,ἐλθόντες,ἔρχομαι,v-papamn-,"NomSubj, PartCirc.1",9.0,ADV,5.226,NomSubj,PartCirc.1,,,NomSubj|PartCirc.1
2,δ',δέ,g--------,particle indeclform,0.0,COORD,5.226,,,,,
3,ἄρα,ἄρα,g--------,particle indeclform,9.0,AuxY,5.226,,,,,
4,τώ,ὁ,p-d---mn-,"NomSubj, Pron4",9.0,SBJ,5.226,NomSubj,,,,NomSubj
5,γε,γε,g--------,particle indeclform,4.0,AuxZ,5.226,,,,,
6,μυχῷ,μυχός,n-s---md-,DatLoc,9.0,ADV,5.226,DatLoc,,,,DatLoc
7,σπείους,σπέος,n-s---ng-,GenPart,6.0,ATR,5.226,GenPart,,,,GenPart
8,γλαφυροῖο,γλαφυρός,a-s---ng-,GenPart,7.0,ATR,5.226,GenPart,,,,GenPart
9,τερπέσθην,τέρπω,v3diie---,"ImpfCons, MidRecip",2.0,PRED_CO,5.227,ImpfCons,MidRecip,,,ImpfCons|MidRecip
10,φιλότητι,φιλότης,n-s---fd-,DatMean,9.0,ADV,5.227,DatMean,,,,DatMean
11,",",",",u--------,,14.0,AuxX,5.227,,,,,
12,παρ',παρά,r--------,Prep5,14.0,AuxP,5.227,,,,,
13,ἀλλήλοισι,ἀλλήλων,a-p---md-,DatLoc (Prep5),12.0,ADV,5.227,DatLoc (Prep5),,,,DatLoc (Prep5)
14,μένοντες,μένω,v-pppamn-,PartCirc.1,9.0,ADV,5.227,PartCirc.1,,,,PartCirc.1
15,.,.,u--------,,0.0,AuxK,5.227,,,,,
1,ἦμος,ἦμος,d--------,adv indeclform,39.0,AuxC,5.228,,,,,
2,δ',δέ,g--------,particle indeclform,1.0,AuxZ,5.228,,,,,
3,ἠριγένεια,ἠριγένεια,n-s---fn-,NomSubj,6.0,ATR,5.228,NomSubj,,,,NomSubj
4,φάνη,φαίνω,v3saip---,Aor,1.0,ADV,5.228,Aor,,,,Aor
5,ῥοδοδάκτυλος,ῥοδοδάκτυλος,a-s---fn-,NomSubj,6.0,ATR,5.228,NomSubj,,,,NomSubj
6,Ἠώς,ἠώς,n-s---fn-,NomSubj,4.0,SBJ,5.228,NomSubj,,,,NomSubj
7,",",",",u--------,,1.0,AuxX,5.228,,,,,
8,αὐτίχ',αὐτίκα,d--------,adv indeclform,15.0,ADV,5.229,,,,,
9,ὁ,ὁ,l-s---mn-,"NomSubj, ArtSubs",16.0,ATR,5.229,NomSubj,ArtSubs,,,NomSubj|ArtSubs
10,μὲν,μέν,g--------,particle indeclform,39.0,AuxY,5.229,,,,,
11,χλαῖνάν,χλαῖνα,n-s---fa-,"AccObj [hysteron proteron, Smyth 3030]",14.0,OBJ_CO,5.229,,,,,
12,τε,τε,g--------,particle indeclform,14.0,AuxY,5.229,,,,,
13,χιτῶνά,χιτών,n-s---ma-,AccObj,14.0,OBJ_CO,5.229,AccObj,,,,AccObj
14,τε,τε,g--------,particle indeclform,15.0,COORD,5.229,,,,,
15,ἕννυτ',ἕννυμι,v3siie---,ImpfDesc,39.0,PRED_CO,5.229,ImpfDesc,,,,ImpfDesc
16,Ὀδυσσεύς,Ὀδυσσεύς,n-s---mn-,NomSubj,15.0,SBJ,5.229,NomSubj,,,,NomSubj
17,",",",",u--------,,39.0,AuxX,5.229,,,,,
18,αὐτὴ,αὐτός,a-s---fn-,"NomSubj, Pron2",24.0,ATV,5.23,NomSubj,,,,NomSubj
19,δ',δέ,g--------,particle indeclform,39.0,AuxY,5.23,,,,,
20,ἀργύφεον,ἀργύφεος,a-s---na-,AccObj,21.0,ATR,5.23,AccObj,,,,AccObj
21,φᾶρος,φᾶρος,n-s---na-,AccObj,23.0,OBJ,5.23,AccObj,,,,AccObj
22,μέγα,μέγας,a-s---na-,AccObj,21.0,ATR,5.23,AccObj,,,,AccObj
23,ἕννυτο,ἕννυμι,v3siie---,ImpfDesc,39.0,PRED_CO,5.23,ImpfDesc,,,,ImpfDesc
24,νύμφη,νύμφη,n-s---fn-,NomSubj,23.0,SBJ,5.23,NomSubj,,,,NomSubj
25,",",",",u--------,,27.0,AuxX,5.23,,,,,
26,λεπτὸν,λεπτός,a-s---na-,AccObj,27.0,ATR_CO,5.231,AccObj,,,,AccObj
27,καὶ,καί,c--------,conj indeclform,21.0,COORD,5.231,,,,,
28,χαρίεν,χαρίες,a-s---na-,AccObj,27.0,ATR_CO,5.231,AccObj,,,,AccObj
29,",",",",u--------,,39.0,AuxX,5.231,,,,,
30,περὶ,περί,r--------,Prep5,33.0,AuxZ,5.231,,,,,
31,δὲ,δέ,g--------,particle indeclform,39.0,AuxY,5.231,,,,,
32,ζώνην,ζώνη,n-s---fa-,AccObj,33.0,OBJ,5.231,AccObj,,,,AccObj
33,βάλετ',βάλλω,v3saim---,"AorIngr, MidIndir",39.0,PRED_CO,5.231,AorIngr,MidIndir,,,AorIngr|MidIndir
34,ἰξυῖ,ἰξύς,n-s---fd-,DatLoc (Prep5),33.0,ADV,5.231,DatLoc (Prep5),,,,DatLoc (Prep5)
35,καλὴν,καλός,a-s---fa-,AccObj,32.0,ATR,5.232,AccObj,,,,AccObj
36,χρυσείην,χρύσεος,a-s---fa-,AccObj,32.0,ATR,5.232,AccObj,,,,AccObj
37,",",",",u--------,,39.0,AuxX,5.232,,,,,
38,κεφαλῇ,κεφαλή,n-s---fd-,DatLoc,43.0,ADV,5.232,DatLoc,,,,DatLoc
39,δ',δέ,g--------,particle indeclform,0.0,COORD,5.232,,,,,
40,ἐφύπερθε,ἐφύπερθε,d--------,adv indeclform,43.0,ADV,5.232,,,,,
41,καλύπτρην,καλύπτρα,n-s---fa-,AccObj,43.0,OBJ,5.232,AccObj,,,,AccObj
42,.,.,u--------,,0.0,AuxK,5.232,,,,,
1,καὶ,καί,c--------,conj indeclform,0.0,COORD,5.233,,,,,
2,τότ',τότε,d--------,adv indeclform,5.0,ADV,5.233,,,,,
3,Ὀδυσσῆι,Ὀδυσσεύς,n-s---md-,DatAdvn,5.0,OBJ,5.233,DatAdvn,,,,DatAdvn
4,μεγαλήτορι,μεγαλήτωρ,n-s---md-,DatAdvn,3.0,ATR,5.233,DatAdvn,,,,DatAdvn
5,μήδετο,μήδομαι,v3siie---,ImpfCons,1.0,PRED_CO,5.233,ImpfCons,,,,ImpfCons
6,πομπήν,πομπή,n-s---fa-,AccObj,5.0,OBJ,5.233,AccObj,,,,AccObj
7,·,·,u--------,,0.0,AuxK,5.233,,,,,
1,δῶκέν,δίδωμι,v3saia---,AorIngr,0.0,PRED,5.234,AorIngr,,,,AorIngr
2,οἱ,ἕ,p-s---md-,"DatVerb, Pron4",1.0,OBJ,5.234,DatVerb,,,,DatVerb
3,πέλεκυν,πέλεκυς,n-s---ma-,AccObj,1.0,OBJ,5.234,AccObj,,,,AccObj
4,μέγαν,μέγας,a-s---ma-,AccObj,11.0,ATR_CO,5.234,AccObj,,,,AccObj
5,",",",",u--------,,11.0,AuxX,5.234,,,,,
6,ἄρμενον,ἀραρίσκω,v-sapmma-,"AccObj, PartAttr",11.0,ATR_CO,5.234,AccObj,PartAttr,,,AccObj|PartAttr
7,ἐν,ἐν,r--------,Prep3,6.0,AuxP,5.234,,,,,
8,παλάμῃσι,παλάμη,n-p---fd-,DatLoc (Prep3),7.0,ADV,5.234,DatLoc (Prep3),,,,DatLoc (Prep3)
9,",",",",u--------,,11.0,AuxX,5.234,,,,,
10,χάλκεον,χάλκεος,a-s---ma-,AccObj,11.0,ATR_CO,5.235,AccObj,,,,AccObj
11,",",",",u--------,,3.0,COORD,5.235,,,,,
12,ἀμφοτέρωθεν,ἀμφοτέρωθεν,d--------,adv indeclform,13.0,ADV,5.235,,,,,
13,ἀκαχμένον,ἀκαχμένος,a-s---ma-,AccObj,11.0,ATR_CO,5.235,AccObj,,,,AccObj
14,·,·,u--------,,0.0,AuxK,5.235,,,,,
1,αὐτὰρ,ἀτάρ,g--------,particle indeclform,11.0,AuxY,5.235,,,,,
2,ἐν,ἐν,r--------,Prep3,0.0,AuxP,5.235,,,,,
3,αὐτῷ,αὐτός,a-s---md-,"DatLoc (Prep3), Pron2",11.0,ADV,5.235,DatLoc (Prep3),,,,DatLoc (Prep3)
4,στειλειὸν,στειλειόν,n-s---nn-,NomSubj,11.0,SBJ,5.236,NomSubj,,,,NomSubj
5,περικαλλὲς,περικαλλής,a-s---nn-,NomSubj,7.0,ATR_CO,5.236,NomSubj,,,,NomSubj
6,ἐλάινον,ἐλάινος,a-s---nn-,NomSubj,7.0,ATR_CO,5.236,NomSubj,,,,NomSubj
7,",",",",u--------,,4.0,COORD,5.236,,,,,
8,εὖ,εὖ,d--------,adv indeclform,9.0,ADV,5.236,,,,,
9,ἐναρηρός,ἐναραρίσκω,v-srpann-,"NomSubj, PartAttr",4.0,ATR_CO,5.236,NomSubj,PartAttr,,,NomSubj|PartAttr
10,·,·,u--------,,0.0,AuxK,5.236,,,,,
1,δῶκε,δίδωμι,v3saia---,AorIngr,2.0,PRED_CO,5.237,AorIngr,,,,AorIngr
2,δ',δέ,g--------,particle indeclform,0.0,COORD,5.237,,,,,
3,ἔπειτα,ἔπειτα,d--------,adv indeclform,1.0,AuxY,5.237,,,,,
4,σκέπαρνον,σκέπαρνον,n-s---na-,AccObj,1.0,OBJ,5.237,AccObj,,,,AccObj
5,ἐύξοον,εὔξοος,a-s---na-,AccObj,4.0,ATR,5.237,AccObj,,,,AccObj
6,·,·,u--------,,0.0,AuxK,5.237,,,,,
1,ἦρχε,ἄρχω,v3siia---,ImpfCons,2.0,PRED_CO,5.237,ImpfCons,,,,ImpfCons
2,δ',δέ,g--------,particle indeclform,0.0,COORD,5.237,,,,,
3,ὁδοῖο,ὁδός,n-s---fg-,GenVerb.11,1.0,OBJ,5.237,GenVerb.11,,,,GenVerb.11
4,νήσου,νῆσος,n-s---fg-,GenPart,6.0,ATR,5.238,GenPart,,,,GenPart
5,ἐπ',ἐπί,r--------,Prep5,1.0,AuxP,5.238,,,,,
6,ἐσχατιῆς,ἐσχατιά,n-s---fg-,GenLoc (Prep5),5.0,OBJ,5.238,GenLoc (Prep5),,,,GenLoc (Prep5)
7,",",",",u--------,,11.0,AuxX,5.238,,,,,
8,ὅθι,ὅθι,d--------,adv indeclform,19.0,ADV,5.238,,,,,
9,δένδρεα,δένδρεον,n-p---nn-,NomSubj,12.0,SBJ_AP,5.238,NomSubj,,,,NomSubj
10,μακρὰ,μακρός,a-p---nn-,NomSubj,9.0,ATR,5.238,NomSubj,,,,NomSubj
11,πεφύκει,φύω,v3slia---,Pperf,19.0,ATR_CO,5.238,Pperf,,,,Pperf
12,",",",",u--------,,11.0,APOS,5.238,,,,,
13,κλήθρη,κλήθρα,n-s---fn-,NomSubj,16.0,SBJ_AP_CO,5.239,NomSubj,,,,NomSubj
14,τ',τε,g--------,particle indeclform,16.0,AuxY,5.239,,,,,
15,αἴγειρός,αἴγειρος,n-s---fn-,NomSubj,16.0,SBJ_CO,5.239,NomSubj,,,,NomSubj
16,τ',τε,g--------,particle indeclform,11.0,COORD,5.239,,,,,
17,",",",",u--------,,19.0,AuxX,5.239,,,,,
18,ἐλάτη,ἐλάτη,n-s---fn-,NomSubj,20.0,SBJ,5.239,NomSubj,,,,NomSubj
19,τ',τε,g--------,particle indeclform,6.0,COORD,5.239,,,,,
20,ἦν,εἰμί,v3piia---,ImpfDesc,12.0,ATR_CO,5.239,ImpfDesc,,,,ImpfDesc
21,οὐρανομήκης,οὐρανομήκης,a-p---fn-,NomPred,18.0,ATR,5.239,NomPred,,,,NomPred
22,",",",",u--------,,27.0,AuxX,5.239,,,,,
23,αὖα,αὖος,a-p---nn-,NomSubj,27.0,ATR_CO,5.24,NomSubj,,,,NomSubj
24,πάλαι,πάλαι,d--------,adv indeclform,23.0,AuxZ,5.24,,,,,
25,",",",",u--------,,27.0,AuxX,5.24,,,,,
26,περίκηλα,περίκηλος,a-p---nn-,NomSubj,27.0,ATR_CO,5.24,NomSubj,,,,NomSubj
27,",",",",u--------,,19.0,COORD,5.24,,,,,
28,τά,ὁ,p-p---nn-,"NomSubj, Pron8",30.0,SBJ,5.24,NomSubj,,,,NomSubj
29,οἱ,ἕ,p-s---md-,DatAdvn,30.0,OBJ,5.24,DatAdvn,,,,DatAdvn
30,πλώοιεν,πλέω,v3ppoa---,OptPoten,27.0,ATR_CO,5.24,OptPoten,,,,OptPoten
31,ἐλαφρῶς,ἐλαφρός,d--------,AccAdv,30.0,ADV,5.24,AccAdv,,,,AccAdv
32,.,.,u--------,,0.0,AuxK,5.24,,,,,
1,αὐτὰρ,ἀτάρ,g--------,particle indeclform,21.0,AuxY,5.241,,,,,
2,ἐπεὶ,ἐπεί,c--------,conj indeclform,21.0,AuxC,5.241,,,,,
3,δὴ,δή,g--------,particle indeclform,4.0,AuxY,5.241,,,,,
4,δεῖξ',δείκνυμι,v3saia---,Aor,2.0,ADV,5.241,Aor,,,,Aor
5,",",",",u--------,,9.0,AuxX,5.241,,,,,
6,ὅθι,ὅθι,d--------,adv indeclform,9.0,ADV,5.241,,,,,
7,δένδρεα,δένδρεον,n-p---nn-,NomSubj,9.0,SBJ,5.241,NomSubj,,,,NomSubj
8,μακρὰ,μακρός,a-p---nn-,NomSubj,7.0,ATR,5.241,NomSubj,,,,NomSubj
9,πεφύκει,φύω,v3slia---,Pperf,4.0,OBJ,5.241,Pperf,,,,Pperf
10,",",",",u--------,,2.0,AuxX,5.241,,,,,
11,ἡ,ὁ,p-s---fn-,"NomSubj, Pron",26.0,SBJ_AP,5.242,NomSubj,,,,NomSubj
12,μὲν,μέν,g--------,particle indeclform,21.0,AuxY,5.242,,,,,
13,ἔβη,βαίνω,v3saia---,Aor,21.0,PRED_CO,5.242,Aor,,,,Aor
14,πρὸς,πρός,r--------,Prep3,13.0,AuxP,5.242,,,,,
15,δῶμα,δῶμα,n-s---na-,AccDirec.1 (Prep3),14.0,OBJ,5.242,,,,,
16,Καλυψώ,Καλυψώ,n-s---fn-,NomSubj,26.0,SBJ_AP,5.242,NomSubj,,,,NomSubj
17,",",",",u--------,,13.0,APOS,5.242,,,,,
18,δῖα,δῖος,a-s---fn-,NomInd,26.0,SBJ_AP,5.242,NomInd,,,,NomInd
19,θεάων,θεά,n-p---fg-,GenPart,18.0,ATR,5.242,GenPart,,,,GenPart
20,",",",",u--------,,21.0,AuxX,5.242,,,,,
21,αὐτὰρ,ἀτάρ,g--------,particle indeclform,0.0,COORD,5.243,,,,,
22,ὁ,ὁ,p-s---mn-,"NomSubj, Pron4",23.0,SBJ,5.243,NomSubj,,,,NomSubj
23,τάμνετο,τέμνω,v3siie---,"Impf, MidIndir",21.0,PRED_CO,5.243,Impf,MidIndir,,,Impf|MidIndir
24,δοῦρα,δόρυ,n-p---na-,AccObj,23.0,OBJ,5.243,AccObj,,,,AccObj
25,·,·,u--------,,0.0,AuxK,5.243,,,,,
1,θοῶς,θοός,d--------,AccAdv,4.0,ADV,5.243,AccAdv,,,,AccAdv
2,δέ,δέ,g--------,particle indeclform,0.0,COORD,5.243,,,,,
3,οἱ,ἕ,p-s---md-,"DatPos, Pron4",5.0,OBJ,5.243,DatPos,,,,DatPos
4,ᾔνυτο,αἴνυμαι,v3siie---,Impf,2.0,PRED_CO,5.243,Impf,,,,Impf
5,ἔργον,ἔργον,n-s---nn-,NomSubj,4.0,SBJ,5.243,NomSubj,,,,NomSubj
6,.,.,u--------,,0.0,AuxK,5.243,,,,,
1,εἴκοσι,εἴκοσι,m--------,AccObj,3.0,OBJ,5.244,AccObj,,,,AccObj
2,δ',δέ,g--------,particle indeclform,14.0,AuxY,5.244,,,,,
3,ἔκβαλε,ἐκβάλλω,v3saia---,AorComp,14.0,PRED_CO,5.244,AorComp,,,,AorComp
4,πάντα,πᾶς,a-p---na-,AccAdv,3.0,ADV,5.244,AccAdv,,,,AccAdv
5,",",",",u--------,,14.0,AuxX,5.244,,,,,
6,πελέκκησεν,πελεκάω,v3saia---,AorComp,14.0,PRED_CO,5.244,AorComp,,,,AorComp
7,δ',δέ,g--------,particle indeclform,14.0,AuxY,5.244,,,,,
8,ἄρα,ἄρα,g--------,particle indeclform,6.0,AuxY,5.244,,,,,
9,χαλκῷ,χαλκός,n-s---md-,DatInstr,6.0,ADV,5.244,DatInstr,,,,DatInstr
10,",",",",u--------,,14.0,AuxX,5.244,,,,,
11,ξέσσε,ξέω,v3saia---,AorComp,14.0,PRED_CO,5.245,AorComp,,,,AorComp
12,δ',δέ,g--------,particle indeclform,14.0,AuxY,5.245,,,,,
13,ἐπισταμένως,ἐπισταμένως,d--------,adv indeclform,11.0,ADV,5.245,,,,,
14,καὶ,καί,c--------,conj indeclform,0.0,COORD,5.245,,,,,
15,ἐπὶ,ἐπί,r--------,Prep5,17.0,AuxP,5.245,,,,,
16,στάθμην,στάθμη,n-s---fa-,AccDirec.1 (Prep5),15.0,OBJ,5.245,,,,,
17,ἴθυνεν,ἰθύνω,v3saia---,AorComp,14.0,PRED_CO,5.245,AorComp,,,,AorComp
18,.,.,u--------,,0.0,AuxK,5.245,,,,,
1,τόφρα,τόφρα,d--------,adv indeclform,3.0,ADV,5.246,,,,,
2,δ',δέ,g--------,particle indeclform,0.0,COORD,5.246,,,,,
3,ἔνεικε,φέρω,v3saia---,Aor,2.0,PRED_CO,5.246,Aor,,,,Aor
4,τέρετρα,τέρετρον,n-p---na-,AccObj,3.0,OBJ,5.246,AccObj,,,,AccObj
5,Καλυψώ,Καλυψώ,n-s---fn-,NomSubj,6.0,SBJ_AP,5.246,NomSubj,,,,NomSubj
6,",",",",u--------,,3.0,APOS,5.246,,,,,
7,δῖα,δῖος,a-s---fn-,NomInd,6.0,SBJ_AP,5.246,NomInd,,,,NomInd
8,θεάων,θεά,n-p---fg-,GenPart,7.0,ATR,5.246,GenPart,,,,GenPart
9,·,·,u--------,,0.0,AuxK,5.246,,,,,
1,τέτρηνεν,τετραίνω,v3saia---,AorComp,10.0,PRED_CO,5.247,AorComp,,,,AorComp
2,δ',δέ,g--------,particle indeclform,10.0,AuxY,5.247,,,,,
3,ἄρα,ἄρα,g--------,particle indeclform,1.0,AuxY,5.247,,,,,
4,πάντα,πᾶς,a-p---na-,AccObj,1.0,OBJ,5.247,AccObj,,,,AccObj
5,καὶ,καί,c--------,conj indeclform,10.0,AuxY,5.247,,,,,
6,ἥρμοσεν,ἁρμόζω,v3saia---,AorComp,10.0,PRED_CO,5.247,AorComp,,,,AorComp
7,ἀλλήλοισιν,ἀλλήλων,a-p---nd-,DatVerb,6.0,OBJ,5.247,DatVerb,,,,DatVerb
8,",",",",u--------,,10.0,AuxX,5.247,,,,,
9,γόμφοισιν,γόμφος,n-p---md-,DatInstr,14.0,ADV_CO,5.248,DatInstr,,,,DatInstr
10,δ',δέ,g--------,particle indeclform,0.0,COORD,5.248,,,,,
11,ἄρα,ἄρα,g--------,particle indeclform,16.0,AuxY,5.248,,,,,
12,τήν,ὁ,p-s---fa-,AccObj,16.0,OBJ,5.248,AccObj,,,,AccObj
13,γε,γε,g--------,particle indeclform,12.0,AuxZ,5.248,,,,,
14,καὶ,καί,c--------,conj indeclform,16.0,COORD,5.248,,,,,
15,ἁρμονίῃσιν,ἁρμονία,n-p---fd-,DatInstr,14.0,ADV_CO,5.248,DatInstr,,,,DatInstr
16,ἄρασσεν,ἀράσσω,v3siia---,ImpfDesc,10.0,PRED_CO,5.248,ImpfDesc,,,,ImpfDesc
17,.,.,u--------,,0.0,AuxK,5.248,,,,,
1,ὅσσον,ὅσος,a-s---na-,AccAdv.2,6.0,ADV,5.249,AccAdv.2,,,,AccAdv.2
2,τίς,τις,p-s---mn-,"NomSubj, Pron6",7.0,ATR,5.249,NomSubj,,,,NomSubj
3,τ',τε,g--------,particle indeclform,6.0,AuxY,5.249,,,,,
4,ἔδαφος,ἔδαφος,n-s---na-,AccObj,6.0,OBJ,5.249,AccObj,,,,AccObj
5,νηὸς,ναῦς,n-s---fg-,GenPart,4.0,ATR,5.249,GenPart,,,,GenPart
6,τορνώσεται,τορνόομαι,v3sase---,SubjSubor,15.0,ATR,5.249,SubjSubor,,,,SubjSubor
7,ἀνὴρ,ἀνήρ,n-s---mn-,NomSubj,6.0,SBJ,5.249,NomSubj,,,,NomSubj
8,φορτίδος,φορτίς,n-s---fg-,GenPos,5.0,ATR,5.25,GenPos,,,,GenPos
9,εὐρείης,εὐρύς,a-s---fg-,GenPart,5.0,ATR,5.25,GenPart,,,,GenPart
10,",",",",u--------,,12.0,AuxX,5.25,,,,,
11,ἐὺ,εὖ,d--------,adv indeclform,12.0,ADV,5.25,,,,,
12,εἰδὼς,οἶδα,v-srpamn-,"NomSubj, PartAttr",7.0,ATR,5.25,NomSubj,PartAttr,,,NomSubj|PartAttr
13,τεκτοσυνάων,τεκτοσύνη,n-p---fg-,GenExpl,12.0,OBJ,5.25,GenExpl,,,,GenExpl
14,",",",",u--------,,6.0,AuxX,5.25,,,,,
15,τόσσον,τόσος,a-s---na-,AccAdv.2,19.0,ADV,5.251,AccAdv.2,,,,AccAdv.2
16,ἔπ',ἐπί,r--------,tmesis,19.0,AuxZ,5.251,,,,,
17,εὐρεῖαν,εὐρύς,a-s---fa-,AccObj,19.0,OCOMP,5.251,AccObj,,,,AccObj
18,σχεδίην,σχεδία,n-s---fa-,AccObj,19.0,OBJ,5.251,AccObj,,,,AccObj
19,ποιήσατ',ποιέω,v3saim---,"AorComp, MidIndir",0.0,PRED,5.251,AorComp,MidIndir,,,AorComp|MidIndir
20,Ὀδυσσεύς,Ὀδυσσεύς,n-s---mn-,NomSubj,19.0,SBJ,5.251,NomSubj,,,,NomSubj
21,.,.,u--------,,0.0,AuxK,5.251,,,,,
1,ἴκρια,ἴκρια,n-p---na-,AccObj,3.0,OBJ,5.252,AccObj,,,,AccObj
2,δὲ,δέ,g--------,particle indeclform,0.0,COORD,5.252,,,,,
3,στήσας,ἵστημι,v-sapamn-,"NomSubj, PartCirc.7",9.0,ADV,5.252,NomSubj,PartCirc.7,,,NomSubj|PartCirc.7
4,",",",",u--------,,3.0,AuxX,5.252,,,,,
5,ἀραρὼν,ἀραρίσκω,v-sapamn-,"NomSubj, PartCirc.7",9.0,ADV,5.252,NomSubj,PartCirc.7,,,NomSubj|PartCirc.7
6,θαμέσι,θαμέες,a-p---md-,DatVerb,7.0,ATR,5.252,DatVerb,,,,DatVerb
7,σταμίνεσσι,σταμίνες,n-p---md-,DatVerb,5.0,ADV,5.252,DatVerb,,,,DatVerb
8,",",",",u--------,,5.0,AuxX,5.252,,,,,
9,ποίει,ποιέω,v3siia---,ImpfDesc,2.0,PRED_CO,5.253,ImpfDesc,,,,ImpfDesc
10,·,·,u--------,,0.0,AuxK,5.253,,,,,
1,ἀτὰρ,ἀτάρ,g--------,particle indeclform,4.0,AuxY,5.253,,,,,
2,μακρῇσιν,μακρός,a-p---fd-,DatInstr,3.0,ATR,5.253,DatInstr,,,,DatInstr
3,ἐπηγκενίδεσσι,ἐπηγκενίδες,n-p---fd-,DatInstr,4.0,ADV,5.253,DatInstr,,,,DatInstr
4,τελεύτα,τελευτάω,v3siia---,ImpfDesc,0.0,PRED,5.253,ImpfDesc,,,,ImpfDesc
5,.,.,u--------,,0.0,AuxK,5.253,,,,,
1,ἐν,ἐν,r--------,Prep3,4.0,AuxZ,5.254,,,,,
2,δ',δέ,g--------,particle indeclform,0.0,COORD,5.254,,,,,
3,ἱστὸν,ἱστός,n-s---ma-,AccObj,5.0,OBJ_CO,5.254,AccObj,,,,AccObj
4,ποίει,ποιέω,v3siia---,ImpfDesc,2.0,PRED_CO,5.254,ImpfDesc,,,,ImpfDesc
5,καὶ,καί,c--------,conj indeclform,4.0,COORD,5.254,,,,,
6,ἐπίκριον,ἐπίκριον,n-s---na-,AccObj,5.0,OBJ_CO,5.254,AccObj,,,,AccObj
7,ἄρμενον,ἀραρίσκω,v-sapmna-,"AccObj, PartAttr",6.0,ATR,5.254,AccObj,PartAttr,,,AccObj|PartAttr
8,αὐτῷ,αὐτός,a-s---md-,DatLoc (Prep3),7.0,ADV,5.254,DatLoc (Prep3),,,,DatLoc (Prep3)
9,·,·,u--------,,0.0,AuxK,5.254,,,,,
1,πρὸς,πρός,r--------,tmesis,5.0,AuxZ,5.255,,,,,
2,δ',δέ,g--------,particle indeclform,0.0,COORD,5.255,,,,,
3,ἄρα,ἄρα,g--------,particle indeclform,5.0,AuxY,5.255,,,,,
4,πηδάλιον,πηδάλιον,n-s---na-,AccObj,5.0,OBJ,5.255,AccObj,,,,AccObj
5,ποιήσατο,ποιέω,v3saim---,"AorComp, MidIndir",2.0,PRED_CO,5.255,AorComp,MidIndir,,,AorComp|MidIndir
6,",",",",u--------,,7.0,AuxX,5.255,,,,,
7,ὄφρ',ὄφρα,c--------,conj indeclform,5.0,AuxC,5.255,,,,,
8,ἰθύνοι,ἰθύνω,v3spoa---,OptPoten,7.0,ADV,5.255,OptPoten,,,,OptPoten
9,.,.,u--------,,0.0,AuxK,5.255,,,,,
1,φράξε,φράσσω,v3saia---,AorComp,2.0,PRED_CO,5.256,AorComp,,,,AorComp
2,δέ,δέ,g--------,particle indeclform,0.0,COORD,5.256,,,,,
3,μιν,μιν,p-s---na-,AccObj,1.0,OBJ,5.256,AccObj,,,,AccObj
4,ῥίπεσσι,ῥίψ,n-p---fd-,DatInstr,1.0,ADV,5.256,DatInstr,,,,DatInstr
5,διαμπερὲς,διαμπερές,d--------,adv indeclform,1.0,ADV,5.256,,,,,
6,οἰσυΐνῃσι,οἰσύινος,a-p---fd-,DatInstr,4.0,ATR,5.256,DatInstr,,,,DatInstr
7,κύματος,κῦμα,n-s---ng-,GenObj.3,8.0,ATR,5.257,GenObj.3,,,,GenObj.3
8,εἶλαρ,εἶλαρ,n-s---na-,NomPred,9.0,PNOM,5.257,NomPred,,,,NomPred
9,ἔμεν,εἰμί,v--pna---,InfDyn.,1.0,ADV,5.257,InfDyn.,,,,InfDyn.
10,·,·,u--------,,0.0,AuxK,5.257,,,,,
1,πολλὴν,πολύς,a-s---fa-,AccObj,4.0,ATR,5.257,AccObj,,,,AccObj
2,δ',δέ,g--------,particle indeclform,0.0,COORD,5.257,,,,,
3,ἐπεχεύατο,ἐπιχέω,v3saim---,"AorComp, MidIndir",2.0,PRED_CO,5.257,AorComp,MidIndir,,,AorComp|MidIndir
4,ὕλην,ὕλη,n-s---fa-,AccObj,3.0,OBJ,5.257,AccObj,,,,AccObj
5,.,.,u--------,,0.0,AuxK,5.257,,,,,
1,τόφρα,τόφρα,d--------,adv incedlform,4.0,ADV,5.258,,,,,
2,δὲ,δέ,g--------,particle indeclform,0.0,COORD,5.258,,,,,
3,φάρε',φᾶρος,n-p---na-,AccObj,4.0,OBJ,5.258,AccObj,,,,AccObj
4,ἔνεικε,φέρω,v3saia---,AorIngr,2.0,PRED_CO,5.258,AorIngr,,,,AorIngr
5,Καλυψώ,Καλυψώ,n-s---fn-,NomSubj,6.0,SBJ_AP,5.258,NomSubj,,,,NomSubj
6,",",",",u--------,,4.0,APOS,5.258,,,,,
7,δῖα,δῖος,a-s---fn-,NomInd,6.0,SBJ_AP,5.258,NomInd,,,,NomInd
8,θεάων,θεά,n-p---fg-,GenPart,7.0,ATR,5.258,GenPart,,,,GenPart
9,",",",",u--------,,11.0,AuxX,5.258,,,,,
10,ἱστία,ἱστίον,n-p---na-,AccObj,11.0,OBJ,5.259,AccObj,,,,AccObj
11,ποιήσασθαι,ποιέω,v--anm---,InfDyn.,4.0,ADV,5.259,InfDyn.,,,,InfDyn.
12,·,·,u--------,,0.0,AuxK,5.259,,,,,
1,ὁ,ὁ,p-s---mn-,"NomSubj, Pron4",4.0,SBJ,5.259,NomSubj,,,,NomSubj
2,δ',δέ,g--------,particle indeclform,0.0,COORD,5.259,,,,,
3,εὖ,εὖ,d--------,adv indeclform,4.0,ADV,5.259,,,,,
4,τεχνήσατο,τεχνάομαι,v3saie---,AorComp,2.0,PRED_CO,5.259,AorComp,,,,AorComp
5,καὶ,καί,d--------,conj indeclform,6.0,AuxZ,5.259,,,,,
6,τά,ὁ,p-p---na-,"AccObj, Pron8",4.0,OBJ,5.259,AccObj,,,,AccObj
7,.,.,u--------,,0.0,AuxK,5.259,,,,,
1,ἐν,ἐν,r--------,tmesis,9.0,AuxZ,5.26,,,,,
2,δ',δέ,g--------,particle indeclform,14.0,AuxY,5.26,,,,,
3,ὑπέρας,ὑπέρα,n-p---fa-,AccObj,8.0,OBJ_CO,5.26,AccObj,,,,AccObj
4,τε,τε,g--------,particle indeclform,8.0,AuxY,5.26,,,,,
5,κάλους,κάλως,n-p---ma-,AccObj,8.0,OBJ_CO,5.26,AccObj,,,,AccObj
6,τε,τε,g--------,particle indeclform,8.0,AuxY,5.26,,,,,
7,πόδας,πούς,n-p---ma-,AccObj,8.0,OBJ_CO,5.26,AccObj,,,,AccObj
8,τ',τε,g--------,particle indeclform,9.0,COORD,5.26,,,,,
9,ἐνέδησεν,ἐνδέω,v3saia---,AorComp,14.0,PRED_CO,5.26,AorComp,,,,AorComp
10,ἐν,ἐν,r--------,Prep3,9.0,AuxP,5.26,,,,,
11,αὐτῇ,αὐτός,a-s---fd-,DatLoc (Prep3),10.0,ADV,5.26,DatLoc (Prep3),,,,DatLoc (Prep3)
12,",",",",u--------,,14.0,AuxX,5.26,,,,,
13,μοχλοῖσιν,μοχλός,n-p---md-,DatInstr,18.0,ADV,5.261,DatInstr,,,,DatInstr
14,δ',δέ,g--------,particle indeclform,0.0,COORD,5.261,,,,,
15,ἄρα,ἄρα,g--------,particle indeclform,18.0,AuxY,5.261,,,,,
16,τήν,ὁ,p-s---fa-,AccObj,18.0,OBJ,5.261,AccObj,,,,AccObj
17,γε,γε,g--------,particle indeclform,16.0,AuxZ,5.261,,,,,
18,κατείρυσεν,κατερύω,v3saia---,AorComp,14.0,PRED_CO,5.261,AorComp,,,,AorComp
19,εἰς,εἰς,r--------,Prep3,18.0,AuxP,5.261,,,,,
20,ἅλα,ἅλς,n-s---fa-,AccDirec.1 (Prep3),19.0,OBJ,5.261,,,,,
21,δῖαν,δῖος,a-s---fa-,AccDirec.1 (Prep3),20.0,ATR,5.261,,,,,
22,.,.,u--------,,0.0,AuxK,5.261,,,,,
1,τέτρατον,τέτρατος,a-s---nn-,NomPred,2.0,ATR,5.262,NomPred,,,,NomPred
2,ἦμαρ,ἦμαρ,n-s---nn-,NomPred,3.0,SBJ,5.262,NomPred,,,,NomPred
3,ἔην,εἰμί,v3siia---,ImpfDesc,5.0,PRED_CO,5.262,ImpfDesc,,,,ImpfDesc
4,",",",",u--------,,5.0,AuxX,5.262,,,,,
5,καὶ,καί,c--------,"conj indeclform [parataxis, Smyth 2169]",0.0,COORD,5.262,,,,,
6,τῷ,ὁ,p-s---nd-,"DatAgent, Pron4",8.0,ADV,5.262,DatAgent,,,,DatAgent
7,τετέλεστο,τελέω,v3slie---,"Pperf, N2- passive meaning",5.0,PRED_CO,5.262,Pperf,,,,Pperf
8,ἅπαντα,ἅπας,a-p---nn-,NomSubj,7.0,SBJ,5.262,NomSubj,,,,NomSubj
9,·,·,u--------,,0.0,AuxK,5.262,,,,,
1,τῷ,ὁ,l-s---md-,"DatTime, ArtSubs",4.0,ATR,5.263,DatTime,ArtSubs,,,DatTime|ArtSubs
2,δ',δέ,g--------,particle indeclform,0.0,COORD,5.263,,,,,
3,ἄρα,ἄρα,g--------,particle indeclform,5.0,AuxY,5.263,,,,,
4,πέμπτῳ,πέμπτος,a-s---md-,DatTime,5.0,ADV,5.263,DatTime,,,,DatTime
5,πέμπ',πέμπω,v3siia---,ImpfCons,2.0,PRED_CO,5.263,ImpfCons,,,,ImpfCons
6,ἀπὸ,ἀπό,r--------,Prep5,5.0,AuxP,5.263,,,,,
7,νήσου,νῆσος,n-s---fg-,GenSep (Prep5),6.0,OBJ,5.263,GenSep (Prep5),,,,GenSep (Prep5)
8,δῖα,δῖος,a-s---fn-,NomSubj,9.0,ATR,5.263,NomSubj,,,,NomSubj
9,Καλυψώ,Καλυψώ,n-s---fn-,NomSubj,5.0,SBJ,5.263,NomSubj,,,,NomSubj
10,",",",",u--------,,15.0,AuxX,5.263,,,,,
11,εἵματά,εἷμα,n-p---na-,AccObj,13.0,OBJ,5.264,AccObj,,,,AccObj
12,τ',τε,g--------,particle indeclform,15.0,AuxY,5.264,,,,,
13,ἀμφιέσασα,ἀμφιάζω,v-sapafn-,"NomSubj, PartCirc.7",15.0,ADV_CO,5.264,NomSubj,PartCirc.7,,,NomSubj|PartCirc.7
14,θυώδεα,θυώδης,a-p---na-,AccObj,11.0,ATR,5.264,AccObj,,,,AccObj
15,καὶ,καί,c--------,conj indeclform,5.0,COORD,5.264,,,,,
16,λούσασα,λούω,v-sapafn-,"NomSubj, PartCirc.7 [hysteron proteron, Smyth 3030]",15.0,ADV_CO,5.264,NomSubj,,,,NomSubj
17,.,.,u--------,,0.0,AuxK,5.264,,,,,
1,ἐν,ἐν,r--------,tmesis,5.0,AuxZ,5.265,,,,,
2,δέ,δέ,g--------,particle indeclform,18.0,AuxY,5.265,,,,,
3,οἱ,ἕ,p-s---md-,"DatAdvn, Pron4",18.0,ADV,5.265,DatAdvn,,,,DatAdvn
4,ἀσκὸν,ἀσκός,n-s---ma-,AccObj,18.0,OBJ,5.265,AccObj,,,,AccObj
5,ἔθηκε,τίθημι,v3saia---,AorIngr,18.0,PRED_CO,5.265,AorIngr,,,,AorIngr
6,θεὰ,θεά,n-s---fn-,NomSubj,18.0,SBJ,5.265,NomSubj,,,,NomSubj
7,μέλανος,μέλας,a-s---mg-,GenExpl,8.0,ATR,5.265,GenExpl,,,,GenExpl
8,οἴνοιο,οἶνος,n-s---mg-,GenExpl,4.0,ATR,5.265,GenExpl,,,,GenExpl
9,τὸν,ὁ,l-s---ma-,"AccObj, ArtSubs",4.0,ATR,5.266,AccObj,ArtSubs,,,AccObj|ArtSubs
10,ἕτερον,ἕτερος,a-s---ma-,AccObj,4.0,ATR,5.266,AccObj,,,,AccObj
11,",",",",u--------,,18.0,AuxX,5.266,,,,,
12,ἕτερον,ἕτερος,a-s---ma-,AccObj,23.0,OBJ,5.266,AccObj,,,,AccObj
13,δ',δέ,g--------,particle indeclform,18.0,AuxY,5.266,,,,,
14,ὕδατος,ὕδωρ,n-s---ng-,GenExpl,12.0,ATR,5.266,GenExpl,,,,GenExpl
15,μέγαν,μέγας,a-s---ma-,AccObj,12.0,ATR,5.266,AccObj,,,,AccObj
16,",",",",u--------,,18.0,AuxX,5.266,,,,,
17,ἐν,ἐν,r--------,Prep3,18.0,AuxP,5.266,,,,,
18,δὲ,δέ,g--------,particle indeclform,0.0,COORD,5.266,,,,,
19,καὶ,καί,d--------,conj indeclform,24.0,AuxY,5.266,,,,,
20,ᾖα,ἤια,n-p---na-,AccObj,24.0,OBJ,5.266,AccObj,,,,AccObj
21,κωρύκῳ,κώρυκος,n-s---md-,DatLoc (Prep3),24.0,OBJ,5.267,DatLoc (Prep3),,,,DatLoc (Prep3)
22,·,·,u--------,,0.0,AuxK,5.267,,,,,
1,ἐν,ἐν,r--------,tmesis,5.0,AuxZ,5.267,,,,,
2,δέ,δέ,g--------,particle indeclform,0.0,COORD,5.267,,,,,
3,οἱ,ἕ,p-s---md-,"DatAdvn, Pron4",5.0,ADV,5.267,DatAdvn,,,,DatAdvn
4,ὄψα,ὄψος,n-p---na-,AccObj,5.0,OBJ,5.267,AccObj,,,,AccObj
5,τίθει,τίθημι,v3siia---,ImpfDesc,2.0,PRED_CO,5.267,ImpfDesc,,,,ImpfDesc
6,μενοεικέα,μενοεικής,a-p---na-,AccObj,4.0,ATR,5.267,AccObj,,,,AccObj
7,πολλά,πολύς,a-p---na-,AccObj,4.0,ATR,5.267,AccObj,,,,AccObj
8,·,·,u--------,,0.0,AuxK,5.267,,,,,
1,οὖρον,οὖρος,n-s---ma-,AccObj,3.0,OBJ,5.268,AccObj,,,,AccObj
2,δὲ,δέ,g--------,particle indeclform,0.0,COORD,5.268,,,,,
3,προέηκεν,προίημι,v3saia---,AorComp,2.0,PRED_CO,5.268,AorComp,,,,AorComp
4,ἀπήμονά,ἀπήμων,a-s---ma-,AccObj,7.0,ATR_CO,5.268,AccObj,,,,AccObj
5,τε,τε,g--------,particle indeclform,7.0,AuxY,5.268,,,,,
6,λιαρόν,λιαρός,a-s---ma-,AccObj,7.0,ATR_CO,5.268,AccObj,,,,AccObj
7,τε,τε,g--------,particle indeclform,1.0,COORD,5.268,,,,,
8,.,.,u--------,,0.0,AuxK,5.268,,,,,
1,γηθόσυνος,γηθόσυνος,a-s---mn-,NomSubj,4.0,ADV,5.269,NomSubj,,,,NomSubj
2,δ',δέ,g--------,particle indeclform,0.0,COORD,5.269,,,,,
3,οὔρῳ,οὖρος,n-s---md-,DatVerb,4.0,ADV,5.269,DatVerb,,,,DatVerb
4,πέτασ',πετάννυμι,v3saia---,Aor,2.0,PRED_CO,5.269,Aor,,,,Aor
5,ἱστία,ἱστίον,n-p---na-,AccObj,4.0,OBJ,5.269,AccObj,,,,AccObj
6,δῖος,δῖος,a-s---mn-,NomSubj,7.0,ATR,5.269,NomSubj,,,,NomSubj
7,Ὀδυσσεύς,Ὀδυσσεύς,n-s---mn-,NomSubj,4.0,SBJ,5.269,NomSubj,,,,NomSubj
8,.,.,u--------,,0.0,AuxK,5.269,,,,,
1,αὐτὰρ,ἀτάρ,g--------,particle indeclform,4.0,AuxY,5.27,,,,,
2,ὁ,ὁ,p-s---mn-,"NomSubj, Pron4",4.0,SBJ,5.27,NomSubj,,,,NomSubj
3,πηδαλίῳ,πηδάλιον,n-s---nd-,DatInstr,4.0,ADV,5.27,DatInstr,,,,DatInstr
4,ἰθύνετο,ἰθύνω,v3siie---,"ImpfCons, MidDir",9.0,PRED_CO,5.27,ImpfCons,MidDir,,,ImpfCons|MidDir
5,τεχνηέντως,τεχνήεις,d--------,adv indeclform,4.0,ADV,5.27,,,,,
6,ἥμενος,ἧμαι,v-srpemn-,"NomSubj, PartCirc.7",4.0,ADV,5.271,NomSubj,PartCirc.7,,,NomSubj|PartCirc.7
7,",",",",u--------,,9.0,AuxX,5.271,,,,,
8,οὐ,οὐ,d--------,adv indeclform,14.0,AuxZ,5.271,,,,,
9,δέ,δέ,g--------,particle indeclform,0.0,COORD,5.271,,,,,
10,οἱ,ἕ,p-s---md-,"DatPos, Pron4",14.0,OBJ,5.271,DatPos,,,,DatPos
11,ὕπνος,ὕπνος,n-s---mn-,NomSubj,14.0,SBJ,5.271,NomSubj,,,,NomSubj
12,ἐπὶ,ἐπί,r--------,Prep3,14.0,AuxP,5.271,,,,,
13,βλεφάροισιν,βλέφαρον,n-p---nd-,DatLoc (Prep3),12.0,OBJ,5.271,DatLoc (Prep3),,,,DatLoc (Prep3)
14,ἔπιπτεν,πίπτω,v3siia---,Impf,9.0,PRED_CO,5.271,Impf,,,,Impf
15,Πληιάδας,Πλειάδες,n-p---fa-,AccObj,23.0,OBJ_CO,5.272,AccObj,,,,AccObj
16,τ',τε,g--------,particle indeclform,23.0,AuxY,5.272,,,,,
17,ἐσορῶντι,εἰσοράω,v-sppamd-,"DatLoc, PartAttr",10.0,ATV,5.272,DatLoc,PartAttr,,,DatLoc|PartAttr
18,καὶ,καί,c--------,conj indeclform,23.0,AuxY,5.272,,,,,
19,ὀψὲ,ὀψέ,d--------,adv indeclform,20.0,ADV,5.272,,,,,
20,δύοντα,δύω,v-sppama-,AccObj,21.0,ATR,5.272,AccObj,,,,AccObj
21,Βοώτην,Βοώτης,n-s---ma-,AccObj,23.0,OBJ_CO,5.272,AccObj,,,,AccObj
22,Ἄρκτον,ἄρκτος,n-s---fa-,AccObj,23.0,OBJ_CO,5.273,AccObj,,,,AccObj
23,θ',τε,g--------,particle indeclform,17.0,COORD,5.273,,,,,
24,",",",",u--------,,29.0,AuxX,5.273,,,,,
25,ἣν,ὅς,p-s---fa-,"AccObj, Pron8",29.0,OBJ,5.273,AccObj,,,,AccObj
26,καὶ,καί,d--------,conj indeclform,27.0,AuxZ,5.273,,,,,
27,ἄμαξαν,ἄμαξα,n-s---fa-,AccObj,29.0,OCOMP,5.273,AccObj,,,,AccObj
28,ἐπίκλησιν,ἐπίκλησις,n-s---fa-,AccAdv,29.0,OBJ,5.273,AccAdv,,,,AccAdv
29,καλέουσιν,καλέω,v3ppia---,PresIter.1.,22.0,ATR,5.273,PresIter.1.,,,,PresIter.1.
30,",",",",u--------,,41.0,AuxX,5.273,,,,,
31,ἥ,ὅς,p-s---fn-,"NomSubj, Pron8",41.0,SBJ,5.274,NomSubj,,,,NomSubj
32,τ',τε,g--------,particle indeclform,31.0,AuxZ,5.274,,,,,
33,αὐτοῦ,αὐτοῦ,d--------,adv indeclform,34.0,ADV,5.274,,,,,
34,στρέφεται,στρέφω,v3spie---,"PresIter.1., MidMotion",41.0,ATR_CO,5.274,PresIter.1.,MidMotion,,,PresIter.1.|MidMotion
35,καί,καί,c--------,conj indeclform,41.0,AuxY,5.274,,,,,
36,τ',τε,g--------,particle indeclform,38.0,AuxY,5.274,,,,,
37,Ὠρίωνα,Ὠρίων,n-s---ma-,AccObj,38.0,OBJ,5.274,AccObj,,,,AccObj
38,δοκεύει,δοκεύω,v3spia---,PresIter.1.,41.0,ATR_CO,5.274,PresIter.1.,,,,PresIter.1.
39,",",",",u--------,,41.0,AuxX,5.274,,,,,
40,οἴη,οἶος,a-s---fn-,NomSubj,43.0,AtvV,5.275,NomSubj,,,,NomSubj
41,δ',δέ,g--------,particle indeclform,22.0,COORD,5.275,,,,,
42,ἄμμορός,ἄμμορος,a-s---fn-,NomPred,43.0,PNOM,5.275,NomPred,,,,NomPred
43,ἐστι,εἰμί,v3spia---,PresIter.1.,41.0,ATR_CO,5.275,PresIter.1.,,,,PresIter.1.
44,λοετρῶν,λουτρόν,n-p---ng-,GenVerb.2,42.0,ATR,5.275,GenVerb.2,,,,GenVerb.2
45,Ὠκεανοῖο,Ὠκεανός,n-s---mg-,GenPos,44.0,ATR,5.275,GenPos,,,,GenPos
46,·,·,u--------,,0.0,AuxK,5.275,,,,,
1,τὴν,ὁ,p-s---fa-,"AccObj, Pron4",15.0,OBJ,5.276,AccObj,,,,AccObj
2,γὰρ,γάρ,g--------,particle indeclform,5.0,AuxY,5.276,,,,,
3,δή,δή,g--------,particle indeclform,5.0,AuxY,5.276,,,,,
4,μιν,μιν,p-s---ma-,AccSubj,11.0,SBJ,5.276,AccSubj,,,,AccSubj
5,ἄνωγε,ἄνωγα,v3siia---,Perf,0.0,PRED,5.276,Perf,,,,Perf
6,Καλυψώ,Καλυψώ,n-s---fn-,NomSubj,7.0,SBJ_AP,5.276,NomSubj,,,,NomSubj
7,",",",",u--------,,5.0,APOS,5.276,,,,,
8,δῖα,δῖος,a-s---fn-,NomInd,7.0,SBJ_AP,5.276,NomInd,,,,NomInd
9,θεάων,θεά,n-p---fg-,GenPart,8.0,ATR,5.276,GenPart,,,,GenPart
10,",",",",u--------,,7.0,AuxX,5.276,,,,,
11,ποντοπορευέμεναι,ποντοπορεύω,v--pna---,InfDyn,5.0,OBJ,5.277,InfDyn,,,,InfDyn
12,ἐπ',ἐπί,r--------,Prep5,15.0,AuxP,5.277,,,,,
13,ἀριστερὰ,ἀριστερός,a-p---na-,AccDirec.1 (Prep5),12.0,OBJ,5.277,,,,,
14,χειρὸς,χείρ,n-s---fg-,GenExpl,13.0,ATR,5.277,GenExpl,,,,GenExpl
15,ἔχοντα,ἔχω,v-sppama-,"NomInd, PartCirc.7",4.0,ATV,5.277,NomInd,PartCirc.7,,,NomInd|PartCirc.7
16,.,.,u--------,,0.0,AuxK,5.277,,,,,
1,ἑπτὰ,ἑπτά,m--------,numeral indeclform,3.0,ATR_CO,5.278,,,,,
2,δὲ,δέ,g--------,particle indeclform,11.0,COORD,5.278,,,,,
3,καὶ,καί,c--------,conj indeclform,7.0,COORD,5.278,,,,,
4,δέκα,δέκα,m--------,numeral indeclform,3.0,ATR_CO,5.278,,,,,
5,μὲν,μέν,g--------,particle indeclform,6.0,AuxY,5.278,,,,,
6,πλέεν,πλέω,v3siia---,Impf,11.0,PRED_CO,5.278,Impf,,,,Impf
7,ἤματα,ἦμαρ,n-p---na-,AccTime,6.0,ADV,5.278,AccTime,,,,AccTime
8,ποντοπορεύων,ποντοπορεύω,v-sppamn-,"NomSubj, PartCirc.1",6.0,ADV,5.278,NomSubj,PartCirc.1,,,NomSubj|PartCirc.1
9,",",",",u--------,,11.0,AuxX,5.278,,,,,
10,ὀκτωκαιδεκάτῃ,ὀκτωκαιδέκατος,a-s---fd-,DatTime,12.0,ADV,5.279,DatTime,,,,DatTime
11,δ',δέ,g--------,particle indeclform,0.0,COORD,5.279,,,,,
12,ἐφάνη,φαίνω,v3saip---,"Aor, Pass",11.0,PRED_CO,5.279,Aor,Pass,,,Aor|Pass
13,ὄρεα,ὄρος,n-p---nn-,AccObj,12.0,SBJ,5.279,AccObj,,,,AccObj
14,σκιόεντα,σκιόεις,a-p---nn-,AccObj,13.0,ATR,5.279,AccObj,,,,AccObj
15,γαίης,γαῖα,n-s---fg-,GenPart,13.0,ATR,5.28,GenPart,,,,GenPart
16,Φαιήκων,Φαίαξ,n-p---mg-,GenPos,15.0,ATR,5.28,GenPos,,,,GenPos
17,",",",",u--------,,21.0,AuxX,5.28,,,,,
18,ὅθι,ὅθι,d--------,adv indeclform,21.0,ADV,5.28,,,,,
19,τ',τε,g--------,particle indeclform,21.0,AuxY,5.28,,,,,
20,ἄγχιστον,ἄγχιστος,a-s---nn-,NomPred,21.0,PNOM,5.28,NomPred,,,,NomPred
21,πέλεν,πέλω,v3siia---,ImpfDesc,12.0,ADV,5.28,ImpfDesc,,,,ImpfDesc
22,αὐτῷ,αὐτός,a-s---md-,"DatVerb, Pron2",20.0,OBJ,5.28,DatVerb,,,,DatVerb
23,·,·,u--------,,0.0,AuxK,5.28,,,,,
1,εἴσατο,εἴδω,v3saim---,"AorGnom, MidIndir",2.0,PRED_CO,5.281,AorGnom,MidIndir,,,AorGnom|MidIndir
2,δ',δέ,g--------,particle indeclform,0.0,COORD,5.281,,,,,
3,ὡς,ὡς,d--------,adv indeclform,10.0,ADV,5.281,,,,,
4,ὅτε,ὅτε,c--------,conj indeclform,3.0,AuxC,5.281,,,,,
5,ῥινὸν,ῥινόν,n-s---nn-,NomSubj,11.0,SBJ,5.281,NomSubj,,,,NomSubj
6,ἐν,ἐν,r--------,Prep3,1.0,AuxP,5.281,,,,,
7,ἠεροειδέι,ἠεροειδής,a-s----d-,DatLoc (Prep3),8.0,ATR,5.281,DatLoc (Prep3),,,,DatLoc (Prep3)
8,πόντῳ,πόντος,n-s---md-,DatLoc (Prep3),6.0,ADV,5.281,DatLoc (Prep3),,,,DatLoc (Prep3)
9,.,.,u--------,,0.0,AuxK,5.281,,,,,
1,τὸν,ὁ,p-s---ma-,"AccObj, Pron4",12.0,OBJ,5.282,AccObj,,,,AccObj
2,δ',δέ,g--------,particle indeclform,0.0,COORD,5.282,,,,,
3,ἐξ,ἐκ,r--------,Prep3,5.0,AuxP,5.282,,,,,
4,Αἰθιόπων,Αἰθίοψ,n-p---mg-,GenSep (Prep3),3.0,OBJ,5.282,GenSep (Prep3),,,,GenSep (Prep3)
5,ἀνιὼν,ἄνειμι,v-sppamn-,"NomSubj, PartCirc.7",12.0,ADV,5.282,NomSubj,PartCirc.7,,,NomSubj|PartCirc.7
6,κρείων,κρείων,n-s---mn-,"NomSubj, PartAttr",7.0,ATR,5.282,NomSubj,PartAttr,,,NomSubj|PartAttr
7,ἐνοσίχθων,Ἐνοσίχθων,n-s---mn-,NomSubj,12.0,SBJ,5.282,NomSubj,,,,NomSubj
8,τηλόθεν,τηλόθεν,d--------,adv indeclform,12.0,ADV,5.283,,,,,
9,ἐκ,ἐκ,r--------,Prep3,12.0,AuxP,5.283,,,,,
10,Σολύμων,Σόλυμοι,n-p---mg-,GenPos,11.0,ATR,5.283,GenPos,,,,GenPos
11,ὀρέων,ὄρος,n-p---ng-,GenSep (Prep3),9.0,ADV,5.283,GenSep (Prep3),,,,GenSep (Prep3)
12,ἴδεν,εἶδον,v3saia---,AorIngr,2.0,PRED_CO,5.283,AorIngr,,,,AorIngr
13,·,·,u--------,,0.0,AuxK,5.283,,,,,
1,εἴσατο,εἴδω,v3saim---,"Aor, MidIndir",0.0,PRED,5.283,Aor,MidIndir,,,Aor|MidIndir
2,γάρ,γάρ,g--------,particle indeclform,1.0,AuxY,5.283,,,,,
3,οἱ,ἕ,p-s---md-,DatVerb,1.0,OBJ,5.283,DatVerb,,,,DatVerb
4,πόντον,πόντος,n-s---ma-,AccObj,5.0,OBJ,5.284,AccObj,,,,AccObj
5,ἐπιπλώων,ἐπιπλέω,v-sppamn-,"NomSubj, PartCirc.1",1.0,ADV,5.284,NomSubj,PartCirc.1,,,NomSubj|PartCirc.1
6,.,.,u--------,,0.0,AuxK,5.284,,,,,
1,ὁ,ὁ,p-s---mn-,"NomSubj, Pron4",8.0,SBJ,5.284,NomSubj,,,,NomSubj
2,δ',δέ,g--------,particle indeclform,8.0,COORD,5.284,,,,,
3,ἐχώσατο,χώομαι,v3saim---,"Aor, MidMent",8.0,PRED_CO,5.284,Aor,MidMent,,,Aor|MidMent
4,κηρόθι,κηρόθι,d--------,adv indeclform,3.0,ADV,5.284,,,,,
5,μᾶλλον,μᾶλλον,d--------,adv indeclform,3.0,ADV,5.284,,,,,
6,",",",",u--------,,8.0,AuxX,5.284,,,,,
7,κινήσας,κινέω,v-sapamn-,"NomSubj, PartCirc.7",12.0,ADV,5.285,NomSubj,PartCirc.7,,,NomSubj|PartCirc.7
8,δὲ,δέ,g--------,particle indeclform,0.0,COORD,5.285,,,,,
9,κάρη,κάρα,n-s---na-,AccObj,7.0,OBJ,5.285,AccObj,,,,AccObj
10,προτὶ,πρός,r--------,Prep5,12.0,AuxP,5.285,,,,,
11,ὃν,ἑός,a-s---ma-,"AccDirec.1 (Prep5), Pron3",13.0,ATR,5.285,,,,,
12,μυθήσατο,μυθέομαι,v3saie---,"Aor, MidIndir",8.0,PRED_CO,5.285,Aor,MidIndir,,,Aor|MidIndir
13,θυμόν,θυμός,n-s---ma-,AccDirec.1 (Prep5),10.0,OBJ,5.285,,,,,
14,·,·,u--------,,0.0,AuxK,5.285,,,,,
1,&quot;,&quot;,u--------,,18.0,AuxG,5.286,,,,,
2,ὢ,ὦ,i--------,exclam indeclform,3.0,AuxZ,5.286,,,,,
3,πόποι,πόποι,i--------,exclam indeclform,8.0,ExD,5.286,,,,,
4,",",",",u--------,,3.0,AuxX,5.286,,,,,
5,ἦ,ἦ,d--------,adv indeclform,8.0,AuxY,5.286,,,,,
6,μάλα,μάλα,d--------,adv indeclform,8.0,AuxZ,5.286,,,,,
7,δὴ,δή,g--------,particle indeclform,8.0,AuxY,5.286,,,,,
8,μετεβούλευσαν,μεταβουλεύω,v3paia---,AorIngr,18.0,PRED_CO,5.286,AorIngr,,,,AorIngr
9,θεοὶ,θεός,n-p---mn-,NomSubj,8.0,SBJ,5.286,NomSubj,,,,NomSubj
10,ἄλλως,ἄλλως,d--------,adv indeclform,8.0,ADV,5.286,,,,,
11,ἀμφ',ἀμφί,r--------,Prep5,8.0,AuxP,5.287,,,,,
12,Ὀδυσῆι,Ὀδυσσεύς,n-s---md-,DatAdvn (Prep5),11.0,OBJ,5.287,DatAdvn (Prep5),,,,DatAdvn (Prep5)
13,ἐμεῖο,ἐγώ,p1s---mg-,"GenAbs, Pron1",16.0,SBJ,5.287,GenAbs,,,,GenAbs
14,μετ',μετά,r--------,Prep5,16.0,AuxP,5.287,,,,,
15,Αἰθιόπεσσιν,Αἰθίοψ,n-p---md-,DatLoc (Prep5),14.0,PNOM,5.287,DatLoc (Prep5),,,,DatLoc (Prep5)
16,ἐόντος,εἰμί,v-sppamg-,PartGen,8.0,ADV,5.287,PartGen,,,,PartGen
17,",",",",u--------,,18.0,AuxX,5.287,,,,,
18,καὶ,καί,c--------,conj indeclform,0.0,COORD,5.288,,,,,
19,δὴ,δή,g--------,particle indeclform,36.0,AuxY,5.288,,,,,
20,Φαιήκων,Φαίαξ,n-p---mg-,GenPos,21.0,ATR,5.288,GenPos,,,,GenPos
21,γαίης,γαῖα,n-s---fg-,GenLoc,36.0,PNOM,5.288,GenLoc,,,,GenLoc
22,σχεδόν,σχεδόν,d--------,adv indeclform,18.0,AuxP,5.288,,,,,
23,",",",",u--------,,37.0,AuxX,5.288,,,,,
24,ἔνθα,ἔνθα,d--------,adv indeclform,37.0,ADV,5.288,,,,,
25,οἱ,ἕ,p-s---md-,DatVerb,26.0,OBJ,5.288,DatVerb,,,,DatVerb
26,αἶσα,αἶσα,n-s---fn-,NomSubj,37.0,SBJ,5.288,NomSubj,,,,NomSubj
27,ἐκφυγέειν,ἐκφεύγω,v--ana---,InfDyn.2,37.0,PNOM,5.289,InfDyn.2,,,,InfDyn.2
28,μέγα,μέγας,a-s---na-,AccObj,29.0,ATR,5.289,AccObj,,,,AccObj
29,πεῖραρ,πεῖραρ,n-s---na-,AccObj,27.0,OBJ,5.289,AccObj,,,,AccObj
30,ὀιζύος,ὀιζύς,n-s---fg-,GenQual,29.0,ATR,5.289,GenQual,,,,GenQual
31,",",",",u--------,,34.0,AuxX,5.289,,,,,
32,ἥ,ὅς,p-s---fn-,"NomSubj, Pron8",34.0,SBJ,5.289,NomSubj,,,,NomSubj
33,μιν,μιν,p-s---ma-,AccObj,34.0,OBJ,5.289,AccObj,,,,AccObj
34,ἱκάνει,ἱκάνω,v3spia---,"PresIter.1., Ind, Act",30.0,ATR,5.289,PresIter.1.,Ind,Act,,PresIter.1.|Ind|Act
35,.,.,u--------,,0.0,AuxK,5.289,,,,,
1,ἀλλ',ἀλλά,d--------,adv indeclform,5.0,AuxY,5.29,,,,,
2,ἔτι,ἔτι,d--------,adv indeclform,7.0,ADV,5.29,,,,,
3,μέν,μέν,g--------,particle indeclform,5.0,AuxY,5.29,,,,,
4,μίν,μιν,p-s---ma-,AccObj,7.0,OBJ,5.29,AccObj,,,,AccObj
5,φημι,φημί,v1spia---,"Pres, Ind, Act",0.0,PRED,5.29,Pres,Ind,Act,,Pres|Ind|Act
6,ἅδην,ἅδος,n-s---na-,AccDirec,7.0,OBJ,5.29,AccDirec,,,,AccDirec
7,ἐλάαν,ἐλαύνω,v--pna---,InfDec,5.0,OBJ,5.29,InfDec,,,,InfDec
8,κακότητος,κακότης,n-s---fg-,GenMeas,6.0,ATR,5.29,GenMeas,,,,GenMeas
9,.,.,u--------,,0.0,AuxK,5.29,,,,,
10,&quot;,&quot;,u--------,,5.0,AuxG,5.29,,,,,
1,ὣς,ὡς,d--------,adv indeclform,2.0,ADV,5.291,,,,,
2,εἰπὼν,εἶπον,v-sapamn-,"NomSubj, PartCirc.7",3.0,ADV,5.291,NomSubj,PartCirc.7,,,NomSubj|PartCirc.7
3,σύναγεν,συνάγω,v3siia---,ImpfCons,7.0,PRED_CO,5.291,ImpfCons,,,,ImpfCons
4,νεφέλας,νεφέλη,n-p---fa-,AccObj,3.0,OBJ,5.291,AccObj,,,,AccObj
5,",",",",u--------,,7.0,AuxX,5.291,,,,,
6,ἐτάραξε,ταράσσω,v3saia---,AorComp,7.0,PRED_CO,5.291,AorComp,,,,AorComp
7,δὲ,δέ,g--------,particle indeclform,0.0,COORD,5.291,,,,,
8,πόντον,πόντος,n-s---ma-,AccObj,6.0,OBJ,5.291,AccObj,,,,AccObj
9,χερσὶ,χείρ,n-p---fd-,DatInstr,11.0,ADV,5.292,DatInstr,,,,DatInstr
10,τρίαιναν,τρίαινα,n-s---fa-,AccObj,11.0,OBJ,5.292,AccObj,,,,AccObj
11,ἑλών,αἱρέω,v-sapamn-,"NomSubj, PartCirc.7",6.0,ADV,5.292,NomSubj,PartCirc.7,,,NomSubj|PartCirc.7
12,·,·,u--------,,0.0,AuxK,5.292,,,,,
1,πάσας,πᾶς,a-p---fa-,AccObj,4.0,ATR,5.292,AccObj,,,,AccObj
2,δ',δέ,g--------,particle indeclform,9.0,AuxY,5.292,,,,,
3,ὀρόθυνεν,ὀροθύνω,v3siia---,ImpfDesc,9.0,PRED_CO,5.292,ImpfDesc,,,,ImpfDesc
4,ἀέλλας,ἄελλα,n-p---fa-,AccObj,3.0,OBJ,5.292,AccObj,,,,AccObj
5,παντοίων,παντοῖος,a-p---mg-,GenExpl,6.0,ATR,5.293,GenExpl,,,,GenExpl
6,ἀνέμων,ἄνεμος,n-p---mg-,GenExpl,4.0,ATR,5.293,GenExpl,,,,GenExpl
7,",",",",u--------,,9.0,AuxX,5.293,,,,,
8,σὺν,σύν,r--------,Tmesis -- need a label,11.0,AuxZ,5.293,,,,,
9,δὲ,δέ,g--------,particle indeclform,0.0,COORD,5.293,,,,,
10,νεφέεσσι,νέφος,n-p---nd-,DatInstr,11.0,ADV,5.293,DatInstr,,,,DatInstr
11,κάλυψε,καλύπτω,v3saia---,AorIngr,9.0,PRED_CO,5.293,AorIngr,,,,AorIngr
12,γαῖαν,γαῖα,n-s---fa-,AccObj,14.0,OBJ_CO,5.294,AccObj,,,,AccObj
13,ὁμοῦ,ὁμοῦ,d--------,adv indeclform,14.0,AuxY,5.294,,,,,
14,καὶ,καί,c--------,conj indeclform,11.0,COORD,5.294,,,,,
15,πόντον,πόντος,n-s---ma-,AccObj,14.0,OBJ_CO,5.294,AccObj,,,,AccObj
16,·,·,u--------,,0.0,AuxK,5.294,,,,,
1,ὀρώρει,ὄρνυμι,v3slia---,Pperf,2.0,PRED_CO,5.294,Pperf,,,,Pperf
2,δ',δέ,g--------,particle indeclform,0.0,COORD,5.294,,,,,
3,οὐρανόθεν,οὐρανόθεν,d--------,adv indeclform,1.0,ADV,5.294,,,,,
4,νύξ,νύξ,n-s---fn-,NomSubj,1.0,SBJ,5.294,NomSubj,,,,NomSubj
5,.,.,u--------,,0.0,AuxK,5.294,,,,,
1,σὺν,σύν,r--------,tmesis,7.0,AuxZ,5.295,,,,,
2,δ',δέ,g--------,particle indeclform,0.0,COORD,5.295,,,,,
3,Εὖρός,Εὖρος,n-s---mn-,NomSubj,11.0,SBJ_CO,5.295,NomSubj,,,,NomSubj
4,τε,τε,g--------,particle indeclform,11.0,AuxY,5.295,,,,,
5,Νότος,Νότος,n-s---mn-,NomSubj,11.0,SBJ_CO,5.295,NomSubj,,,,NomSubj
6,τ',τε,g--------,particle indeclform,11.0,AuxY,5.295,,,,,
7,ἔπεσον,πίπτω,v3paia---,AorComp,2.0,PRED_CO,5.295,AorComp,,,,AorComp
8,Ζέφυρός,Ζέφυρος,n-s---mn-,NomSubj,11.0,SBJ_CO,5.295,NomSubj,,,,NomSubj
9,τε,τε,g--------,particle indeclform,11.0,AuxY,5.295,,,,,
10,δυσαὴς,δυσαής,a-s---mn-,NomSubj,8.0,ATR,5.295,NomSubj,,,,NomSubj
11,καὶ,καί,c--------,conj indeclform,7.0,COORD,5.296,,,,,
12,Βορέης,Βορέας,n-s---mn-,NomSubj,11.0,SBJ_CO,5.296,NomSubj,,,,NomSubj
13,αἰθρηγενέτης,αἰθρηγενής,n-s---mn-,NomInd,12.0,ATR,5.296,NomInd,,,,NomInd
14,",",",",u--------,,17.0,AuxX,5.296,,,,,
15,μέγα,μέγας,a-s---na-,AccObj,16.0,ATR,5.296,AccObj,,,,AccObj
16,κῦμα,κῦμα,n-s---na-,AccObj,17.0,OBJ,5.296,AccObj,,,,AccObj
17,κυλίνδων,κυλίνδω,v-sppamn-,"NomSubj, PartCirc.1",12.0,ATR,5.296,NomSubj,PartCirc.1,,,NomSubj|PartCirc.1
18,.,.,u--------,,0.0,AuxK,5.296,,,,,
1,καὶ,καί,c--------,conj indeclform,11.0,AuxY,5.297,,,,,
2,τότ',τότε,d--------,adv indeclform,4.0,ADV,5.297,,,,,
3,Ὀδυσσῆος,Ὀδυσσεύς,n-s---mg-,GenPos,5.0,ATR,5.297,GenPos,,,,GenPos
4,λύτο,λύω,v3saip---,"AorIngr, Pass",11.0,PRED_CO,5.297,AorIngr,Pass,,,AorIngr|Pass
5,γούνατα,γόνυ,n-p---nn-,NomSubj,6.0,SBJ_CO,5.297,NomSubj,,,,NomSubj
6,καὶ,καί,c--------,conj indeclform,4.0,COORD,5.297,,,,,
7,φίλον,φίλος,a-s---nn-,NomSubj,8.0,ATR,5.297,NomSubj,,,,NomSubj
8,ἦτορ,ἦτορ,n-s---nn-,NomSubj,6.0,SBJ_CO,5.297,NomSubj,,,,NomSubj
9,",",",",u--------,,11.0,AuxX,5.297,,,,,
10,ὀχθήσας,ὀχθέω,v-sapamn-,"NomSubj, PartCirc.4",13.0,ADV,5.298,NomSubj,PartCirc.4,,,NomSubj|PartCirc.4
11,δ',δέ,g--------,particle indeclform,0.0,COORD,5.298,,,,,
12,ἄρα,ἄρα,g--------,article indeclform,13.0,AuxY,5.298,,,,,
13,εἶπε,εἶπον,v3saia---,Aor,11.0,PRED_CO,5.298,Aor,,,,Aor
14,πρὸς,πρός,r--------,Prep5,13.0,AuxP,5.298,,,,,
15,ὃν,ἑός,a-s---ma-,"AccDirec.1 (Prep5), Pron3",17.0,ATR,5.298,,,,,
16,μεγαλήτορα,μεγαλήτωρ,n-s---ma-,AccDirec.1 (Prep5),17.0,ATR,5.298,,,,,
17,θυμόν,θυμός,n-s---ma-,AccDirec.1 (Prep5),14.0,OBJ,5.298,,,,,
18,·,·,u--------,,0.0,AuxK,5.298,,,,,
1,&quot;,&quot;,u--------,,11.0,AuxG,5.299,,,,,
2,ὤ,ὦ,i--------,exclam indeclform,3.0,AuxZ,5.299,,,,,
3,μοι,ἐγώ,p1s---md-,"DatEthic.1, Pron1",13.0,ExD,5.299,DatEthic.1,,,,DatEthic.1
4,ἐγὼ,ἐγώ,p1s---mn-,"NomSubj, Pron1",13.0,SBJ,5.299,NomSubj,,,,NomSubj
5,δειλός,δειλός,a-s---mn-,NomPred,13.0,PNOM,5.299,NomPred,,,,NomPred
6,",",",",u--------,,0.0,COORD,5.299,,,,,
7,τί,τις,p-s---nn-,"NomSubj, Pron6",11.0,SBJ,5.299,NomSubj,,,,NomSubj
8,νύ,νῦν,d--------,adv indeclform,11.0,ADV,5.299,,,,,
9,μοι,ἐγώ,p1s---md-,"DatAdvn, Pron1",11.0,OBJ,5.299,DatAdvn,,,,DatAdvn
10,μήκιστα,μήκιστος,a-p---na-,AccAdv,11.0,ADV,5.299,AccAdv,,,,AccAdv
11,γένηται,γίγνομαι,v3sasm---,SubjHomer,6.0,PRED_CO,5.299,SubjHomer,,,,SubjHomer
12,;,;,u--------,,0.0,AuxK,5.299,,,,,
1,δείδω,δείδω,v1spia---,"Pres, Ind, Act",0.0,PRED,5.3,Pres,Ind,Act,,Pres|Ind|Act
2,μὴ,μή,c--------,conj indeclform,1.0,AuxC,5.3,,,,,
3,δὴ,δή,g--------,particle indeclform,7.0,AuxY,5.3,,,,,
4,πάντα,πᾶς,a-p---na-,AccObj,7.0,OBJ,5.3,AccObj,,,,AccObj
5,θεὰ,θεά,n-s---fn-,NomSubj,7.0,SBJ,5.3,NomSubj,,,,NomSubj
6,νημερτέα,νημερτής,a-p---na-,AccDoubl.3,4.0,ATR,5.3,AccDoubl.3,,,,AccDoubl.3
7,εἶπεν,εἶπον,v3saia---,Aor,2.0,OBJ,5.3,Aor,,,,Aor
8,",",",",u--------,,11.0,AuxX,5.3,,,,,
9,ἥ,ὅς,p-s---fn-,"NomSubj, Pron4",11.0,SBJ,5.301,NomSubj,,,,NomSubj
10,μ',ἐγώ,p1s---ma-,"AccSubj, Pron1",21.0,SBJ,5.301,AccSubj,,,,AccSubj
11,ἔφατ',φημί,v3siie---,ImpfDesc,5.0,ATR,5.301,ImpfDesc,,,,ImpfDesc
12,ἐν,ἐν,r--------,Prep3,21.0,AuxP,5.301,,,,,
13,πόντῳ,πόντος,n-s---md-,DatLoc (Prep3),12.0,ADV,5.301,DatLoc (Prep3),,,,DatLoc (Prep3)
14,",",",",u--------,,15.0,AuxX,5.301,,,,,
15,πρὶν,πρίν,c--------,adv indeclform,21.0,AuxC,5.301,,,,,
16,πατρίδα,πατρίς,a-s---fa-,AccObj,17.0,ATR,5.301,AccObj,,,,AccObj
17,γαῖαν,γαῖα,n-s---fa-,AccObj,18.0,OBJ,5.301,AccObj,,,,AccObj
18,ἱκέσθαι,ἱκνέομαι,v--anm---,InfDec,15.0,ADV,5.301,InfDec,,,,InfDec
19,",",",",u--------,,15.0,AuxX,5.301,,,,,
20,ἄλγε',ἄλγος,n-p---na-,AccObj,21.0,OBJ,5.302,AccObj,,,,AccObj
21,ἀναπλήσειν,ἀναπίμπλημι,v--fna---,InfDec,11.0,OBJ,5.302,InfDec,,,,InfDec
22,·,·,u--------,,0.0,AuxK,5.302,,,,,
1,τὰ,ὁ,p-p---nn-,NomSubj,6.0,SBJ,5.302,NomSubj,,,,NomSubj
2,δὲ,δέ,g--------,particle indeclform,0.0,COORD,5.302,,,,,
3,δὴ,δή,g--------,particle indeclform,6.0,AuxY,5.302,,,,,
4,νῦν,νῦν,d--------,adv indeclform,6.0,ADV,5.302,,,,,
5,πάντα,πᾶς,a-p---nn-,NomSubj,1.0,ATV,5.302,NomSubj,,,,NomSubj
6,τελεῖται,τελέω,v3spie---,"Pres, Ind, Act",2.0,PRED_CO,5.302,Pres,Ind,Act,,Pres|Ind|Act
7,.,.,u--------,,0.0,AuxK,5.302,,,,,
1,οἵοισιν,οἷος,a-p---nd-,DatInstr,2.0,ATR,5.303,DatInstr,,,,DatInstr
2,νεφέεσσι,νέφος,n-p---nd-,DatInstr,3.0,ADV,5.303,DatInstr,,,,DatInstr
3,περιστέφει,περιστέφω,v3spia---,"Pres, Ind, Act",13.0,PRED_CO,5.303,Pres,Ind,Act,,Pres|Ind|Act
4,οὐρανὸν,οὐρανός,n-s---ma-,AccObj,3.0,OBJ,5.303,AccObj,,,,AccObj
5,εὐρὺν,εὐρύς,a-s---ma-,AccObj,4.0,ATR,5.303,AccObj,,,,AccObj
6,Ζεύς,Ζεύς,n-s---mn-,NomSubj,3.0,SBJ,5.304,NomSubj,,,,NomSubj
7,",",",",u--------,,13.0,AuxX,5.304,,,,,
8,ἐτάραξε,ταράσσω,v3saia---,AorIngr,13.0,PRED_CO,5.304,AorIngr,,,,AorIngr
9,δὲ,δέ,g--------,particle indeclform,13.0,AuxY,5.304,,,,,
10,πόντον,πόντος,n-s---ma-,AccObj,8.0,OBJ,5.304,AccObj,,,,AccObj
11,",",",",u--------,,13.0,AuxX,5.304,,,,,
12,ἐπισπέρχουσι,ἐπισπέρχω,v3ppia---,"Pres, Ind, Act",13.0,PRED_CO,5.304,Pres,Ind,Act,,Pres|Ind|Act
13,δ',δέ,g--------,particle indeclform,0.0,COORD,5.304,,,,,
14,ἄελλαι,ἄελλα,n-p---fn-,NomSubj,12.0,SBJ,5.304,NomSubj,,,,NomSubj
15,παντοίων,παντοῖος,a-p---mg-,GenExpl,16.0,ATR,5.305,GenExpl,,,,GenExpl
16,ἀνέμων,ἄνεμος,n-p---mg-,GenExpl,14.0,ATR,5.305,GenExpl,,,,GenExpl
17,.,.,u--------,,0.0,AuxK,5.305,,,,,
1,νῦν,νῦν,d--------,adv indeclform,7.0,ADV,5.305,,,,,
2,μοι,ἐγώ,p1s---md-,"DatAdvn, Pron1",7.0,OBJ,5.305,DatAdvn,,,,DatAdvn
3,σῶς,σῶς,a-s---mn-,NomPred,7.0,PNOM,5.305,NomPred,,,,NomPred
4,αἰπὺς,αἰπύς,a-s---mn-,NomSubj,5.0,ATR,5.305,NomSubj,,,,NomSubj
5,ὄλεθρος,ὄλεθρος,n-s---mn-,NomSubj,7.0,SBJ,5.305,NomSubj,,,,NomSubj
6,.,.,u--------,,0.0,AuxK,5.305,,,,,
1,τρὶς,τρίς,d--------,adv indeclform,17.0,ADV_CO,5.306,,,,,
2,μάκαρες,μάκαρ,n-p---mn-,NomPred,17.0,PNOM,5.306,NomPred,,,,NomPred
3,Δαναοὶ,Δαναοί,n-p---mn-,NomSubj,17.0,SBJ,5.306,NomSubj,,,,NomSubj
4,καὶ,καί,c--------,conj indeclform,0.0,COORD,5.306,,,,,
5,τετράκις,τετράκις,d--------,adv indeclform,17.0,ADV_CO,5.306,,,,,
6,",",",",u--------,,9.0,AuxX,5.306,,,,,
7,οἳ,ὅς,p-p---mn-,"NomSubj, Pron8",9.0,SBJ,5.306,NomSubj,,,,NomSubj
8,τότ',τότε,d--------,adv indeclform,9.0,ADV,5.306,,,,,
9,ὄλοντο,ὄλλυμι,v3paim---,"Aor, MidDir",3.0,ATR,5.306,Aor,MidDir,,,Aor|MidDir
10,Τροίῃ,Τροία,n-s---fd-,DatLoc (Prep3),11.0,ADV,5.307,DatLoc (Prep3),,,,DatLoc (Prep3)
11,ἐν,ἐν,r--------,Prep3,9.0,AuxP,5.307,,,,,
12,εὐρείῃ,εὐρύς,a-s---fd-,DatLoc (Prep3),10.0,ATR,5.307,DatLoc (Prep3),,,,DatLoc (Prep3)
13,χάριν,χάρις,n-s---fa-,AccObj,15.0,OBJ,5.307,AccObj,,,,AccObj
14,Ἀτρεΐδῃσι,Ἀτρείδης,n-p---md-,DatVerb,15.0,OBJ,5.307,DatVerb,,,,DatVerb
15,φέροντες,φέρω,v-pppamn-,"NomSubj, PartCirc.1",9.0,ADV,5.307,NomSubj,PartCirc.1,,,NomSubj|PartCirc.1
16,.,.,u--------,,0.0,AuxK,5.307,,,,,
1,ὡς,ὡς,c--------,adv indeclform,5.0,ADV,5.308,,,,,
2,δὴ,δή,g--------,particle indeclform,5.0,AuxY,5.308,,,,,
3,ἐγώ,ἐγώ,p1s---mn-,"NomSubj, Pron1",5.0,SBJ,5.308,NomSubj,,,,NomSubj
4,γ',γε,g--------,particle indeclform,3.0,AuxZ,5.308,,,,,
5,ὄφελον,ὀφείλω,v1saia---,Aor,0.0,PRED,5.308,Aor,,,,Aor
6,θανέειν,θνήσκω,v--ana---,InfDyn,7.0,OBJ_CO,5.308,InfDyn,,,,InfDyn
7,καὶ,καί,c--------,conj indeclform,5.0,COORD,5.308,,,,,
8,πότμον,πότμος,n-s---ma-,AccObj,9.0,OBJ,5.308,AccObj,,,,AccObj
9,ἐπισπεῖν,ἐφέπω,v--ana---,InfDyn,7.0,OBJ_CO,5.308,InfDyn,,,,InfDyn
10,ἤματι,ἦμαρ,n-s---nd-,DatTime,7.0,ADV,5.309,DatTime,,,,DatTime
11,τῷ,ὁ,l-s---nd-,"DatTime, ArtSubs",10.0,ATR,5.309,DatTime,ArtSubs,,,DatTime|ArtSubs
12,ὅτε,ὅτε,c--------,conj indeclform,10.0,AuxC,5.309,,,,,
13,μοι,ἐγώ,p1s---md-,"DatVerb, Pron1",18.0,OBJ,5.309,DatVerb,,,,DatVerb
14,πλεῖστοι,πλεῖστος,a-p---mn-,NomSubj,17.0,ATR,5.309,NomSubj,,,,NomSubj
15,χαλκήρεα,χαλκήρης,a-p---na-,AccObj,16.0,ATR,5.309,AccObj,,,,AccObj
16,δοῦρα,δόρυ,n-p---na-,AccObj,18.0,OBJ,5.309,AccObj,,,,AccObj
17,Τρῶες,Τρώς,n-p---mn-,NomSubj,18.0,SBJ,5.31,NomSubj,,,,NomSubj
18,ἐπέρριψαν,ἐπιρρίπτω,v3paia---,Aor,12.0,ATR,5.31,Aor,,,,Aor
19,περὶ,περί,r--------,Prep5,18.0,AuxP,5.31,,,,,
20,Πηλεΐωνι,Πηλεύς,n-s---md-,DatLoc (Prep5),19.0,ADV,5.31,DatLoc (Prep5),,,,DatLoc (Prep5)
21,θανόντι,θνήσκω,v-sapamd-,"DatLoc (Prep5), PartCirc.7",20.0,ATR,5.31,DatLoc (Prep5),PartCirc.7,,,DatLoc (Prep5)|PartCirc.7
22,.,.,u--------,,0.0,AuxK,5.31,,,,,
1,τῷ,τῷ,d--------,adv indeclform- implied protatis,3.0,AuxY,5.311,,,,,
2,κ',ἄν,g--------,"Cond4 apodosis, implied protasis",3.0,AuxZ,5.311,,,,,
3,ἔλαχον,λαγχάνω,v1saia---,Aor (Cond4),6.0,PRED_CO,5.311,Aor (Cond4),,,,Aor (Cond4)
4,κτερέων,κτέρεα,n-p---ng-,GenPart,3.0,OBJ,5.311,GenPart,,,,GenPart
5,",",",",u--------,,6.0,AuxX,5.311,,,,,
6,καί,καί,c--------,conj indeclform,0.0,COORD,5.311,,,,,
7,μευ,ἐγώ,p1s---mg-,"GenPos, Pron1",8.0,ATR,5.311,GenPos,,,,GenPos
8,κλέος,κλέος,n-s---na-,AccObj,9.0,OBJ,5.311,AccObj,,,,AccObj
9,ἦγον,ἄγω,v3piia---,ImpfIter.1 (Cond4),6.0,PRED_CO,5.311,,,,,
10,Ἀχαιοί,Ἀχαιός,a-p---mn-,NomSubj,9.0,SBJ,5.311,NomSubj,,,,NomSubj
11,·,·,u--------,,0.0,AuxK,5.311,,,,,
1,νῦν,νῦν,d--------,adv indeclform,5.0,ADV,5.312,,,,,
2,δέ,δέ,g--------,particle indeclform,0.0,COORD,5.312,,,,,
3,λευγαλέῳ,λευγαλέος,a-s---md-,DatAgent,4.0,ATR,5.312,DatAgent,,,,DatAgent
4,θανάτῳ,θάνατος,n-s---md-,DatAgent,6.0,ADV,5.312,DatAgent,,,,DatAgent
5,εἵμαρτο,μείρομαι,v3slie---,Pperf,2.0,PRED_CO,5.312,Pperf,,,,Pperf
6,ἁλῶναι,ἁλίσκομαι,v--ana---,InfDyn,5.0,SBJ,5.312,InfDyn,,,,InfDyn
7,.,.,u--------,,0.0,AuxK,5.312,,,,,
8,&quot;,&quot;,u--------,,2.0,AuxG,5.312,,,,,
1,ὣς,ὡς,d--------,adv indeclform,4.0,ADV,5.313,,,,,
2,ἄρα,ἄρα,g--------,particle indeclform,4.0,AuxY,5.313,,,,,
3,μιν,μιν,p-s---ma-,AccObj,5.0,OBJ,5.313,AccObj,,,,AccObj
4,εἰπόντ',εἶπον,v-sapama-,"AccObj, PartCirc.7",3.0,ATV,5.313,AccObj,PartCirc.7,,,AccObj|PartCirc.7
5,ἔλασεν,ἐλαύνω,v3saia---,AorIngr,14.0,PRED_CO,5.313,AorIngr,,,,AorIngr
6,μέγα,μέγας,a-s---nn-,NomSubj,7.0,ATR,5.313,NomSubj,,,,NomSubj
7,κῦμα,κῦμα,n-s---nn-,NomSubj,5.0,SBJ,5.313,NomSubj,,,,NomSubj
8,κατ',κατά,r--------,Prep5,5.0,AuxP,5.313,,,,,
9,ἄκρης,ἄκρα,n-s---fg-,GenSep (Prep5),8.0,ADV,5.313,GenSep (Prep5),,,,GenSep (Prep5)
10,δεινὸν,δεινός,a-s---na-,AccAdv.1,11.0,ADV,5.314,AccAdv.1,,,,AccAdv.1
11,ἐπεσσύμενον,ἐπισεύω,v-sppenn-,"NomSubj, PartCirc.1",5.0,ADV,5.314,NomSubj,PartCirc.1,,,NomSubj|PartCirc.1
12,",",",",u--------,,14.0,AuxX,5.314,,,,,
13,περὶ,περί,r--------,Prep5,16.0,AuxZ,5.314,,,,,
14,δὲ,δέ,g--------,particle indeclform,0.0,COORD,5.314,,,,,
15,σχεδίην,σχεδία,n-s---fa-,AccDirec.1 (Prep5),16.0,OBJ,5.314,,,,,
16,ἐλέλιξε,ἐλελίζω,v3saia---,Aor,14.0,PRED_CO,5.314,Aor,,,,Aor
17,.,.,u--------,,0.0,AuxK,5.314,,,,,
1,τῆλε,τῆλε,d--------,adv indeclform,6.0,ADV,5.315,,,,,
2,δ',δέ,g--------,particle indeclform,9.0,AuxY,5.315,,,,,
3,ἀπὸ,ἀπό,r--------,Prep5,6.0,AuxP,5.315,,,,,
4,σχεδίης,σχεδία,n-s---fg-,GenSep (Prep5),3.0,OBJ,5.315,GenSep (Prep5),,,,GenSep (Prep5)
5,αὐτὸς,αὐτός,a-s---mn-,"NomSubj, Pron2",6.0,SBJ,5.315,NomSubj,,,,NomSubj
6,πέσε,πίπτω,v3saia---,AorIngr,9.0,PRED_CO,5.315,AorIngr,,,,AorIngr
7,",",",",u--------,,9.0,AuxX,5.315,,,,,
8,πηδάλιον,πηδάλιον,n-s---na-,AccObj,12.0,OBJ,5.315,AccObj,,,,AccObj
9,δὲ,δέ,g--------,particle indeclform,0.0,COORD,5.315,,,,,
10,ἐκ,ἐκ,r--------,Prep5,12.0,AuxP,5.316,,,,,
11,χειρῶν,χείρ,n-p---fg-,GenSep (Prep5),10.0,OBJ,5.316,GenSep (Prep5),,,,GenSep (Prep5)
12,προέηκε,προίημι,v3saia---,AorIngr,9.0,PRED_CO,5.316,AorIngr,,,,AorIngr
13,·,·,u--------,,0.0,AuxK,5.316,,,,,
1,μέσον,μέσος,a-s---na-,AccObj,4.0,ATV,5.316,AccObj,,,,AccObj
2,δέ,δέ,g--------,particle indeclform,13.0,AuxY,5.316,,,,,
3,οἱ,ἕ,p-s---md-,"DatPos, Pron4",4.0,ATR,5.316,DatPos,,,,DatPos
4,ἱστὸν,ἱστός,n-s---ma-,AccObj,5.0,OBJ,5.316,AccObj,,,,AccObj
5,ἔαξεν,ἄγνυμι,v3saia---,AorIngr,13.0,PRED_CO,5.316,AorIngr,,,,AorIngr
6,δεινὴ,δεινός,a-s---fn-,NomSubj,10.0,ATR,5.317,NomSubj,,,,NomSubj
7,μισγομένων,μίγνυμι,v-pppemg-,"GenSep, PartCirc.7",8.0,ATR,5.317,GenSep,PartCirc.7,,,GenSep|PartCirc.7
8,ἀνέμων,ἄνεμος,n-p---mg-,GenSep,10.0,ATR,5.317,GenSep,,,,GenSep
9,ἐλθοῦσα,ἔρχομαι,v-sapafn-,"NomSubj, PartCirc",5.0,ADV,5.317,NomSubj,PartCirc,,,NomSubj|PartCirc
10,θύελλα,θύελλα,n-s---fn-,NomSubj,5.0,SBJ,5.317,NomSubj,,,,NomSubj
11,",",",",u--------,,13.0,AuxX,5.317,,,,,
12,τηλοῦ,τηλοῦ,d--------,adv indeclform,17.0,ADV,5.318,,,,,
13,δὲ,δέ,g--------,particle indeclform,0.0,COORD,5.318,,,,,
14,σπεῖρον,σπεῖρον,n-s---nn-,NomSubj,15.0,SBJ_CO,5.318,NomSubj,,,,NomSubj
15,καὶ,καί,c--------,conj indeclform,17.0,COORD,5.318,,,,,
16,ἐπίκριον,ἐπίκριον,n-s---nn-,NomSubj,15.0,SBJ_CO,5.318,NomSubj,,,,NomSubj
17,ἔμπεσε,ἐμπίπτω,v3saia---,AorIngr,13.0,PRED_CO,5.318,AorIngr,,,,AorIngr
18,πόντῳ,πόντος,n-s---md-,DatLoc,17.0,OBJ,5.318,DatLoc,,,,DatLoc
19,.,.,u--------,,0.0,AuxK,5.318,,,,,
1,τὸν,ὁ,p-s---ma-,"AccObj, Pron4",5.0,OBJ,5.319,AccObj,,,,AccObj
2,δ',δέ,g--------,particle indeclform,10.0,AuxY,5.319,,,,,
3,ἄρ',ἄρα,g--------,particle indeclform,5.0,AuxY,5.319,,,,,
4,ὑπόβρυχα,ὑπόβρυχα,d--------,adv indeclform,5.0,OBJ,5.319,,,,,
5,θῆκε,τίθημι,v3saia---,AorComp,10.0,PRED_CO,5.319,AorComp,,,,AorComp
6,πολὺν,πολύς,a-s---ma-,AccTime,7.0,ATR,5.319,AccTime,,,,AccTime
7,χρόνον,χρόνος,n-s---ma-,AccTime,5.0,ADV,5.319,AccTime,,,,AccTime
8,",",",",u--------,,10.0,AuxX,5.319,,,,,
9,οὐ,οὐ,d--------,adv indeclform,11.0,AuxZ,5.319,,,,,
10,δ',δέ,g--------,particle indeclform,0.0,COORD,5.319,,,,,
11,ἐδυνάσθη,δύναμαι,v3saip---,AorComp,10.0,PRED_CO,5.319,AorComp,,,,AorComp
12,αἶψα,αἶψα,d--------,adv indeclform,14.0,ADV,5.32,,,,,
13,μάλ',μάλα,d--------,adv indeclform,12.0,AuxZ,5.32,,,,,
14,ἀνσχεθέειν,ἀνέχω,v--ana---,InfDyn,11.0,OBJ,5.32,InfDyn,,,,InfDyn
15,μεγάλου,μέγας,a-s---ng-,GenPart,17.0,ATR,5.32,GenPart,,,,GenPart
16,ὑπὸ,ὑπό,r--------,Prep3,14.0,AuxP,5.32,,,,,
17,κύματος,κῦμα,n-s---ng-,GenPart,18.0,ATR,5.32,GenPart,,,,GenPart
18,ὁρμῆς,ὁρμή,n-s---fg-,GenSep (Prep3),16.0,OBJ,5.32,GenSep (Prep3),,,,GenSep (Prep3)
19,·,·,u--------,,0.0,AuxK,5.32,,,,,
1,εἵματα,εἷμα,n-p---na-,NomSubj,4.0,ADV,5.321,NomSubj,,,,NomSubj
2,γάρ,γάρ,g--------,particle indeclform,4.0,AuxY,5.321,,,,,
3,ῥ',ἄρα,g--------,particle indeclform,4.0,AuxY,5.321,,,,,
4,ἐβάρυνε,βαρύνω,v3siia---,ImpfDesc,0.0,PRED,5.321,ImpfDesc,,,,ImpfDesc
5,",",",",u--------,,8.0,AuxX,5.321,,,,,
6,τά,ὁ,p-p---na-,"NomSubj, Pron8",8.0,OBJ,5.321,NomSubj,,,,NomSubj
7,οἱ,ἕ,p-s---md-,"DatVerb, Pron4",8.0,OBJ,5.321,DatVerb,,,,DatVerb
8,πόρε,πόρω,v3saia---,Aor,1.0,ATR,5.321,Aor,,,,Aor
9,δῖα,δῖος,a-s---fn-,NomSubj,10.0,ATR,5.321,NomSubj,,,,NomSubj
10,Καλυψώ,καλυψώ,n-s---fn-,NomSubj,8.0,SBJ,5.321,NomSubj,,,,NomSubj
11,.,.,u--------,,0.0,AuxK,5.321,,,,,
1,ὀψὲ,ὀψέ,d--------,adv indeclform,5.0,ADV,5.322,,,,,
2,δὲ,δέ,g--------,particle indeclform,8.0,AuxY,5.322,,,,,
3,δή,δή,g--------,particle indeclform,5.0,AuxY,5.322,,,,,
4,ῥ',ἄρα,g--------,particle indeclform,5.0,AuxY,5.322,,,,,
5,ἀνέδυ,ἀναδύνω,v3saia---,AorIngr,8.0,PRED_CO,5.322,AorIngr,,,,AorIngr
6,",",",",u--------,,8.0,AuxX,5.322,,,,,
7,στόματος,στόμα,n-s---ng-,GenSep,9.0,OBJ,5.322,GenSep,,,,GenSep
8,δ',δέ,g--------,particle indeclform,0.0,COORD,5.322,,,,,
9,ἐξέπτυσεν,ἐκπτύω,v3saia---,AorIngr,8.0,PRED_CO,5.322,AorIngr,,,,AorIngr
10,ἅλμην,ἅλμη,n-s---fa-,AccObj,9.0,OBJ,5.322,AccObj,,,,AccObj
11,πικρήν,πικρός,a-s---fa-,AccObj,10.0,ATR,5.323,AccObj,,,,AccObj
12,",",",",u--------,,18.0,AuxX,5.323,,,,,
13,ἥ,ὅς,p-s---fn-,"NomSubj, Pron8",18.0,SBJ,5.323,NomSubj,,,,NomSubj
14,οἱ,ἕ,p-s---md-,"DatPos, Pron4",17.0,ATR,5.323,DatPos,,,,DatPos
15,πολλὴ,πολύς,a-s---fn-,NomSubj,13.0,ATV,5.323,NomSubj,,,,NomSubj
16,ἀπὸ,ἀπό,r--------,Prep5,18.0,AuxP,5.323,,,,,
17,κρατὸς,κράς,n-s---fg-,GenSep (Prep5),16.0,OBJ,5.323,GenSep (Prep5),,,,GenSep (Prep5)
18,κελάρυζεν,κελαρύζω,v3siia---,ImpfDesc,10.0,ATR,5.323,ImpfDesc,,,,ImpfDesc
19,.,.,u--------,,0.0,AuxK,5.323,,,,,
1,ἀλλ',ἀλλά,d--------,adv indeclform,6.0,AuxY,5.324,,,,,
2,οὐ,οὐ,d--------,adv indeclform,6.0,AuxZ,5.324,,,,,
3,δ',δέ,g--------,particle indeclform,20.0,AuxY,5.324,,,,,
4,ὣς,ὡς,d--------,adv indeclform,6.0,ADV,5.324,,,,,
5,σχεδίης,σχεδία,n-s---fg-,GenVerb,6.0,OBJ,5.324,GenVerb,,,,GenVerb
6,ἐπελήθετο,ἐπιλήθω,v3siie---,"ImpfDesc, MidIndir",20.0,PRED_CO,5.324,ImpfDesc,MidIndir,,,ImpfDesc|MidIndir
7,",",",",u--------,,8.0,AuxX,5.324,,,,,
8,τειρόμενός,τείρω,v-sppemn-,"NomSubj, PartAttr",6.0,ADV,5.324,NomSubj,PartAttr,,,NomSubj|PartAttr
9,περ,πέρ,g--------,particle indeclform,8.0,AuxZ,5.324,,,,,
10,",",",",u--------,,20.0,AuxX,5.324,,,,,
11,ἀλλὰ,ἀλλά,c--------,adv indeclform,20.0,AuxY,5.325,,,,,
12,μεθορμηθεὶς,μεθορμάομαι,v-sappmn-,"NomSubj, PartCirc.3, Pass",15.0,ADV,5.325,NomSubj,PartCirc.3,Pass,,NomSubj|PartCirc.3|Pass
13,ἐνὶ,ἐν,r--------,Prep3,12.0,AuxP,5.325,,,,,
14,κύμασιν,κῦμα,n-p---nd-,DatLoc (Prep3),13.0,ADV,5.325,DatLoc (Prep3),,,,DatLoc (Prep3)
15,ἐλλάβετ',λαμβάνω,v3saim---,"AorIngr, MidIndir",20.0,PRED_CO,5.325,AorIngr,MidIndir,,,AorIngr|MidIndir
16,αὐτῆς,αὐτός,a-s---fg-,GenVerb.3,15.0,OBJ,5.325,GenVerb.3,,,,GenVerb.3
17,",",",",u--------,,20.0,AuxX,5.325,,,,,
18,ἐν,ἐν,r--------,Prep3,21.0,AuxP,5.326,,,,,
19,μέσσῃ,μέσος,a-s---fd-,DatLoc (Prep3),18.0,ADV,5.326,DatLoc (Prep3),,,,DatLoc (Prep3)
20,δὲ,δέ,g--------,particle indeclform,0.0,COORD,5.326,,,,,
21,καθῖζε,καθίζω,v3siia---,ImpfDesc,20.0,PRED_CO,5.326,ImpfDesc,,,,ImpfDesc
22,τέλος,τέλος,n-s---na-,AccObj,24.0,OBJ,5.326,AccObj,,,,AccObj
23,θανάτου,θάνατος,n-s---mg-,GenObj.6,22.0,ATR,5.326,GenObj.6,,,,GenObj.6
24,ἀλεείνων,ἀλεείνω,v-sppamn-,"NomSubj, PartCirc.5",21.0,ADV,5.326,NomSubj,PartCirc.5,,,NomSubj|PartCirc.5
25,.,.,u--------,,0.0,AuxK,5.326,,,,,
1,τὴν,ὁ,p-s---fa-,"AccObj, Pron4",3.0,OBJ,5.327,AccObj,,,,AccObj
2,δ',δέ,g--------,particle indeclform,0.0,COORD,5.327,,,,,
3,ἐφόρει,φορέω,v3siia---,ImpfDesc,2.0,PRED_CO,5.327,ImpfDesc,,,,ImpfDesc
4,μέγα,μέγας,a-s---nn-,NomSubj,5.0,ATR,5.327,NomSubj,,,,NomSubj
5,κῦμα,κῦμα,n-s---nn-,NomSubj,3.0,SBJ,5.327,NomSubj,,,,NomSubj
6,κατὰ,κατά,r--------,Prep5,3.0,AuxP,5.327,,,,,
7,ῥόον,ῥόος,n-s---ma-,AccDirec.1 (Prep5),6.0,OBJ,5.327,,,,,
8,ἔνθα,ἔνθα,d--------,adv indeclform,9.0,ADV_CO,5.327,,,,,
9,καὶ,καί,c--------,conj indeclform,3.0,COORD,5.327,,,,,
10,ἔνθα,ἔνθα,d--------,adv indeclform,9.0,ADV_CO,5.327,,,,,
11,.,.,u--------,,0.0,AuxK,5.327,,,,,
1,ὡς,ὡς,c--------,adv indeclform,27.0,ADV,5.328,,,,,
2,δ',δέ,g--------,particle indeclform,0.0,COORD,5.328,,,,,
3,ὅτ',ὅτε,c--------,conj indeclform,22.0,AuxC,5.328,,,,,
4,ὀπωρινὸς,ὀπωρινός,a-s---mn-,NomSubj,5.0,ATV,5.328,NomSubj,,,,NomSubj
5,Βορέης,Βορέας,n-s---mn-,NomSubj,6.0,SBJ,5.328,NomSubj,,,,NomSubj
6,φορέῃσιν,φορέω,v3spsa---,SubjSubor,27.0,ADV_CO,5.328,SubjSubor,,,,SubjSubor
7,ἀκάνθας,ἄκανθα,n-p---fa-,AccObj,6.0,OBJ,5.328,AccObj,,,,AccObj
8,ἂμ,ἀνά,r--------,Prep5,6.0,AuxP,5.329,,,,,
9,πεδίον,πεδίον,n-s---na-,AccDirec.1 (Prep5),8.0,OBJ,5.329,,,,,
10,",",",",u--------,,12.0,AuxX,5.329,,,,,
11,πυκιναὶ,πυκνός,a-p---fn-,NomSubj,15.0,AtvV,5.329,NomSubj,,,,NomSubj
12,δὲ,δέ,g--------,particle indeclform,3.0,COORD,5.329,,,,,
13,πρὸς,πρός,r--------,Prep5,15.0,AuxP,5.329,,,,,
14,ἀλλήλῃσιν,ἀλλήλων,a-p---fd-,DatLoc (Prep5),13.0,ADV,5.329,DatLoc (Prep5),,,,DatLoc (Prep5)
15,ἔχονται,ἔχω,v3ppie---,"PresIter.1., MidRecip",27.0,ADV_CO,5.329,PresIter.1.,MidRecip,,,PresIter.1.|MidRecip
16,",",",",u--------,,3.0,AuxX,5.329,,,,,
17,ὣς,ὡς,d--------,adv indeclform,22.0,ADV,5.33,,,,,
18,τὴν,ὁ,p-s---fa-,"AccObj, Pron4",22.0,OBJ,5.33,AccObj,,,,AccObj
19,ἂμ,ἀνά,r--------,Prep5,22.0,AuxP,5.33,,,,,
20,πέλαγος,πέλαγος,n-s---na-,AccDirec.1 (Prep5),19.0,OBJ,5.33,,,,,
21,ἄνεμοι,ἄνεμος,n-p---mn-,NomSubj,22.0,SBJ,5.33,NomSubj,,,,NomSubj
22,φέρον,φέρω,v3piia---,ImpfDesc,2.0,PRED_CO,5.33,ImpfDesc,,,,ImpfDesc
23,ἔνθα,ἔνθα,d--------,adv indeclform,24.0,ADV_CO,5.33,,,,,
24,καὶ,καί,c--------,conj indeclform,22.0,COORD,5.33,,,,,
25,ἔνθα,ἔνθα,d--------,adv indeclform,24.0,ADV_CO,5.33,,,,,
26,·,·,u--------,,0.0,AuxK,5.33,,,,,
1,ἄλλοτε,ἄλλοτε,d--------,adv indeclform,6.0,ADV,5.331,,,,,
2,μέν,μέν,g--------,particle indeclform,10.0,AuxY,5.331,,,,,
3,τε,τε,g--------,particle indeclform,5.0,AuxY,5.331,,,,,
4,Νότος,Νότος,n-s---mn-,NomSubj,6.0,SBJ,5.331,NomSubj,,,,NomSubj
5,Βορέῃ,Βορέας,n-s---md-,DatVerb,6.0,OBJ,5.331,DatVerb,,,,DatVerb
6,προβάλεσκε,προβάλλω,v3saia---,AorIter.1,10.0,PRED_CO,5.331,AorIter.1,,,,AorIter.1
7,φέρεσθαι,φέρω,v--pne---,InfDyn.,6.0,ADV,5.331,InfDyn.,,,,InfDyn.
8,",",",",u--------,,10.0,AuxX,5.331,,,,,
9,ἄλλοτε,ἄλλοτε,d--------,adv indeclform,14.0,ADV,5.332,,,,,
10,δ',δέ,g--------,particle indeclform,0.0,COORD,5.332,,,,,
11,αὖτ',αὖτε,d--------,adv indeclform,14.0,AuxY,5.332,,,,,
12,Εὖρος,Εὖρος,n-s---mn-,NomSubj,14.0,SBJ,5.332,NomSubj,,,,NomSubj
13,Ζεφύρῳ,Ζέφυρος,n-s---md-,DatVerb,14.0,OBJ,5.332,DatVerb,,,,DatVerb
14,εἴξασκε,εἴκω,v3saia---,AorIter.1,10.0,PRED_CO,5.332,AorIter.1,,,,AorIter.1
15,διώκειν,διώκω,v--pna---,InfDyn.,14.0,ADV,5.332,InfDyn.,,,,InfDyn.
16,.,.,u--------,,0.0,AuxK,5.332,,,,,
1,τὸν,ὁ,p-s---ma-,"AccObj, Pron4",3.0,OBJ,5.333,AccObj,,,,AccObj
2,δὲ,δέ,g--------,particle indeclform,0.0,COORD,5.333,,,,,
3,ἴδεν,εἶδον,v3saia---,AorIngr,2.0,PRED_CO,5.333,AorIngr,,,,AorIngr
4,Κάδμου,Κάδμος,n-s---mg-,GenPos,5.0,ATR,5.333,GenPos,,,,GenPos
5,θυγάτηρ,θυγάτηρ,n-s---fn-,NomInd,9.0,SBJ_AP,5.333,NomInd,,,,NomInd
6,",",",",u--------,,9.0,AuxX,5.333,,,,,
7,καλλίσφυρος,καλλίσφυρος,a-s---fn-,NomSubj,8.0,ATR,5.333,NomSubj,,,,NomSubj
8,Ἰνώ,Ἰνώ,n-s---fn-,NomSubj,9.0,SBJ_AP,5.333,NomSubj,,,,NomSubj
9,",",",",u--------,,3.0,APOS,5.333,,,,,
10,Λευκοθέη,Λευκοθέα,n-s---fn-,NomInd,9.0,SBJ_AP,5.334,NomInd,,,,NomInd
11,",",",",u--------,,20.0,AuxX,5.334,,,,,
12,ἣ,ὅς,p-s---fn-,"NomSubj, Pron8",20.0,SBJ,5.334,NomSubj,,,,NomSubj
13,πρὶν,πρίν,d--------,adv indeclform,15.0,ADV,5.334,,,,,
14,μὲν,μέν,g--------,particle indeclform,20.0,AuxY,5.334,,,,,
15,ἔην,εἰμί,v3siia---,ImpfDesc,20.0,ATR_CO,5.334,ImpfDesc,,,,ImpfDesc
16,βροτὸς,βροτός,n-s---fn-,NomPred,15.0,PNOM,5.334,NomPred,,,,NomPred
17,αὐδήεσσα,αὐδήεις,a-s---fn-,NomSubj,16.0,ATR,5.334,NomSubj,,,,NomSubj
18,",",",",u--------,,20.0,AuxX,5.334,,,,,
19,νῦν,νῦν,d--------,adv indeclform,26.0,ADV,5.335,,,,,
20,δ',δέ,g--------,particle indeclform,9.0,COORD,5.335,,,,,
21,ἁλὸς,ἅλς,n-s---mg-,GenMat,23.0,ATR,5.335,GenMat,,,,GenMat
22,ἐν,ἐν,r--------,Prep3,26.0,AuxP,5.335,,,,,
23,πελάγεσσι,πέλαγος,n-p---nd-,DatLoc (Prep3),22.0,ADV,5.335,DatLoc (Prep3),,,,DatLoc (Prep3)
24,θεῶν,θεός,n-p---mg-,GenSep (Prep5),25.0,OBJ,5.335,GenSep (Prep5),,,,GenSep (Prep5)
25,ἒξ,ἐκ,r--------,Prep5,26.0,AuxP,5.335,,,,,
26,ἔμμορε,μείρομαι,v3sria---,Perf,20.0,ATR_CO,5.335,Perf,,,,Perf
27,τιμῆς,τιμή,n-s---fg-,GenVerb.2,26.0,OBJ,5.335,GenVerb.2,,,,GenVerb.2
28,.,.,u--------,,0.0,AuxK,5.335,,,,,
1,ἥ,ὁ,p-s---fn-,"NomSubj, Pron4",23.0,SBJ,5.336,NomSubj,,,,NomSubj
2,ῥ',ἄρα,g--------,particle indeclform,4.0,AuxY,5.336,,,,,
3,Ὀδυσῆ',Ὀδυσσεύς,n-s---ma-,AccObj,4.0,OBJ,5.336,AccObj,,,,AccObj
4,ἐλέησεν,ἐλεέω,v3saia---,Aor,23.0,PRED_CO,5.336,Aor,,,,Aor
5,ἀλώμενον,ἀλάομαι,v-sppema-,"AccObj, PartAttr",6.0,ATV_CO,5.336,AccObj,PartAttr,,,AccObj|PartAttr
6,",",",",u--------,,3.0,COORD,5.336,,,,,
7,ἄλγε',ἄλγος,n-p---na-,AccObj,8.0,OBJ,5.336,AccObj,,,,AccObj
8,ἔχοντα,ἔχω,v-sppama-,"AccObj, PartCirc.2",6.0,ATV_CO,5.336,AccObj,PartCirc.2,,,AccObj|PartCirc.2
9,",",",",u--------,,23.0,AuxX,5.336,,,,,
10,αἰθυίῃ,αἴθυια,n-s---fd-,DatVerb9,13.0,ATR,5.337,DatVerb9,,,,DatVerb9
11,δ',δέ,g--------,particle indeclform,23.0,AuxY,5.337,,,,,
12,ἐικυῖα,εἰκός,v-srpafn-,"NomSubj, PartCirc.2",14.0,ADV,5.337,NomSubj,PartCirc.2,,,NomSubj|PartCirc.2
13,ποτῇ,ποτή,n-s---fd-,DatVerb9,12.0,OBJ,5.337,DatVerb9,,,,DatVerb9
14,ἀνεδύσετο,ἀναδύνω,v3saim---,"AorGnom, MidMotion",23.0,PRED_CO,5.337,AorGnom,MidMotion,,,AorGnom|MidMotion
15,λίμνης,λίμνη,n-s---fg-,GenSep,14.0,OBJ,5.337,GenSep,,,,GenSep
16,",",",",u--------,,23.0,AuxX,5.337,,,,,
17,ἷζε,ἵζω,v3siia---,ImpfDesc,23.0,PRED_CO,5.338,ImpfDesc,,,,ImpfDesc
18,δ',δέ,g--------,particle indeclform,23.0,AuxY,5.338,,,,,
19,ἐπὶ,ἐπί,r--------,Prep3,17.0,AuxP,5.338,,,,,
20,σχεδίης,σχεδία,n-s---fg-,GenTime (Prep3),19.0,OBJ,5.338,GenTime (Prep3),,,,GenTime (Prep3)
21,πολυδέσμου,πολύδεσμος,a-s---fg-,GenTime (Prep3),20.0,ATR,5.338,GenTime (Prep3),,,,GenTime (Prep3)
22,εἶπέ,εἶπον,v3saia---,Aor,23.0,PRED_CO,5.338,Aor,,,,Aor
23,τε,τε,g--------,particle indeclform,0.0,COORD,5.338,,,,,
24,μῦθον,μῦθος,n-s---ma-,AccObj,22.0,OBJ,5.338,AccObj,,,,AccObj
25,·,·,u--------,,0.0,AuxK,5.338,,,,,
1,&quot;,&quot;,u--------,,9.0,AuxG,5.339,,,,,
2,κάμμορε,κάμμορος,a-s---mv-,Voc,9.0,ExD,5.339,Voc,,,,Voc
3,",",",",u--------,,2.0,AuxX,5.339,,,,,
4,τίπτε,τίπτε,d--------,Pron7,9.0,ADV,5.339,,,,,
5,τοι,σύ,p2s----d-,"DatPos, Pron1",9.0,OBJ,5.339,DatPos,,,,DatPos
6,ὧδε,ὧδε,d--------,adv indeclform,9.0,ADV,5.339,,,,,
7,Ποσειδάων,Ποσειδεών,n-s---mn-,NomSubj,9.0,SBJ,5.339,NomSubj,,,,NomSubj
8,ἐνοσίχθων,Ἐνοσίχθων,n-s---mn-,NomInd,7.0,ATR,5.339,NomInd,,,,NomInd
9,ὠδύσατ',ὀδύσσομαι,v3saim---,"AorIngr, MidMent",0.0,PRED,5.34,AorIngr,MidMent,,,AorIngr|MidMent
10,ἐκπάγλως,ἔκπαγλος,d--------,AccAdv,9.0,OBJ,5.34,AccAdv,,,,AccAdv
11,",",",",u--------,,12.0,AuxX,5.34,,,,,
12,ὅτι,ὅτι,c--------,conj indeclform,9.0,AuxC,5.34,,,,,
13,τοι,σύ,p2s----d-,"DatAdvn, Pron1",16.0,OBJ,5.34,DatAdvn,,,,DatAdvn
14,κακὰ,κακός,a-p---na-,AccObj,16.0,OBJ,5.34,AccObj,,,,AccObj
15,πολλὰ,πολύς,a-p---na-,AccObj,14.0,ATR,5.34,AccObj,,,,AccObj
16,φυτεύει,φυτεύω,v3spia---,"Pres, Ind, Act",12.0,ADV,5.34,Pres,Ind,Act,,Pres|Ind|Act
17,;,;,u--------,,0.0,AuxK,5.34,,,,,
1,οὐ,οὐ,d--------,adv indeclform,5.0,AuxZ,5.341,,,,,
2,μὲν,μέν,g--------,particle indeclform,5.0,AuxY,5.341,,,,,
3,δή,δή,g--------,particle indeclform,5.0,AuxY,5.341,,,,,
4,σε,σύ,p2s----a-,"AccObj, Pron1",5.0,OBJ,5.341,AccObj,,,,AccObj
5,καταφθίσει,καταφθίω,v3sfia---,"Fut, Ind, Act",0.0,PRED,5.341,Fut,Ind,Act,,Fut|Ind|Act
6,μάλα,μάλα,d--------,adv indeclform,8.0,AuxZ,5.341,,,,,
7,περ,πέρ,g--------,particle indeclform,6.0,AuxZ,5.341,,,,,
8,μενεαίνων,μενεαίνω,v-sppamn-,"NomSubj, PartAttr",5.0,ADV,5.341,NomSubj,PartAttr,,,NomSubj|PartAttr
9,.,.,u--------,,0.0,AuxK,5.341,,,,,
1,ἀλλὰ,ἀλλά,d--------,adv indeclform,4.0,AuxY,5.342,,,,,
2,μάλ',μάλα,d--------,adv indeclform,3.0,AuxZ,5.342,,,,,
3,ὧδ',ὧδε,d--------,adv indeclform,4.0,ADV,5.342,,,,,
4,ἔρξαι,ἔρδω,v2samm---,ImprComm,7.0,PRED_CO,5.342,ImprComm,,,,ImprComm
5,",",",",u--------,,7.0,AuxX,5.342,,,,,
6,δοκέεις,δοκέω,v2spia---,"Pres, Ind, Act",7.0,PRED_CO,5.342,Pres,Ind,Act,,Pres|Ind|Act
7,δέ,δέ,g--------,particle indeclform,0.0,COORD,5.342,,,,,
8,μοι,ἐγώ,p1s---md-,"DatVerb, Pron1",6.0,OBJ,5.342,DatVerb,,,,DatVerb
9,οὐκ,οὐ,d--------,adv indeclform,10.0,AuxZ,5.342,,,,,
10,ἀπινύσσειν,ἀπινύσσω,v--pna---,InfDyn,6.0,OBJ,5.342,InfDyn,,,,InfDyn
11,·,·,u--------,,0.0,AuxK,5.342,,,,,
1,εἵματα,εἷμα,n-p---na-,AccObj,3.0,OBJ,5.343,AccObj,,,,AccObj
2,ταῦτ',οὗτος,a-p---na-,"AccObj, Pron4",1.0,ATR,5.343,AccObj,,,,AccObj
3,ἀποδὺς,ἀποδύνω,v-sapamn-,"NomSubj, PartCirc.1",7.0,ADV,5.343,NomSubj,PartCirc.1,,,NomSubj|PartCirc.1
4,σχεδίην,σχεδία,n-s---fa-,AccObj,6.0,SBJ,5.343,AccObj,,,,AccObj
5,ἀνέμοισι,ἄνεμος,n-p---md-,DatAgent,6.0,ADV,5.343,DatAgent,,,,DatAgent
6,φέρεσθαι,φέρω,v--pne---,InfDyn.,7.0,OBJ,5.343,InfDyn.,,,,InfDyn.
7,κάλλιπ',καταλείπω,v2sama---,ImprComm,9.0,PRED_CO,5.344,ImprComm,,,,ImprComm
8,",",",",u--------,,9.0,AuxX,5.344,,,,,
9,ἀτὰρ,ἀτάρ,g--------,particle indeclform,0.0,COORD,5.344,,,,,
10,χείρεσσι,χείρ,n-p---fd-,DatInstr,11.0,ADV,5.344,DatInstr,,,,DatInstr
11,νέων,νέω,v-sppamn-,"NomSubj, PartCirc.3",12.0,ADV,5.344,NomSubj,PartCirc.3,,,NomSubj|PartCirc.3
12,ἐπιμαίεο,ἐπιμαίομαι,v2spme---,"ImprComm, MidIndir",9.0,PRED_CO,5.344,ImprComm,MidIndir,,,ImprComm|MidIndir
13,νόστου,νόστος,n-s---mg-,GenVerb.3,23.0,OBJ_AP,5.344,GenVerb.3,,,,GenVerb.3
14,γαίης,γαῖα,n-s---fg-,GenSep,23.0,OBJ_AP,5.345,GenSep,,,,GenSep
15,Φαιήκων,Φαίαξ,n-p---mg-,GenPos,14.0,ATR,5.345,GenPos,,,,GenPos
16,",",",",u--------,,20.0,AuxX,5.345,,,,,
17,ὅθι,ὅθι,d--------,adv indeclform,21.0,ADV,5.345,,,,,
18,τοι,σύ,p2s----d-,DatPos,20.0,OBJ,5.345,DatPos,,,,DatPos
19,μοῖρ',μοῖρα,n-s---fn-,NomSubj,20.0,SBJ,5.345,NomSubj,,,,NomSubj
20,ἐστὶν,εἰμί,v3spia---,"PresIter.1., Ind, Act",14.0,ATR,5.345,PresIter.1.,Ind,Act,,PresIter.1.|Ind|Act
21,ἀλύξαι,ἀλύσκω,v--ana---,InfDyn,20.0,PNOM,5.345,InfDyn,,,,InfDyn
22,.,.,u--------,,0.0,AuxK,5.345,,,,,
1,τῆ,τῆ,v2sama---,ImprComm,3.0,PRED_CO,5.346,ImprComm,,,,ImprComm
2,δέ,δέ,g--------,particle indeclform,0.0,COORD,5.346,,,,,
3,",",",",u--------,,2.0,COORD,5.346,,,,,
4,τόδε,ὅδε,p-s---na-,"AccObj, Pron4",5.0,ATR,5.346,AccObj,,,,AccObj
5,κρήδεμνον,κρήδεμνον,n-s---na-,AccObj,8.0,OBJ,5.346,AccObj,,,,AccObj
6,ὑπὸ,ὑπό,r--------,Prep3,8.0,AuxP,5.346,,,,,
7,στέρνοιο,στέρνον,n-s---ng-,GenTime.1 (Prep3),6.0,OBJ,5.346,,,,,
8,τανύσσαι,τανύω,v--ana---,"ImprComm, MidIndir",3.0,PRED_CO,5.346,ImprComm,MidIndir,,,ImprComm|MidIndir
9,ἄμβροτον,ἄμβροτος,a-s---na-,AccObj,5.0,ATR,5.347,AccObj,,,,AccObj
10,·,·,u--------,,0.0,AuxK,5.347,,,,,
1,οὐ,οὐ,d--------,adv indeclform,11.0,AuxZ,5.347,,,,,
2,δέ,δέ,g--------,particle indeclform,8.0,AuxY,5.347,,,,,
3,τί,τις,p-s---nn-,"NomSubj, Pron6",6.0,ATR,5.347,NomSubj,,,,NomSubj
4,τοι,σύ,p2s----d-,DatPos,11.0,OBJ,5.347,DatPos,,,,DatPos
5,παθέειν,πάσχω,v--ana---,InfDyn,6.0,ATR,5.347,InfDyn,,,,InfDyn
6,δέος,δέος,n-s---nn-,NomSubj,11.0,SBJ,5.347,NomSubj,,,,NomSubj
7,οὐ,οὐ,d--------,adv indeclform,12.0,AuxZ,5.347,,,,,
8,δ',δέ,g--------,particle indeclform,0.0,COORD,5.347,,,,,
9,ἀπολέσθαι,ἀπόλλυμι,v--anm---,InfDyn,12.0,ATR,5.347,InfDyn,,,,InfDyn
10,.,.,u--------,,0.0,AuxK,5.347,,,,,
1,αὐτὰρ,ἀτάρ,g--------,particle indeclform,18.0,AuxY,5.348,,,,,
2,ἐπὴν,ἐπήν,c--------,conj indeclform,18.0,AuxC,5.348,,,,,
3,χείρεσσιν,χείρ,n-p---fd-,DatInstr,4.0,ADV,5.348,DatInstr,,,,DatInstr
4,ἐφάψεαι,ἐφάπτω,v2stie---,"Fut, MidIndir",2.0,ADV,5.348,Fut,MidIndir,,,Fut|MidIndir
5,ἠπείροιο,ἤπειρος,n-s---fg-,GenVerb.3,4.0,OBJ,5.348,GenVerb.3,,,,GenVerb.3
6,",",",",u--------,,2.0,AuxX,5.348,,,,,
7,ἂψ,ἄψ,d--------,adv indeclform,8.0,ADV,5.349,,,,,
8,ἀπολυσάμενος,ἀπολύω,v-sapmmn-,"NomSubj, PartCirc.7",9.0,ADV,5.349,NomSubj,PartCirc.7,,,NomSubj|PartCirc.7
9,βαλέειν,βάλλω,v--ana---,InfDyn.,18.0,PRED_CO,5.349,InfDyn.,,,,InfDyn.
10,εἰς,εἰς,r--------,Prep3,9.0,AuxP,5.349,,,,,
11,οἴνοπα,ὀ͂νοψ,a-s---ma-,AccDirec.1 (Prep3),12.0,ATR,5.349,,,,,
12,πόντον,πόντος,n-s---ma-,AccDirec.1 (Prep3),10.0,OBJ,5.349,,,,,
13,πολλὸν,πολύς,a-s---na-,AccAdv,9.0,ADV,5.35,AccAdv,,,,AccAdv
14,ἀπ',ἀπό,r--------,Prep5,13.0,AuxP,5.35,,,,,
15,ἠπείρου,ἤπειρος,n-s---fg-,GenSep (Prep5),14.0,ATR,5.35,GenSep (Prep5),,,,GenSep (Prep5)
16,",",",",u--------,,18.0,AuxX,5.35,,,,,
17,αὐτὸς,αὐτός,a-s---mn-,"NomSubj, Pron2",20.0,AtvV,5.35,NomSubj,,,,NomSubj
18,δ',δέ,g--------,particle indeclform,0.0,COORD,5.35,,,,,
19,ἀπονόσφι,ἀπονόσφι,d--------,adv indeclform,20.0,ADV,5.35,,,,,
20,τραπέσθαι,τρέπω,v--anm---,InfComm,18.0,PRED_CO,5.35,InfComm,,,,InfComm
21,.,.,u--------,,0.0,AuxK,5.35,,,,,
22,&quot;,&quot;,u--------,,18.0,AuxG,5.35,,,,,
1,ὣς,ὡς,d--------,adv indeclform,3.0,ADV,5.351,,,,,
2,ἄρα,ἄρα,g--------,particle indeclform,3.0,AuxY,5.351,,,,,
3,φωνήσασα,φωνέω,v-sapafn-,"NomSubj, PartCirc.7",6.0,ADV,5.351,NomSubj,PartCirc.7,,,NomSubj|PartCirc.7
4,θεὰ,θεά,n-s---fn-,NomSubj,6.0,SBJ,5.351,NomSubj,,,,NomSubj
5,κρήδεμνον,κρήδεμνον,n-s---na-,AccObj,6.0,OBJ,5.351,AccObj,,,,AccObj
6,ἔδωκεν,δίδωμι,v3saia---,AorIngr,9.0,PRED_CO,5.351,AorIngr,,,,AorIngr
7,",",",",u--------,,9.0,AuxX,5.351,,,,,
8,αὐτὴ,αὐτός,a-s---fn-,"NomSubj, Pron2",13.0,AtvV,5.352,NomSubj,,,,NomSubj
9,δ',δέ,g--------,particle indeclform,0.0,COORD,5.352,,,,,
10,ἂψ,ἄψ,d--------,adv indeclform,13.0,ADV,5.352,,,,,
11,ἐς,εἰς,r--------,Prep3,13.0,AuxP,5.352,,,,,
12,πόντον,πόντος,n-s---ma-,AccDirec.1 (Prep3) ,11.0,OBJ,5.352,,,,,
13,ἐδύσετο,δύω,v3saim---,"AorIngr, MidMotion",9.0,PRED_CO,5.352,AorIngr,MidMotion,,,AorIngr|MidMotion
14,κυμαίνοντα,κυμαίνω,v-sppama-,AccDirec.1 (Prep3) ,12.0,ATR,5.352,,,,,
15,αἰθυίῃ,αἴθυια,n-s---fd-,DatVerb,16.0,OBJ,5.353,DatVerb,,,,DatVerb
16,ἐικυῖα,εἰκός,v-srpafn-,"NomSubj, PartCirc.2",13.0,ADV,5.353,NomSubj,PartCirc.2,,,NomSubj|PartCirc.2
17,·,·,u--------,,0.0,AuxK,5.353,,,,,
1,μέλαν,μέλας,a-s---nn-,NomSubj,4.0,ATR,5.353,NomSubj,,,,NomSubj
2,δέ,δέ,g--------,particle indeclform,0.0,COORD,5.353,,,,,
3,ἑ,ἕ,p-s---fa-,"AccObj, Pron4",5.0,OBJ,5.353,AccObj,,,,AccObj
4,κῦμα,κῦμα,n-s---nn-,NomSubj,5.0,SBJ,5.353,NomSubj,,,,NomSubj
5,κάλυψεν,καλύπτω,v3saia---,AorIngr,2.0,PRED_CO,5.353,AorIngr,,,,AorIngr
6,.,.,u--------,,0.0,AuxK,5.353,,,,,
1,αὐτὰρ,ἀτάρ,g--------,particle indeclform,3.0,AuxY,5.354,,,,,
2,ὁ,ὁ,p-s---mn-,"NomSubj, Pron4",17.0,SBJ_AP,5.354,NomSubj,,,,NomSubj
3,μερμήριξε,μερμηρίζω,v3saia---,AorComp,9.0,PRED_CO,5.354,AorComp,,,,AorComp
4,πολύτλας,πολύτλας,n-s---mn-,NomInd,6.0,ATR,5.354,NomInd,,,,NomInd
5,δῖος,δῖος,a-s---mn-,NomSubj,6.0,ATR,5.354,NomSubj,,,,NomSubj
6,Ὀδυσσεύς,Ὀδυσσεύς,n-s---mn-,NomSubj,17.0,SBJ_AP,5.354,NomSubj,,,,NomSubj
7,",",",",u--------,,9.0,AuxX,5.354,,,,,
8,ὀχθήσας,ὀχθέω,v-sapamn-,"NomSubj, PartCirc.4",11.0,ADV,5.355,NomSubj,PartCirc.4,,,NomSubj|PartCirc.4
9,δ',δέ,g--------,particle indeclform,0.0,COORD,5.355,,,,,
10,ἄρα,ἄρα,g--------,particle indeclform,11.0,AuxY,5.355,,,,,
11,εἶπε,εἶπον,v3saia---,Aor,9.0,PRED_CO,5.355,Aor,,,,Aor
12,πρὸς,πρός,r--------,Prep5,11.0,AuxP,5.355,,,,,
13,ὃν,ἑός,a-s---ma-,"AccDirec.1 (Prep5), Pron3",15.0,ATR,5.355,,,,,
14,μεγαλήτορα,μεγαλήτωρ,n-s---ma-,AccDirec.1 (Prep5),15.0,ATR,5.355,,,,,
15,θυμόν,θυμός,n-s---ma-,AccDirec.1 (Prep5),12.0,OBJ,5.355,,,,,
16,·,·,u--------,,0.0,AuxK,5.355,,,,,
1,&quot;,&quot;,u--------,,9.0,AuxG,5.356,,,,,
2,ὤ,ὦ,i--------,exclam indeclform,3.0,AuxZ,5.356,,,,,
3,μοι,ἐγώ,p1s---md-,"DatEthic, Pron1",9.0,ExD,5.356,DatEthic,,,,DatEthic
4,ἐγώ,ἐγώ,p1s---mv-,"NomSubj, Pron1",9.0,ExD,5.356,NomSubj,,,,NomSubj
5,",",",",u--------,,4.0,AuxX,5.356,,,,,
6,μή,μή,d--------,Subcl3,9.0,AuxZ,5.356,,,,,
7,τίς,τις,p-s---mn-,NomSubj,9.0,SBJ,5.356,NomSubj,,,,NomSubj
8,μοι,ἐγώ,p1s---md-,DatAdvn,9.0,OBJ,5.356,DatAdvn,,,,DatAdvn
9,ὑφαίνῃσιν,ὑφαίνω,v3spsa---,SubjDoubt.1 (Subcl3),0.0,PRED,5.356,,,,,
10,δόλον,δόλος,n-s---ma-,AccObj,9.0,OBJ,5.356,AccObj,,,,AccObj
11,αὖτε,αὖτε,d--------,adv indeclform,9.0,ADV,5.356,,,,,
12,ἀθανάτων,ἀθάνατος,a-p---mg-,GenPart,7.0,ATR,5.357,GenPart,,,,GenPart
13,",",",",u--------,,19.0,AuxX,5.357,,,,,
14,ὅ,ὁ,p-s---mn-,ὅτε- conj indeclform,19.0,SBJ,5.357,,,,,
15,τέ,τε,g--------,ὅτε- conj indeclform,19.0,AuxY,5.357,,,,,
16,με,ἐγώ,p1s---ma-,AccSubj,18.0,SBJ,5.357,AccSubj,,,,AccSubj
17,σχεδίης,σχεδία,n-s---fg-,GenVerb.1,18.0,OBJ,5.357,GenVerb.1,,,,GenVerb.1
18,ἀποβῆναι,ἀποβαίνω,v--ana---,InfDyn,19.0,OBJ,5.357,InfDyn,,,,InfDyn
19,ἀνώγει,ἄνωγα,v3spia---,"Pres, Ind, Act",7.0,ATR,5.357,Pres,Ind,Act,,Pres|Ind|Act
20,.,.,u--------,,0.0,AuxK,5.357,,,,,
1,ἀλλὰ,ἀλλά,d--------,adv indeclform,5.0,AuxY,5.358,,,,,
2,μάλ',μάλα,d--------,adv indeclform,3.0,AuxZ,5.358,,,,,
3,οὔ,οὐ,d--------,adv indeclform,5.0,AuxZ,5.358,,,,,
4,πω,πω,g--------,particle indeclform,5.0,AuxY,5.358,,,,,
5,πείσομ',πείθω,v1sfim---,"FutHypo, MidIndir",0.0,PRED,5.358,FutHypo,MidIndir,,,FutHypo|MidIndir
6,",",",",u--------,,7.0,AuxX,5.358,,,,,
7,ἐπεὶ,ἐπεί,c--------,conj indeclform,5.0,AuxC,5.358,,,,,
8,ἑκὰς,ἑκάς,d--------,adv indeclform,20.0,ADV,5.358,,,,,
9,ὀφθαλμοῖσιν,ὀφθαλμός,n-p---md-,DatInstr,12.0,ADV,5.358,DatInstr,,,,DatInstr
10,γαῖαν,γαῖα,n-s---fa-,AccObj,12.0,OBJ,5.359,AccObj,,,,AccObj
11,ἐγὼν,ἐγώ,p1s---mn-,"NomSubj, Pron1",12.0,SBJ,5.359,NomSubj,,,,NomSubj
12,ἰδόμην,εἶδον,v1saim---,"AorIngr, MidIndir",7.0,ADV,5.359,AorIngr,MidIndir,,,AorIngr|MidIndir
13,",",",",u--------,,16.0,AuxX,5.359,,,,,
14,ὅθι,ὅθι,d--------,adv indeclform,18.0,ADV,5.359,,,,,
15,μοι,ἐγώ,p1s---md-,DatPos,18.0,OBJ,5.359,DatPos,,,,DatPos
16,φάτο,φημί,v3saim---,Aor,10.0,ATR,5.359,Aor,,,,Aor
17,φύξιμον,φύξιμος,a-s---na-,AccSubj,18.0,SBJ,5.359,AccSubj,,,,AccSubj
18,εἶναι,εἰμί,v--pna---,InfDec,16.0,OBJ,5.359,InfDec,,,,InfDec
19,.,.,u--------,,0.0,AuxK,5.359,,,,,
1,ἀλλὰ,ἀλλά,d--------,adv indeclform,4.0,AuxY,5.36,,,,,
2,μάλ',μάλα,d--------,adv indeclform,3.0,AuxZ,5.36,,,,,
3,ὧδ',ὧδε,d--------,adv indeclform,4.0,ADV,5.36,,,,,
4,ἔρξω,ἔρδω,v1sfia---,"FutHypo, Ind, Act",7.0,PRED_CO,5.36,FutHypo,Ind,Act,,FutHypo|Ind|Act
5,",",",",u--------,,7.0,AuxX,5.36,,,,,
6,δοκέει,δοκέω,v3spia---,"Pres, Ind, Act",7.0,PRED_CO,5.36,Pres,Ind,Act,,Pres|Ind|Act
7,δέ,δέ,g--------,particle indeclform,0.0,COORD,5.36,,,,,
8,μοι,ἐγώ,p1s---md-,DatVerb,6.0,OBJ,5.36,DatVerb,,,,DatVerb
9,εἶναι,εἰμί,v--pna---,InfDyn,6.0,OBJ,5.36,InfDyn,,,,InfDyn
10,ἄριστον,ἄριστος,a-s---nn-,NomPred,9.0,PNOM,5.36,NomPred,,,,NomPred
11,·,·,u--------,,0.0,AuxK,5.36,,,,,
1,ὄφρ',ὄφρα,c--------,conj indeclform,13.0,AuxC,5.361,,,,,
2,ἂν,ἄν,g--------,Cond2,8.0,AuxZ,5.361,,,,,
3,μέν,μέν,g--------,particle indeclform,8.0,AuxY,5.361,,,,,
4,κεν,ἄν,g--------,particle indeclform,8.0,AuxZ,5.361,,,,,
5,δούρατ',δόρυ,n-p---nn-,NomSubj,8.0,SBJ,5.361,NomSubj,,,,NomSubj
6,ἐν,ἐν,r--------,Prep3,8.0,AuxP,5.361,,,,,
7,ἁρμονίῃσιν,ἁρμονία,n-p---fd-,DatLoc (Prep3),6.0,ADV,5.361,DatLoc (Prep3),,,,DatLoc (Prep3)
8,ἀρήρῃ,ἀραρίσκω,v3srsa---,SubjSubor (Cond2),1.0,ADV,5.361,SubjSubor (Cond2),,,,SubjSubor (Cond2)
9,",",",",u--------,,1.0,AuxX,5.361,,,,,
10,τόφρ',τόφρα,d--------,adv indeclform,13.0,ADV,5.362,,,,,
11,αὐτοῦ,αὐτοῦ,d--------,adv indeclform,12.0,OBJ,5.362,,,,,
12,μενέω,μένω,v1sfia---,Fut (Cond2),13.0,PRED_CO,5.362,Fut (Cond2),,,,Fut (Cond2)
13,καὶ,καί,c--------,conj indeclform,0.0,COORD,5.362,,,,,
14,τλήσομαι,τλάω,v1sfim---,"Fut, MidIndir",13.0,PRED_CO,5.362,Fut,MidIndir,,,Fut|MidIndir
15,ἄλγεα,ἄλγος,n-p---na-,AccObj,16.0,OBJ,5.362,AccObj,,,,AccObj
16,πάσχων,πάσχω,v-sppamn-,"NomSubj, PartCirc.5",14.0,ADV,5.362,NomSubj,PartCirc.5,,,NomSubj|PartCirc.5
17,·,·,u--------,,0.0,AuxK,5.362,,,,,
1,αὐτὰρ,ἀτάρ,g--------,particle indeclform,10.0,AuxY,5.363,,,,,
2,ἐπὴν,ἐπήν,c--------,Cond2,10.0,AuxC,5.363,,,,,
3,δή,δή,g--------,particle indeclform,8.0,AuxY,5.363,,,,,
4,μοι,ἐγώ,p1s---md-,"DatPos, Pron1",5.0,ATR,5.363,DatPos,,,,DatPos
5,σχεδίην,σχεδία,n-s---fa-,AccObj,8.0,OBJ,5.363,AccObj,,,,AccObj
6,διὰ,διά,r--------,tmesis,8.0,AuxZ,5.363,,,,,
7,κῦμα,κῦμα,n-s---nn-,NomSubj,8.0,SBJ,5.363,NomSubj,,,,NomSubj
8,τινάξῃ,τινάσσω,v3sasa---,SubjSubor (Cond2),2.0,ADV,5.363,SubjSubor (Cond2),,,,SubjSubor (Cond2)
9,",",",",u--------,,2.0,AuxX,5.363,,,,,
10,νήξομ',νήχω,v1sfim---,"Fut (Cond2), MidIndir",0.0,PRED,5.364,Fut (Cond2),MidIndir,,,Fut (Cond2)|MidIndir
11,",",",",u--------,,12.0,AuxX,5.364,,,,,
12,ἐπεὶ,ἐπεί,c--------,conj indeclform,10.0,AuxC,5.364,,,,,
13,οὐ,οὐ,d--------,adv indeclform,21.0,AuxZ,5.364,,,,,
14,μέν,μέν,g--------,particle indeclform,21.0,AuxY,5.364,,,,,
15,τι,τις,p-s---nn-,"AccObj, Pron6",17.0,OBJ,5.364,AccObj,,,,AccObj
16,πάρα,παρά,r--------,"[ellipsis of πάρειμι: missing εστί] Pres, Ind, Act ",21.0,AuxZ,5.364,[ellipsis of πάρειμι: missing εστί] Pres,Ind,Act,,[ellipsis of πάρειμι: missing εστί] Pres|Ind|Act
17,προνοῆσαι,προνοέω,v--ana---,InfDyn,21.0,SBJ,5.364,InfDyn,,,,InfDyn
18,ἄμεινον,ἀμείνων,a-s---nnc,AccObj,15.0,ATR,5.364,AccObj,,,,AccObj
19,.,.,u--------,,0.0,AuxK,5.364,,,,,
20,&quot;,&quot;,u--------,,10.0,AuxG,5.364,,,,,
1,ἧος,ἕως,c--------,conj indeclform,27.0,AuxC,5.365,,,,,
2,ὁ,ὁ,p-s---mn-,"NomSubj, Pron4",4.0,SBJ,5.365,NomSubj,,,,NomSubj
3,ταῦθ',οὗτος,a-p---na-,"AccObj, Pron4",4.0,OBJ,5.365,AccObj,,,,AccObj
4,ὥρμαινε,ὁρμαίνω,v3siia---,ImpfDesc,1.0,ADV,5.365,ImpfDesc,,,,ImpfDesc
5,κατὰ,κατά,r--------,Prep5,7.0,AuxP,5.365,,,,,
6,φρένα,φρήν,n-s---fa-,AccDirec.1 (Prep5),5.0,ADV_CO,5.365,,,,,
7,καὶ,καί,c--------,conj indeclform,4.0,COORD,5.365,,,,,
8,κατὰ,κατά,r--------,Prep5,7.0,AuxP,5.365,,,,,
9,θυμόν,θυμός,n-s---ma-,AccDirec.1 (Prep5),8.0,ADV_CO,5.365,,,,,
10,",",",",u--------,,1.0,AuxX,5.365,,,,,
11,ὦρσε,ὄρνυμι,v3saia---,Aor,27.0,PRED_CO,5.366,Aor,,,,Aor
12,δ',δέ,g--------,particle indeclform,27.0,AuxY,5.366,,,,,
13,ἐπὶ,ἐπί,r--------,tmesis,11.0,AuxZ,5.366,,,,,
14,μέγα,μέγας,a-s---na-,AccObj,15.0,ATR,5.366,AccObj,,,,AccObj
15,κῦμα,κῦμα,n-s---na-,AccObj,11.0,OBJ,5.366,AccObj,,,,AccObj
16,Ποσειδάων,Ποσειδεών,n-s---mn-,NomSubj,11.0,SBJ,5.366,NomSubj,,,,NomSubj
17,ἐνοσίχθων,Ἐνοσίχθων,n-s---mn-,NomInd,16.0,ATR,5.366,NomInd,,,,NomInd
18,",",",",u--------,,22.0,AuxX,5.366,,,,,
19,δεινόν,δεινός,a-s---na-,AccObj,22.0,ATR_CO,5.367,AccObj,,,,AccObj
20,τ',τε,g--------,particle indeclform,22.0,AuxY,5.367,,,,,
21,ἀργαλέον,ἀργαλέος,a-s---na-,AccObj,22.0,ATR_CO,5.367,AccObj,,,,AccObj
22,τε,τε,g--------,particle indeclform,15.0,COORD,5.367,,,,,
23,",",",",u--------,,24.0,AuxX,5.367,,,,,
24,κατηρεφές,κατηρεφής,a-s---na-,"AccObj, PartAttr",15.0,ATR,5.367,AccObj,PartAttr,,,AccObj|PartAttr
25,",",",",u--------,,27.0,AuxX,5.367,,,,,
26,ἤλασε,ἐλαύνω,v3saia---,AorIngr,27.0,PRED_CO,5.367,AorIngr,,,,AorIngr
27,δ',δέ,g--------,particle indeclform,0.0,COORD,5.367,,,,,
28,αὐτόν,αὐτός,a-s---ma-,"AccObj, Pron2",26.0,OBJ,5.367,AccObj,,,,AccObj
29,.,.,u--------,,0.0,AuxK,5.367,,,,,
1,ὡς,ὡς,c--------,adv indeclform,2.0,ADV,5.368,,,,,
2,δ',δέ,g--------,particle indeclform,0.0,COORD,5.368,,,,,
3,ἄνεμος,ἄνεμος,n-s---mn-,NomSubj,7.0,SBJ,5.368,NomSubj,,,,NomSubj
4,ζαὴς,ζαής,a-s---mn-,NomSubj,3.0,ATR,5.368,NomSubj,,,,NomSubj
5,ἠΐων,ἤια,n-p---ng-,GenMat,6.0,ATR,5.368,GenMat,,,,GenMat
6,θημῶνα,θημών,n-s---ma-,AccObj,7.0,OBJ,5.368,AccObj,,,,AccObj
7,τινάξῃ,τινάσσω,v3sasa---,"AorGnom, SubjSubor",10.0,ADV,5.368,AorGnom,SubjSubor,,,AorGnom|SubjSubor
8,καρφαλέων,καρφαλέος,a-p---ng-,GenMat,5.0,ATR,5.369,GenMat,,,,GenMat
9,·,·,u--------,,0.0,AuxK,5.369,,,,,
1,τὰ,ὁ,p-p---na-,"AccObj, Pron8",5.0,OBJ,5.369,AccObj,,,,AccObj
2,μὲν,μέν,g--------,particle indeclform,5.0,AuxY,5.369,,,,,
3,ἄρ,ἄρα,g--------,particle indeclform,5.0,AuxY,5.369,,,,,
4,τε,τε,g--------,particle indeclform,5.0,AuxY,5.369,,,,,
5,διεσκέδασ',διασκεδάννυμι,v3saia---,AorGnom,0.0,PRED,5.369,AorGnom,,,,AorGnom
6,ἄλλυδις,ἄλλυδις,d--------,adv indeclform,5.0,ADV,5.369,,,,,
7,ἄλλῃ,ἄλλῃ,d--------,adv indeclform,5.0,ADV,5.369,,,,,
8,·,·,u--------,,0.0,AuxK,5.369,,,,,
1,ὣς,ὡς,d--------,adv indeclform,5.0,ADV,5.37,,,,,
2,τῆς,ὁ,p-s---fg-,GenPos,3.0,ATR,5.37,GenPos,,,,GenPos
3,δούρατα,δόρυ,n-p---na-,AccObj,5.0,OBJ,5.37,AccObj,,,,AccObj
4,μακρὰ,μακρός,a-p---na-,AccObj,3.0,ATR,5.37,AccObj,,,,AccObj
5,διεσκέδασ',διασκεδάννυμι,v3saia---,AorGnom,0.0,PRED,5.37,AorGnom,,,,AorGnom
6,.,.,u--------,,0.0,AuxK,5.37,,,,,
1,αὐτὰρ,ἀτάρ,g--------,particle indeclform,6.0,AuxY,5.37,,,,,
2,Ὀδυσσεὺς,Ὀδυσσεύς,n-s---mn-,NomSubj,6.0,SBJ,5.37,NomSubj,,,,NomSubj
3,ἀμφ',ἀμφί,r--------,Prep5,6.0,AuxP,5.371,,,,,
4,ἑνὶ,εἷς,n-s---nd-,DatLoc (Prep5),5.0,ATR,5.371,DatLoc (Prep5),,,,DatLoc (Prep5)
5,δούρατι,δόρυ,n-s---nd-,DatLoc (Prep5),3.0,OBJ,5.371,DatLoc (Prep5),,,,DatLoc (Prep5)
6,βαῖνε,βαίνω,v3siia---,ImpfDesc,14.0,PRED_CO,5.371,ImpfDesc,,,,ImpfDesc
7,",",",",u--------,,11.0,AuxX,5.371,,,,,
8,κέληθ',κέλης,n-s---ma-,AccObj,10.0,ATR,5.371,AccObj,,,,AccObj
9,ὡς,ὡς,c--------,adv indeclform,23.0,ADV,5.371,,,,,
10,ἵππον,ἵππος,n-s---ma-,AccObj,23.0,OBJ,5.371,AccObj,,,,AccObj
11,ἐλαύνων,ἐλαύνω,v-sppamn-,"NomSubj, PartCirc.2",6.0,ADV,5.371,NomSubj,PartCirc.2,,,NomSubj|PartCirc.2
12,",",",",u--------,,14.0,AuxX,5.371,,,,,
13,εἵματα,εἷμα,n-p---na-,AccObj,15.0,OBJ,5.372,AccObj,,,,AccObj
14,δ',δέ,g--------,particle indeclform,0.0,COORD,5.372,,,,,
15,ἐξαπέδυνε,ἐξαποδύνω,v3siia---,Aor,14.0,PRED_CO,5.372,Aor,,,,Aor
16,",",",",u--------,,19.0,AuxX,5.372,,,,,
17,τά,ὁ,p-p---na-,"AccObj, Pron8",19.0,OBJ,5.372,AccObj,,,,AccObj
18,οἱ,ἕ,p-s---md-,DatVerb,19.0,OBJ,5.372,DatVerb,,,,DatVerb
19,πόρε,πόρω,v3saia---,Aor,13.0,ATR,5.372,Aor,,,,Aor
20,δῖα,δῖος,a-s---fn-,NomSubj,21.0,ATR,5.372,NomSubj,,,,NomSubj
21,Καλυψώ,Καλυψώ,n-s---fn-,NomSubj,19.0,SBJ,5.372,NomSubj,,,,NomSubj
22,.,.,u--------,,0.0,AuxK,5.372,,,,,
1,αὐτίκα,αὐτίκα,d--------,adv indeclform,6.0,ADV,5.373,,,,,
2,δὲ,δέ,g--------,particle indeclform,9.0,AuxY,5.373,,,,,
3,κρήδεμνον,κρήδεμνον,n-s---na-,AccObj,6.0,OBJ,5.373,AccObj,,,,AccObj
4,ὑπὸ,ὑπό,r--------,Prep3,6.0,AuxP,5.373,,,,,
5,στέρνοιο,στέρνον,n-s---ng-,GenLoc (Prep3),4.0,OBJ,5.373,GenLoc (Prep3),,,,GenLoc (Prep3)
6,τάνυσσεν,τανύω,v3saia---,Aor,9.0,PRED_CO,5.373,Aor,,,,Aor
7,",",",",u--------,,9.0,AuxX,5.373,,,,,
8,αὐτὸς,αὐτός,a-s---mn-,"NomSubj, Pron2",12.0,AtvV,5.374,NomSubj,,,,NomSubj
9,δὲ,δέ,g--------,particle indeclform,0.0,COORD,5.374,,,,,
10,πρηνὴς,πρηνής,a-s---mn-,NomSubj,8.0,ATV,5.374,NomSubj,,,,NomSubj
11,ἁλὶ,ἅλς,n-s---md-,DatLoc,12.0,OBJ,5.374,DatLoc,,,,DatLoc
12,κάππεσε,καταπίπτω,v3saia---,AorIngr,9.0,PRED_CO,5.374,AorIngr,,,,AorIngr
13,",",",",u--------,,16.0,AuxX,5.374,,,,,
14,χεῖρε,χείρ,n-d---fa-,AccObj,15.0,OBJ,5.374,AccObj,,,,AccObj
15,πετάσσας,πετάννυμι,v-sapamn-,"NomSubj, PartCirc.7",16.0,ADV_CO,5.374,NomSubj,PartCirc.7,,,NomSubj|PartCirc.7
16,",",",",u--------,,12.0,COORD,5.374,,,,,
17,νηχέμεναι,νήχω,v--pna---,InfDyn,18.0,OBJ,5.375,InfDyn,,,,InfDyn
18,μεμαώς,μέμαα,v-srpamn-,"NomSubj, PartCirc.4",16.0,ADV_CO,5.375,NomSubj,PartCirc.4,,,NomSubj|PartCirc.4
19,.,.,u--------,,0.0,AuxK,5.375,,,,,
1,ἴδε,εἶδον,v3saia---,AorIngr,7.0,PRED_CO,5.375,AorIngr,,,,AorIngr
2,δὲ,δέ,g--------,particle indeclform,7.0,AuxY,5.375,,,,,
3,κρείων,κρείων,n-s---mn-,NomSubj,4.0,ATR,5.375,NomSubj,,,,NomSubj
4,ἐνοσίχθων,Ἐνοσίχθων,n-s---mn-,NomSubj,7.0,SBJ,5.375,NomSubj,,,,NomSubj
5,",",",",u--------,,7.0,AuxX,5.375,,,,,
6,κινήσας,κινέω,v-sapamn-,"NomSubj, PartCirc.1",11.0,ADV,5.376,NomSubj,PartCirc.1,,,NomSubj|PartCirc.1
7,δὲ,δέ,g--------,particle indeclform,0.0,COORD,5.376,,,,,
8,κάρη,κάρα,n-s---na-,AccObj,6.0,OBJ,5.376,AccObj,,,,AccObj
9,προτὶ,πρός,r--------,Prep5,11.0,AuxP,5.376,,,,,
10,ὃν,ἑός,a-s---ma-,"AccDirec.1 (Prep5), Pron3",12.0,ATR,5.376,,,,,
11,μυθήσατο,μυθέομαι,v3saie---,Aor,7.0,PRED_CO,5.376,Aor,,,,Aor
12,θυμόν,θυμός,n-s---ma-,AccDirec.1 (Prep5),9.0,OBJ,5.376,,,,,
13,·,·,u--------,,0.0,AuxK,5.376,,,,,
1,&quot;,&quot;,u--------,,7.0,AuxG,5.377,,,,,
2,οὕτω,οὕτως,d--------,adv indeclform,7.0,ADV,5.377,,,,,
3,νῦν,νῦν,d--------,adv indeclform,7.0,ADV,5.377,,,,,
4,κακὰ,κακός,a-p---na-,AccObj,6.0,OBJ,5.377,AccObj,,,,AccObj
5,πολλὰ,πολύς,a-p---na-,AccObj,4.0,ATR,5.377,AccObj,,,,AccObj
6,παθὼν,πάσχω,v-sapamn-,"NomSubj, PartCirc.2",7.0,ADV,5.377,NomSubj,PartCirc.2,,,NomSubj|PartCirc.2
7,ἀλόω,ἀλάομαι,v2spme---,ImprComm,0.0,PRED,5.377,ImprComm,,,,ImprComm
8,κατὰ,κατά,r--------,Prep5,7.0,AuxP,5.377,,,,,
9,πόντον,πόντος,n-s---ma-,AccDirec.1 (Prep5),8.0,OBJ,5.377,,,,,
10,",",",",u--------,,11.0,AuxX,5.377,,,,,
11,εἰς,εἰς,r--------,Prep3,7.0,AuxP,5.378,,,,,
12,ὅ,ὅς,p-s---na-,"AccDirec.1 (Prep3), Pron4",16.0,ADV,5.378,,,,,
13,κεν,ἄν,g--------,particle indeclform- w/ SubjHomer (Smyth 1813),16.0,AuxZ,5.378,,,,,
14,ἀνθρώποισι,ἄνθρωπος,n-p---md-,DatVerb,16.0,OBJ,5.378,DatVerb,,,,DatVerb
15,διοτρεφέεσσι,Διοτρεφής,a-p---md-,DatVerb,14.0,ATR,5.378,DatVerb,,,,DatVerb
16,μιγήῃς,μίγνυμι,v2sasp---,SubjHomer,11.0,ADV,5.378,SubjHomer,,,,SubjHomer
17,.,.,u--------,,0.0,AuxK,5.378,,,,,
1,ἀλλ',ἀλλά,d--------,adv indeclform,6.0,AuxY,5.379,,,,,
2,οὐ,οὐ,d--------,adv indeclform,4.0,AuxZ,5.379,,,,,
3,δ',δέ,g--------,particle indeclform,4.0,AuxZ,5.379,,,,,
4,ὥς,ὡς,d--------,adv indeclform,6.0,ADV,5.379,,,,,
5,σε,σύ,p2s----a-,AccSubj,7.0,SBJ,5.379,AccSubj,,,,AccSubj
6,ἔολπα,ἔλπω,v1sria---,Perf,0.0,PRED,5.379,Perf,,,,Perf
7,ὀνόσσεσθαι,ὄνομαι,v--fnm---,InfDec,6.0,OBJ,5.379,InfDec,,,,InfDec
8,κακότητος,κακότης,n-s---fg-,GenCaus-- Perrin,7.0,OBJ,5.379,,,,,
9,.,.,u--------,,0.0,AuxK,5.379,,,,,
10,&quot;,&quot;,u--------,,6.0,AuxG,5.379,,,,,
1,ὣς,ὡς,d--------,adv indeclform,3.0,ADV,5.38,,,,,
2,ἄρα,ἄρα,g--------,particle indeclform,3.0,AuxY,5.38,,,,,
3,φωνήσας,φωνέω,v-sapamn-,"NomSubj, PartCirc.7",4.0,ADV,5.38,NomSubj,PartCirc.7,,,NomSubj|PartCirc.7
4,ἵμασεν,ἱμάσσω,v3saia---,AorIngr,9.0,PRED_CO,5.38,AorIngr,,,,AorIngr
5,καλλίτριχας,καλλίθριξ,n-p---ma-,AccObj,6.0,ATR,5.38,AccObj,,,,AccObj
6,ἵππους,ἵππος,n-p---ma-,AccObj,4.0,OBJ,5.38,AccObj,,,,AccObj
7,",",",",u--------,,9.0,AuxX,5.38,,,,,
8,ἵκετο,ἱκνέομαι,v3saim---,AorComp,9.0,PRED_CO,5.381,AorComp,,,,AorComp
9,δ',δέ,g--------,particle indeclform,0.0,COORD,5.381,,,,,
10,εἰς,εἰς,r--------,Prep3,8.0,AuxP,5.381,,,,,
11,Αἰγάς,Αἰγαί,n-p---fa-,AccDirec.1 (Prep3),10.0,OBJ,5.381,,,,,
12,",",",",u--------,,17.0,AuxX,5.381,,,,,
13,ὅθι,ὅθι,d--------,adv indeclform,17.0,ADV,5.381,,,,,
14,οἱ,ἕ,p-s---md-,DatPos,16.0,ATR,5.381,DatPos,,,,DatPos
15,κλυτὰ,κλυτός,a-p---nn-,NomSubj,16.0,ATR,5.381,NomSubj,,,,NomSubj
16,δώματ',δῶμα,n-p---nn-,NomSubj,17.0,SBJ,5.381,NomSubj,,,,NomSubj
17,ἔασιν,εἰμί,v3ppia---,"PresIter.1., Ind, Act",11.0,ATR,5.381,PresIter.1.,Ind,Act,,PresIter.1.|Ind|Act
18,.,.,u--------,,0.0,AuxK,5.381,,,,,
1,αὐτὰρ,ἀτάρ,g--------,particle indeclform,6.0,AuxY,5.382,,,,,
2,Ἀθηναίη,Ἀθήνη,n-s---fn-,NomSubj,8.0,SBJ_AP,5.382,NomSubj,,,,NomSubj
3,κούρη,κόρη,n-s---fn-,NomInd,8.0,SBJ_AP,5.382,NomInd,,,,NomInd
4,Διὸς,Ζεύς,n-s---mg-,GenPos,3.0,ATR,5.382,GenPos,,,,GenPos
5,ἄλλ',ἄλλος,a-p---na-,AccObj,6.0,OBJ,5.382,AccObj,,,,AccObj
6,ἐνόησεν,νοέω,v3saia---,AorIngr,0.0,PRED,5.382,AorIngr,,,,AorIngr
7,.,.,u--------,,0.0,AuxK,5.382,,,,,
1,ἦ,ἦ,d--------,adv indeclform,6.0,AuxY,5.383,,,,,
2,τοι,τοι,g--------,particle indeclform,6.0,AuxY,5.383,,,,,
3,τῶν,ὁ,l-p---mg-,"GenPos, ArtSubs",5.0,ATR,5.383,GenPos,ArtSubs,,,GenPos|ArtSubs
4,ἄλλων,ἄλλος,a-p---mg-,GenPos,5.0,ATR,5.383,GenPos,,,,GenPos
5,ἀνέμων,ἄνεμος,n-p---mg-,GenPos,7.0,ATR,5.383,GenPos,,,,GenPos
6,κατέδησε,καταδέω,v3saia---,AorComp,10.0,PRED_CO,5.383,AorComp,,,,AorComp
7,κελεύθους,κέλευθος,n-p---fa-,AccObj,6.0,OBJ,5.383,AccObj,,,,AccObj
8,",",",",u--------,,10.0,AuxX,5.383,,,,,
9,παύσασθαι,παύω,v--anm---,InfDyn,12.0,OBJ_CO,5.384,InfDyn,,,,InfDyn
10,δ',δέ,g--------,particle indeclform,0.0,COORD,5.384,,,,,
11,ἐκέλευσε,κελεύω,v3saia---,Aor,10.0,PRED_CO,5.384,Aor,,,,Aor
12,καὶ,καί,c--------,conj indeclform,11.0,COORD,5.384,,,,,
13,εὐνηθῆναι,εὐνάω,v--anp---,InfDyn,12.0,OBJ_CO,5.384,InfDyn,,,,InfDyn
14,ἅπαντας,ἅπας,a-p---ma-,AccSubj,12.0,SBJ,5.384,AccSubj,,,,AccSubj
15,·,·,u--------,,0.0,AuxK,5.384,,,,,
1,ὦρσε,ὄρνυμι,v3saia---,Aor,8.0,PRED_CO,5.385,Aor,,,,Aor
2,δ',δέ,g--------,particle indeclform,8.0,COORD,5.385,,,,,
3,ἐπὶ,ἐπί,r--------,tmesis,1.0,AuxZ,5.385,,,,,
4,κραιπνὸν,κραιπνός,a-s---ma-,AccObj,5.0,ATR,5.385,AccObj,,,,AccObj
5,Βορέην,Βορέας,n-s---ma-,AccObj,1.0,OBJ,5.385,AccObj,,,,AccObj
6,",",",",u--------,,8.0,AuxX,5.385,,,,,
7,πρὸ,πρό,r--------,tmesis,10.0,AuxZ,5.385,,,,,
8,δὲ,δέ,g--------,particle indeclform,0.0,COORD,5.385,,,,,
9,κύματ',κῦμα,n-p---na-,AccObj,10.0,OBJ,5.385,AccObj,,,,AccObj
10,ἔαξεν,ἄγνυμι,v3saia---,Aor,8.0,PRED_CO,5.385,Aor,,,,Aor
11,",",",",u--------,,12.0,AuxX,5.385,,,,,
12,ἧος,ἕως,c--------,conj indeclform,8.0,AuxC,5.386,,,,,
13,ὃ,ὅς,p-s---mn-,"NomSubj, Pron4",16.0,ADV,5.386,NomSubj,,,,NomSubj
14,Φαιήκεσσι,Φαίαξ,n-p---md-,DatVerb,16.0,OBJ,5.386,DatVerb,,,,DatVerb
15,φιληρέτμοισι,φιλήρετμος,a-p---md-,DatVerb,14.0,ATR,5.386,DatVerb,,,,DatVerb
16,μιγείη,μίγνυμι,v3saop---,"OptPoten,PURPOSEZZZ",12.0,ADV,5.386,OptPoten,,,,OptPoten
17,διογενὴς,διογενής,a-s---mn-,NomSubj,18.0,ATR,5.387,NomSubj,,,,NomSubj
18,Ὀδυσεὺς,Ὀδυσσεύς,n-s---mn-,NomSubj,16.0,SBJ,5.387,NomSubj,,,,NomSubj
19,θάνατον,θάνατος,n-s---ma-,AccObj,20.0,OBJ_CO,5.387,AccObj,,,,AccObj
20,καὶ,καί,c--------,conj indeclform,22.0,COORD,5.387,,,,,
21,κῆρας,κήρ,n-p---ma-,AccObj,20.0,OBJ_CO,5.387,AccObj,,,,AccObj
22,ἀλύξας,ἀλύσκω,v-sapamn-,"NomSubj, PartCirc.5",16.0,ADV,5.387,NomSubj,PartCirc.5,,,NomSubj|PartCirc.5
23,.,.,u--------,,0.0,AuxK,5.387,,,,,
1,ἔνθα,ἔνθα,d--------,adv indeclform,9.0,ADV,5.388,,,,,
2,δύω,δύο,m--------,numeral indeclform,3.0,ATR,5.388,,,,,
3,νύκτας,νύξ,n-p---fa-,AccTime,5.0,ADV_CO,5.388,AccTime,,,,AccTime
4,δύο,δύο,m--------,numeral indeclform,6.0,ATR,5.388,,,,,
5,τ',τε,g--------,particle indeclform,9.0,COORD,5.388,,,,,
6,ἤματα,ἦμαρ,n-p---na-,AccTime,5.0,ADV_CO,5.388,AccTime,,,,AccTime
7,κύματι,κῦμα,n-s---nd-,DatAgent,9.0,ADV,5.388,DatAgent,,,,DatAgent
8,πηγῷ,πηγός,a-s---nd-,DatAgent,7.0,ATR,5.388,DatAgent,,,,DatAgent
9,πλάζετο,πλάζω,v3siie---,ImpfDesc,12.0,PRED_CO,5.389,ImpfDesc,,,,ImpfDesc
10,",",",",u--------,,12.0,AuxX,5.389,,,,,
11,πολλὰ,πολύς,a-p---na-,AccAdv,15.0,ADV,5.389,AccAdv,,,,AccAdv
12,δέ,δέ,g--------,particle indeclform,0.0,COORD,5.389,,,,,
13,οἱ,ἕ,p-s---md-,"DatPos, Pron4",14.0,ATR,5.389,DatPos,,,,DatPos
14,κραδίη,καρδία,n-s---fn-,NomSubj,15.0,SBJ,5.389,NomSubj,,,,NomSubj
15,προτιόσσετ',προτιόσσομαι,v3siie---,ImpfDesc,12.0,PRED_CO,5.389,ImpfDesc,,,,ImpfDesc
16,ὄλεθρον,ὄλεθρος,n-s---ma-,AccObj,15.0,OBJ,5.389,AccObj,,,,AccObj
17,.,.,u--------,,0.0,AuxK,5.389,,,,,
1,ἀλλ',ἀλλά,d--------,adv indeclform,16.0,AuxY,5.39,,,,,
2,ὅτε,ὅτε,c--------,conj indeclform,16.0,AuxC,5.39,,,,,
3,δὴ,δή,g--------,particle indeclform,7.0,AuxY,5.39,,,,,
4,τρίτον,τρίτος,a-s---na-,AccObj,5.0,ATR,5.39,AccObj,,,,AccObj
5,ἦμαρ,ἦμαρ,n-s---na-,AccObj,7.0,OBJ,5.39,AccObj,,,,AccObj
6,ἐυπλόκαμος,εὐπλόκαμος,a-s---fn-,NomSubj,8.0,ATR,5.39,NomSubj,,,,NomSubj
7,τέλεσ',τελέω,v3saia---,Aor,2.0,ADV,5.39,Aor,,,,Aor
8,Ἠώς,ἠώς,n-s---fn-,NomSubj,7.0,SBJ,5.39,NomSubj,,,,NomSubj
9,",",",",u--------,,2.0,AuxX,5.39,,,,,
10,καὶ,καί,d--------,conj indeclform,16.0,AuxY,5.391,,,,,
11,τότ',τότε,d--------,adv indeclform,16.0,ADV,5.391,,,,,
12,ἔπειτ',ἔπειτα,d--------,adv indeclform,16.0,ADV,5.391,,,,,
13,ἄνεμος,ἄνεμος,n-s---mn-,NomSubj,15.0,SBJ,5.391,NomSubj,,,,NomSubj
14,μὲν,μέν,g--------,particle indeclform,16.0,AuxY,5.391,,,,,
15,ἐπαύσατο,παύω,v3saim---,"AorIngr, MidDir",16.0,PRED_CO,5.391,AorIngr,MidDir,,,AorIngr|MidDir
16,ἠδὲ,ἠδέ,c--------,conj indeclform,0.0,COORD,5.391,,,,,
17,γαλήνη,γαλήνη,n-s---fn-,NomSubj,18.0,SBJ,5.391,NomSubj,,,,NomSubj
18,ἔπλετο,πέλω,v3siie---,ImpfDesc,16.0,PRED_CO,5.392,ImpfDesc,,,,ImpfDesc
19,νηνεμίη,νηνέμιος,a-s---fn-,NomSubj,17.0,ATR,5.392,NomSubj,,,,NomSubj
20,·,·,u--------,,0.0,AuxK,5.392,,,,,
1,ὁ,ὁ,p-s---mn-,"NomSubj, Pron4",5.0,SBJ,5.392,NomSubj,,,,NomSubj
2,δ',δέ,g--------,particle indeclform,0.0,COORD,5.392,,,,,
3,ἄρα,ἄρα,g--------,particle indeclform,5.0,AuxY,5.392,,,,,
4,σχεδὸν,σχεδόν,d--------,adv indeclform,16.0,ADV,5.392,,,,,
5,εἴσιδε,εἰσοράω,v3saia---,Aor,2.0,PRED_CO,5.392,Aor,,,,Aor
6,γαῖαν,γαῖα,n-s---fa-,AccObj,5.0,OBJ,5.392,AccObj,,,,AccObj
7,ὀξὺ,ὀξύς,a-s---na-,AccAdv; oxys-cunliffe-lex-3.a - very precise word sense,9.0,ADV,5.393,,,,,
8,μάλα,μάλα,d--------,adv indeclform,7.0,AuxZ,5.393,,,,,
9,προϊδών,προεῖδον,v-sapamn-,"NomSubj, PartCirc.3",10.0,ADV_CO,5.393,NomSubj,PartCirc.3,,,NomSubj|PartCirc.3
10,",",",",u--------,,5.0,COORD,5.393,,,,,
11,μεγάλου,μέγας,a-s---ng-,GenSep (Prep5),13.0,ATR,5.393,GenSep (Prep5),,,,GenSep (Prep5)
12,ὑπὸ,ὑπό,r--------,Prep5; THIS IS HUPO + GEN OF AGENT -- BUT USED OF A THING; See Hainsworth comment; important to mention in learning grammar.,14.0,AuxP,5.393,,,,,
13,κύματος,κῦμα,n-s---ng-,GenSep (Prep5),12.0,OBJ,5.393,GenSep (Prep5),,,,GenSep (Prep5)
14,ἀρθείς,αἴρω,v-sappmn-,"NomSubj, PartCirc.4",10.0,ADV_CO,5.393,NomSubj,PartCirc.4,,,NomSubj|PartCirc.4
15,.,.,u--------,,0.0,AuxK,5.393,,,,,
1,ὡς,ὡς,c--------,adv indeclform,52.0,ADV,5.394,,,,,
2,δ',δέ,g--------,particle indeclform,0.0,COORD,5.394,,,,,
3,ὅτ',ὅτε,c--------,conj indeclform,40.0,AuxC,5.394,,,,,
4,ἂν,ἄν,g--------,particle indeclform,8.0,AuxZ,5.394,,,,,
5,ἀσπάσιος,ἀσπάσιος,a-s---mn-,NomSubj,6.0,ATV,5.394,NomSubj,,,,NomSubj
6,βίοτος,βίοτος,n-s---mn-,NomSubj,8.0,SBJ,5.394,NomSubj,,,,NomSubj
7,παίδεσσι,παῖς,n-p---md-,DatVerb,8.0,OBJ,5.394,DatVerb,,,,DatVerb
8,φανήῃ,φαίνω,v3sasp---,"SubjSubor, Pass",52.0,ADV_CO,5.394,SubjSubor,Pass,,,SubjSubor|Pass
9,πατρός,πατήρ,n-s---mg-,GenPos,6.0,ATR,5.395,GenPos,,,,GenPos
10,",",",",u--------,,23.0,AuxX,5.395,,,,,
11,ὃς,ὅς,p-s---mn-,"NomSubj, Pron8",14.0,SBJ,5.395,NomSubj,,,,NomSubj
12,ἐν,ἐν,r--------,Prep5,14.0,AuxP,5.395,,,,,
13,νούσῳ,νόσος,n-s---fd-,DatMean (Prep5),12.0,ADV,5.395,DatMean (Prep5),,,,DatMean (Prep5)
14,κεῖται,κεῖμαι,v3spie---,"PresIter, MidDir",23.0,ATR_CO,5.395,PresIter,MidDir,,,PresIter|MidDir
15,κρατέρ',κρατερός,a-p---na-,AccObj,16.0,ATR,5.395,AccObj,,,,AccObj
16,ἄλγεα,ἄλγος,n-p---na-,AccObj,17.0,OBJ,5.395,AccObj,,,,AccObj
17,πάσχων,πάσχω,v-sppamn-,"NomSubj, PartCirc.1",18.0,ADV_CO,5.395,NomSubj,PartCirc.1,,,NomSubj|PartCirc.1
18,",",",",u--------,,14.0,COORD,5.395,,,,,
19,δηρὸν,δηρός,a-s---na-,AccAdv,20.0,ADV,5.396,AccAdv,,,,AccAdv
20,τηκόμενος,τήκω,v-sppemn-,"NomSubj, PartCirc.1",18.0,ADV_CO,5.396,NomSubj,PartCirc.1,,,NomSubj|PartCirc.1
21,",",",",u--------,,23.0,AuxX,5.396,,,,,
22,στυγερὸς,στυγερός,a-s---mn-,NomSubj,26.0,ATR,5.396,NomSubj,,,,NomSubj
23,δέ,δέ,g--------,particle indeclform,9.0,COORD,5.396,,,,,
24,οἱ,ἕ,p-s---md-,"DatVerb, Pron4",25.0,OBJ,5.396,DatVerb,,,,DatVerb
25,ἔχραε,χράω,v3siia---,AorGnom,23.0,ATR_CO,5.396,AorGnom,,,,AorGnom
26,δαίμων,δαίμων,n-s---mn-,NomSubj,25.0,SBJ,5.396,NomSubj,,,,NomSubj
27,",",",",u--------,,29.0,AuxX,5.396,,,,,
28,ἀσπάσιον,ἀσπάσιος,a-s---ma-,AccObj,31.0,ATV,5.397,AccObj,,,,AccObj
29,δ',δέ,g--------,particle indeclform,3.0,COORD,5.397,,,,,
30,ἄρα,ἄρα,g--------,particle indeclform,35.0,AuxY,5.397,,,,,
31,τόν,ὁ,p-s---ma-,AccObj,35.0,OBJ,5.397,AccObj,,,,AccObj
32,γε,γε,g--------,particle indeclform,31.0,AuxZ,5.397,,,,,
33,θεοὶ,θεός,n-p---mn-,NomSubj,35.0,SBJ,5.397,NomSubj,,,,NomSubj
34,κακότητος,κακότης,n-s---fg-,GenVerb.1,35.0,OBJ,5.397,GenVerb.1,,,,GenVerb.1
35,ἔλυσαν,λύω,v3paia---,AorGnom,52.0,ADV_CO,5.397,AorGnom,,,,AorGnom
36,",",",",u--------,,3.0,AuxX,5.397,,,,,
37,ὣς,ὡς,d--------,adv indeclform,40.0,ADV,5.398,,,,,
38,Ὀδυσεῖ,Ὀδυσσεύς,n-s---md-,DatVerb,40.0,OBJ,5.398,DatVerb,,,,DatVerb
39,ἀσπαστὸν,ἀσπαστός,a-s---nn-,NomSubj,40.0,ADV,5.398,NomSubj,,,,NomSubj
40,ἐείσατο,εἶδον,v3saim---,AorGnom,46.0,PRED_CO,5.398,AorGnom,,,,AorGnom
41,γαῖα,γαῖα,n-s---fn-,NomSubj,42.0,SBJ_CO,5.398,NomSubj,,,,NomSubj
42,καὶ,καί,c--------,conj indeclform,40.0,COORD,5.398,,,,,
43,ὕλη,ὕλη,n-s---fn-,NomSubj,42.0,SBJ_CO,5.398,NomSubj,,,,NomSubj
44,",",",",u--------,,46.0,AuxX,5.398,,,,,
45,νῆχε,νήχω,v3siia---,ImpfDesc,46.0,PRED_CO,5.399,ImpfDesc,,,,ImpfDesc
46,δ',δέ,g--------,particle indeclform,2.0,COORD,5.399,,,,,
47,ἐπειγόμενος,ἐπείγω,v-sppemn-,"NomSubj, PartCirc.1",45.0,ADV,5.399,NomSubj,PartCirc.1,,,NomSubj|PartCirc.1
48,ποσὶν,πούς,n-p---md-,DatInstr,50.0,ADV,5.399,DatInstr,,,,DatInstr
49,ἠπείρου,ἤπειρος,n-s---fg-,GenVerb.7,50.0,OBJ,5.399,GenVerb.7,,,,GenVerb.7
50,ἐπιβῆναι,ἐπιβαίνω,v--ana---,InfDyn,47.0,OBJ,5.399,InfDyn,,,,InfDyn
51,.,.,u--------,,0.0,AuxK,5.399,,,,,
1,ἀλλ',ἀλλά,d--------,adv indeclform,13.0,AuxY,5.4,,,,,
2,ὅτε,ὅτε,c--------,conj indeclform,13.0,AuxC,5.4,,,,,
3,τόσσον,τόσος,a-s---na-,AccAdv,4.0,ADV,5.4,AccAdv,,,,AccAdv
4,ἀπῆν,ἄπειμι,v3siia---,ImpfDesc,2.0,ATR,5.4,ImpfDesc,,,,ImpfDesc
5,ὅσσον,ὅσος,a-s---ma-,AccAdv,7.0,ADV,5.4,AccAdv,,,,AccAdv
6,τε,τε,g--------,particle indeclform,7.0,AuxY,5.4,,,,,
7,γέγωνε,γέγωνα,v3sria---,Perf,3.0,ATR,5.4,Perf,,,,Perf
8,βοήσας,βοάω,v-sapamn-,"NomSubj, PartCirc.3",7.0,ADV,5.4,NomSubj,PartCirc.3,,,NomSubj|PartCirc.3
9,",",",",u--------,,2.0,AuxX,5.4,,,,,
10,καὶ,καί,d--------,conj indeclform,13.0,AuxY,5.401,,,,,
11,δὴ,δή,g--------,particle indeclform,13.0,AuxY,5.401,,,,,
12,δοῦπον,δοῦπος,n-s---ma-,AccObj,13.0,OBJ,5.401,AccObj,,,,AccObj
13,ἄκουσε,ἀκούω,v3saia---,Aor,0.0,PRED,5.401,Aor,,,,Aor
14,ποτὶ,πρός,r--------,Prep5,13.0,AuxP,5.401,,,,,
15,σπιλάδεσσι,σπιλάς,n-p---fd-,DatLoc (Prep5),14.0,ATR,5.401,DatLoc (Prep5),,,,DatLoc (Prep5)
16,θαλάσσης,θάλασσα,n-s---fg-,GenSubj,12.0,ATR,5.401,GenSubj,,,,GenSubj
17,·,·,u--------,,0.0,AuxK,5.401,,,,,
1,ῥόχθει,ῥοχθέω,v3siia---,ImpfDesc,12.0,PRED_CO,5.402,ImpfDesc,,,,ImpfDesc
2,γὰρ,γάρ,g--------,particle indeclform,1.0,AuxY,5.402,,,,,
3,μέγα,μέγας,a-s---nn-,NomSubj,4.0,ATR,5.402,NomSubj,,,,NomSubj
4,κῦμα,κῦμα,n-s---nn-,NomSubj,1.0,SBJ,5.402,NomSubj,,,,NomSubj
5,ποτὶ,πρός,r--------,Prep5,1.0,AuxP,5.402,,,,,
6,ξερὸν,ξερόν,n-s---na-,AccDirec.1 (Prep5),5.0,OBJ,5.402,,,,,
7,ἠπείροιο,ἤπειρος,n-s---fg-,GenPos,6.0,ATR,5.402,GenPos,,,,GenPos
8,δεινὸν,δεινός,a-s---na-,AccAdv,9.0,ADV,5.403,AccAdv,,,,AccAdv
9,ἐρευγόμενον,ἐρεύγομαι,v-sppenn-,"NomSubj, PartCirc.1",1.0,ADV,5.403,NomSubj,PartCirc.1,,,NomSubj|PartCirc.1
10,",",",",u--------,,12.0,AuxX,5.403,,,,,
11,εἴλυτο,εἰλύω,v3slie---,"Pperf, MidIndir",12.0,PRED_CO,5.403,Pperf,MidIndir,,,Pperf|MidIndir
12,δὲ,δέ,g--------,particle indeclform,0.0,COORD,5.403,,,,,
13,πάνθ',πᾶς,a-p---nn-,NomSubj,11.0,SBJ,5.403,NomSubj,,,,NomSubj
14,ἁλὸς,ἅλς,n-s---mg-,GenPos,15.0,ATR,5.403,GenPos,,,,GenPos
15,ἄχνῃ,ἄχνη,n-s---fd-,DatAgent,11.0,ADV,5.403,DatAgent,,,,DatAgent
16,·,·,u--------,,0.0,AuxK,5.403,,,,,
1,οὐ,οὐ,d--------,adv indeclform,3.0,AuxZ,5.404,,,,,
2,γὰρ,γάρ,g--------,particle indeclform,3.0,AuxY,5.404,,,,,
3,ἔσαν,εἰμί,v3piia---,ImpfDesc,9.0,PRED_CO,5.404,ImpfDesc,,,,ImpfDesc
4,λιμένες,λιμήν,n-p---mn-,NomPred,12.0,SBJ_AP,5.404,NomPred,,,,NomPred
5,νηῶν,ναῦς,n-p---fg-,GenObj,6.0,ATR,5.404,GenObj,,,,GenObj
6,ὄχοι,ὄχος,n-p---mn-,NomPred,12.0,SBJ_AP,5.404,NomPred,,,,NomPred
7,",",",",u--------,,9.0,AuxX,5.404,,,,,
8,οὐ,οὐ,d--------,adv indeclform,12.0,AuxZ,5.404,,,,,
9,δ',δέ,g--------,particle indeclform,0.0,COORD,5.404,,,,,
10,ἐπιωγαί,ἐπιωγαί,n-p---fn-,NomPred,12.0,SBJ,5.404,NomPred,,,,NomPred
11,.,.,u--------,,0.0,AuxK,5.404,,,,,
1,ἀλλ',ἀλλά,c--------,adv indeclform,0.0,COORD,5.405,,,,,
2,ἀκταὶ,ἀκτή,n-p---fn-,NomPred,8.0,SBJ_CO,5.405,NomPred,,,,NomPred
3,προβλῆτες,προβλής,n-p---fn-,NomPred,2.0,ATR,5.405,NomPred,,,,NomPred
4,ἔσαν,εἰμί,v3piia---,ImpfDesc,1.0,PRED_CO,5.405,ImpfDesc,,,,ImpfDesc
5,σπιλάδες,σπιλάς,n-p---fn-,NomPred,8.0,SBJ_CO,5.405,NomPred,,,,NomPred
6,τε,τε,g--------,particle indeclform,8.0,AuxY,5.405,,,,,
7,πάγοι,πάγος,n-p---mn-,NomPred,8.0,SBJ_CO,5.405,NomPred,,,,NomPred
8,τε,τε,g--------,particle indeclform,4.0,COORD,5.405,,,,,
9,·,·,u--------,,0.0,AuxK,5.405,,,,,
1,καὶ,καί,d--------,conj indeclform,4.0,AuxY,5.406,,,,,
2,τότ',τότε,d--------,adv indeclform,4.0,ADV,5.406,,,,,
3,Ὀδυσσῆος,Ὀδυσσεύς,n-s---mg-,GenPos,6.0,ATR,5.406,GenPos,,,,GenPos
4,λύτο,λύω,v3saip---,"AorIngr, Pass",11.0,PRED_CO,5.406,AorIngr,Pass,,,AorIngr|Pass
5,γούνατα,γόνυ,n-p---nn-,NomSubj,6.0,SBJ_CO,5.406,NomSubj,,,,NomSubj
6,καὶ,καί,c--------,conj indeclform,4.0,COORD,5.406,,,,,
7,φίλον,φίλος,a-s---nn-,NomSubj,8.0,ATR,5.406,NomSubj,,,,NomSubj
8,ἦτορ,ἦτορ,n-s---nn-,NomSubj,6.0,SBJ_CO,5.406,NomSubj,,,,NomSubj
9,",",",",u--------,,11.0,AuxX,5.406,,,,,
10,ὀχθήσας,ὀχθέω,v-sapamn-,"NomSubj, PartCirc.4",13.0,ADV,5.407,NomSubj,PartCirc.4,,,NomSubj|PartCirc.4
11,δ',δέ,g--------,particle indeclform,0.0,COORD,5.407,,,,,
12,ἄρα,ἄρα,g--------,particle indeclform,13.0,AuxY,5.407,,,,,
13,εἶπε,εἶπον,v3saia---,Aor,11.0,PRED_CO,5.407,Aor,,,,Aor
14,πρὸς,πρός,r--------,Prep5,13.0,AuxP,5.407,,,,,
15,ὃν,ἑός,a-s---ma-,"AccDirec.1 (Prep5), Pron3",17.0,ATR,5.407,,,,,
16,μεγαλήτορα,μεγαλήτωρ,n-s---ma-,AccDirec.1 (Prep5),17.0,ATR,5.407,,,,,
17,θυμόν,θυμός,n-s---ma-,AccDirec.1 (Prep5),14.0,OBJ,5.407,,,,,
18,·,·,u--------,,0.0,AuxK,5.407,,,,,
1,&quot;,&quot;,u--------,,23.0,AuxG,5.408,,,,,
2,ὤ,ὦ,i--------,exclam indeclform,3.0,AuxZ,5.408,,,,,
3,μοι,ἐγώ,p1s---md-,"DatEthic, Pron1",23.0,AuxY,5.408,DatEthic,,,,DatEthic
4,",",",",u--------,,3.0,AuxX,5.408,,,,,
5,ἐπεὶ,ἐπεί,c--------,conj indeclform,23.0,AuxC,5.408,,,,,
6,δὴ,δή,g--------,particle indeclform,9.0,AuxY,5.408,,,,,
7,γαῖαν,γαῖα,n-s---fa-,AccObj,10.0,OBJ,5.408,AccObj,,,,AccObj
8,ἀελπέα,ἀελπής,a-s---fa-,AccObj,7.0,ATR,5.408,AccObj,,,,AccObj
9,δῶκεν,δίδωμι,v3saia---,Aor,13.0,ADV_CO,5.408,Aor,,,,Aor
10,ἰδέσθαι,εἶδον,v--anm---,InfDyn,9.0,OBJ,5.408,InfDyn,,,,InfDyn
11,Ζεύς,Ζεύς,n-s---mn-,NomSubj,9.0,SBJ,5.409,NomSubj,,,,NomSubj
12,",",",",u--------,,13.0,AuxX,5.409,,,,,
13,καὶ,καί,c--------,conj indeclform,5.0,COORD,5.409,,,,,
14,δὴ,δή,g--------,particle indeclform,18.0,AuxY,5.409,,,,,
15,τόδε,ὅδε,p-s---na-,"AccObj, Pron4",16.0,ATR,5.409,AccObj,,,,AccObj
16,λαῖτμα,λαῖτμα,n-s---na-,AccObj,18.0,OBJ,5.409,AccObj,,,,AccObj
17,διατμήξας,διατμήγω,v-sapamn-,"NomSubj, PartCirc.3",18.0,ADV,5.409,NomSubj,PartCirc.3,,,NomSubj|PartCirc.3
18,ἐπέρησα,περάω,v1saia---,Aor,13.0,ADV_CO,5.409,Aor,,,,Aor
19,",",",",u--------,,5.0,AuxX,5.409,,,,,
20,ἔκβασις,ἔκβασις,n-s---fn-,NomSubj,23.0,SBJ,5.41,NomSubj,,,,NomSubj
21,οὔ,οὐ,d--------,adv indeclform,23.0,AuxZ,5.41,,,,,
22,πῃ,πη,g--------,particle indeclform,23.0,ADV,5.41,,,,,
23,φαίνεθ',φαίνω,v3spie---,"Pres, MidDir",0.0,PRED,5.41,Pres,MidDir,,,Pres|MidDir
24,ἁλὸς,ἅλς,n-s---mg-,GenSep,20.0,ATR,5.41,GenSep,,,,GenSep
25,πολιοῖο,πολιός,a-s---mg-,GenSep,24.0,ATR,5.41,GenSep,,,,GenSep
26,θύραζε,θύραζε,d--------,adv indeclform,20.0,ATR,5.41,,,,,
27,·,·,u--------,,0.0,AuxK,5.41,,,,,
1,ἔκτοσθεν,ἔκτοσθε,d--------,adv indeclform,33.0,ADV,5.411,,,,,
2,μὲν,μέν,g--------,particle indeclform,33.0,AuxY,5.411,,,,,
3,γὰρ,γάρ,g--------,particle indeclform,22.0,AuxY,5.411,,,,,
4,πάγοι,πάγος,n-p---mn-,NomPred,33.0,SBJ,5.411,NomPred,,,,NomPred
5,ὀξέες,ὀξύς,a-p---mn-,NomPred,4.0,ATR,5.411,NomPred,,,,NomPred
6,",",",",u--------,,22.0,AuxX,5.411,,,,,
7,ἀμφὶ,ἀμφί,d--------,adv indeclform,10.0,ADV,5.411,,,,,
8,δὲ,δέ,g--------,particle indeclform,22.0,AuxY,5.411,,,,,
9,κῦμα,κῦμα,n-s---nn-,NomSubj,10.0,SBJ,5.411,NomSubj,,,,NomSubj
10,βέβρυχεν,βρυχάομαι,v3sria---,PerfInten,22.0,PRED_CO,5.412,PerfInten,,,,PerfInten
11,ῥόθιον,ῥόθιος,a-s---nn-,NomSubj,9.0,ATR,5.412,NomSubj,,,,NomSubj
12,",",",",u--------,,22.0,AuxX,5.412,,,,,
13,λισσὴ,λισσός,a-s---fn-,NomSubj,16.0,ATR,5.412,NomSubj,,,,NomSubj
14,δ',δέ,g--------,particle indeclform,22.0,AuxY,5.412,,,,,
15,ἀναδέδρομε,ἀνατρέχω,v3sria---,Perf,22.0,PRED_CO,5.412,Perf,,,,Perf
16,πέτρη,πέτρα,n-s---fn-,NomSubj,15.0,SBJ,5.412,NomSubj,,,,NomSubj
17,",",",",u--------,,22.0,AuxX,5.412,,,,,
18,ἀγχιβαθὴς,ἀγχιβαθής,a-s---fn-,NomPred,34.0,PNOM,5.413,NomPred,,,,NomPred
19,δὲ,δέ,g--------,particle indeclform,22.0,AuxY,5.413,,,,,
20,θάλασσα,θάλασσα,n-s---fn-,NomSubj,34.0,SBJ,5.413,NomSubj,,,,NomSubj
21,",",",",u--------,,22.0,AuxX,5.413,,,,,
22,καὶ,καί,c--------,conj indeclform,0.0,COORD,5.413,,,,,
23,οὔ,οὐ,d--------,adv indeclform,25.0,AuxZ,5.413,,,,,
24,πως,πως,g--------,particle indeclform,25.0,ADV,5.413,,,,,
25,ἔστι,εἰμί,v3spia---,"PresCona, Ind, Act",22.0,PRED_CO,5.413,PresCona,Ind,Act,,PresCona|Ind|Act
26,πόδεσσι,πούς,n-p---md-,DatInstr,27.0,ADV,5.413,DatInstr,,,,DatInstr
27,στήμεναι,ἵστημι,v--ana---,InfDyn,29.0,SBJ_CO,5.414,InfDyn,,,,InfDyn
28,ἀμφοτέροισι,ἀμφότερος,a-p---md-,DatInstr,26.0,ATR,5.414,DatInstr,,,,DatInstr
29,καὶ,καί,c--------,conj indeclform,25.0,COORD,5.414,,,,,
30,ἐκφυγέειν,ἐκφεύγω,v--ana---,InfDyn,29.0,SBJ_CO,5.414,InfDyn,,,,InfDyn
31,κακότητα,κακότης,n-s---fa-,AccObj,30.0,OBJ,5.414,AccObj,,,,AccObj
32,·,·,u--------,,0.0,AuxK,5.414,,,,,
1,μή,μή,d--------,Subcl3 ,5.0,AuxZ,5.415,,,,,
2,πώς,πως,g--------,particle indeclform,5.0,ADV,5.415,,,,,
3,μ',ἐγώ,p1s---ma-,"AccObj, Pron1",5.0,OBJ,5.415,AccObj,,,,AccObj
4,ἐκβαίνοντα,ἐκβαίνω,v-sppama-,"AccObj, PartCirc.7",3.0,ATV,5.415,AccObj,PartCirc.7,,,AccObj|PartCirc.7
5,βάλῃ,βάλλω,v3sasa---,Subcl3,0.0,PRED,5.415,,,,,
6,λίθακι,λίθαξ,n-s---fd-,DatLoc (Prep5),8.0,ATR,5.415,DatLoc (Prep5),,,,DatLoc (Prep5)
7,ποτὶ,πρός,r--------,Prep5,5.0,AuxP,5.415,,,,,
8,πέτρῃ,πέτρα,n-s---fd-,DatLoc (Prep5),7.0,ADV,5.415,DatLoc (Prep5),,,,DatLoc (Prep5)
9,κῦμα,κῦμα,n-s---nn-,NomSubj,5.0,SBJ,5.416,NomSubj,,,,NomSubj
10,μέγ',μέγας,a-s---nn-,NomSubj,9.0,ATR,5.416,NomSubj,,,,NomSubj
11,ἁρπάξαν,ἁρπάζω,v-sapana-,"NomSubj, PartCirc.3",5.0,ADV,5.416,NomSubj,PartCirc.3,,,NomSubj|PartCirc.3
12,·,·,u--------,,0.0,AuxK,5.416,,,,,
1,μελέη,μέλεος,a-s---fn-,NomPred,4.0,PNOM,5.416,NomPred,,,,NomPred
2,δέ,δέ,g--------,particle indeclform,0.0,COORD,5.416,,,,,
3,μοι,ἐγώ,p1s---md-,"DatPos, Pron1",5.0,ATR,5.416,DatPos,,,,DatPos
4,ἔσσεται,εἰμί,v3sfi----,Fut,2.0,PRED_CO,5.416,Fut,,,,Fut
5,ὁρμή,ὁρμή,n-s---fn-,NomSubj,4.0,SBJ,5.416,NomSubj,,,,NomSubj
6,.,.,u--------,,0.0,AuxK,5.416,,,,,
1,εἰ,εἰ,c--------,conj indeclform,18.0,AuxC,5.417,,,,,
2,δέ,δέ,g--------,particle indeclform,0.0,COORD,5.417,,,,,
3,κ',ἄν,g--------,particle indeclform,6.0,AuxZ,5.417,,,,,
4,ἔτι,ἔτι,d--------,adv indeclform,5.0,AuxZ,5.417,,,,,
5,προτέρω,προτέρω,d--------,adv indeclform,6.0,OBJ,5.417,,,,,
6,παρανήξομαι,παρανήχομαι,v1sasm---,SubjSubor- mixed conditional?,1.0,ADV,5.417,,,,,
7,",",",",u--------,,8.0,AuxX,5.417,,,,,
8,ἤν,ἐάν,c--------,conj indeclform,6.0,AuxC,5.417,,,,,
9,που,πού,d--------,adv indeclform,10.0,ADV,5.417,,,,,
10,ἐφεύρω,ἐφευρίσκω,v1sasa---,SubjSubor- mixed conditional?,8.0,ADV,5.417,,,,,
11,ἠιόνας,ἠιών,n-p---fa-,AccObj,15.0,OBJ_CO,5.418,AccObj,,,,AccObj
12,τε,τε,g--------,particle indeclform,15.0,AuxY,5.418,,,,,
13,παραπλῆγας,παραπλήξ,n-p---fa-,AccObj,11.0,ATR,5.418,AccObj,,,,AccObj
14,λιμένας,λιμήν,n-p---ma-,AccObj,15.0,OBJ_CO,5.418,AccObj,,,,AccObj
15,τε,τε,g--------,particle indeclform,10.0,COORD,5.418,,,,,
16,θαλάσσης,θάλασσα,n-s---fg-,GenSep,14.0,ATR,5.418,GenSep,,,,GenSep
17,",",",",u--------,,1.0,AuxX,5.418,,,,,
18,δείδω,δείδω,v1spia---,"Pres, Ind, Act",2.0,PRED_CO,5.419,Pres,Ind,Act,,Pres|Ind|Act
19,μή,μή,c--------,Subcl3,18.0,AuxC,5.419,,,,,
20,μ',ἐγώ,p1s---ma-,"AccObj, Pron1",27.0,OBJ,5.419,AccObj,,,,AccObj
21,ἐξαῦτις,ἐξαῦτις,d--------,adv indeclform,22.0,ADV,5.419,,,,,
22,ἀναρπάξασα,ἀναρπάζω,v-sapafn-,"NomSubj, PartCirc.3",27.0,ADV,5.419,NomSubj,PartCirc.3,,,NomSubj|PartCirc.3
23,θύελλα,θύελλα,n-s---fn-,NomSubj,27.0,SBJ,5.419,NomSubj,,,,NomSubj
24,πόντον,πόντος,n-s---ma-,AccDirec.1 (Prep5),25.0,OBJ,5.42,,,,,
25,ἐπ',ἐπί,r--------,Prep5,27.0,AuxP,5.42,,,,,
26,ἰχθυόεντα,ἰχθυόεις,a-s---ma-,AccDirec.1 (Prep5),24.0,ATR,5.42,,,,,
27,φέρῃ,φέρω,v3spsa---,"SubjSubor (Subcl3), Pres.1",31.0,OBJ_CO,5.42,SubjSubor (Subcl3),Pres.1,,,SubjSubor (Subcl3)|Pres.1
28,βαρέα,βαρύς,a-p---na-,AccAdv,29.0,ADV,5.42,AccAdv,,,,AccAdv
29,στενάχοντα,στενάχω,v-sppama-,"AccObj, PartCirc.1",20.0,ATV,5.42,AccObj,PartCirc.1,,,AccObj|PartCirc.1
30,",",",",u--------,,31.0,AuxX,5.42,,,,,
31,ἠέ,ἤ,c--------,conj indeclform,19.0,COORD,5.421,,,,,
32,τί,τις,p-s---na-,"AccObj, Pron6",35.0,ATR,5.421,AccObj,,,,AccObj
33,μοι,ἐγώ,p1s---md-,DatVerb,36.0,OBJ,5.421,DatVerb,,,,DatVerb
34,καὶ,καί,d--------,conj indeclform,35.0,AuxZ,5.421,,,,,
35,κῆτος,κῆτος,n-s---na-,AccObj,36.0,OBJ,5.421,AccObj,,,,AccObj
36,ἐπισσεύῃ,ἐπισεύω,v3spsa---,"SubjSubor (Subcl3), Pres.1",31.0,OBJ_CO,5.421,SubjSubor (Subcl3),Pres.1,,,SubjSubor (Subcl3)|Pres.1
37,μέγα,μέγας,a-s---na-,AccObj,35.0,ATR,5.421,AccObj,,,,AccObj
38,δαίμων,δαίμων,n-s---mn-,NomSubj,36.0,SBJ,5.421,NomSubj,,,,NomSubj
39,ἐξ,ἐκ,r--------,Prep3,36.0,AuxP,5.422,,,,,
40,ἁλός,ἅλς,n-s---mg-,GenSep (Prep3),39.0,OBJ,5.422,GenSep (Prep3),,,,GenSep (Prep3)
41,",",",",u--------,,45.0,AuxX,5.422,,,,,
42,οἷά,οἷος,a-p---na-,"AccObj, Pron8",45.0,OBJ,5.422,AccObj,,,,AccObj
43,τε,τε,g--------,particle indeclform,45.0,AuxY,5.422,,,,,
44,πολλὰ,πολύς,a-p---na-,AccObj,42.0,ATV,5.422,AccObj,,,,AccObj
45,τρέφει,τρέφω,v3spia---,PresIter.1.,35.0,ATR,5.422,PresIter.1.,,,,PresIter.1.
46,κλυτὸς,κλυτός,a-s---fn-,NomSubj,47.0,ATR,5.422,NomSubj,,,,NomSubj
47,Ἀμφιτρίτη,Ἀμφιτρίτη,n-s---fn-,NomSubj,45.0,SBJ,5.422,NomSubj,,,,NomSubj
48,·,·,u--------,,0.0,AuxK,5.422,,,,,
1,οἶδα,οἶδα,v1sria---,Perf,0.0,PRED,5.423,Perf,,,,Perf
2,γάρ,γάρ,g--------,particle indeclform,1.0,AuxY,5.423,,,,,
3,",",",",u--------,,4.0,AuxX,5.423,,,,,
4,ὥς,ὡς,c--------,adv indeclform,1.0,AuxC,5.423,,,,,
5,μοι,ἐγώ,p1s---md-,"DatVerb, Pron1",6.0,OBJ,5.423,DatVerb,,,,DatVerb
6,ὀδώδυσται,ὀδύσσομαι,v3srie---,"Perf, MidMent",4.0,OBJ,5.423,Perf,MidMent,,,Perf|MidMent
7,κλυτὸς,κλυτός,a-s---mn-,NomSubj,8.0,ATR,5.423,NomSubj,,,,NomSubj
8,ἐννοσίγαιος,Ἐννοσίγαιος,n-s---mn-,NomSubj,6.0,SBJ,5.423,NomSubj,,,,NomSubj
9,.,.,u--------,,0.0,AuxK,5.423,,,,,
10,&quot;,&quot;,u--------,,1.0,AuxG,5.423,,,,,
1,ἧος,ἕως,c--------,conj indeclform,16.0,AuxC,5.424,,,,,
2,ὁ,ὁ,p-s---mn-,"NomSubj, Pron4",4.0,SBJ,5.424,NomSubj,,,,NomSubj
3,ταῦθ',οὗτος,a-p---na-,"AccObj, Pron4",4.0,OBJ,5.424,AccObj,,,,AccObj
4,ὥρμαινε,ὁρμαίνω,v3siia---,Impf,1.0,ADV,5.424,Impf,,,,Impf
5,κατὰ,κατά,r--------,Prep5,7.0,AuxP,5.424,,,,,
6,φρένα,φρήν,n-s---fa-,AccDirec.1 (Prep5),5.0,ADV_CO,5.424,,,,,
7,καὶ,καί,c--------,conj indeclform,4.0,COORD,5.424,,,,,
8,κατὰ,κατά,r--------,Prep5,7.0,AuxP,5.424,,,,,
9,θυμόν,θυμός,n-s---ma-,AccDirec.1 (Prep5),8.0,ADV_CO,5.424,,,,,
10,",",",",u--------,,1.0,AuxX,5.424,,,,,
11,τόφρα,τόφρα,d--------,adv indeclform,16.0,ADV,5.425,,,,,
12,δέ,δέ,g--------,particle indeclform,0.0,COORD,5.425,,,,,
13,μιν,μιν,p-s---ma-,"AccObj, Pron4",16.0,OBJ,5.425,AccObj,,,,AccObj
14,μέγα,μέγας,a-s---nn-,NomSubj,15.0,ATR,5.425,NomSubj,,,,NomSubj
15,κῦμα,κῦμα,n-s---nn-,NomSubj,16.0,SBJ,5.425,NomSubj,,,,NomSubj
16,φέρε,φέρω,v3siia---,ImpfCons,12.0,PRED_CO,5.425,ImpfCons,,,,ImpfCons
17,τρηχεῖαν,τραχύς,a-s---fa-,AccDirec.1 (Prep5),19.0,ATR,5.425,,,,,
18,ἐπ',ἐπί,r--------,Prep5,16.0,AuxP,5.425,,,,,
19,ἀκτήν,ἀκτή,n-s---fa-,AccDirec.1 (Prep5),18.0,OBJ,5.425,,,,,
20,.,.,u--------,,0.0,AuxK,5.425,,,,,
1,ἔνθα,ἔνθα,d--------,adv indeclform,8.0,ADV,5.426,,,,,
2,κ',ἄν,g--------,particle indeclform,8.0,AuxZ,5.426,,,,,
3,ἀπὸ,ἀπό,r--------,tmesis,5.0,AuxZ,5.426,,,,,
4,ῥινοὺς,ῥινός,n-p---fa-,AccResp,5.0,OBJ,5.426,AccResp,,,,AccResp
5,δρύφθη,δρύπτω,v3saip---,"AorIngr, Pass",8.0,PRED_CO,5.426,AorIngr,Pass,,,AorIngr|Pass
6,",",",",u--------,,8.0,AuxX,5.426,,,,,
7,σὺν,σύν,r--------,tmesis,10.0,AuxZ,5.426,,,,,
8,δ',δέ,g--------,particle indeclform,0.0,COORD,5.426,,,,,
9,ὀστέ',ὀστέον,n-p---nn-,NomSubj,10.0,SBJ,5.426,NomSubj,,,,NomSubj
10,ἀράχθη,ἀράσσω,v3saip---,"AorIngr, Pass",8.0,PRED_CO,5.426,AorIngr,Pass,,,AorIngr|Pass
11,",",",",u--------,,12.0,AuxX,5.426,,,,,
12,εἰ,εἰ,c--------,Cond1,8.0,AuxC,5.427,,,,,
13,μὴ,μή,g--------,adv indeclform,16.0,AuxZ,5.427,,,,,
14,ἐπὶ,ἐπί,r--------,Prep3,16.0,AuxP,5.427,,,,,
15,φρεσὶ,φρήν,n-p----d-,DatLoc (Prep3),14.0,OBJ,5.427,DatLoc (Prep3),,,,DatLoc (Prep3)
16,θῆκε,τίθημι,v3saia---,AorIngr,12.0,ADV,5.427,AorIngr,,,,AorIngr
17,θεά,θεά,n-s---fn-,NomSubj,18.0,SBJ_AP,5.427,NomSubj,,,,NomSubj
18,",",",",u--------,,16.0,APOS,5.427,,,,,
19,γλαυκῶπις,γλαυκῶπις,a-s---fn-,NomInd,20.0,ATR,5.427,NomInd,,,,NomInd
20,Ἀθήνη,Ἀθήνη,n-s---fn-,NomInd,18.0,SBJ_AP,5.427,NomInd,,,,NomInd
21,·,·,u--------,,0.0,AuxK,5.427,,,,,
1,ἀμφοτέρῃσι,ἀμφότερος,a-p---fd-,DatInstr,3.0,ATR,5.428,DatInstr,,,,DatInstr
2,δὲ,δέ,g--------,particle indeclform,0.0,COORD,5.428,,,,,
3,χερσὶν,χείρ,n-p---fd-,DatInstr,5.0,ADV,5.428,DatInstr,,,,DatInstr
4,ἐπεσσύμενος,ἐπισεύω,v-srpemn-,"NomSubj, PartAttr",5.0,ADV,5.428,NomSubj,PartAttr,,,NomSubj|PartAttr
5,λάβε,λαμβάνω,v3saia---,AorIngr,2.0,PRED_CO,5.428,AorIngr,,,,AorIngr
6,πέτρης,πέτρα,n-s---fg-,GenVerb.3,5.0,OBJ,5.428,GenVerb.3,,,,GenVerb.3
7,",",",",u--------,,9.0,AuxX,5.428,,,,,
8,τῆς,ὁ,p-s---fg-,"GenVerb.3, Pron8",9.0,OBJ,5.429,GenVerb.3,,,,GenVerb.3
9,ἔχετο,ἔχω,v3siie---,"Impf, MidIndir",6.0,ATR,5.429,Impf,MidIndir,,,Impf|MidIndir
10,στενάχων,στενάχω,v-sppamn-,"NomSubj, PartAttr",9.0,ADV,5.429,NomSubj,PartAttr,,,NomSubj|PartAttr
11,",",",",u--------,,12.0,AuxX,5.429,,,,,
12,ἧος,ἕως,c--------,conj indeclform,9.0,AuxC,5.429,,,,,
13,μέγα,μέγας,a-s---nn-,NomSubj,14.0,ATR,5.429,NomSubj,,,,NomSubj
14,κῦμα,κῦμα,n-s---nn-,NomSubj,15.0,SBJ,5.429,NomSubj,,,,NomSubj
15,παρῆλθε,παρέρχομαι,v3saia---,Aor,12.0,ADV,5.429,Aor,,,,Aor
16,.,.,u--------,,0.0,AuxK,5.429,,,,,
1,καὶ,καί,d--------,conj indeclform,5.0,AuxY,5.43,,,,,
2,τὸ,ὁ,p-s---na-,"AccObj, Pron4",5.0,OBJ,5.43,AccObj,,,,AccObj
3,μὲν,μέν,g--------,particle indeclform,15.0,AuxY,5.43,,,,,
4,ὣς,ὡς,d--------,adv indeclform,5.0,ADV,5.43,,,,,
5,ὑπάλυξε,ὑπαλύσκω,v3saia---,Aor,15.0,PRED_CO,5.43,Aor,,,,Aor
6,",",",",u--------,,15.0,AuxX,5.43,,,,,
7,παλιρρόθιον,παλιρρόθιος,a-s---nn-,"NomSubj, PartCirc.7",11.0,AtvV,5.43,NomSubj,PartCirc.7,,,NomSubj|PartCirc.7
8,δέ,δέ,g--------,particle indeclform,15.0,AuxY,5.43,,,,,
9,μιν,μιν,p-s---ma-,"AccObj, Pron4",11.0,OBJ,5.43,AccObj,,,,AccObj
10,αὖτις,αὖθις,d--------,adv indeclform,11.0,ADV,5.43,,,,,
11,πλῆξεν,πλήσσω,v3saia---,AorIngr,15.0,PRED_CO,5.431,AorIngr,,,,AorIngr
12,ἐπεσσύμενον,ἐπισεύω,v-sppenn-,"NomSubj, PartCirc.4",11.0,ADV,5.431,NomSubj,PartCirc.4,,,NomSubj|PartCirc.4
13,",",",",u--------,,15.0,AuxX,5.431,,,,,
14,τηλοῦ,τηλοῦ,d--------,adv indeclform,17.0,ADV,5.431,,,,,
15,δέ,δέ,g--------,particle indeclform,0.0,COORD,5.431,,,,,
16,μιν,μιν,p-s---ma-,"AccObj, Pron4",17.0,OBJ,5.431,AccObj,,,,AccObj
17,ἔμβαλε,ἐμβάλλω,v3saia---,AorIngr,15.0,PRED_CO,5.431,AorIngr,,,,AorIngr
18,πόντῳ,πόντος,n-s---md-,DatLoc,17.0,OBJ,5.431,DatLoc,,,,DatLoc
19,.,.,u--------,,0.0,AuxK,5.431,,,,,
1,ὡς,ὡς,c--------,adv indeclform,11.0,ADV,5.432,,,,,
2,δ',δέ,g--------,particle indeclform,0.0,COORD,5.432,,,,,
3,ὅτε,ὅτε,c--------,conj indeclform,21.0,AuxC,5.432,,,,,
4,πουλύποδος,πολύπους,n-s---mg-,GenAbs,8.0,SBJ,5.432,GenAbs,,,,GenAbs
5,θαλάμης,θαλάμη,n-s---fg-,GenSep,6.0,OBJ,5.432,GenSep,,,,GenSep
6,ἐξελκομένοιο,ἐξέλκω,v-sppemg-,PartGen,4.0,ATV,5.432,PartGen,,,,PartGen
7,πρὸς,πρός,r--------,Prep5,11.0,AuxP,5.433,,,,,
8,κοτυληδονόφιν,κοτυληδών,n-p----d-,DatLoc (Prep5),7.0,ADV,5.433,DatLoc (Prep5),,,,DatLoc (Prep5)
9,πυκιναὶ,πυκνός,a-p---fn-,DatLoc (Prep5),10.0,ATR,5.433,DatLoc (Prep5),,,,DatLoc (Prep5)
10,λάιγγες,λᾶιγξ,n-p---fn-,NomSubj,11.0,SBJ,5.433,NomSubj,,,,NomSubj
11,ἔχονται,ἔχω,v3ppie---,"PresIter.1., MidDir",21.0,ADV,5.433,PresIter.1.,MidDir,,,PresIter.1.|MidDir
12,",",",",u--------,,3.0,AuxX,5.433,,,,,
13,ὣς,ὡς,d--------,adv indeclform,21.0,ADV,5.434,,,,,
14,τοῦ,ὁ,p-s---mg-,"GenPos, Pron4",19.0,ATR,5.434,GenPos,,,,GenPos
15,πρὸς,πρός,r--------,Prep5,21.0,AuxP,5.434,,,,,
16,πέτρῃσι,πέτρα,n-p---fd-,DatLoc (Prep5),15.0,ADV,5.434,DatLoc (Prep5),,,,DatLoc (Prep5)
17,θρασειάων,θρασύς,a-p---fg-,GenSep (Prep5),19.0,ATR,5.434,GenSep (Prep5),,,,GenSep (Prep5)
18,ἀπὸ,ἀπό,r--------,Prep5,21.0,AuxP,5.434,,,,,
19,χειρῶν,χείρ,n-p---fg-,GenSep (Prep5),18.0,OBJ,5.434,GenSep (Prep5),,,,GenSep (Prep5)
20,ῥινοὶ,ῥινός,n-p---fn-,NomSubj,21.0,SBJ,5.435,NomSubj,,,,NomSubj
21,ἀπέδρυφθεν,ἀποδρύπτω,v3paip---,"AorGnom, Pass",2.0,PRED_CO,5.435,AorGnom,Pass,,,AorGnom|Pass
22,·,·,u--------,,0.0,AuxK,5.435,,,,,
1,τὸν,ὁ,p-s---ma-,"AccObj, Pron4",5.0,OBJ,5.435,AccObj,,,,AccObj
2,δὲ,δέ,g--------,particle indeclform,0.0,COORD,5.435,,,,,
3,μέγα,μέγας,a-s---nn-,NomSubj,4.0,ATR,5.435,NomSubj,,,,NomSubj
4,κῦμα,κῦμα,n-s---nn-,NomSubj,5.0,SBJ,5.435,NomSubj,,,,NomSubj
5,κάλυψεν,καλύπτω,v3saia---,AorIngr,2.0,PRED_CO,5.435,AorIngr,,,,AorIngr
6,.,.,u--------,,0.0,AuxK,5.435,,,,,
1,ἔνθα,ἔνθα,d--------,adv indeclform,7.0,ADV,5.436,,,,,
2,κε,ἄν,g--------,Cond4,7.0,AuxZ,5.436,,,,,
3,δὴ,δή,g--------,particle indeclform,7.0,AuxY,5.436,,,,,
4,δύστηνος,δύστηνος,a-s---mn-,NomSubj,8.0,ATR,5.436,NomSubj,,,,NomSubj
5,ὑπὲρ,ὑπέρ,r--------,Prep5,7.0,AuxP,5.436,,,,,
6,μόρον,μόρος,n-s---ma-,AccDirec.1 (Prep5),5.0,ADV,5.436,,,,,
7,ὤλετ',ὄλλυμι,v3saim---,"AorIngr, MidDir",0.0,PRED,5.436,AorIngr,MidDir,,,AorIngr|MidDir
8,Ὀδυσσεύς,Ὀδυσσεύς,n-s---mn-,NomSubj,7.0,SBJ,5.436,NomSubj,,,,NomSubj
9,",",",",u--------,,10.0,AuxX,5.436,,,,,
10,εἰ,εἰ,c--------,Cond4,7.0,AuxC,5.437,,,,,
11,μὴ,μή,g--------,particle indeclform,13.0,AuxZ,5.437,,,,,
12,ἐπιφροσύνην,ἐπιφροσύνη,n-s---fa-,AccObj,13.0,OBJ,5.437,AccObj,,,,AccObj
13,δῶκε,δίδωμι,v3saia---,Aor,10.0,ADV,5.437,Aor,,,,Aor
14,γλαυκῶπις,γλαυκῶπις,a-s---fn-,NomSubj,15.0,ATR,5.437,NomSubj,,,,NomSubj
15,Ἀθήνη,Ἀθήνη,n-s---fn-,NomSubj,13.0,SBJ,5.437,NomSubj,,,,NomSubj
16,.,.,u--------,,0.0,AuxK,5.437,,,,,
1,κύματος,κῦμα,n-s---ng-,GenSep,2.0,OBJ,5.438,GenSep,,,,GenSep
2,ἐξαναδύς,ἐξαναδύομαι,v-sapamn-,"NomSubj, PartCirc.7",9.0,ADV,5.438,NomSubj,PartCirc.7,,,NomSubj|PartCirc.7
3,",",",",u--------,,6.0,AuxX,5.438,,,,,
4,τά,ὁ,p-p---nn-,"NomSubj, Pron8",6.0,SBJ,5.438,NomSubj,,,,NomSubj
5,τ',τε,g--------,particle indeclform,6.0,AuxY,5.438,,,,,
6,ἐρεύγεται,ἐρεύγομαι,v3spie---,PresIter,1.0,ATR,5.438,PresIter,,,,PresIter
7,ἤπειρόνδε,ἤπειρόνδε,d--------,AccDirec.1,6.0,OBJ,5.438,AccDirec.1,,,,AccDirec.1
8,",",",",u--------,,2.0,AuxX,5.438,,,,,
9,νῆχε,νήχω,v3siia---,ImpfCons,0.0,PRED,5.439,ImpfCons,,,,ImpfCons
10,παρέξ,παρέξ,d--------,adv indeclform,9.0,ADV,5.439,,,,,
11,",",",",u--------,,14.0,AuxX,5.439,,,,,
12,ἐς,εἰς,r--------,Prep3,14.0,AuxP,5.439,,,,,
13,γαῖαν,γαῖα,n-s---fa-,AccDirec.1 (Prep3),12.0,OBJ,5.439,,,,,
14,ὁρώμενος,ὁράω,v-sppemn-,"NomSubj, PartCirc.2",9.0,ADV,5.439,NomSubj,PartCirc.2,,,NomSubj|PartCirc.2
15,",",",",u--------,,16.0,AuxX,5.439,,,,,
16,εἴ,εἰ,c--------,conj indeclform,14.0,AuxC,5.439,,,,,
17,που,πού,d--------,adv indeclform,16.0,AuxY,5.439,,,,,
18,ἐφεύροι,ἐφευρίσκω,v3saoa---,OptPoten,16.0,OBJ,5.439,OptPoten,,,,OptPoten
19,ἠιόνας,ἠιών,n-p---fa-,AccObj,23.0,OBJ_CO,5.44,AccObj,,,,AccObj
20,τε,τε,g--------,particle indeclform,23.0,AuxY,5.44,,,,,
21,παραπλῆγας,παραπλήξ,n-p---fa-,AccObj,19.0,ATR,5.44,AccObj,,,,AccObj
22,λιμένας,λιμήν,n-p---ma-,AccObj,23.0,OBJ_CO,5.44,AccObj,,,,AccObj
23,τε,τε,g--------,particle indeclform,18.0,COORD,5.44,,,,,
24,θαλάσσης,θάλασσα,n-s---fg-,GenSep,22.0,ATR,5.44,GenSep,,,,GenSep
25,.,.,u--------,,0.0,AuxK,5.44,,,,,
1,ἀλλ',ἀλλά,d--------,adv indeclform,30.0,AuxY,5.441,,,,,
2,ὅτε,ὅτε,c--------,conj indeclform,30.0,AuxC,5.441,,,,,
3,δὴ,δή,g--------,particle indeclform,8.0,AuxY,5.441,,,,,
4,ποταμοῖο,ποταμός,n-s---mg-,GenPos,6.0,ATR,5.441,GenPos,,,,GenPos
5,κατὰ,κατά,r--------,Prep5,8.0,AuxP,5.441,,,,,
6,στόμα,στόμα,n-s---na-,AccDirec.1 (Prep5),5.0,OBJ,5.441,,,,,
7,καλλιρόοιο,καλλίρους,a-s---mg-,GenPos,4.0,ATR,5.441,GenPos,,,,GenPos
8,ἷξε,ἵκω,v3saia---,Aor,2.0,ADV,5.442,Aor,,,,Aor
9,νέων,νέω,v-sppamn-,"NomSubj, PartCirc.3",8.0,ADV,5.442,NomSubj,PartCirc.3,,,NomSubj|PartCirc.3
10,",",",",u--------,,21.0,AuxX,5.442,,,,,
11,τῇ,τῇ,d--------,adv indeclform,14.0,ADV,5.442,,,,,
12,δή,δή,g--------,particle indeclform,13.0,AuxY,5.442,,,,,
13,οἱ,ἕ,p-s---md-,"DatVerb, Pron4",14.0,OBJ,5.442,DatVerb,,,,DatVerb
14,ἐείσατο,εἶδον,v3saim---,AorIngr,21.0,ATR_CO,5.442,AorIngr,,,,AorIngr
15,χῶρος,χῶρος,n-s---mn-,NomSubj,14.0,SBJ,5.442,NomSubj,,,,NomSubj
16,ἄριστος,ἄριστος,a-s---mn-,NomPred,15.0,ATR,5.442,NomPred,,,,NomPred
17,",",",",u--------,,18.0,AuxX,5.442,,,,,
18,λεῖος,λεῖος,a-s---mn-,NomPred,15.0,ATR,5.443,NomPred,,,,NomPred
19,πετράων,πέτρα,n-p---fg-,GenObj.6,18.0,ATR,5.443,GenObj.6,,,,GenObj.6
20,",",",",u--------,,21.0,AuxX,5.443,,,,,
21,καὶ,καί,c--------,conj indeclform,6.0,COORD,5.443,,,,,
22,ἐπὶ,ἐπί,r--------,prep indeclform [adverbial use],24.0,AuxZ,5.443,,,,,
23,σκέπας,σκέπας,n-s---nn-,NomPred,24.0,SBJ,5.443,NomPred,,,,NomPred
24,ἦν,εἰμί,v3siia---,ImpfDesc,21.0,ATR_CO,5.443,ImpfDesc,,,,ImpfDesc
25,ἀνέμοιο,ἄνεμος,n-s---mg-,GenObj.6 ,23.0,ATR,5.443,GenObj.6,,,,GenObj.6
26,",",",",u--------,,2.0,AuxX,5.443,,,,,
27,ἔγνω,γιγνώσκω,v3saia---,AorIngr,30.0,PRED_CO,5.444,AorIngr,,,,AorIngr
28,δὲ,δέ,g--------,particle indeclform,30.0,AuxY,5.444,,,,,
29,προρέοντα,προρέω,v-sppama-,"AccObj, PartAttr",27.0,AtvV,5.444,AccObj,PartAttr,,,AccObj|PartAttr
30,καὶ,καί,c--------,conj indeclform,0.0,COORD,5.444,,,,,
31,εὔξατο,εὔχομαι,v3saim---,Aor,30.0,PRED_CO,5.444,Aor,,,,Aor
32,ὃν,ἑός,a-s---ma-,"AccDirec.1 (Prep5), Pron3",34.0,ATR,5.444,,,,,
33,κατὰ,κατά,r--------,Prep5,31.0,AuxP,5.444,,,,,
34,θυμόν,θυμός,n-s---ma-,AccDirec.1 (Prep5),33.0,ADV,5.444,,,,,
35,·,·,u--------,,0.0,AuxK,5.444,,,,,
1,&quot;,&quot;,u--------,,2.0,AuxG,5.445,,,,,
2,κλῦθι,κλύω,v2sama---,ImprComm,0.0,PRED,5.445,ImprComm,,,,ImprComm
3,",",",",u--------,,4.0,AuxX,5.445,,,,,
4,ἄναξ,ἄναξ,n-s---mv-,Voc,2.0,ExD,5.445,Voc,,,,Voc
5,",",",",u--------,,7.0,AuxX,5.445,,,,,
6,ὅτις,ὅστις,p-s---mn-,"NomSubj, Pron6",7.0,PNOM,5.445,NomSubj,,,,NomSubj
7,ἐσσί,εἰμί,v2spia---,"Pres, Ind, Act",4.0,ATR,5.445,Pres,Ind,Act,,Pres|Ind|Act
8,·,·,u--------,,0.0,AuxK,5.445,,,,,
1,πολύλλιστον,πολύλλιστος,a-s---ma-,AccDirec,3.0,ATV,5.445,AccDirec,,,,AccDirec
2,δέ,δέ,g--------,particle indeclform,0.0,COORD,5.445,,,,,
3,σ',σύ,p2s----a-,AccDirec,4.0,OBJ,5.445,AccDirec,,,,AccDirec
4,ἱκάνω,ἱκάνω,v1spia---,"PresCona, Ind, Act",2.0,PRED_CO,5.445,PresCona,Ind,Act,,PresCona|Ind|Act
5,",",",",u--------,,6.0,AuxX,5.445,,,,,
6,φεύγων,φεύγω,v-sppamn-,"NomSubj, PartCirc.4",4.0,ADV,5.446,NomSubj,PartCirc.4,,,NomSubj|PartCirc.4
7,ἐκ,ἐκ,r--------,Prep3,6.0,AuxP,5.446,,,,,
8,πόντοιο,πόντος,n-s---mg-,GenSep (Prep3),7.0,OBJ,5.446,GenSep (Prep3),,,,GenSep (Prep3)
9,Ποσειδάωνος,Ποσειδεών,n-s---mg-,GenSubj,10.0,ATR,5.446,GenSubj,,,,GenSubj
10,ἐνιπάς,ἐνιπή,n-p---fa-,AccObj,6.0,OBJ,5.446,AccObj,,,,AccObj
11,.,.,u--------,,0.0,AuxK,5.446,,,,,
1,αἰδοῖος,αἰδοῖος,a-s---mn-,NomPred,4.0,PNOM,5.447,NomPred,,,,NomPred
2,μέν,μέν,g--------,particle indeclform,4.0,AuxY,5.447,,,,,
3,τ',τε,g--------,particle indeclform,4.0,AuxY,5.447,,,,,
4,ἐστὶ,εἰμί,v3spia---,"PresIter.1., Ind, Act",0.0,PRED,5.447,PresIter.1.,Ind,Act,,PresIter.1.|Ind|Act
5,καὶ,καί,d--------,conj indeclform,7.0,AuxZ,5.447,,,,,
6,ἀθανάτοισι,ἀθάνατος,a-p---md-,DatVerb,7.0,ATR,5.447,DatVerb,,,,DatVerb
7,θεοῖσιν,θεός,n-p---md-,DatVerb,4.0,OBJ,5.447,DatVerb,,,,DatVerb
8,ἀνδρῶν,ἀνήρ,n-p---mg-,GenPart,9.0,ATR,5.448,GenPart,,,,GenPart
9,ὅς,ὅς,p-s---mn-,"NomSubj, Pron8",11.0,SBJ,5.448,NomSubj,,,,NomSubj
10,τις,τις,p-s---mn-,"NomSubj, Pron6",9.0,ATR,5.448,NomSubj,,,,NomSubj
11,ἵκηται,ἱκνέομαι,v3sase---,SubjSubor,4.0,SBJ,5.448,SubjSubor,,,,SubjSubor
12,ἀλώμενος,ἀλάομαι,v-sppemn-,"NomSubj, PartCirc.3",11.0,ADV,5.448,NomSubj,PartCirc.3,,,NomSubj|PartCirc.3
13,",",",",u--------,,14.0,AuxX,5.448,,,,,
14,ὡς,ὡς,d--------,adv indeclform,24.0,ADV,5.448,,,,,
15,καὶ,καί,d--------,conj indeclform,24.0,AuxY,5.448,,,,,
16,ἐγὼ,ἐγώ,p1s---mn-,"NomSubj, Pron1",24.0,SBJ,5.448,NomSubj,,,,NomSubj
17,νῦν,νῦν,d--------,adv indeclform,24.0,ADV,5.448,,,,,
18,σόν,σός,a-s---ma-,"AccDirec, Pron1",20.0,ATR,5.449,AccDirec,,,,AccDirec
19,τε,τε,g--------,particle indeclform,22.0,AuxY,5.449,,,,,
20,ῥόον,ῥόος,n-s---ma-,AccDirec,22.0,OBJ_CO,5.449,AccDirec,,,,AccDirec
21,σά,σός,a-p---na-,"AccDirec, Pron1",23.0,ATR,5.449,AccDirec,,,,AccDirec
22,τε,τε,g--------,particle indeclform,24.0,COORD,5.449,,,,,
23,γούναθ',γόνυ,n-p---na-,AccDirec,22.0,OBJ_CO,5.449,AccDirec,,,,AccDirec
24,ἱκάνω,ἱκάνω,v1spia---,PresCona,4.0,ADV,5.449,PresCona,,,,PresCona
25,πολλὰ,πολύς,a-p---na-,AccObj,26.0,OBJ,5.449,AccObj,,,,AccObj
26,μογήσας,μογέω,v-sapamn-,"NomSubj, PartCirc.7",24.0,ADV,5.449,NomSubj,PartCirc.7,,,NomSubj|PartCirc.7
27,.,.,u--------,,0.0,AuxK,5.449,,,,,
1,ἀλλ',ἀλλά,d--------,adv indeclform,2.0,AuxY,5.45,,,,,
2,ἐλέαιρε,ἐλεαίρω,v2spma---,ImprComm,0.0,PRED,5.45,ImprComm,,,,ImprComm
3,",",",",u--------,,4.0,AuxX,5.45,,,,,
4,ἄναξ,ἄναξ,n-s---mv-,Voc,2.0,ExD,5.45,Voc,,,,Voc
5,·,·,u--------,,0.0,AuxK,5.45,,,,,
1,ἱκέτης,ἱκέτης,n-s---mn-,NomPred,5.0,PNOM,5.45,NomPred,,,,NomPred
2,δέ,δέ,g--------,particle indeclform,0.0,COORD,5.45,,,,,
3,τοι,σύ,p2s----d-,DatPos,1.0,ATR,5.45,DatPos,,,,DatPos
4,εὔχομαι,εὔχομαι,v1spie---,PresIter,2.0,PRED_CO,5.45,PresIter,,,,PresIter
5,εἶναι,εἰμί,v--pna---,InfDec,4.0,OBJ,5.45,InfDec,,,,InfDec
6,.,.,u--------,,0.0,AuxK,5.45,,,,,
7,&quot;,&quot;,u--------,,2.0,AuxG,5.45,,,,,
1,ὣς,ὡς,d--------,adv indeclform,2.0,ADV,5.451,,,,,
2,φάθ',φημί,v3saim---,AorIngr,22.0,PRED_CO,5.451,AorIngr,,,,AorIngr
3,",",",",u--------,,22.0,AuxX,5.451,,,,,
4,ὁ,ὁ,p-s---mn-,"NomSubj, Pron4",7.0,SBJ,5.451,NomSubj,,,,NomSubj
5,δ',δέ,g--------,particle indeclform,22.0,AuxY,5.451,,,,,
6,αὐτίκα,αὐτίκα,d--------,adv indeclform,7.0,ADV,5.451,,,,,
7,παῦσεν,παύω,v3saia---,AorIngr,22.0,PRED_CO,5.451,AorIngr,,,,AorIngr
8,ἑὸν,ἑός,a-s---ma-,"AccObj, Pron3",9.0,ATR,5.451,AccObj,,,,AccObj
9,ῥόον,ῥόος,n-s---ma-,AccObj,7.0,OBJ,5.451,AccObj,,,,AccObj
10,",",",",u--------,,22.0,AuxX,5.451,,,,,
11,ἔσχε,ἔχω,v3saia---,AorIngr,22.0,PRED_CO,5.451,AorIngr,,,,AorIngr
12,δὲ,δέ,g--------,particle indeclform,22.0,AuxY,5.451,,,,,
13,κῦμα,κῦμα,n-s---na-,AccObj,11.0,OBJ,5.451,AccObj,,,,AccObj
14,",",",",u--------,,22.0,AuxX,5.451,,,,,
15,πρόσθε,πρόσθεν,d--------,adv indeclform,18.0,ADV,5.452,,,,,
16,δέ,δέ,g--------,particle indeclform,22.0,AuxY,5.452,,,,,
17,οἱ,ἕ,p-s---md-,DatAdvn,18.0,OBJ,5.452,DatAdvn,,,,DatAdvn
18,ποίησε,ποιέω,v3saia---,AorIngr,22.0,PRED_CO,5.452,AorIngr,,,,AorIngr
19,γαλήνην,γαλήνη,n-s---fa-,AccObj,18.0,OBJ,5.452,AccObj,,,,AccObj
20,",",",",u--------,,22.0,AuxX,5.452,,,,,
21,τὸν,ὁ,p-s---ma-,"AccObj, Pron4",23.0,OBJ,5.452,AccObj,,,,AccObj
22,δ',δέ,g--------,particle indeclform,0.0,COORD,5.452,,,,,
23,ἐσάωσεν,σώζω,v3saia---,AorComp,22.0,PRED_CO,5.452,AorComp,,,,AorComp
24,ἐς,εἰς,r--------,Prep3,23.0,AuxP,5.453,,,,,
25,ποταμοῦ,ποταμός,n-s---mg-,GenPos,26.0,ATR,5.453,GenPos,,,,GenPos
26,προχοάς,προχοή,n-p---fa-,AccDirec.1 (Prep3),24.0,OBJ,5.453,,,,,
27,.,.,u--------,,0.0,AuxK,5.453,,,,,
1,ὁ,ὁ,p-s---mn-,"NomSubj, Pron4",6.0,SBJ,5.453,NomSubj,,,,NomSubj
2,δ',δέ,g--------,particle indeclform,0.0,COORD,5.453,,,,,
3,ἄρ',ἄρα,g--------,particle indeclform,6.0,AuxY,5.453,,,,,
4,ἄμφω,ἄμφω,a-d---na-,AccObj,5.0,ATR,5.453,AccObj,,,,AccObj
5,γούνατ',γόνυ,n-d---na-,AccObj,8.0,OBJ_CO,5.453,AccObj,,,,AccObj
6,ἔκαμψε,κάμπτω,v3saia---,Aor,2.0,PRED_CO,5.453,Aor,,,,Aor
7,χεῖράς,χείρ,n-p---fa-,AccObj,8.0,OBJ_CO,5.454,AccObj,,,,AccObj
8,τε,τε,g--------,particle indeclform,6.0,COORD,5.454,,,,,
9,στιβαράς,στιβαρός,a-p---fa-,AccObj,7.0,ATR,5.454,AccObj,,,,AccObj
10,.,.,u--------,,0.0,AuxK,5.454,,,,,
1,ἁλὶ,ἅλς,n-s---md-,DatAgent,3.0,ADV,5.454,DatAgent,,,,DatAgent
2,γὰρ,γάρ,g--------,particle indeclform,0.0,AuxC,5.454,,,,,
3,δέδμητο,δαμάζω,v3slie---,"Pperf, MidDir",2.0,PRED,5.454,Pperf,MidDir,,,Pperf|MidDir
4,φίλον,φίλος,a-s---nn-,NomSubj,5.0,ATR,5.454,NomSubj,,,,NomSubj
5,κῆρ,κῆρ,n-s---nn-,NomSubj,3.0,SBJ,5.454,NomSubj,,,,NomSubj
6,.,.,u--------,,0.0,AuxK,5.454,,,,,
1,ᾤδεε,οἰδέω,v3siia---,ImpfDesc,7.0,PRED_CO,5.455,ImpfDesc,,,,ImpfDesc
2,δὲ,δέ,g--------,particle indeclform,7.0,AuxY,5.455,,,,,
3,χρόα,χρώς,n-s---ma-,AccResp,1.0,OBJ,5.455,AccResp,,,,AccResp
4,πάντα,πᾶς,a-s---ma-,AccResp,3.0,ATR,5.455,AccResp,,,,AccResp
5,",",",",u--------,,7.0,AuxX,5.455,,,,,
6,θάλασσα,θάλασσα,n-s---fn-,NomSubj,8.0,SBJ,5.455,NomSubj,,,,NomSubj
7,δὲ,δέ,g--------,particle indeclform,0.0,COORD,5.455,,,,,
8,κήκιε,κηκίω,v3siia---,ImpfDesc,7.0,PRED_CO,5.455,ImpfDesc,,,,ImpfDesc
9,πολλὴ,πολύς,a-s---fn-,NomSubj,6.0,ATV,5.455,NomSubj,,,,NomSubj
10,ἂν,ἀνά,r--------,Prep5,8.0,AuxP,5.456,,,,,
11,στόμα,στόμα,n-s---na-,AccDirec.1 (Prep5),14.0,OBJ_CO,5.456,,,,,
12,τε,τε,g--------,particle indeclform,14.0,AuxY,5.456,,,,,
13,ῥῖνάς,ῥίς,n-p---fa-,AccDirec.1 (Prep5),14.0,OBJ_CO,5.456,,,,,
14,θ',τε,g--------,particle indeclform,10.0,COORD,5.456,,,,,
15,·,·,u--------,,0.0,AuxK,5.456,,,,,
1,ὁ,ὁ,p-s---mn-,"NomSubj, Pron4",7.0,SBJ,5.456,NomSubj,,,,NomSubj
2,δ',δέ,g--------,particle indeclform,11.0,AuxY,5.456,,,,,
3,ἄρ',ἄρα,g--------,particle indeclform,7.0,AuxY,5.456,,,,,
4,ἄπνευστος,ἄπνευστος,a-s---mn-,NomSubj,5.0,ATV_CO,5.456,NomSubj,,,,NomSubj
5,καὶ,καί,c--------,conj indeclform,1.0,COORD,5.456,,,,,
6,ἄναυδος,ἄναυδος,a-s---mn-,NomSubj,5.0,ATV_CO,5.456,NomSubj,,,,NomSubj
7,κεῖτ',κεῖμαι,v3siie---,"ImpfDesc, MidDir",11.0,PRED_CO,5.457,ImpfDesc,MidDir,,,ImpfDesc|MidDir
8,ὀλιγηπελέων,ὀλιγηπελέων,v-sppamn-,"NomSubj, PartCirc.2",7.0,ADV,5.457,NomSubj,PartCirc.2,,,NomSubj|PartCirc.2
9,",",",",u--------,,11.0,AuxX,5.457,,,,,
10,κάματος,κάματος,n-s---mn-,NomSubj,14.0,SBJ,5.457,NomSubj,,,,NomSubj
11,δέ,δέ,g--------,particle indeclform,0.0,COORD,5.457,,,,,
12,μιν,μιν,p-s---ma-,"AccObj, Pron4",14.0,OBJ,5.457,AccObj,,,,AccObj
13,αἰνὸς,αἰνός,a-s---mn-,NomSubj,10.0,ATR,5.457,NomSubj,,,,NomSubj
14,ἵκανεν,ἱκάνω,v3siia---,ImpfDesc,11.0,PRED_CO,5.457,ImpfDesc,,,,ImpfDesc
15,.,.,u--------,,0.0,AuxK,5.457,,,,,
1,ἀλλ',ἀλλά,d--------,adv indeclform,18.0,AuxY,5.458,,,,,
2,ὅτε,ὅτε,c--------,conj indeclform,18.0,AuxC,5.458,,,,,
3,δή,δή,g--------,particle indeclform,6.0,AuxY,5.458,,,,,
4,ῥ',ἄρα,g--------,particle indeclform,5.0,AuxY,5.458,,,,,
5,ἄμπνυτο,ἀναπνέω,v3saim---,"Aor, MidIndir",6.0,ADV_CO,5.458,Aor,MidIndir,,,Aor|MidIndir
6,καὶ,καί,c--------,conj indeclform,2.0,COORD,5.458,,,,,
7,ἐς,εἰς,r--------,Prep3,10.0,AuxP,5.458,,,,,
8,φρένα,φρήν,n-s---fa-,AccDirec.1 (Prep3),7.0,OBJ,5.458,,,,,
9,θυμὸς,θυμός,n-s---mn-,NomSubj,10.0,SBJ,5.458,NomSubj,,,,NomSubj
10,ἀγέρθη,ἀγείρω,v3saip---,"Aor, Pass",6.0,ADV_CO,5.458,Aor,Pass,,,Aor|Pass
11,",",",",u--------,,2.0,AuxX,5.458,,,,,
12,καὶ,καί,d--------,conj indeclform,18.0,AuxY,5.459,,,,,
13,τότε,τότε,d--------,adv indeclform,18.0,ADV,5.459,,,,,
14,δὴ,δή,g--------,particle indeclform,18.0,AuxY,5.459,,,,,
15,κρήδεμνον,κρήδεμνον,n-s---na-,AccObj,18.0,OBJ,5.459,AccObj,,,,AccObj
16,ἀπὸ,ἀπό,r--------,Prep5,18.0,AuxP,5.459,,,,,
17,ἕο,ἕ,p-s---mg-,"GenSep (Prep5), Pron3",16.0,OBJ,5.459,GenSep (Prep5),,,,GenSep (Prep5)
18,λῦσε,λύω,v3saia---,Aor,0.0,PRED,5.459,Aor,,,,Aor
19,θεοῖο,θεός,n-s---fg-,GenPos,15.0,ATR,5.459,GenPos,,,,GenPos
20,.,.,u--------,,0.0,AuxK,5.459,,,,,
1,καὶ,καί,c--------,conj indeclform,18.0,AuxY,5.46,,,,,
2,τὸ,ὁ,p-s---na-,"AccObj, Pron4",7.0,OBJ,5.46,AccObj,,,,AccObj
3,μὲν,μέν,g--------,particle indeclform,7.0,AuxY,5.46,,,,,
4,ἐς,εἰς,r--------,Prep3,7.0,AuxP,5.46,,,,,
5,ποταμὸν,ποταμός,n-s---ma-,AccDirec.1 (Prep3),4.0,OBJ,5.46,,,,,
6,ἁλιμυρήεντα,ἁλιμυρήεις,a-s---ma-,AccDirec.1 (Prep3),5.0,ATR,5.46,,,,,
7,μεθῆκεν,μεθίημι,v3saia---,AorIngr,18.0,PRED_CO,5.46,AorIngr,,,,AorIngr
8,",",",",u--------,,18.0,AuxX,5.46,,,,,
9,ἂψ,ἄψ,d--------,adv indeclform,11.0,ADV,5.461,,,,,
10,δ',δέ,g--------,particle indeclform,18.0,AuxY,5.461,,,,,
11,ἔφερεν,φέρω,v3siia---,ImpfDesc,18.0,PRED_CO,5.461,ImpfDesc,,,,ImpfDesc
12,μέγα,μέγας,a-s---nn-,NomSubj,13.0,ATR,5.461,NomSubj,,,,NomSubj
13,κῦμα,κῦμα,n-s---nn-,NomSubj,11.0,SBJ,5.461,NomSubj,,,,NomSubj
14,κατὰ,κατά,r--------,Prep5,11.0,AuxP,5.461,,,,,
15,ῥόον,ῥόος,n-s---ma-,AccDirec.1 (Prep5),14.0,OBJ,5.461,,,,,
16,",",",",u--------,,18.0,AuxX,5.461,,,,,
17,αἶψα,αἶψα,d--------,adv indeclform,21.0,ADV,5.461,,,,,
18,δ',δέ,g--------,particle indeclform,0.0,COORD,5.461,,,,,
19,ἄρ',ἄρα,g--------,particle indeclform,21.0,AuxY,5.461,,,,,
20,Ἰνὼ,Ἰνώ,n-s---fn-,NomSubj,21.0,SBJ,5.461,NomSubj,,,,NomSubj
21,δέξατο,δέχομαι,v3saim---,"AorIngr, MidIndir",18.0,PRED_CO,5.462,AorIngr,MidIndir,,,AorIngr|MidIndir
22,χερσὶ,χείρ,n-p---fd-,DatInstr,21.0,ADV,5.462,DatInstr,,,,DatInstr
23,φίλῃσιν,φίλος,a-p---fd-,DatInstr,22.0,ATR,5.462,DatInstr,,,,DatInstr
24,·,·,u--------,,0.0,AuxK,5.462,,,,,
1,ὁ,ὁ,p-s---mn-,"NomSubj, Pron4",10.0,SBJ,5.462,NomSubj,,,,NomSubj
2,δ',δέ,g--------,particle indeclform,10.0,AuxY,5.462,,,,,
3,ἐκ,ἐκ,r--------,Prep3,5.0,AuxP,5.462,,,,,
4,ποταμοῖο,ποταμός,n-s---mg-,GenSep (Prep3),3.0,OBJ,5.462,GenSep (Prep3),,,,GenSep (Prep3)
5,λιασθεὶς,λιάζομαι,v-sapemn-,"NomSubj, PartCirc.1",7.0,ADV,5.462,NomSubj,PartCirc.1,,,NomSubj|PartCirc.1
6,σχοίνῳ,σχοῖνος,n-s---md-,DatVerb,7.0,OBJ,5.463,DatVerb,,,,DatVerb
7,ὑπεκλίνθη,ὑποκλίνομαι,v3saip---,"Aor, Pass",10.0,PRED_CO,5.463,Aor,Pass,,,Aor|Pass
8,",",",",u--------,,10.0,AuxX,5.463,,,,,
9,κύσε,κυνέω,v3saia---,AorIngr,10.0,PRED_CO,5.463,AorIngr,,,,AorIngr
10,δὲ,δέ,g--------,particle indeclform,0.0,COORD,5.463,,,,,
11,ζείδωρον,ζείδωρος,a-s---fa-,AccObj,12.0,ATR,5.463,AccObj,,,,AccObj
12,ἄρουραν,ἄρουρα,n-s---fa-,AccObj,9.0,OBJ,5.463,AccObj,,,,AccObj
13,.,.,u--------,,0.0,AuxK,5.463,,,,,
1,ὀχθήσας,ὀχθέω,v-sapamn-,"NomSubj, PartCirc.4",4.0,ADV,5.464,NomSubj,PartCirc.4,,,NomSubj|PartCirc.4
2,δ',δέ,g--------,particle indeclform,0.0,COORD,5.464,,,,,
3,ἄρα,ἄρα,g--------,particle indeclform,4.0,AuxY,5.464,,,,,
4,εἶπε,εἶπον,v3saia---,Aor,2.0,PRED_CO,5.464,Aor,,,,Aor
5,πρὸς,πρός,r--------,Prep5,4.0,AuxP,5.464,,,,,
6,ὃν,ἑός,a-s---ma-,"AccDirec.1 (Prep5), Pron3",8.0,ATR,5.464,,,,,
7,μεγαλήτορα,μεγαλήτωρ,a-s---ma-,AccDirec.1 (Prep5),8.0,ATR,5.464,,,,,
8,θυμόν,θυμός,n-s---ma-,AccDirec.1 (Prep5),5.0,OBJ,5.464,,,,,
9,·,·,u--------,,0.0,AuxK,5.464,,,,,
1,&quot;,&quot;,u--------,,7.0,AuxG,5.465,,,,,
2,ὤ,ὦ,i--------,exclam indeclform,4.0,AuxZ,5.465,,,,,
3,μοι,ἐγώ,p1s---md-,DatEthic,7.0,ExD,5.465,DatEthic,,,,DatEthic
4,ἐγώ,ἐγώ,p1s---mv-,Voc,7.0,ExD,5.465,Voc,,,,Voc
5,",",",",u--------,,4.0,AuxX,5.465,,,,,
6,τί,τις,p-s---na-,"AccObj, Pron6",7.0,OBJ,5.465,AccObj,,,,AccObj
7,πάθω,πάσχω,v1sasa---,SubjHomer.1,0.0,PRED,5.465,SubjHomer.1,,,,SubjHomer.1
8,;,;,u--------,,0.0,AuxK,5.465,,,,,
1,τί,τις,p-s---nn-,"NomSubj, Pron6",5.0,SBJ,5.465,NomSubj,,,,NomSubj
2,νύ,νῦν,d--------,adv indeclform,5.0,ADV,5.465,,,,,
3,μοι,ἐγώ,p1s---md-,DatVerb,5.0,OBJ,5.465,DatVerb,,,,DatVerb
4,μήκιστα,μήκιστος,a-p---na-,AccAdv,5.0,ADV,5.465,AccAdv,,,,AccAdv
5,γένηται,γίγνομαι,v3sasm---,SubjHomer.1,0.0,PRED,5.465,SubjHomer.1,,,,SubjHomer.1
6,;,;,u--------,,0.0,AuxK,5.465,,,,,
1,εἰ,εἰ,c--------,Cond1,21.0,AuxC,5.466,,,,,
2,μέν,μέν,g--------,particle indeclform,8.0,AuxY,5.466,,,,,
3,κ',ἄν,g--------,particle indeclform,8.0,AuxZ,5.466,,,,,
4,ἐν,ἐν,r--------,Prep3,8.0,AuxP,5.466,,,,,
5,ποταμῷ,ποταμός,n-s---md-,DatLoc (Prep3),4.0,ADV,5.466,DatLoc (Prep3),,,,DatLoc (Prep3)
6,δυσκηδέα,δυσκηδής,a-s---fa-,AccTime,7.0,ATR,5.466,AccTime,,,,AccTime
7,νύκτα,νύξ,n-s---fa-,AccTime,8.0,OBJ,5.466,AccTime,,,,AccTime
8,φυλάσσω,φυλάσσω,v1spsa---,"SubjSubor (Cond1), Pres.1",1.0,ADV,5.466,SubjSubor (Cond1),Pres.1,,,SubjSubor (Cond1)|Pres.1
9,",",",",u--------,,1.0,AuxX,5.466,,,,,
10,μή,μή,d--------,Subcl3,21.0,AuxZ,5.467,,,,,
11,μ',ἐγώ,p1s---ma-,"AccObj, Pron1",21.0,OBJ,5.467,AccObj,,,,AccObj
12,ἄμυδις,ἄμυδις,d--------,adv indeclform,21.0,ADV,5.467,,,,,
13,στίβη,στίβη,n-s---fn-,NomSubj,16.0,SBJ_CO,5.467,NomSubj,,,,NomSubj
14,τε,τε,g--------,particle indeclform,16.0,AuxY,5.467,,,,,
15,κακὴ,κακός,a-s---fn-,NomSubj,13.0,ATR,5.467,NomSubj,,,,NomSubj
16,καὶ,καί,c--------,conj indeclform,21.0,COORD,5.467,,,,,
17,θῆλυς,θῆλυς,a-s---fn-,NomSubj,18.0,ATR,5.467,NomSubj,,,,NomSubj
18,ἐέρση,ἔρσα,n-s---fn-,NomSubj,16.0,SBJ_CO,5.467,NomSubj,,,,NomSubj
19,ἐξ,ἐκ,r--------,Prep1,22.0,AuxP,5.468,,,,,
20,ὀλιγηπελίης,ὀλιγηπελία,n-s---fg-,GenCaus (Prep1),19.0,ADV,5.468,GenCaus (Prep1),,,,GenCaus (Prep1)
21,δαμάσῃ,δαμάζω,v3sasa---,SubjDoubt.1 (Subcl3),0.0,PRED,5.468,,,,,
22,κεκαφηότα,κεκαφηώς,v-srpama-,"AccObj, PartCirc.7",11.0,ATV,5.468,AccObj,PartCirc.7,,,AccObj|PartCirc.7
23,θυμόν,θυμός,n-s---ma-,AccObj,22.0,OBJ,5.468,AccObj,,,,AccObj
24,·,·,u--------,,0.0,AuxK,5.468,,,,,
1,αὔρη,αὔρα,n-s---fn-,NomSubj,6.0,SBJ,5.469,NomSubj,,,,NomSubj
2,δ',δέ,g--------,particle indeclform,0.0,COORD,5.469,,,,,
3,ἐκ,ἐκ,r--------,Prep3,6.0,AuxP,5.469,,,,,
4,ποταμοῦ,ποταμός,n-s---mg-,"GenSep, Prep3",3.0,ADV,5.469,GenSep,,,,GenSep
5,ψυχρὴ,ψυχρός,a-s---fn-,NomSubj,1.0,ATR,5.469,NomSubj,,,,NomSubj
6,πνέει,πνέω,v3spia---,"PresIter, Ind, Act",2.0,PRED_CO,5.469,PresIter,Ind,Act,,PresIter|Ind|Act
7,ἠῶθι,ἠώς,n-s---fg-,"GenTime, Prep5",8.0,ADV,5.469,GenTime,,,,GenTime
8,πρό,πρό,r--------,Prep5,6.0,AuxP,5.469,,,,,
9,.,.,u--------,,0.0,AuxK,5.469,,,,,
1,εἰ,εἰ,c--------,Cond,28.0,AuxC,5.47,,,,,
2,δέ,δέ,g--------,particle indeclform,0.0,COORD,5.47,,,,,
3,κεν,ἄν,g--------,particle indeclform,23.0,AuxZ,5.47,,,,,
4,ἐς,εἰς,r--------,Prep3,6.0,AuxP,5.47,,,,,
5,κλιτὺν,κλιτύς,n-s---fa-,AccDirec.1 (Prep3),7.0,OBJ_CO,5.47,,,,,
6,ἀναβὰς,ἀναβαίνω,v-sapamn-,"NomSubj, PartCirc.3",13.0,ADV,5.47,NomSubj,PartCirc.3,,,NomSubj|PartCirc.3
7,καὶ,καί,c--------,conj indeclform,4.0,COORD,5.47,,,,,
8,δάσκιον,δάσκιος,a-s---fa-,AccDirec.1 (Prep3),9.0,ATR,5.47,,,,,
9,ὕλην,ὕλη,n-s---fa-,AccDirec.1 (Prep3),7.0,OBJ_CO,5.47,,,,,
10,θάμνοις,θάμνος,n-p---md-,DatLoc (Prep3),11.0,ADV,5.471,DatLoc (Prep3),,,,DatLoc (Prep3)
11,ἐν,ἐν,r--------,Prep3,13.0,AuxP,5.471,,,,,
12,πυκινοῖσι,πυκινός,a-p---md-,DatLoc (Prep3),10.0,ATR,5.471,DatLoc (Prep3),,,,DatLoc (Prep3)
13,καταδράθω,καταδαρθάνω,v1sasa---,SubjSubor (Cond),23.0,ADV_CO,5.471,SubjSubor (Cond),,,,SubjSubor (Cond)
14,",",",",u--------,,15.0,AuxX,5.471,,,,,
15,εἴ,εἰ,c--------,conj indeclform,13.0,AuxC,5.471,,,,,
16,με,ἐγώ,p1s---ma-,"AccObj, Pron1",17.0,OBJ,5.471,AccObj,,,,AccObj
17,μεθείη,μεθίημι,v3saoa---,OptPoten,15.0,ADV,5.471,OptPoten,,,,OptPoten
18,ῥῖγος,ῥῖγος,n-s---nn-,NomSubj,19.0,SBJ_CO,5.472,NomSubj,,,,NomSubj
19,καὶ,καί,c--------,conj indeclform,17.0,COORD,5.472,,,,,
20,κάματος,κάματος,n-s---mn-,NomSubj,19.0,SBJ_CO,5.472,NomSubj,,,,NomSubj
21,",",",",u--------,,23.0,AuxX,5.472,,,,,
22,γλυκερὸς,γλυκύς,a-s---mn-,NomSubj,25.0,ATR,5.472,NomSubj,,,,NomSubj
23,δέ,δέ,g--------,particle indeclform,1.0,COORD,5.472,,,,,
24,μοι,ἐγώ,p1s---md-,"DatVerb, Pron1",26.0,OBJ,5.472,DatVerb,,,,DatVerb
25,ὕπνος,ὕπνος,n-s---mn-,NomSubj,26.0,SBJ,5.472,NomSubj,,,,NomSubj
26,ἐπέλθῃ,ἐπέρχομαι,v3sasa---,SubjSubor (Cond),23.0,ADV_CO,5.472,SubjSubor (Cond),,,,SubjSubor (Cond)
27,",",",",u--------,,1.0,AuxX,5.472,,,,,
28,δείδω,δείδω,v1spia---,"Pres, Ind, Act",2.0,PRED_CO,5.473,Pres,Ind,Act,,Pres|Ind|Act
29,",",",",u--------,,30.0,AuxX,5.473,,,,,
30,μὴ,μή,c--------,Subcl3,28.0,AuxC,5.473,,,,,
31,θήρεσσιν,θήρ,n-p---md-,DatVerb,35.0,OBJ,5.473,DatVerb,,,,DatVerb
32,ἕλωρ,ἕλωρ,n-s---nn-,NomPred,33.0,PNOM_CO,5.473,NomPred,,,,NomPred
33,καὶ,καί,c--------,conj indeclform,35.0,COORD,5.473,,,,,
34,κύρμα,κύρμα,n-s---nn-,NomPred,33.0,PNOM_CO,5.473,NomPred,,,,NomPred
35,γένωμαι,γίγνομαι,v1sasm---,SubjDoubt.1 (Subcl3),30.0,OBJ,5.473,,,,,
36,.,.,u--------,,0.0,AuxK,5.473,,,,,
37,&quot;,&quot;,u--------,,2.0,AuxG,5.473,,,,,
1,ὣς,ὡς,d--------,adv indeclform,4.0,AuxY,5.474,,,,,
2,ἄρα,ἄρα,g--------,particle indeclform,4.0,AuxY,5.474,,,,,
3,οἱ,ἕ,p-s---md-,"DatVerb, Pron4",5.0,OBJ,5.474,DatVerb,,,,DatVerb
4,φρονέοντι,φρονέω,v-sppamd-,"DatVerb, PartCirc.1",3.0,ATV,5.474,DatVerb,PartCirc.1,,,DatVerb|PartCirc.1
5,δοάσσατο,δοάσσατο,v3saim---,AorIngr,0.0,PRED,5.474,AorIngr,,,,AorIngr
6,κέρδιον,κερδίων,a-s---nnc,NomPred,7.0,PNOM,5.474,NomPred,,,,NomPred
7,εἶναι,εἰμί,v--pna---,InfDyn,5.0,OBJ,5.474,InfDyn,,,,InfDyn
8,·,·,u--------,,0.0,AuxK,5.474,,,,,
1,βῆ,βαίνω,v3saia---,Aor,0.0,PRED,5.475,Aor,,,,Aor
2,ῥ',ἄρα,g--------,particle indeclform,1.0,AuxY,5.475,,,,,
3,ἴμεν,εἶμι,v--pna---,InfDyn,1.0,OBJ,5.475,InfDyn,,,,InfDyn
4,εἰς,εἰς,r--------,Prep3,1.0,AuxP,5.475,,,,,
5,ὕλην,ὕλη,n-s---fa-,AccDirec.1 (Prep3),4.0,OBJ,5.475,,,,,
6,·,·,u--------,,0.0,AuxK,5.475,,,,,
1,τὴν,ὁ,p-s---fa-,"AccObj, Pron4",5.0,OBJ,5.475,AccObj,,,,AccObj
2,δὲ,δέ,g--------,particle indeclform,0.0,COORD,5.475,,,,,
3,σχεδὸν,σχεδόν,r--------,Prep5,5.0,AuxP,5.475,,,,,
4,ὕδατος,ὕδωρ,n-s---ng-,GenLoc (Prep5),3.0,ADV,5.475,GenLoc (Prep5),,,,GenLoc (Prep5)
5,εὗρεν,εὑρίσκω,v3saia---,AorIngr,2.0,PRED_CO,5.475,AorIngr,,,,AorIngr
6,ἐν,ἐν,r--------,Prep3,5.0,AuxP,5.476,,,,,
7,περιφαινομένῳ,περιφαίνομαι,v-sppend-,DatLoc (Prep2),9.0,ATR,5.476,DatLoc (Prep2),,,,DatLoc (Prep2)
8,·,·,u--------,,0.0,AuxK,5.476,,,,,
1,δοιοὺς,δοιοί,a-p---ma-,AccObj,5.0,ATR,5.476,AccObj,,,,AccObj
2,δ',δέ,g--------,particle indeclform,0.0,COORD,5.476,,,,,
3,ἄρ',ἄρα,g--------,particle indeclform,4.0,AuxY,5.476,,,,,
4,ὑπήλυθε,ὑπέρχομαι,v3saia---,AorIngr,2.0,PRED_CO,5.476,AorIngr,,,,AorIngr
5,θάμνους,θάμνος,n-p---ma-,AccObj,4.0,OBJ,5.476,AccObj,,,,AccObj
6,",",",",u--------,,9.0,AuxX,5.476,,,,,
7,ἐξ,ἐκ,r--------,Prep5,9.0,AuxP,5.477,,,,,
8,ὁμόθεν,ὁμόθεν,d--------,adv indeclform,7.0,OBJ,5.477,,,,,
9,πεφυῶτας,φύω,v-prpama-,"AccObj, PartAttr",5.0,ATR,5.477,AccObj,PartAttr,,,AccObj|PartAttr
10,·,·,u--------,,0.0,AuxK,5.477,,,,,
1,ὁ,ὁ,p-s---mn-,"NomSubj, Pron4",9.0,SBJ,5.477,NomSubj,,,,NomSubj
2,μὲν,μέν,g--------,particle indeclform,6.0,AuxY,5.477,,,,,
3,φυλίης,φυλία,n-s---fg-,GenMat,9.0,PNOM,5.477,GenMat,,,,GenMat
4,",",",",u--------,,6.0,AuxX,5.477,,,,,
5,ὁ,ὁ,p-s---mn-,"NomSubj, Pron4",10.0,SBJ,5.477,NomSubj,,,,NomSubj
6,δ',δέ,g--------,particle indeclform,0.0,COORD,5.477,,,,,
7,ἐλαίης,ἐλαία,n-s---fg-,GenMat,10.0,PNOM,5.477,GenMat,,,,GenMat
8,.,.,u--------,,0.0,AuxK,5.477,,,,,
1,τοὺς,ὁ,p-p---ma-,"AccObj, Pron4",21.0,OBJ,5.478,AccObj,,,,AccObj
2,μὲν,μέν,g--------,particle indeclform,7.0,AuxY,5.478,,,,,
3,ἄρ',ἄρα,g--------,particle indeclform,7.0,AuxY,5.478,,,,,
4,οὔ,οὐ,d--------,adv indeclform,7.0,AuxZ,5.478,,,,,
5,τ',τε,g--------,particle indeclform,21.0,AuxY,5.478,,,,,
6,ἀνέμων,ἄνεμος,n-p---mg-,GenSubj,8.0,ATR,5.478,GenSubj,,,,GenSubj
7,διάη,διάημι,v3siia---,ImpfIter,21.0,PRED_CO,5.478,ImpfIter,,,,ImpfIter
8,μένος,μένος,n-s---nn-,NomSubj,7.0,SBJ,5.478,NomSubj,,,,NomSubj
9,ὑγρὸν,ὑγρός,a-s---nn-,NomSubj,8.0,ATR,5.478,NomSubj,,,,NomSubj
10,ἀέντων,ἄημι,v-pppamg-,"GenSubj, PartAttr",6.0,ATV,5.478,GenSubj,PartAttr,,,GenSubj|PartAttr
11,",",",",u--------,,21.0,AuxX,5.478,,,,,
12,οὔ,οὐ,d--------,adv indeclform,18.0,AuxZ,5.479,,,,,
13,τε,τε,g--------,particle indeclform,21.0,AuxY,5.479,,,,,
14,ποτ',ποτέ,g--------,particle indeclform,18.0,ADV,5.479,,,,,
15,ἠέλιος,ἥλιος,n-s---mn-,NomSubj,18.0,SBJ,5.479,NomSubj,,,,NomSubj
16,φαέθων,φαέθω,v-sppamn-,"NomSubj, PartCirc.3",18.0,ADV,5.479,NomSubj,PartCirc.3,,,NomSubj|PartCirc.3
17,ἀκτῖσιν,ἀκτίς,n-p---fd-,DatInstr,18.0,ADV,5.479,DatInstr,,,,DatInstr
18,ἔβαλλεν,βάλλω,v3siia---,ImpfIter,21.0,PRED_CO,5.479,ImpfIter,,,,ImpfIter
19,",",",",u--------,,21.0,AuxX,5.479,,,,,
20,οὔ,οὐ,d--------,adv indeclform,23.0,AuxZ,5.48,,,,,
21,τ',τε,g--------,particle indeclform,0.0,COORD,5.48,,,,,
22,ὄμβρος,ὄμβρος,n-s---mn-,NomSubj,23.0,SBJ,5.48,NomSubj,,,,NomSubj
23,περάασκε,περάω,v3siia---,ImpfIter.1,21.0,PRED_CO,5.48,ImpfIter.1,,,,ImpfIter.1
24,διαμπερές,διαμπερές,d--------,adv indeclform,23.0,ADV,5.48,,,,,
25,·,·,u--------,,0.0,AuxK,5.48,,,,,
1,ὣς,ὡς,d--------,adv indeclform,5.0,ADV,5.48,,,,,
2,ἄρα,ἄρα,g--------,particle indeclform,5.0,AuxY,5.48,,,,,
3,πυκνοὶ,πυκνός,a-p---mn-,NomSubj,5.0,AtvV,5.48,NomSubj,,,,NomSubj
4,ἀλλήλοισιν,ἀλλήλων,a-p---md-,DatVerb,5.0,OBJ,5.481,DatVerb,,,,DatVerb
5,ἔφυν,φύω,v3paia---,AorIngr,0.0,PRED,5.481,AorIngr,,,,AorIngr
6,ἐπαμοιβαδίς,ἐπαμοιβαδίς,d--------,adv indeclform,5.0,ADV,5.481,,,,,
7,·,·,u--------,,0.0,AuxK,5.481,,,,,
1,οὓς,ὅς,p-p---ma-,AccDirec.1 (Prep3),2.0,OBJ,5.481,,,,,
2,ὑπ',ὑπό,r--------,Prep3,4.0,AuxP,5.481,,,,,
3,Ὀδυσσεὺς,Ὀδυσσεύς,n-s---mn-,NomSubj,4.0,SBJ,5.481,NomSubj,,,,NomSubj
4,δύσετ',δύω,v3saim---,"AorIngr, MidDir",0.0,PRED,5.482,AorIngr,MidDir,,,AorIngr|MidDir
5,.,.,u--------,,0.0,AuxK,5.482,,,,,
1,ἄφαρ,ἄφαρ,d--------,adv indeclform,4.0,ADV,5.482,,,,,
2,δ',δέ,g--------,particle indeclform,0.0,COORD,5.482,,,,,
3,εὐνὴν,εὐνή,n-s---fa-,AccObj,4.0,OBJ,5.482,AccObj,,,,AccObj
4,ἐπαμήσατο,ἐπαμάω,v3saim---,"Aor, MidIndir",2.0,PRED_CO,5.482,Aor,MidIndir,,,Aor|MidIndir
5,χερσὶ,χείρ,n-p---fd-,DatInstr,4.0,ADV,5.482,DatInstr,,,,DatInstr
6,φίλῃσιν,φίλος,a-p---fd-,DatInstr,5.0,ATR,5.482,DatInstr,,,,DatInstr
7,εὐρεῖαν,εὐρύς,a-s---fa-,AccObj,3.0,ATR,5.483,AccObj,,,,AccObj
8,·,·,u--------,,0.0,AuxK,5.483,,,,,
1,φύλλων,φύλλον,n-p---ng-,GenMat,4.0,ATR,5.483,GenMat,,,,GenMat
2,γὰρ,γάρ,g--------,particle indeclform,3.0,AuxY,5.483,,,,,
3,ἔην,εἰμί,v3siia---,ImpfDesc,0.0,PRED,5.483,ImpfDesc,,,,ImpfDesc
4,χύσις,χύσις,n-s---fn-,NomSubj,3.0,SBJ,5.483,NomSubj,,,,NomSubj
5,ἤλιθα,ἤλιθα,d--------,adv indeclform,3.0,ADV,5.483,,,,,
6,πολλή,πολύς,a-s---fn-,NomPred,7.0,ATR_AP,5.483,NomPred,,,,NomPred
7,",",",",u--------,,4.0,APOS,5.483,,,,,
8,ὅσσον,ὅσος,a-s---na-,AccAdv,7.0,ATR_AP,5.484,AccAdv,,,,AccAdv
9,τ',τε,g--------,particle indeclform,8.0,AuxY,5.484,,,,,
10,ἠὲ,ἤ,c--------,conj indeclform,12.0,AuxY,5.484,,,,,
11,δύω,δύο,m--------,"AccObj, numeral indeclform",12.0,ATR_CO,5.484,AccObj,,,,AccObj
12,ἠὲ,ἤ,c--------,conj indeclform,14.0,COORD,5.484,,,,,
13,τρεῖς,τρεῖς,m--------,"AccObj, numeral indeclform",12.0,ATR_CO,5.484,AccObj,,,,AccObj
14,ἄνδρας,ἀνήρ,n-p---ma-,AccObj,15.0,OBJ,5.484,AccObj,,,,AccObj
15,ἔρυσθαι,ἐρύω2,v--pne---,InfDyn,8.0,ATR,5.484,InfDyn,,,,InfDyn
16,ὥρῃ,ὥρα,n-s---fd-,DatTime,15.0,ADV,5.485,DatTime,,,,DatTime
17,χειμερίῃ,χειμέριος,a-s---fd-,DatTime,16.0,ATR,5.485,DatTime,,,,DatTime
18,",",",",u--------,,19.0,AuxX,5.485,,,,,
19,εἰ,εἰ,c--------,conj indeclform,15.0,AuxC,5.485,,,,,
20,καὶ,καί,d--------,conj indeclform,23.0,AuxY,5.485,,,,,
21,μάλα,μάλα,d--------,adv indeclform,23.0,ADV,5.485,,,,,
22,περ,πέρ,g--------,particle indeclform,21.0,AuxZ,5.485,,,,,
23,χαλεπαίνοι,χαλεπαίνω,v3spoa---,OptPoten.1,19.0,ADV,5.485,OptPoten.1,,,,OptPoten.1
24,.,.,u--------,,0.0,AuxK,5.485,,,,,
1,τὴν,ὁ,p-s---fa-,"AccObj, Pron4",3.0,OBJ,5.486,AccObj,,,,AccObj
2,μὲν,μέν,g--------,particle indeclform,16.0,AuxY,5.486,,,,,
3,ἰδὼν,εἶδον,v-sapamn-,"NomSubj, PartCirc.4",4.0,ADV,5.486,NomSubj,PartCirc.4,,,NomSubj|PartCirc.4
4,γήθησε,γηθέω,v3saia---,Aor,16.0,PRED_CO,5.486,Aor,,,,Aor
5,πολύτλας,πολύτλας,a-s---mn-,NomSubj,7.0,ATR,5.486,NomSubj,,,,NomSubj
6,δῖος,δῖος,a-s---mn-,NomSubj,7.0,ATR,5.486,NomSubj,,,,NomSubj
7,Ὀδυσσεύς,Ὀδυσσεύς,n-s---mn-,NomSubj,16.0,SBJ,5.486,NomSubj,,,,NomSubj
8,",",",",u--------,,16.0,AuxX,5.486,,,,,
9,ἐν,ἐν,r--------,Prep3,13.0,AuxP,5.487,,,,,
10,δ',δέ,g--------,particle indeclform,16.0,AuxY,5.487,,,,,
11,ἄρα,ἄρα,g--------,particle indeclform,13.0,AuxY,5.487,,,,,
12,μέσσῃ,μέσος,a-s---fd-,DatLoc (Prep3),9.0,AtvV,5.487,DatLoc (Prep3),,,,DatLoc (Prep3)
13,λέκτο,λέγω,v3saim---,"Aor, MidDir",16.0,PRED_CO,5.487,Aor,MidDir,,,Aor|MidDir
14,",",",",u--------,,16.0,AuxX,5.487,,,,,
15,χύσιν,χύσις,n-s---fa-,AccObj,17.0,OBJ,5.487,AccObj,,,,AccObj
16,δ',δέ,g--------,particle indeclform,0.0,COORD,5.487,,,,,
17,ἐπεχεύατο,ἐπιχέω,v3saim---,"Aor, MidIndir",16.0,PRED_CO,5.487,Aor,MidIndir,,,Aor|MidIndir
18,φύλλων,φύλλον,n-p---ng-,GenMat,15.0,ATR,5.487,GenMat,,,,GenMat
19,.,.,u--------,,0.0,AuxK,5.487,,,,,
1,ὡς,ὡς,c--------,adv indeclform,34.0,ADV,5.488,,,,,
2,δ',δέ,g--------,particle indeclform,0.0,COORD,5.488,,,,,
3,ὅτε,ὅτε,c--------,conj indeclform,32.0,AuxC,5.488,,,,,
4,τις,τις,p-s---mn-,"NomSubj, Pron6",7.0,SBJ,5.488,NomSubj,,,,NomSubj
5,δαλὸν,δαλός,n-s---ma-,AccObj,7.0,OBJ,5.488,AccObj,,,,AccObj
6,σποδιῇ,σποδιά,n-s---fd-,DatVerb,7.0,ADV,5.488,DatVerb,,,,DatVerb
7,ἐνέκρυψε,ἐγκρύπτω,v3saia---,AorGnom,34.0,ADV,5.488,AorGnom,,,,AorGnom
8,μελαίνῃ,μέλας,a-s---fd-,DatVerb,6.0,ATR,5.488,DatVerb,,,,DatVerb
9,ἀγροῦ,ἀγρός,n-s---mg-,GenPart,11.0,ATR,5.489,GenPart,,,,GenPart
10,ἐπ',ἐπί,r--------,Prep3,7.0,AuxP,5.489,,,,,
11,ἐσχατιῆς,ἐσχατιά,n-s---fg-,GenLoc (Prep3),10.0,ADV,5.489,GenLoc (Prep3),,,,GenLoc (Prep3)
12,",",",",u--------,,35.0,AuxX,5.489,,,,,
13,ᾧ,ὅς,p-s---md-,"DatVerb (Prep5), Pron8",35.0,OBJ,5.489,DatVerb (Prep5),,,,DatVerb (Prep5)
14,μὴ,μή,g--------,particle indeclform,35.0,AuxZ,5.489,,,,,
15,πάρα,πάρειμι,v3ppia---,Prep5,35.0,AuxZ,5.489,,,,,
16,γείτονες,γείτων,n-p---mn-,NomSubj,35.0,SBJ,5.489,NomSubj,,,,NomSubj
17,ἄλλοι,ἄλλος,a-p---mn-,NomSubj,16.0,ATR,5.489,NomSubj,,,,NomSubj
18,",",",",u--------,,35.0,AuxX,5.489,,,,,
19,σπέρμα,σπέρμα,n-s---na-,AccObj,21.0,OBJ,5.49,AccObj,,,,AccObj
20,πυρὸς,πῦρ,n-s---ng-,GenPart,19.0,ATR,5.49,GenPart,,,,GenPart
21,σώζων,σώζω,v-sppamn-,"NomSubj, PartCirc.5",7.0,ADV,5.49,NomSubj,PartCirc.5,,,NomSubj|PartCirc.5
22,",",",",u--------,,23.0,AuxX,5.49,,,,,
23,ἵνα,ἵνα,c--------,conj indeclform,21.0,AuxC,5.49,,,,,
24,μή,μή,d--------,particle indeclform,27.0,AuxZ,5.49,,,,,
25,ποθεν,ποθεν,g--------,particle indeclform,26.0,AuxY,5.49,,,,,
26,ἄλλοθεν,ἄλλοθεν,d--------,adv indeclform,27.0,ADV,5.49,,,,,
27,αὔοι,αὔω,v3spoa---,"OptPoten.1, PresIter",23.0,ADV,5.49,OptPoten.1,PresIter,,,OptPoten.1|PresIter
28,",",",",u--------,,34.0,AuxX,5.49,,,,,
29,ὣς,ὡς,d--------,adv indeclform,32.0,ADV,5.491,,,,,
30,Ὀδυσεὺς,Ὀδυσσεύς,n-s---mn-,NomSubj,32.0,SBJ,5.491,NomSubj,,,,NomSubj
31,φύλλοισι,φύλλον,n-p---nd-,DatInstr,32.0,ADV,5.491,DatInstr,,,,DatInstr
32,καλύψατο,καλύπτω,v3saim---,"AorComp, MidDir",2.0,PRED_CO,5.491,AorComp,MidDir,,,AorComp|MidDir
33,·,·,u--------,,0.0,AuxK,5.491,,,,,
1,τῷ,ὁ,p-s---md-,"DatPos, Pron4",8.0,OBJ,5.491,DatPos,,,,DatPos
2,δ',δέ,g--------,particle indeclform,0.0,COORD,5.491,,,,,
3,ἄρ',ἄρα,g--------,particle indeclform,8.0,AuxY,5.491,,,,,
4,Ἀθήνη,Ἀθήνη,n-s---fn-,NomSubj,8.0,SBJ,5.491,NomSubj,,,,NomSubj
5,ὕπνον,ὕπνος,n-s---ma-,AccObj,8.0,OBJ,5.492,AccObj,,,,AccObj
6,ἐπ',ἐπί,r--------,Prep3,8.0,AuxP,5.492,,,,,
7,ὄμμασι,ὄμμα,n-p---nd-,DatLoc (Prep3),6.0,ADV,5.492,DatLoc (Prep3),,,,DatLoc (Prep3)
8,χεῦ',χέω,v3siia---,ImpfDesc,2.0,PRED_CO,5.492,ImpfDesc,,,,ImpfDesc
9,",",",",u--------,,10.0,AuxX,5.492,,,,,
10,ἵνα,ἵνα,c--------,conj indeclform,8.0,AuxC,5.492,,,,,
11,μιν,μιν,p-s---ma-,"AccObj, Pron4",12.0,OBJ,5.492,AccObj,,,,AccObj
12,παύσειε,παύω,v3saoa---,OptPoten.1,10.0,ADV,5.492,OptPoten.1,,,,OptPoten.1
13,τάχιστα,ταχύς,a-p---na-,AccAdv,12.0,ADV,5.492,AccAdv,,,,AccAdv
1,δυσπονέος,δυσπονής,a-s---mg-,GenVerb.1,,ATV,5.493,GenVerb.1,,,,GenVerb.1
2,καμάτοιο,κάματος,n-s---mg-,GenVerb.1,,OBJ,5.493,GenVerb.1,,,,GenVerb.1
3,φίλα,φίλος,a-p---na-,AccObj,,ATV,5.493,AccObj,,,,AccObj
4,βλέφαρ᾽,βλέφαρον,n-p---na-,AccObj,,OBJ,5.493,AccObj,,,,AccObj
5,ἀμφικαλύψας,ἀμφικαλύπτω,v-spaamn-,"NomSubj, PartCirc.3",,ADV,5.493,NomSubj,PartCirc.3,,,NomSubj|PartCirc.3
6,.,.,u--------,,0.0,AuxK,5.493,,,,,
