ref,greek,lemma,pos,didakta,rel,syn,line,didakta_1,didakta_2,didakta_3,didakta_4
1,Ἠὼς,ἠώς,n-s---fn-,NomSubj,8.0,SBJ,5.1,NomSubj,,,
2,δ',δέ,g--------,particle indeclform,0.0,COORD,5.1,particle indeclform,,,
3,ἐκ,ἐκ,r--------,Prep3,8.0,AuxP,5.1,Prep3,,,
4,λεχέων,λέχος,n-p---ng-,GenSep (Prep3),3.0,OBJ,5.1,GenSep (Prep3),,,
5,παρ',παρά,r--------,Prep5,8.0,AuxP,5.1,Prep5,,,
6,ἀγαυοῦ,ἀγαυός,a-s---mg-,GenSep (Prep5),7.0,ATR,5.1,GenSep (Prep5),,,
7,Τιθωνοῖο,Τιθωνός,n-s---mg-,GenSep (Prep5),5.0,ADV,5.1,GenSep (Prep5),,,
8,ὤρνυθ',ὄρνυμι,v3siie---,"ImpfIter, Ind, MidDir",2.0,PRED_CO,5.2,ImpfIter,Ind,MidDir,
9,",",",",u--------,,10.0,AuxX,5.2,,,,
10,ἵν',ἵνα,c--------,conj indeclform,8.0,AuxC,5.2,conj indeclform,,,
11,ἀθανάτοισι,ἀθάνατος,a-p---md-,DatVerb,14.0,OBJ_CO,5.2,DatVerb,,,
12,φόως,φόως,n-s---na-,DatVerb,13.0,OBJ,5.2,DatVerb,,,
13,φέροι,φέρω,v3spoa---,AorNoni,10.0,ADV,5.2,AorNoni,,,
14,ἠδὲ,ἠδέ,c--------,conj indeclform,13.0,COORD,5.2,conj indeclform,,,
15,βροτοῖσιν,βροτός,n-p---md-,DatVerb,14.0,OBJ_CO,5.2,DatVerb,,,
16,·,·,u--------,,0.0,AuxK,5.2,,,,
1,οἱ,ὁ,l-p---mn-,"NomSubj, ArtSubs",3.0,ATR,5.3,NomSubj,ArtSubs,,
2,δὲ,δέ,g--------,particle indeclform,8.0,AuxY,5.3,particle indeclform,,,
3,θεοὶ,θεός,n-p---mn-,NomSubj,5.0,SBJ,5.3,NomSubj,,,
4,θῶκόνδε,θᾶκος,d--------,AccDirec.1,5.0,OBJ,5.3,AccDirec.1,,,
5,καθίζανον,καθιζάνω,v3piia---,"ImpfIter, Ind, Act",8.0,PRED_CO,5.3,ImpfIter,Ind,Act,
6,",",",",u--------,,8.0,AuxX,5.3,,,,
7,ἐν,ἐν,r--------,Prep5,8.0,AuxP,5.3,Prep5,,,
8,δ',δέ,g--------,particle indeclform,0.0,COORD,5.3,particle indeclform,,,
9,ἄρα,ἄρα,g--------,particle indeclform,20.0,AuxY,5.3,particle indeclform,,,
10,τοῖσι,ὁ,p-p---md-,"DatLoc (Prep3), Pron4",20.0,ADV,5.3,DatLoc (Prep3),Pron4,,
11,Ζεὺς,Ζεύς,n-s---mn-,NomSubj,20.0,SBJ,5.4,NomSubj,,,
12,ὑψιβρεμέτης,ὑψιβρεμέτης,n-s---mn-,NomSubj,11.0,ATR,5.4,NomSubj,,,
13,",",",",u--------,,17.0,AuxX,5.4,,,,
14,οὗ,ἕ,p-s---mg-,"GenPos, Pron8",16.0,ATR,5.4,GenPos,Pron8,,
15,τε,τε,g--------,particle indeclform,17.0,AuxY,5.4,particle indeclform,,,
16,κράτος,κράτος,n-s---nn-,NomSubj,17.0,SBJ,5.4,NomSubj,,,
17,ἐστὶ,εἰμί,v3spia---,"PresIter.1., Ind, Act",11.0,ATR,5.4,PresIter.1.,Ind,Act,
18,μέγιστον,μέγας,a-s---nn-,NomPred,17.0,PNOM,5.4,NomPred,,,
19,.,.,u--------,,0.0,AuxK,5.4,,,,
1,τοῖσι,ὁ,p-p---md-,DatVerb,4.0,OBJ,5.5,DatVerb,,,
2,δ',δέ,g--------,particle indeclform,0.0,COORD,5.5,particle indeclform,,,
3,Ἀθηναίη,Ἀθήνη,n-s---fn-,NomSubj,4.0,SBJ,5.5,NomSubj,,,
4,λέγε,λέγω,v3siia---,"ImpfCons, Ind, Act",2.0,PRED_CO,5.5,ImpfCons,Ind,Act,
5,κήδεα,κῆδος,n-p---na-,AccObj,4.0,OBJ,5.5,AccObj,,,
6,πόλλ',πολύς,a-p---na-,AccObj,5.0,ATR,5.5,AccObj,,,
7,Ὀδυσῆος,̓ὀδυσσεύς,n-s---mg-,GenSubj,5.0,ATR,5.5,GenSubj,,,
8,μνησαμένη,μιμνήσκω,v-sapmfn-,"NomSubj, PartCirc.3",4.0,ADV,5.6,NomSubj,PartCirc.3,,
9,·,·,u--------,,0.0,AuxK,5.6,,,,
1,μέλε,μέλω,v3siia---,"Impf, Ind, Act",0.0,PRED,5.6,Impf,Ind,Act,
2,γάρ,γάρ,g--------,particle indeclform,1.0,AuxY,5.6,particle indeclform,,,
3,οἱ,ἕ,p-s---fd-,DatPos,1.0,OBJ,5.6,DatPos,,,
4,ἐὼν,εἰμί,v-sppamn-,"NomSubj, PartCirc.4",1.0,ADV,5.6,NomSubj,PartCirc.4,,
5,ἐν,ἐν,r--------,DatLoc prep,4.0,AuxP,5.6,DatLoc prep,,,
6,δώμασι,δῶμα,n-p---nd-,DatLoc w/ prep,5.0,ADV,5.6,DatLoc w/ prep,,,
7,νύμφης,νύμφη,n-s---fg-,GenPos,6.0,ATR,5.6,GenPos,,,
8,·,·,u--------,,0.0,AuxK,5.6,,,,
1,&quot;,&quot;,u--------,,33.0,AuxG,5.7,,,,
2,Ζεῦ,Ζεύς,n-s---mv-,Voc,4.0,ExD_CO,5.7,Voc,,,
3,πάτερ,πατήρ,n-s---mv-,Voc,2.0,ATR,5.7,Voc,,,
4,ἠδ',ἠδέ,c--------,conj indeclform,33.0,COORD,5.7,conj indeclform,,,
5,ἄλλοι,ἄλλος,a-p---mv-,NomSubj,7.0,ATR,5.7,NomSubj,,,
6,μάκαρες,μάκαρ,n-p---mv-,NomSubj,7.0,ATR,5.7,NomSubj,,,
7,θεοὶ,θεός,n-p---mv-,NomSubj,4.0,ExD_CO,5.7,NomSubj,,,
8,αἰὲν,ἀεί,d--------,adv indeclform,9.0,ADV,5.7,adv indeclform,,,
9,ἐόντες,εἰμί,v-pppamv-,"NomSubj, PartAttr",7.0,ATR,5.7,NomSubj,PartAttr,,
10,",",",",u--------,,4.0,AuxX,5.7,,,,
11,μή,μή,d--------,ImprComm (mh),18.0,AuxZ,5.8,ImprComm (mh),,,
12,τις,τις,p-s---mn-,"NomSubj, Pron6",20.0,ATR,5.8,NomSubj,Pron6,,
13,ἔτι,ἔτι,d--------,adv indeclform,18.0,ADV,5.8,adv indeclform,,,
14,πρόφρων,πρόφρων,a-s---mn-,NomPred-- adverbial force,20.0,ATR,5.8,NomPred-- adverbial force,,,
15,ἀγανὸς,ἀγανός,a-s---mn-,NomPred,16.0,PNOM_CO,5.8,NomPred,,,
16,καὶ,καί,c--------,conj indeclform,18.0,COORD,5.8,conj indeclform,,,
17,ἤπιος,ἤπιος,a-s---mn-,NomPred,16.0,PNOM_CO,5.8,NomPred,,,
18,ἔστω,εἰμί,v3spma---,ImprCommd,33.0,PRED_CO,5.8,ImprCommd,,,
19,σκηπτοῦχος,σκηπτοῦχος,a-s---mn-,NomSubj,20.0,ATR,5.9,NomSubj,,,
20,βασιλεύς,βασιλεύς,n-s---mn-,NomSubj,33.0,SBJ,5.9,NomSubj,,,
21,",",",",u--------,,33.0,AuxX,5.9,,,,
22,μη,μή,g--------,ImprComm (mh),37.0,AuxZ,5.9,ImprComm (mh),,,
23,δὲ,δέ,g--------,particle indeclform,33.0,AuxY,5.9,particle indeclform,,,
24,φρεσὶν,φρήν,n-p----d-,DatLoca,37.0,ADV,5.9,DatLoca,,,
25,αἴσιμα,αἴσιμος,a-p---na-,AccObj,26.0,OBJ,5.9,AccObj,,,
26,εἰδώς,οἶδα,v-srpamn-,"NomSubj, PartAttr",37.0,PNOM,5.9,NomSubj,PartAttr,,
27,",",",",u--------,,33.0,AuxX,5.9,,,,
28,ἀλλ',ἀλλά,c--------,adv indeclform,33.0,AuxY,5.1,adv indeclform,,,
29,αἰεὶ,ἀεί,d--------,adv indeclform,32.0,ADV,5.1,adv indeclform,,,
30,χαλεπός,χαλεπός,a-s---mn-,NomPred,32.0,PNOM,5.1,NomPred,,,
31,τ',τε,g--------,particle indeclform,33.0,AuxY,5.1,particle indeclform,,,
32,εἴη,εἰμί,v3spoa---,OptComm,33.0,PRED_CO,5.1,OptComm,,,
33,καὶ,καί,c--------,conj indeclform,0.0,COORD,5.1,conj indeclform,,,
34,αἴσυλα,αἴσυλος,a-p---na-,AccObj,35.0,OBJ,5.1,AccObj,,,
35,ῥέζοι,ῥέζω,v3spoa---,OptComm,33.0,PRED_CO,5.1,OptComm,,,
36,·,·,u--------,,0.0,AuxK,5.1,,,,
1,ὡς,ὡς,c--------,conj indeclform,4.0,ADV,5.11,conj indeclform,,,
2,οὔ,οὐ,d--------,adv indeclform,3.0,AuxZ,5.11,adv indeclform,,,
3,τις,τις,p-s---mn-,"NomSubj, Pron6",4.0,SBJ,5.11,NomSubj,Pron6,,
4,μέμνηται,μιμνήσκω,v3srie---,"Perf, MidMent",12.0,PRED_CO,5.11,Perf,MidMent,,
5,Ὀδυσσῆος,̓ὀδυσσεύς,n-s---mg-,GenVerb.9,4.0,OBJ,5.11,GenVerb.9,,,
6,θείοιο,θεῖος,a-s---mg-,GenVerb.9,5.0,ATR,5.11,GenVerb.9,,,
7,λαῶν,λαός,n-p---mg-,GenPart,3.0,ATR,5.12,GenPart,,,
8,οἷσιν,ὅς,p-p---md-,"DatAdvn, Pron8",9.0,OBJ,5.12,DatAdvn,Pron8,,
9,ἄνασσε,ἀνάσσω,v3siia---,ImpfDesc,7.0,ATR,5.12,ImpfDesc,,,
10,",",",",u--------,,12.0,AuxX,5.12,,,,
11,πατὴρ,πατήρ,n-s---mn-,NomPred,17.0,ADV,5.12,NomPred,,,
12,δ',δέ,g--------,particle indeclform,0.0,COORD,5.12,particle indeclform,,,
13,ὣς,ὡς,d--------,adv indeclform,17.0,ADV,5.12,adv indeclform,,,
14,ἤπιος,ἤπιος,a-s---mn-,NomPred,15.0,PNOM,5.12,NomPred,,,
15,ἦεν,εἰμί,v3siia---,ImpfDesc,12.0,PRED_CO,5.12,ImpfDesc,,,
16,.,.,u--------,,0.0,AuxK,5.12,,,,
1,ἀλλ',ἀλλά,d--------,adv indeclform,6.0,AuxY,5.13,adv indeclform,,,
2,ὁ,ὁ,p-s---mn-,"NomSubj, Pron4",6.0,SBJ,5.13,NomSubj,Pron4,,
3,μὲν,μέν,g--------,particle indeclform,6.0,AuxY,5.13,particle indeclform,,,
4,ἐν,ἐν,r--------,Prep5,6.0,AuxP,5.13,Prep5,,,
5,νήσῳ,νῆσος,n-s---fd-,DatLoc (Prep5),4.0,ADV,5.13,DatLoc (Prep5),,,
6,κεῖται,κεῖμαι,v3spie---,"Pres, MidDir",0.0,PRED,5.13,Pres,MidDir,,
7,κρατέρ',κρατερός,a-p---na-,AccObj,8.0,ATR,5.13,AccObj,,,
8,ἄλγεα,ἄλγος,n-p---na-,AccObj,9.0,OBJ,5.13,AccObj,,,
9,πάσχων,πάσχω,v-sppamn-,"NomSubj, PartCirc.1",6.0,ADV,5.13,NomSubj,PartCirc.1,,
10,νύμφης,νύμφη,n-s---fg-,GenPos,13.0,ATR,5.14,GenPos,,,
11,ἐν,ἐν,r--------,Prep3,6.0,AuxP,5.14,Prep3,,,
12,μεγάροισι,μέγαρον,n-p---nd-,DatLoc (Prep3),11.0,ADV,5.14,DatLoc (Prep3),,,
13,Καλυψοῦς,Καλυψώ,n-s---fg-,GenPos,12.0,ATR,5.14,GenPos,,,
14,",",",",u--------,,18.0,AuxX,5.14,,,,
15,ἥ,ὅς,p-s---fn-,"NomSubj, Pron8",18.0,SBJ,5.14,NomSubj,Pron8,,
16,μιν,μιν,p-s---ma-,"AccObj, Pron4",18.0,OBJ,5.14,AccObj,Pron4,,
17,ἀνάγκῃ,ἀνάγκη,n-s---fd-,DatInstr,18.0,ADV,5.14,DatInstr,,,
18,ἴσχει,ἴσχω,v3spia---,"Pres, Ind, Act",13.0,ATR,5.15,Pres,Ind,Act,
19,·,·,u--------,,0.0,AuxK,5.15,,,,
1,ὁ,ὁ,p-s---mn-,"NomSubj, Pron4",4.0,SBJ,5.15,NomSubj,Pron4,,
2,δ',δέ,g--------,particle indeclform,0.0,COORD,5.15,particle indeclform,,,
3,οὐ,οὐ,d--------,adv indeclform,4.0,AuxZ,5.15,adv indeclform,,,
4,δύναται,δύναμαι,v3spie---,"PresCona, MidIndir",2.0,PRED_CO,5.15,PresCona,MidIndir,,
5,ἣν,ἑός,a-s---fa-,"AccDirec, Pron3",7.0,ATR,5.15,AccDirec,Pron3,,
6,πατρίδα,πατρίς,a-s---fa-,AccDirec,7.0,ATR,5.15,AccDirec,,,
7,γαῖαν,γαῖα,n-s---fa-,AccDirec,8.0,OBJ,5.15,AccDirec,,,
8,ἱκέσθαι,ἱκνέομαι,v--anm---,InfDyn,4.0,OBJ,5.15,InfDyn,,,
9,·,·,u--------,,0.0,AuxK,5.15,,,,
1,οὐ,οὐ,d--------,adv indeclform,19.0,AuxZ,5.16,adv indeclform,,,
2,γάρ,γάρ,g--------,particle indeclform,19.0,AuxY,5.16,particle indeclform,,,
3,οἱ,ἕ,p-s---md-,DatVerb (Prep5),19.0,OBJ,5.16,DatVerb (Prep5),,,
4,πάρα,παρά,r--------,Prep5,19.0,AuxZ,5.16,Prep5,,,
5,νῆες,ναῦς,n-p---fn-,NomSubj,19.0,SBJ_CO,5.16,NomSubj,,,
6,ἐπήρετμοι,ἐπήρετμος,a-p---fn-,NomSubj,5.0,ATR,5.16,NomSubj,,,
7,καὶ,καί,c--------,conj indeclform,0.0,COORD,5.16,conj indeclform,,,
8,ἑταῖροι,ἑταῖρος,n-p---mn-,NomSubj,19.0,SBJ_CO,5.16,NomSubj,,,
9,",",",",u--------,,13.0,AuxX,5.16,,,,
10,οἵ,ὅς,p-p---mn-,"NomSubj, Pron8",13.0,SBJ,5.17,NomSubj,Pron8,,
11,κέν,ἄν,g--------,OptPoten (an),13.0,AuxZ,5.17,OptPoten (an),,,
12,μιν,μιν,p-s---ma-,"AccObj, Pron4",13.0,OBJ,5.17,AccObj,Pron4,,
13,πέμποιεν,πέμπω,v3ppoa---,OptPoten,8.0,ATR,5.17,OptPoten,,,
14,ἐπ',ἐπί,r--------,Prep5,13.0,AuxP,5.17,Prep5,,,
15,εὐρέα,εὐρύς,a-p---na-,AccDirec.1 (Prep5),16.0,ATR,5.17,AccDirec.1 (Prep5),,,
16,νῶτα,νῶτον,n-p---na-,AccDirec.1 (Prep5),14.0,OBJ,5.17,AccDirec.1 (Prep5),,,
17,θαλάσσης,θάλασσα,n-s---fg-,GenPart,16.0,ATR,5.17,GenPart,,,
18,.,.,u--------,,0.0,AuxK,5.17,,,,
1,νῦν,νῦν,d--------,adv indeclform,6.0,ADV,5.18,adv indeclform,,,
2,αὖ,αὖ,d--------,adv indeclform,6.0,AuxY,5.18,adv indeclform,,,
3,παῖδ',παῖς,n-s---ma-,AccObj,5.0,OBJ,5.18,AccObj,,,
4,ἀγαπητὸν,ἀγαπητός,a-s---ma-,AccObj,3.0,ATR,5.18,AccObj,,,
5,ἀποκτεῖναι,ἀποκτείνω,v--ana---,InfDyn,6.0,OBJ,5.18,InfDyn,,,
6,μεμάασιν,μέμαα,v3pria---,Perf,0.0,PRED,5.18,Perf,,,
7,οἴκαδε,οἴκαδε,d--------,AccDirec.1,8.0,OBJ,5.19,AccDirec.1,,,
8,νισόμενον,νίσσομαι,v-sapmma-,PartCirc.1,3.0,ATV,5.19,PartCirc.1,,,
9,·,·,u--------,,0.0,AuxK,5.19,,,,
1,ὁ,ὁ,p-s---mn-,"NomSubj, Pron4",3.0,SBJ,5.19,NomSubj,Pron4,,
2,δ',δέ,g--------,particle indeclform,0.0,COORD,5.19,particle indeclform,,,
3,ἔβη,βαίνω,v3saia---,Aor,2.0,PRED_CO,5.19,Aor,,,
4,μετὰ,μετά,r--------,Prep5,3.0,AuxP,5.19,Prep5,,,
5,πατρὸς,πατήρ,n-s---mg-,GenObj,6.0,ATR,5.19,GenObj,,,
6,ἀκουὴν,ἀκουή,n-s---fa-,AccDirec.1 (Prep5),4.0,ADV,5.19,AccDirec.1 (Prep5),,,
7,ἐς,εἰς,r--------,Prep3,10.0,AuxP,5.2,Prep3,,,
8,Πύλον,Πύλος,n-s---fa-,AccDirec.1 (Prep3),7.0,OBJ_CO,5.2,AccDirec.1 (Prep3),,,
9,ἠγαθέην,ἠγάθεος,a-s---fa-,AccDirec.1 (Prep3),8.0,ATR,5.2,AccDirec.1 (Prep3),,,
10,ἠδ',ἠδέ,c--------,conj indeclform,3.0,COORD,5.2,conj indeclform,,,
11,ἐς,εἰς,r--------,Prep3,10.0,AuxP,5.2,Prep3,,,
12,Λακεδαίμονα,Λακεδαίμων,n-s---fa-,AccDirec.1 (Prep3),11.0,OBJ_CO,5.2,AccDirec.1 (Prep3),,,
13,δῖαν,δῖος,a-s---fa-,AccDirec.1 (Prep3),12.0,ATR,5.2,AccDirec.1 (Prep3),,,
14,.,.,u--------,,0.0,AuxK,5.2,,,,
15,&quot;,&quot;,u--------,,2.0,AuxG,5.2,,,,
1,τὴν,ὁ,p-s---fa-,"AccObj.3b, Pron4",4.0,OBJ,5.21,AccObj.3b,Pron4,,
2,δ',δέ,g--------,particle indeclform,0.0,COORD,5.21,particle indeclform,,,
3,ἀπαμειβόμενος,ἀπαμείβομαι,v-sppemn-,PartCirc.5,4.0,ADV,5.21,PartCirc.5,,,
4,προσέφη,πρόσφημι,v3siia---,Aor,2.0,PRED_CO,5.21,Aor,,,
5,νεφεληγερέτα,νεφεληγερέτα,n-s---mn-,NomSubj,6.0,ATR,5.21,NomSubj,,,
6,Ζεύς,Ζεύς,n-s---mn-,NomSubj,4.0,SBJ,5.21,NomSubj,,,
7,·,·,u--------,,0.0,AuxK,5.21,,,,
1,&quot;,&quot;,u--------,,8.0,AuxG,5.22,,,,
2,τέκνον,τέκνον,n-s---nv-,Voc,8.0,ExD,5.22,Voc,,,
3,ἐμόν,ἐμός,a-s---nv-,"Voc, Pron1",2.0,ATR,5.22,Voc,Pron1,,
4,",",",",u--------,,2.0,AuxX,5.22,,,,
5,ποῖόν,ποῖος,a-s---nn-,NomSubj,7.0,ATR,5.22,NomSubj,,,
6,σε,σύ,p2s----a-,"AccObj, Pron1",8.0,OBJ,5.22,AccObj,Pron1,,
7,ἔπος,ἔπος,n-s---nn-,NomSubj,8.0,SBJ,5.22,NomSubj,,,
8,φύγεν,φεύγω,v3saia---,AorIngr,0.0,PRED,5.22,AorIngr,,,
9,ἕρκος,ἕρκος,n-s---na-,AccObj,8.0,OBJ,5.22,AccObj,,,
10,ὀδόντων,ὀδούς,n-p---mg-,GenMat,9.0,ATR,5.22,GenMat,,,
11,.,.,u--------,,0.0,AuxK,5.22,,,,
1,οὐ,οὐ,d--------,adv indeclform,6.0,AuxZ,5.23,adv indeclform,,,
2,γὰρ,γάρ,g--------,particle indeclform,6.0,AuxY,5.23,particle indeclform,,,
3,δὴ,δή,g--------,particle indeclform,6.0,AuxY,5.23,particle indeclform,,,
4,τοῦτον,οὗτος,a-s---ma-,"AccObj, Pron4",7.0,ATR,5.23,AccObj,Pron4,,
5,μὲν,μέν,g--------,particle indeclform,6.0,AuxY,5.23,particle indeclform,,,
6,ἐβούλευσας,βουλεύω,v2saia---,AorIngr,0.0,PRED,5.23,AorIngr,,,
7,νόον,νόος,n-s---ma-,AccObj,6.0,OBJ,5.23,AccObj,,,
8,αὐτή,αὐτός,a-s---fn-,Pron2.1a,6.0,AtvV,5.23,Pron2.1a,,,
9,",",",",u--------,,10.0,AuxX,5.23,,,,
10,ὡς,ὡς,c--------,conj indeclform,6.0,AuxC,5.24,conj indeclform,,,
11,ἦ,ἦ,d--------,adv indeclform,15.0,AuxY,5.24,adv indeclform,,,
12,τοι,τοι,g--------,particle indeclform,15.0,AuxY,5.24,particle indeclform,,,
13,κείνους,ἐκεῖνος,a-p---ma-,"AccObj.3b, Pron4",15.0,OBJ,5.24,AccObj.3b,Pron4,,
14,Ὀδυσεὺς,Ὀδυσσεύς,n-s---mn-,NomSubj,15.0,SBJ,5.24,NomSubj,,,
15,ἀποτίσεται,ἀποτίνω,v3sasm---,Fut,10.0,OBJ,5.24,Fut,,,
16,ἐλθών,ἔρχομαι,v-sapamn-,"NomSubj, PartCirc.1",15.0,ADV,5.24,NomSubj,PartCirc.1,,
17,;,;,u--------,,0.0,AuxK,5.24,,,,
1,Τηλέμαχον,Τηλέμαχος,n-s---ma-,AccObj,4.0,OBJ,5.25,AccObj,,,
2,δὲ,δέ,g--------,particle indeclform,0.0,COORD,5.25,particle indeclform,,,
3,σὺ,σύ,p2s----n-,"NomSubj, Pron1",4.0,SBJ,5.25,NomSubj,Pron1,,
4,πέμψον,πέμπω,v2sama---,"AorDram, ImprComm",2.0,PRED_CO,5.25,AorDram,ImprComm,,
5,ἐπισταμένως,ἐπισταμένως,d--------,adv indeclform,4.0,ADV,5.25,adv indeclform,,,
6,",",",",u--------,,7.0,AuxX,5.25,,,,
7,δύνασαι,δύναμαι,v2spie---,"Pres, Ind, MidIndir",4.0,ExD,5.25,Pres,Ind,MidIndir,
8,γάρ,γάρ,g--------,particle indeclform,7.0,AuxY,5.25,particle indeclform,,,
9,",",",",u--------,,10.0,AuxX,5.25,,,,
10,ὥς,ὡς,c--------,conj indeclform,4.0,AuxC,5.26,conj indeclform,,,
11,κε,ἄν,g--------,Subcl4,17.0,AuxZ,5.26,Subcl4,,,
12,μάλ',μάλα,d--------,adv indeclform,13.0,AuxZ,5.26,adv indeclform,,,
13,ἀσκηθὴς,ἀσκηθής,a-s---mn-,NomSubj,17.0,AtvV,5.26,NomSubj,,,
14,ἣν,ἑός,a-s---fa-,"AccDirec, Pron3",16.0,ATR,5.26,AccDirec,Pron3,,
15,πατρίδα,πατρίς,a-s---fa-,AccDirec,16.0,ATR,5.26,AccDirec,,,
16,γαῖαν,γαῖα,n-s---fa-,AccDirec,17.0,OBJ,5.26,AccDirec,,,
17,ἵκηται,ἱκνέομαι,v3sase---,Subj (Subcl4),20.0,ADV_CO,5.26,Subj (Subcl4),,,
18,",",",",u--------,,20.0,AuxX,5.26,,,,
19,μνηστῆρες,μνηστήρ,n-p---mn-,NomSubj,24.0,SBJ,5.27,NomSubj,,,
20,δ',δέ,g--------,particle indeclform,10.0,COORD,5.27,particle indeclform,,,
21,ἐν,ἐν,r--------,Prep5,20.0,AuxP,5.27,Prep5,,,
22,νηῒ,ναῦς,n-s---fd-,DatLoc (Prep5),24.0,ADV,5.27,DatLoc (Prep5),,,
23,παλιμπετὲς,παλιμπετής,a-s---na-,AccAdv,24.0,ADV,5.27,AccAdv,,,
24,ἀπονέωνται,ἀπονέω,v3ppse---,Subj (Subcl4),20.0,ADV_CO,5.27,Subj (Subcl4),,,
25,.,.,u--------,,0.0,AuxK,5.27,,,,
26,&quot;,&quot;,u--------,,2.0,AuxG,5.27,,,,
1,ἦ,ἠμί,v3siia---,adv indeclform,3.0,PRED_CO,5.28,adv indeclform,,,
2,ῥα,ἄρα,g--------,particle indeclform,1.0,AuxY,5.28,particle indeclform,,,
3,καὶ,καί,c--------,conj indeclform,0.0,COORD,5.28,conj indeclform,,,
4,Ἑρμείαν,Ἑρμῆς,n-s---ma-,AccObj,5.0,OBJ_AP,5.28,AccObj,,,
5,",",",",u--------,,10.0,APOS,5.28,,,,
6,υἱὸν,υἱός,n-s---ma-,AccObj,5.0,OBJ_AP,5.28,AccObj,,,
7,φίλον,φίλος,a-s---ma-,AccObj,6.0,ATR,5.28,AccObj,,,
8,",",",",u--------,,5.0,AuxX,5.28,,,,
9,ἀντίον,ἀντίος,a-s---na-,NomSubj,10.0,ADV,5.28,NomSubj,,,
10,ηὔδα,αὐδάω,v3siia---,Aor,3.0,PRED_CO,5.28,Aor,,,
11,·,·,u--------,,0.0,AuxK,5.28,,,,
1,&quot;,&quot;,u--------,,16.0,AuxG,5.29,,,,
2,Ἑρμεία,Ἑρμῆς,n-s---mv-,Voc,16.0,ExD,5.29,Voc,,,
3,",",",",u--------,,2.0,AuxX,5.29,,,,
4,σὺ,σύ,p2s----n-,"NomSubj, Pron1",12.0,SBJ,5.29,NomSubj,Pron1,,
5,γὰρ,γάρ,g--------,particle indeclform,12.0,AuxY,5.29,particle indeclform,,,
6,αὖτε,αὖτε,d--------,adv indeclform,12.0,AuxY,5.29,adv indeclform,,,
7,τά,ὁ,l--------,"AccResp, ArtSubs",9.0,ATR,5.29,AccResp,ArtSubs,,
8,τ',τε,g--------,particle indeclform,12.0,AuxY,5.29,particle indeclform,,,
9,ἄλλα,ἄλλος,a-p---na-,AccResp,12.0,ADV,5.29,AccResp,,,
10,περ,πέρ,g--------,particle indeclform,9.0,AuxZ,5.29,particle indeclform,,,
11,ἄγγελός,ἄγγελος,n-s---mn-,NomPred,12.0,PNOM,5.29,NomPred,,,
12,ἐσσι,εἰμί,v2spia---,"PresIter, Ind, Act",16.0,ExD,5.29,PresIter,Ind,Act,
13,",",",",u--------,,12.0,AuxX,5.29,,,,
14,νύμφῃ,νύμφη,n-s---fd-,DatVerb,16.0,OBJ,5.3,DatVerb,,,
15,ἐυπλοκάμῳ,εὐπλόκαμος,a-s---fd-,DatVerb,14.0,ATR,5.3,DatVerb,,,
16,εἰπεῖν,εἶπον,v--ana---,InfComm,0.0,PRED,5.3,InfComm,,,
17,νημερτέα,νημερτής,a-s---fa-,AccObj,18.0,ATR,5.3,AccObj,,,
18,βουλήν,βουλή,n-s---fa-,AccObj,19.0,OBJ_AP,5.3,AccObj,,,
19,",",",",u--------,,16.0,APOS,5.3,,,,
20,νόστον,νόστος,n-s---ma-,AccResp,19.0,OBJ_AP,5.31,AccResp,,,
21,Ὀδυσσῆος,Ὀδυσσεύς,n-s---mg-,GenSubj,20.0,ATR,5.31,GenSubj,,,
22,ταλασίφρονος,ταλασίφρων,a-s---mg-,GenSubj,21.0,ATR,5.31,GenSubj,,,
23,",",",",u--------,,24.0,AuxX,5.31,,,,
24,ὥς,ὡς,c--------,conj indeclform,16.0,AuxC,5.31,conj indeclform,,,
25,κε,ἄν,g--------,Subcl4,26.0,AuxZ,5.31,Subcl4,,,
26,νέηται,νέομαι,v3spse---,Subj (Subcl4),24.0,ADV,5.31,Subj (Subcl4),,,
27,οὔ,οὐ,d--------,adv indeclform,29.0,AuxZ,5.32,adv indeclform,,,
28,τε,τε,g--------,particle indeclform,32.0,AuxY,5.32,particle indeclform,,,
29,θεῶν,θεός,n-p---mg-,GenSubj,32.0,ATR_CO,5.32,GenSubj,,,
30,πομπῇ,πομπή,n-s---fd-,DatInstr,26.0,ADV,5.32,DatInstr,,,
31,οὔ,οὐ,d--------,adv indeclform,34.0,AuxZ,5.32,adv indeclform,,,
32,τε,τε,g--------,particle indeclform,30.0,COORD,5.32,particle indeclform,,,
33,θνητῶν,θνητός,a-p---mg-,GenSubj,34.0,ATR,5.32,GenSubj,,,
34,ἀνθρώπων,ἄνθρωπος,n-p---mg-,GenSubj,32.0,ATR_CO,5.32,GenSubj,,,
35,·,·,u--------,,0.0,AuxK,5.32,,,,
1,ἀλλ',ἀλλά,c--------,adv indeclform,14.0,AuxY,5.33,adv indeclform,,,
2,ὅ,ὁ,p-s---mn-,"NomSubj, Pron4",14.0,SBJ,5.33,NomSubj,Pron4,,
3,γ',γε,g--------,particle indeclform,2.0,AuxZ,5.33,particle indeclform,,,
4,ἐπὶ,ἐπί,r--------,Prep5,14.0,AuxP,5.33,Prep5,,,
5,σχεδίης,σχεδία,n-s---fg-,GenTime.1 (Prep5),4.0,ADV,5.33,GenTime.1 (Prep5),,,
6,πολυδέσμου,πολύδεσμος,a-s---fg-,GenTime.1 (Prep5),5.0,ATR,5.33,GenTime.1 (Prep5),,,
7,πήματα,πῆμα,n-p---na-,"AccCog [lit ""suffering sufferings""]",8.0,OBJ,5.33,"AccCog [lit ""suffering sufferings""]",,,
8,πάσχων,πάσχω,v-sppamn-,"NomSubj, PartAttr",14.0,ADV,5.33,NomSubj,PartAttr,,
9,ἤματί,ἦμαρ,n-s---nd-,DatTime,14.0,ADV,5.34,DatTime,,,
10,κ',ἄν,g--------,OptComm (an),14.0,AuxZ,5.34,OptComm (an),,,
11,εἰκοστῷ,εἰκοστός,a-s---nd-,DatTime,9.0,ATR,5.34,DatTime,,,
12,Σχερίην,Σχερία,n-s---fa-,AccDirec,15.0,OBJ_AP,5.34,AccDirec,,,
13,ἐρίβωλον,ἐριβῶλαξ,a-s---fa-,AccDirec,12.0,ATR,5.34,AccDirec,,,
14,ἵκοιτο,ἱκνέομαι,v3saom---,OptComm,0.0,PRED,5.34,OptComm,,,
15,",",",",u--------,,14.0,APOS,5.34,,,,
16,Φαιήκων,Φαίαξ,n-p---mg-,AccDirec.1 (Prep3),18.0,ATR,5.35,AccDirec.1 (Prep3),,,
17,ἐς,εἰς,r--------,Prep3,15.0,AuxP,5.35,Prep3,,,
18,γαῖαν,γαῖα,n-s---fa-,AccDirec.1 (Prep3),17.0,OBJ_AP,5.35,AccDirec.1 (Prep3),,,
19,",",",",u--------,,22.0,AuxX,5.35,,,,
20,οἳ,ὅς,p-p---mn-,"NomSubj, Pron8",22.0,SBJ,5.35,NomSubj,Pron8,,
21,ἀγχίθεοι,ἀγχίθεος,a-p---mn-,NomPred,22.0,PNOM,5.35,NomPred,,,
22,γεγάασιν,γίγνομαι,v3pria---,Perf,23.0,ATR_CO,5.35,Perf,,,
23,",",",",u--------,,16.0,COORD,5.35,,,,
24,οἵ,ὅς,p-p---mn-,"NomSubj, Pron8",34.0,SBJ,5.36,NomSubj,Pron8,,
25,κέν,ἄν,g--------,"particle indeclform, Fut (Smyth 1793)",34.0,AuxZ,5.36,particle indeclform,Fut (Smyth 1793),,
26,μιν,μιν,p-s---ma-,AccObj,34.0,OBJ,5.36,AccObj,,,
27,περὶ,περί,r--------,tmesis,31.0,AuxP,5.36,tmesis,,,
28,κῆρι,κῆρ,n-s---nd-,DatLoc,27.0,ADV,5.36,DatLoc,,,
29,θεὸν,θεός,n-s---ma-,AccObj,72.0,OBJ,5.36,AccObj,,,
30,ὣς,ὡς,d--------,adv indeclform,72.0,ADV,5.36,adv indeclform,,,
31,τιμήσουσιν,τιμάω,v3pasa---,"Fut, Ind, Act; Monro, Grammar, 326.1: ken with future; also Smyth 1793",34.0,ATR_CO,5.36,Fut,Ind,Act; Monro,Grammar
32,",",",",u--------,,34.0,AuxX,5.36,,,,
33,πέμψουσιν,πέμπω,v3pasa---,"Fut, Ind, Act;Monro, Grammar, 326.1: ken with future; also Smyth 1793",34.0,ATR_CO,5.37,Fut,Ind,Act;Monro,Grammar
34,δ',δέ,g--------,particle indeclform,23.0,COORD,5.37,particle indeclform,,,
35,ἐν,ἐν,r--------,Prep5,33.0,AuxP,5.37,Prep5,,,
36,νηὶ,ναῦς,n-s---fd-,DatLoc (Prep5),35.0,ADV,5.37,DatLoc (Prep5),,,
37,φίλην,φίλος,a-s---fa-,AccDirec.1 (Prep3),40.0,ATR,5.37,AccDirec.1 (Prep3),,,
38,ἐς,εἰς,r--------,Prep3,33.0,AuxP,5.37,Prep3,,,
39,πατρίδα,πατρίς,a-s---fa-,AccDirec.1 (Prep3),40.0,ATR,5.37,AccDirec.1 (Prep3),,,
40,γαῖαν,γαῖα,n-s---fa-,AccDirec.1 (Prep3),38.0,ADV,5.37,AccDirec.1 (Prep3),,,
41,",",",",u--------,,49.0,AuxX,5.37,,,,
42,χαλκόν,χαλκός,n-s---ma-,AccObj,48.0,OBJ_CO,5.38,AccObj,,,
43,τε,τε,g--------,particle indeclform,48.0,AuxY,5.38,particle indeclform,,,
44,χρυσόν,χρυσός,n-s---ma-,AccObj,48.0,OBJ_CO,5.38,AccObj,,,
45,τε,τε,g--------,particle indeclform,48.0,AuxY,5.38,particle indeclform,,,
46,ἅλις,ἅλις,d--------,adv indeclform,49.0,ADV,5.38,adv indeclform,,,
47,ἐσθῆτά,ἐσθής,n-s---fa-,AccObj,48.0,OBJ_CO,5.38,AccObj,,,
48,τε,τε,g--------,particle indeclform,49.0,COORD,5.38,particle indeclform,,,
49,δόντες,δίδωμι,v-papamn-,"NomSubj, PartCirc.7",33.0,ADV,5.38,NomSubj,PartCirc.7,,
50,",",",",u--------,,51.0,AuxX,5.38,,,,
51,πόλλ',πολύς,a-p---na-,AccObj,52.0,ATR_CO,5.39,AccObj,,,
52,",",",",u--------,,48.0,COORD,5.39,,,,
53,ὅσ',ὅσος,a-p---na-,AccObj,59.0,OBJ,5.39,AccObj,,,
54,ἂν,ἄν,g--------,particle indeclform,59.0,AuxZ,5.39,particle indeclform,,,
55,οὐ,οὐ,d--------,adv indeclform,59.0,AuxZ,5.39,adv indeclform,,,
56,δέ,δέ,g--------,particle indeclform,59.0,AuxZ,5.39,particle indeclform,,,
57,ποτε,ποτέ,g--------,indeclform,59.0,ADV,5.39,indeclform,,,
58,Τροίης,Τροία,n-s---fg-,GenSep,59.0,OBJ,5.39,GenSep,,,
59,ἐξήρατ',ἐξαίρω,v3saim---,"AorIngr, MidIndir",52.0,ATR_CO,5.39,AorIngr,MidIndir,,
60,Ὀδυσσεύς,Ὀδυσσεύς,n-s---mn-,NomSubj,59.0,SBJ,5.39,NomSubj,,,
61,",",",",u--------,,62.0,AuxX,5.39,,,,
62,εἴ,εἰ,c--------,Cond1,59.0,AuxC,5.4,Cond1,,,
63,περ,πέρ,g--------,particle indeclform,65.0,AuxY,5.4,particle indeclform,,,
64,ἀπήμων,ἀπήμων,a-s---mn-,NomSubj,65.0,AtvV,5.4,NomSubj,,,
65,ἦλθε,ἔρχομαι,v3saia---,AorDram,62.0,ADV,5.4,AorDram,,,
66,",",",",u--------,,67.0,AuxX,5.4,,,,
67,λαχὼν,λαγχάνω,v-sapamn-,"NomSubj, PartCirc.7",65.0,ADV,5.4,NomSubj,PartCirc.7,,
68,ἀπὸ,ἀπό,r--------,Prep5,67.0,AuxP,5.4,Prep5,,,
69,ληίδος,ληίς,n-s---fg-,GenPart (Prep5),68.0,OBJ,5.4,GenPart (Prep5),,,
70,αἶσαν,αἶσα,n-s---fa-,AccObj,67.0,OBJ,5.4,AccObj,,,
71,.,.,u--------,,0.0,AuxK,5.4,,,,
1,ὣς,ὡς,d--------,adv indeclform,5.0,ADV,5.41,adv indeclform,,,
2,γάρ,γάρ,g--------,particle indeclform,5.0,AuxY,5.41,particle indeclform,,,
3,οἱ,ἕ,p-s---md-,DatPos,4.0,OBJ,5.41,DatPos,,,
4,μοῖρ',μοῖρα,n-s---fn-,NomPred,5.0,SBJ,5.41,NomPred,,,
5,ἐστὶ,εἰμί,v3spia---,Pres.1,0.0,PRED,5.41,Pres.1,,,
6,φίλους,φίλος,a-p---ma-,AccObj,8.0,OBJ,5.41,AccObj,,,
7,τ',τε,g--------,particle indeclform,9.0,AuxY,5.41,particle indeclform,,,
8,ἰδέειν,εἶδον,v--ana---,InfDyn,9.0,PNOM_CO,5.41,InfDyn,,,
9,καὶ,καί,c--------,conj indeclform,5.0,COORD,5.41,conj indeclform,,,
10,ἱκέσθαι,ἱκνέομαι,v--anm---,InfDyn,9.0,PNOM_CO,5.41,InfDyn,,,
11,οἶκον,οἶκος,n-s---ma-,AccDirec.1 (Prep3),12.0,OBJ_CO,5.42,AccDirec.1 (Prep3),,,
12,ἐς,εἰς,r--------,Prep3,14.0,AuxP,5.42,Prep3,,,
13,ὑψόροφον,ὑψόροφος,a-s---ma-,AccDirec.1 (Prep3),11.0,ATR,5.42,AccDirec.1 (Prep3),,,
14,καὶ,καί,c--------,conj indeclform,10.0,COORD,5.42,conj indeclform,,,
15,ἑὴν,ἑός,a-s---fa-,"AccDirec.1 (Prep3), Pron3",18.0,ATR,5.42,AccDirec.1 (Prep3),Pron3,,
16,ἐς,εἰς,r--------,Prep3,14.0,AuxP,5.42,Prep3,,,
17,πατρίδα,πατρίς,a-s---fa-,AccDirec.1 (Prep3),18.0,ATR,5.42,AccDirec.1 (Prep3),,,
18,γαῖαν,γαῖα,n-s---fa-,AccDirec.1 (Prep3),16.0,OBJ_CO,5.42,AccDirec.1 (Prep3),,,
19,.,.,u--------,,0.0,AuxK,5.42,,,,
20,&quot;,&quot;,u--------,,5.0,AuxG,5.42,,,,
1,ὣς,ὡς,d--------,adv indeclform,2.0,ADV,5.43,adv indeclform,,,
2,ἔφατ',φημί,v3siie---,Impf.2,5.0,PRED_CO,5.43,Impf.2,,,
3,",",",",u--------,,5.0,AuxX,5.43,,,,
4,οὐ,οὐ,d--------,adv indeclform,6.0,AuxZ,5.43,adv indeclform,,,
5,δ',δέ,g--------,particle indeclform,0.0,COORD,5.43,particle indeclform,,,
6,ἀπίθησε,ἀπιθέω,v3saia---,Aor,5.0,PRED_CO,5.43,Aor,,,
7,διάκτορος,διάκτορος,n-s---mn-,NomSubj,8.0,ATR,5.43,NomSubj,,,
8,ἀργεϊφόντης,Ἀργειφόντης,n-s---mn-,NomInd,6.0,SBJ,5.43,NomInd,,,
9,.,.,u--------,,0.0,AuxK,5.43,,,,
1,αὐτίκ',αὐτίκα,d--------,adv indeclform,5.0,ADV,5.44,adv indeclform,,,
2,ἔπειθ',ἔπειτα,d--------,adv indeclform,5.0,ADV,5.44,adv indeclform,,,
3,ὑπὸ,ὑπό,r--------,Prep3,5.0,AuxP,5.44,Prep3,,,
4,ποσσὶν,πούς,n-p---md-,DatLoc  (Prep3),3.0,ADV,5.44,DatLoc  (Prep3),,,
5,ἐδήσατο,δέω,v3saim---,AorIngr,0.0,PRED,5.44,AorIngr,,,
6,καλὰ,καλός,a-p---na-,AccObj,8.0,ATR_CO,5.44,AccObj,,,
7,πέδιλα,πέδιλον,n-p---na-,AccObj,5.0,OBJ,5.44,AccObj,,,
8,",",",",u--------,,7.0,COORD,5.44,,,,
9,ἀμβρόσια,ἀμβρόσιος,a-p---na-,AccObj,8.0,ATR_CO,5.45,AccObj,,,
10,χρύσεια,χρύσεος,a-p---na-,AccObj,8.0,ATR_CO,5.45,AccObj,,,
11,",",",",u--------,,14.0,AuxX,5.45,,,,
12,τά,ὁ,p-p---nn-,"NomSubj, Pron4",14.0,SBJ,5.45,NomSubj,Pron4,,
13,μιν,μιν,p-s---ma-,"AccObj, Pron4",14.0,OBJ,5.45,AccObj,Pron4,,
14,φέρον,φέρω,v3piia---,ImpfIter,7.0,ATR,5.45,ImpfIter,,,
15,ἠμὲν,ἠμέν,c--------,conj indeclform,18.0,AuxY,5.45,conj indeclform,,,
16,ἐφ',ἐπί,r--------,Prep3,18.0,AuxP,5.45,Prep3,,,
17,ὑγρὴν,ὑγρός,a-s---fa-,AccDirec.1 (Prep3),16.0,OBJ_CO,5.45,AccDirec.1 (Prep3),,,
18,ἠδ',ἠδέ,c--------,conj indeclform,14.0,COORD,5.46,conj indeclform,,,
19,ἐπ',ἐπί,r--------,Prep3,18.0,AuxP,5.46,Prep3,,,
20,ἀπείρονα,ἀπείρων,a-s---fa-,AccDirec.1 (Prep3),21.0,ATR,5.46,AccDirec.1 (Prep3),,,
21,γαῖαν,γαῖα,n-s---fa-,AccDirec.1 (Prep3),19.0,OBJ_CO,5.46,AccDirec.1 (Prep3),,,
22,ἅμα,ἅμα,r--------,adv indeclform,14.0,AuxP,5.46,adv indeclform,,,
23,πνοιῇς,πνοή,n-p---fd-,DatAccom,22.0,ADV,5.46,DatAccom,,,
24,ἀνέμοιο,ἄνεμος,n-s---mg-,GenExpl,23.0,ATR,5.46,GenExpl,,,
25,.,.,u--------,,0.0,AuxK,5.46,,,,
1,εἵλετο,αἱρέω,v3saim---,"AorIngr, MidIndir",2.0,PRED_CO,5.47,AorIngr,MidIndir,,
2,δὲ,δέ,g--------,particle indeclform,0.0,COORD,5.47,particle indeclform,,,
3,ῥάβδον,ῥάβδος,n-s---fa-,AccObj,1.0,OBJ,5.47,AccObj,,,
4,",",",",u--------,,15.0,AuxX,5.47,,,,
5,τῇ,ὁ,p-s---fd-,"DatInstr, Pron8",15.0,ADV,5.47,DatInstr,Pron8,,
6,τ',τε,g--------,particle indeclform,9.0,AuxY,5.47,particle indeclform,,,
7,ἀνδρῶν,ἀνήρ,n-p---mg-,GenPos,8.0,ATR,5.47,GenPos,,,
8,ὄμματα,ὄμμα,n-p---na-,AccObj,9.0,OBJ,5.47,AccObj,,,
9,θέλγει,θέλγω,v3spia---,"PresIter, Ind, Act",15.0,ATR_CO,5.47,PresIter,Ind,Act,
10,",",",",u--------,,12.0,AuxX,5.47,,,,
11,ὧν,ὅς,p-p---mg-,"GenPos, Pron8",21.0,ATR,5.48,GenPos,Pron8,,
12,ἐθέλει,ἐθέλω,v3spia---,"PresIter, Ind, Act",7.0,ATR,5.48,PresIter,Ind,Act,
13,",",",",u--------,,15.0,AuxX,5.48,,,,
14,τοὺς,ὁ,p-p---ma-,"AccObj, Pron8",19.0,OBJ,5.48,AccObj,Pron8,,
15,δ',δέ,g--------,particle indeclform,3.0,COORD,5.48,particle indeclform,,,
16,αὖτε,αὖτε,d--------,adv indeclform,19.0,AuxY,5.48,adv indeclform,,,
17,καὶ,καί,d--------,conj indeclform,18.0,AuxZ,5.48,conj indeclform,,,
18,ὑπνώοντας,ὑπνάω,v-pppama-,"AccObj, PartAttr",14.0,ATV,5.48,AccObj,PartAttr,,
19,ἐγείρει,ἐγείρω,v3spia---,"PresIter, Ind, Act",15.0,ATR_CO,5.48,PresIter,Ind,Act,
20,.,.,u--------,,0.0,AuxK,5.48,,,,
1,τὴν,ὁ,p-s---fa-,"AccObj, Pron4",4.0,OBJ,5.49,AccObj,Pron4,,
2,μετὰ,μετά,r--------,Prep3,4.0,AuxP,5.49,Prep3,,,
3,χερσὶν,χείρ,n-p---fd-,"DatLoc (Prep3); Cunliffe -- ref. to hands (Pl) where one hand is meant: cheir-cunliffe-lex-1 -- maybe, maybe not but worth citing.",2.0,ADV,5.49,DatLoc (Prep3); Cunliffe -- ref. to hands (Pl) where one hand is meant: cheir-cunliffe-lex-1 -- maybe,maybe not but worth citing.,,
4,ἔχων,ἔχω,v-sppamn-,"NomSubj, PartCirc.7",5.0,ADV,5.49,NomSubj,PartCirc.7,,
5,πέτετο,πέτομαι,v3siie---,ImpfDesc,0.0,PRED,5.49,ImpfDesc,,,
6,κρατὺς,κρατύς,a-s---mn-,NomSubj,7.0,ATR,5.49,NomSubj,,,
7,ἀργεϊφόντης,Ἀργειφόντης,n-s---mn-,NomSubj,5.0,SBJ,5.49,NomSubj,,,
8,.,.,u--------,,0.0,AuxK,5.49,,,,
1,Πιερίην,Πιερία,n-s---fa-,AccDirec,3.0,OBJ,5.5,AccDirec,,,
2,δ',δέ,g--------,particle indeclform,0.0,COORD,5.5,particle indeclform,,,
3,ἐπιβὰς,ἐπιβαίνω,v-sapamn-,"NomSubj, PartCirc.7",6.0,ADV,5.5,NomSubj,PartCirc.7,,
4,ἐξ,ἐκ,r--------,Prep3,6.0,AuxP,5.5,Prep3,,,
5,αἰθέρος,αἰθήρ,n-s---mg-,GenSep (Prep3),4.0,ADV,5.5,GenSep (Prep3),,,
6,ἔμπεσε,ἐμπίπτω,v3saia---,AorComp,2.0,PRED_CO,5.5,AorComp,,,
7,πόντῳ,πόντος,n-s---md-,DatVerb,6.0,OBJ,5.5,DatVerb,,,
8,·,·,u--------,,0.0,AuxK,5.5,,,,
1,σεύατ',σεύω,v3saim---,"AorComp, MidIndir",0.0,PRED,5.51,AorComp,MidIndir,,
2,ἔπειτ',ἔπειτα,d--------,adv indeclform,1.0,ADV,5.51,adv indeclform,,,
3,ἐπὶ,ἐπί,r--------,Prep5,1.0,AuxP,5.51,Prep5,,,
4,κῦμα,κῦμα,n-s---na-,AccDirec.1 (Prep5),3.0,OBJ,5.51,AccDirec.1 (Prep5),,,
5,λάρῳ,λάρος,n-s---md-,DatVerb9,6.0,ATR,5.51,DatVerb9,,,
6,ὄρνιθι,ὄρνις,n-s---md-,DatVerb9,7.0,OBJ,5.51,DatVerb9,,,
7,ἐοικώς,εἴκω1,v-srpamn-,"NomSubj, PartCirc.2",1.0,ADV,5.51,NomSubj,PartCirc.2,,
8,",",",",u--------,,20.0,AuxX,5.51,,,,
9,ὅς,ὅς,p-s---mn-,"NomSubj, Pron8",20.0,SBJ,5.52,NomSubj,Pron8,,
10,τε,τε,g--------,particle indeclform,20.0,AuxY,5.52,particle indeclform,,,
11,κατὰ,κατά,r--------,Prep5,17.0,AuxP,5.52,Prep5,,,
12,δεινοὺς,δεινός,a-p---ma-,AccDirec.1 (Prep5),13.0,ATR,5.52,AccDirec.1 (Prep5),,,
13,κόλπους,κόλπος,n-p---ma-,AccDirec.1 (Prep5),11.0,ADV,5.52,AccDirec.1 (Prep5),,,
14,ἁλὸς,ἅλς,n-s---mg-,GenPart,13.0,ATR,5.52,GenPart,,,
15,ἀτρυγέτοιο,ἀτρύγετος,a-s---mg-,GenPart,14.0,ATR,5.52,GenPart,,,
16,ἰχθῦς,ἰχθύς,n-p---ma-,AccObj,17.0,OBJ,5.53,AccObj,,,
17,ἀγρώσσων,ἀγρώσσω,v-sppamn-,"NomSubj, PartCirc.2",20.0,ADV,5.53,NomSubj,PartCirc.2,,
18,πυκινὰ,πυκνός,a-p---na-,AccObj,19.0,ATR,5.53,AccObj,,,
19,πτερὰ,πτερόν,n-p---na-,AccObj,20.0,OBJ,5.53,AccObj,,,
20,δεύεται,δεύω1,v3spie---,"PresIter, MidDir",6.0,ATR,5.53,PresIter,MidDir,,
21,ἅλμῃ,ἅλμη,n-s---fd-,DatLoc,20.0,ADV,5.53,DatLoc,,,
22,·,·,u--------,,0.0,AuxK,5.53,,,,
1,τῷ,ὁ,p-s---md-,"DatVerb9, Pron4",2.0,OBJ,5.54,DatVerb9,Pron4,,
2,ἴκελος,ἴκελος,a-s---mn-,NomSubj,6.0,ATV,5.54,NomSubj,,,
3,πολέεσσιν,πολύς,a-p---nd-,DatInstr,5.0,ATR,5.54,DatInstr,,,
4,ὀχήσατο,ὀχέω,v3saim---,"I3, N1",0.0,PRED,5.54,I3,N1,,
5,κύμασιν,κῦμα,n-p---nd-,DatInstr,4.0,OBJ,5.54,DatInstr,,,
6,Ἑρμῆς,Ἑρμῆς,n-s---mn-,NomSubj,4.0,SBJ,5.54,NomSubj,,,
7,.,.,u--------,,0.0,AuxK,5.54,,,,
1,ἀλλ',ἀλλά,d--------,adv indeclform,16.0,AuxY,5.55,adv indeclform,,,
2,ὅτε,ὅτε,c--------,conj indeclform,16.0,AuxC,5.55,conj indeclform,,,
3,δὴ,δή,g--------,particle indeclform,6.0,AuxY,5.55,particle indeclform,,,
4,τὴν,ὁ,l-s---fa-,"AccDirec, ArtSubs",5.0,ATR,5.55,AccDirec,ArtSubs,,
5,νῆσον,νῆσος,n-s---fa-,AccDirec,6.0,OBJ,5.55,AccDirec,,,
6,ἀφίκετο,ἀφικνέομαι,v3saim---,"AorIngr, MidDir",2.0,ADV,5.55,AorIngr,MidDir,,
7,τηλόθ',τηλόθι,d--------,adv indeclform,8.0,ADV,5.55,adv indeclform,,,
8,ἐοῦσαν,εἰμί,v-sppafa-,"AccDirec, PartAttr",5.0,ATR,5.55,AccDirec,PartAttr,,
9,",",",",u--------,,2.0,AuxX,5.55,,,,
10,ἔνθ',ἔνθα,d--------,adv indeclform,16.0,ADV,5.56,adv indeclform,,,
11,ἐκ,ἐκ,r--------,Prep3,13.0,AuxP,5.56,Prep3,,,
12,πόντου,πόντος,n-s---mg-,GenSep (Prep3),11.0,OBJ,5.56,GenSep (Prep3),,,
13,βὰς,βαίνω,v-sapamn-,"NomSubj, PartCirc.7",16.0,ADV,5.56,NomSubj,PartCirc.7,,
14,ἰοειδέος,ἰοειδής,a-s---mg-,GenSep (Prep3),12.0,ATR,5.56,GenSep (Prep3),,,
15,ἤπειρόνδε,ἤπειρόνδε,d--------,AccDirec.1,16.0,OBJ,5.56,AccDirec.1,,,
16,ἤιεν,εἶμι,v3siia---,ImpfCons,0.0,PRED,5.57,ImpfCons,,,
17,",",",",u--------,,18.0,AuxX,5.57,,,,
18,ὄφρα,ὄφρα,c--------,conj indeclform,16.0,AuxC,5.57,conj indeclform,,,
19,μέγα,μέγας,a-s---na-,AccDirec,20.0,ATR,5.57,AccDirec,,,
20,σπέος,σπέος,n-s---na-,AccDirec,21.0,OBJ,5.57,AccDirec,,,
21,ἵκετο,ἱκνέομαι,v3saim---,"AorIngr, MidIndir",18.0,ADV,5.57,AorIngr,MidIndir,,
22,",",",",u--------,,26.0,AuxX,5.57,,,,
23,τῷ,ὁ,p-s---md-,"DatLoc (Prep3), Pron8",24.0,ADV,5.57,DatLoc (Prep3),Pron8,,
24,ἔνι,ἐν,r--------,Prep3,26.0,AuxP,5.57,Prep3,,,
25,νύμφη,νύμφη,n-s---fn-,NomSubj,26.0,SBJ,5.57,NomSubj,,,
26,ναῖεν,ναίω,v3siia---,ImpfDesc,20.0,ATR,5.58,ImpfDesc,,,
27,ἐυπλόκαμος,εὐπλόκαμος,a-s---fn-,NomSubj,25.0,ATR,5.58,NomSubj,,,
28,·,·,u--------,,0.0,AuxK,5.58,,,,
1,τὴν,ὁ,p-s---fa-,"AccObj, Pron4",4.0,OBJ,5.58,AccObj,Pron4,,
2,δ',δέ,g--------,particle indeclform,0.0,COORD,5.58,particle indeclform,,,
3,ἔνδοθι,ἔνδοθι,d--------,adv indeclform,5.0,ADV,5.58,adv indeclform,,,
4,τέτμεν,τέτμον,v3saia---,AorIngr,2.0,PRED_CO,5.58,AorIngr,,,
5,ἐοῦσαν,εἰμί,v-sppafa-,"AccObj, PartAttr",1.0,ATV,5.58,AccObj,PartAttr,,
6,.,.,u--------,,0.0,AuxK,5.58,,,,
1,πῦρ,πῦρ,n-s---nn-,NomSubj,6.0,SBJ,5.59,NomSubj,,,
2,μὲν,μέν,g--------,particle indeclform,9.0,AuxY,5.59,particle indeclform,,,
3,ἐπ',ἐπί,r--------,Prep3,6.0,AuxP,5.59,Prep3,,,
4,ἐσχαρόφιν,ἐσχάρα,n-p---md-,GenTime.1 (Prep3),3.0,ADV,5.59,GenTime.1 (Prep3),,,
5,μέγα,μέγας,a-s---nn-,NomSubj,1.0,ATR,5.59,NomSubj,,,
6,καίετο,καίω,v3siie---,"ImpfDesc, MidIndir",9.0,PRED_CO,5.59,ImpfDesc,MidIndir,,
7,",",",",u--------,,9.0,AuxX,5.59,,,,
8,τηλόσε,τηλόσε,d--------,adv indeclform,18.0,ADV,5.59,adv indeclform,,,
9,δ',δέ,g--------,particle indeclform,0.0,COORD,5.59,particle indeclform,,,
10,ὀδμὴ,ὀσμή,n-s---fn-,NomSubj,18.0,SBJ,5.59,NomSubj,,,
11,κέδρου,κέδρος,n-s---fg-,GenSep.1,15.0,ATR_CO,5.6,GenSep.1,,,
12,τ',τε,g--------,particle indeclform,15.0,AuxY,5.6,particle indeclform,,,
13,εὐκεάτοιο,εὐκέατος,a-s---ng-,GenSep.1,14.0,ATR,5.6,GenSep.1,,,
14,θύου,θύον,n-s---ng-,GenSep.1,15.0,ATR_CO,5.6,GenSep.1,,,
15,τ',τε,g--------,particle indeclform,10.0,COORD,5.6,particle indeclform,,,
16,ἀνὰ,ἀνά,r--------,Prep5,18.0,AuxP,5.6,Prep5,,,
17,νῆσον,νῆσος,n-s---fa-,AccDirec.1 (Prep5),16.0,ADV,5.6,AccDirec.1 (Prep5),,,
18,ὀδώδει,ὄζω,v3slia---,Pperf,9.0,PRED_CO,5.6,Pperf,,,
19,δαιομένων,δαίω,v-pppeng-,"GenSep.1, PartCirc.4",15.0,ATV,5.61,GenSep.1,PartCirc.4,,
20,·,·,u--------,,0.0,AuxK,5.61,,,,
1,ἡ,ὁ,p-s---fn-,"NomSubj, Pron4",11.0,SBJ,5.61,NomSubj,Pron4,,
2,δ',δέ,g--------,particle indeclform,0.0,COORD,5.61,particle indeclform,,,
3,ἔνδον,ἔνδον,d--------,adv indeclform,11.0,ADV,5.61,adv indeclform,,,
4,ἀοιδιάουσ',ἀοιδιάω,v-sppafn-,"NomSubj, PartAttr",11.0,ADV,5.61,NomSubj,PartAttr,,
5,ὀπὶ,ὄψ,n-s---fd-,DatInstr,4.0,ADV,5.61,DatInstr,,,
6,καλῇ,καλός,a-s---fd-,DatInstr,5.0,ATR,5.61,DatInstr,,,
7,ἱστὸν,ἱστός,n-s---ma-,AccObj,8.0,OBJ,5.62,AccObj,,,
8,ἐποιχομένη,ἐποίχομαι,v-sppefn-,"NomSubj, PartCirc.3",11.0,ADV,5.62,NomSubj,PartCirc.3,,
9,χρυσείῃ,χρύσεος,a-s---fd-,DatInstr,10.0,ATR,5.62,DatInstr,,,
10,κερκίδ',κερκίς,n-s---fd-,DatInstr,11.0,ADV,5.62,DatInstr,,,
11,ὕφαινεν,ὑφαίνω,v3siia---,ImpfDesc,2.0,PRED_CO,5.62,ImpfDesc,,,
12,.,.,u--------,,0.0,AuxK,5.62,,,,
1,ὕλη,ὕλη,n-s---fn-,NomSubj,7.0,SBJ_AP,5.63,NomSubj,,,
2,δὲ,δέ,g--------,particle indeclform,0.0,COORD,5.63,particle indeclform,,,
3,σπέος,σπέος,n-s---na-,AccSpac (Prep5),4.0,ADV,5.63,AccSpac (Prep5),,,
4,ἀμφὶ,ἀμφί,r--------,Prep5,5.0,AuxP,5.63,Prep5,,,
5,πεφύκει,φύω,v3slia---,Pperf,2.0,PRED_CO,5.63,Pperf,,,
6,τηλεθόωσα,τηλεθάω,v-sppafn-,"NomSubj, PartCirc.3",1.0,ATR,5.63,NomSubj,PartCirc.3,,
7,",",",",u--------,,5.0,APOS,5.63,,,,
8,κλήθρη,κλήθρα,n-s---fn-,NomSubj,12.0,SBJ_AP_CO,5.64,NomSubj,,,
9,τ',τε,g--------,particle indeclform,12.0,AuxY,5.64,particle indeclform,,,
10,αἴγειρός,αἴγειρος,n-s---fn-,NomSubj,12.0,SBJ_AP_CO,5.64,NomSubj,,,
11,τε,τε,g--------,particle indeclform,12.0,AuxY,5.64,particle indeclform,,,
12,καὶ,καί,c--------,conj indeclform,7.0,COORD,5.64,conj indeclform,,,
13,εὐώδης,εὐώδης,a-s---fn-,NomSubj,14.0,ATR,5.64,NomSubj,,,
14,κυπάρισσος,κυπάρισσος,n-s---fn-,NomSubj,12.0,SBJ_AP_CO,5.64,NomSubj,,,
15,.,.,u--------,,0.0,AuxK,5.64,,,,
1,ἔνθα,ἔνθα,d--------,adv indeclform,6.0,ADV,5.65,adv indeclform,,,
2,δέ,δέ,g--------,particle indeclform,0.0,COORD,5.65,particle indeclform,,,
3,τ',τε,g--------,particle indeclform,6.0,AuxY,5.65,particle indeclform,,,
4,ὄρνιθες,ὄρνις,n-p---mn-,NomSubj,7.0,SBJ_AP,5.65,NomSubj,,,
5,τανυσίπτεροι,τανυσίπτερος,a-p---mn-,NomSubj,4.0,ATR,5.65,NomSubj,,,
6,εὐνάζοντο,εὐνάζω,v3piie---,"ImpfIter, MidIndir",2.0,PRED_CO,5.65,ImpfIter,MidIndir,,
7,",",",",u--------,,6.0,APOS,5.65,,,,
8,σκῶπές,σκώψ,n-p---mn-,NomInd,13.0,SBJ_AP_CO,5.66,NomInd,,,
9,τ',τε,g--------,particle indeclform,13.0,AuxY,5.66,particle indeclform,,,
10,ἴρηκές,ἱέραξ,n-p---mn-,NomInd,13.0,SBJ_AP_CO,5.66,NomInd,,,
11,τε,τε,g--------,particle indeclform,13.0,AuxY,5.66,particle indeclform,,,
12,τανύγλωσσοί,τανύγλωσσος,a-p---mn-,NomInd,10.0,ATR,5.66,NomInd,,,
13,τε,τε,g--------,particle indeclform,7.0,COORD,5.66,particle indeclform,,,
14,κορῶναι,κορώνη,n-p---fn-,NomInd,13.0,SBJ_AP_CO,5.66,NomInd,,,
15,εἰνάλιαι,εἰνάλιος,a-p---fn-,NomInd,14.0,ATR,5.67,NomInd,,,
16,",",",",u--------,,21.0,AuxX,5.67,,,,
17,τῇσίν,ὁ,p-p---fd-,"DatAdvn, Pron8",21.0,OBJ,5.67,DatAdvn,Pron8,,
18,τε,τε,g--------,particle indeclform,21.0,AuxY,5.67,particle indeclform,,,
19,θαλάσσια,θαλάσσιος,a-p---nn-,NomSubj,20.0,ATR,5.67,NomSubj,,,
20,ἔργα,ἔργον,n-p---nn-,NomSubj,21.0,SBJ,5.67,NomSubj,,,
21,μέμηλεν,μέλω,v3sria---,Perf,7.0,ATR,5.67,Perf,,,
22,.,.,u--------,,0.0,AuxK,5.67,,,,
1,ἡ,ὁ,p-s---fn-,"NomSubj, Pron4",15.0,SBJ_AP,5.68,NomSubj,Pron4,,
2,δ',δέ,g--------,particle indeclform,0.0,COORD,5.68,particle indeclform,,,
3,αὐτοῦ,αὐτοῦ,d--------,adv indeclform,12.0,ADV,5.68,adv indeclform,,,
4,τετάνυστο,τανύω,v3slie---,"Pperf, MidDir",12.0,PRED_CO,5.68,Pperf,MidDir,,
5,περὶ,περί,r--------,Prep5,4.0,AuxP,5.68,Prep5,,,
6,σπείους,σπέος,n-s---ng-,GenTime.1 (Prep5),5.0,ADV,5.68,GenTime.1 (Prep5),,,
7,γλαφυροῖο,γλαφυρός,a-s---ng-,GenTime.1 (Prep5),6.0,ATR,5.68,GenTime.1 (Prep5),,,
8,ἡμερὶς,ἡμερίς,n-s---fn-,NomSubj,15.0,SBJ_AP,5.69,NomSubj,,,
9,ἡβώωσα,ἡβάω,v-sppafn-,NomSubj,4.0,ADV,5.69,NomSubj,,,
10,",",",",u--------,,12.0,AuxX,5.69,,,,
11,τεθήλει,θάλλω,v3slia---,Pperf,12.0,PRED_CO,5.69,Pperf,,,
12,δὲ,δέ,g--------,particle indeclform,0.0,COORD,5.69,particle indeclform,,,
13,σταφυλῇσι,σταφυλή,n-p---fd-,DatMean,11.0,ADV,5.69,DatMean,,,
14,.,.,u--------,,0.0,AuxK,5.69,,,,
1,κρῆναι,κρήνη,n-p---fn-,NomSubj,5.0,SBJ,5.7,NomSubj,,,
2,δ',δέ,g--------,particle indeclform,0.0,COORD,5.7,particle indeclform,,,
3,ἑξείης,ἑξείης,d--------,adv indeclform,5.0,ADV,5.7,adv indeclform,,,
4,πίσυρες,τέσσαρες,n-p---fn-,NomSubj,1.0,ATR,5.7,NomSubj,,,
5,ῥέον,ῥέω,v3piia---,ImpfDesc,2.0,PRED_CO,5.7,ImpfDesc,,,
6,ὕδατι,ὕδωρ,n-s---nd-,DatInstr,5.0,ADV,5.7,DatInstr,,,
7,λευκῷ,λευκός,a-s---nd-,DatInstr,6.0,ATR,5.7,DatInstr,,,
8,",",",",u--------,,11.0,AuxX,5.7,,,,
9,πλησίαι,πλησίος,a-p---fn-,NomSubj ,11.0,OCOMP,5.71,NomSubj,,,
10,ἀλλήλων,ἀλλήλων,a-p---fg-,GenLoc,9.0,ATR,5.71,GenLoc,,,
11,τετραμμέναι,τρέπω,v-prpefn-,"PartCirc.7, MidDir",5.0,ADV,5.71,PartCirc.7,MidDir,,
12,ἄλλυδις,ἄλλυδις,d--------,adv indeclform,11.0,OBJ,5.71,adv indeclform,,,
13,ἄλλη,ἄλλος,a-s---fn-,adv indeclform,11.0,AtvV,5.71,adv indeclform,,,
14,.,.,u--------,,0.0,AuxK,5.71,,,,
1,ἀμφὶ,ἀμφί,d--------,Prep5,8.0,ADV,5.72,Prep5,,,
2,δὲ,δέ,g--------,particle indeclform,0.0,COORD,5.72,particle indeclform,,,
3,λειμῶνες,λειμών,n-p---mn-,NomSubj,8.0,SBJ,5.72,NomSubj,,,
4,μαλακοὶ,μαλακός,a-p---mn-,NomSubj,3.0,ATR,5.72,NomSubj,,,
5,ἴου,ἴον,n-s---ng-,GenMat,6.0,ATR_CO,5.72,GenMat,,,
6,ἠδὲ,ἠδέ,c--------,conj indeclform,3.0,COORD,5.72,conj indeclform,,,
7,σελίνου,σέλινον,n-s---ng-,GenMat,6.0,ATR_CO,5.72,GenMat,,,
8,θήλεον,θηλέω,v3piia---,Impf,2.0,PRED_CO,5.73,Impf,,,
9,.,.,u--------,,0.0,AuxK,5.73,,,,
1,ἔνθα,ἔνθα,d--------,adv indeclform,10.0,ADV,5.73,adv indeclform,,,
2,κ',ἄν,g--------,OptPoten (an),10.0,AuxZ,5.73,OptPoten (an),,,
3,ἔπειτα,ἔπειτα,d--------,adv indeclform,10.0,ADV,5.73,adv indeclform,,,
4,καὶ,καί,d--------,conj indeclform,5.0,AuxZ,5.73,conj indeclform,,,
5,ἀθάνατός,ἀθάνατος,a-s---mn-,NomSubj,10.0,AtvV,5.73,NomSubj,,,
6,περ,πέρ,g--------,particle indeclform,5.0,AuxZ,5.73,particle indeclform,,,
7,ἐπελθὼν,ἐπέρχομαι,v-sapamn-,"NomSubj, PartCirc.1",10.0,ADV,5.73,NomSubj,PartCirc.1,,
8,θηήσαιτο,θεάομαι,v3saoe---,"OptPoten.1, MidIndir",10.0,PRED_CO,5.74,OptPoten.1,MidIndir,,
9,ἰδὼν,εἶδον,v-sapamn-,"NomSubj, PartCirc.7",8.0,ADV,5.74,NomSubj,PartCirc.7,,
10,καὶ,καί,c--------,conj indeclform,0.0,COORD,5.74,conj indeclform,,,
11,τερφθείη,τέρπω,v3saop---,"OptPoten.1, Pass",10.0,PRED_CO,5.74,OptPoten.1,Pass,,
12,φρεσὶν,φρήν,n-p---fd-,DatLoc,11.0,ADV,5.74,DatLoc,,,
13,ᾗσιν,ὅς,p-p---fd-,"DatLoc, Pron4",12.0,ATR,5.74,DatLoc,Pron4,,
14,.,.,u--------,,0.0,AuxK,5.74,,,,
1,ἔνθα,ἔνθα,d--------,adv indeclform,2.0,ADV,5.75,adv indeclform,,,
2,στὰς,ἵστημι,v-sapamn-,"NomSubj, PartCirc.7",3.0,ADV,5.75,NomSubj,PartCirc.7,,
3,θηεῖτο,θεάομαι,v3siie---,"Impf, MidIndir",0.0,PRED,5.75,Impf,MidIndir,,
4,διάκτορος,διάκτορος,n-s---mn-,NomSubj,5.0,ATR,5.75,NomSubj,,,
5,ἀργεϊφόντης,Ἀργειφόντης,n-s---mn-,NomInd,3.0,SBJ,5.75,NomInd,,,
6,.,.,u--------,,0.0,AuxK,5.75,,,,
1,αὐτὰρ,ἀτάρ,g--------,particle indeclform,14.0,AuxY,5.76,particle indeclform,,,
2,ἐπεὶ,ἐπεί,c--------,conj indeclform,14.0,AuxC,5.76,conj indeclform,,,
3,δὴ,δή,g--------,particle indeclform,6.0,AuxY,5.76,particle indeclform,,,
4,πάντα,πᾶς,a-p---na-,AccObj,6.0,OBJ,5.76,AccObj,,,
5,ἑῷ,ἑός,a-s---md-,"DatLoc, Pron3",7.0,ATR,5.76,DatLoc,Pron3,,
6,θηήσατο,θεάομαι,v3saie---,"AorIngr, MidIndir",2.0,ADV,5.76,AorIngr,MidIndir,,
7,θυμῷ,θυμός,n-s---md-,DatLoc,6.0,ADV,5.76,DatLoc,,,
8,",",",",u--------,,2.0,AuxX,5.76,,,,
9,αὐτίκ',αὐτίκα,d--------,adv indeclform,14.0,ADV,5.77,adv indeclform,,,
10,ἄρ',ἄρα,g--------,particle indeclform,14.0,AuxY,5.77,particle indeclform,,,
11,εἰς,εἰς,r--------,Prep3,14.0,AuxP,5.77,Prep3,,,
12,εὐρὺ,εὐρύς,a-s---na-,AccDirec.1 (Prep3),13.0,ATR,5.77,AccDirec.1 (Prep3),,,
13,σπέος,σπέος,n-s---na-,AccDirec.1 (Prep3),11.0,OBJ,5.77,AccDirec.1 (Prep3),,,
14,ἤλυθεν,ἔρχομαι,v3saia---,Aor,0.0,PRED,5.77,Aor,,,
15,.,.,u--------,,0.0,AuxK,5.77,,,,
1,οὐ,οὐ,d--------,adv indeclform,5.0,AuxZ,5.77,adv indeclform,,,
2,δέ,δέ,g--------,particle indeclform,0.0,COORD,5.77,particle indeclform,,,
3,μιν,μιν,p-s---ma-,AccObj,5.0,OBJ,5.77,AccObj,,,
4,ἄντην,ἄντην,d--------,adv indeclform,6.0,ADV,5.77,adv indeclform,,,
5,ἠγνοίησεν,ἀγνοέω,v3saia---,AorIngr,2.0,PRED_CO,5.78,AorIngr,,,
6,ἰδοῦσα,εἶδον,v-sapafn-,PartCirc.7,5.0,ADV,5.78,PartCirc.7,,,
7,Καλυψώ,Καλυψώ,n-s---fn-,NomSubj,8.0,SBJ_AP,5.78,NomSubj,,,
8,",",",",u--------,,5.0,APOS,5.78,,,,
9,δῖα,δῖος,a-s---fn-,NomInd,8.0,SBJ_AP,5.78,NomInd,,,
10,θεάων,θεά,n-p---fg-,GenPart,9.0,ATR,5.78,GenPart,,,
11,·,·,u--------,,0.0,AuxK,5.78,,,,
1,οὐ,οὐ,d--------,adv indeclform,7.0,AuxZ,5.79,adv indeclform,,,
2,γάρ,γάρ,g--------,particle indeclform,7.0,AuxY,5.79,particle indeclform,,,
3,τ',τε,g--------,particle indeclform,7.0,AuxY,5.79,particle indeclform,,,
4,ἀγνῶτες,ἀγνώς,n-p---mn-,NomPred,7.0,PNOM,5.79,NomPred,,,
5,θεοὶ,θεός,n-p---mn-,NomSubj,7.0,SBJ,5.79,NomSubj,,,
6,ἀλλήλοισι,ἀλλήλων,a-p---md-,DatVerb,4.0,ATR,5.79,DatVerb,,,
7,πέλονται,πέλω,v3ppie---,"PresIter.1, In1, MidIndir",0.0,PRED,5.79,PresIter.1,In1,MidIndir,
8,ἀθάνατοι,ἀθάνατος,a-p---mn-,NomSubj,5.0,ATR,5.8,NomSubj,,,
9,",",",",u--------,,12.0,AuxX,5.8,,,,
10,οὐ,οὐ,d--------,adv indeclform,7.0,AuxZ,5.8,adv indeclform,,,
11,δ',δέ,g--------,particle indeclform,7.0,AuxZ,5.8,particle indeclform,,,
12,εἴ,εἰ,c--------,conj indeclform,7.0,AuxC,5.8,conj indeclform,,,
13,τις,τις,p-s---mn-,"NomSubj, Pron6",16.0,SBJ,5.8,NomSubj,Pron6,,
14,ἀπόπροθι,ἀπόπροθι,d--------,adv indeclform,16.0,ADV,5.8,adv indeclform,,,
15,δώματα,δῶμα,n-p---na-,AccObj,16.0,OBJ,5.8,AccObj,,,
16,ναίει,ναίω,v3spia---,"PresIter.1, Ind, Act",12.0,ADV,5.8,PresIter.1,Ind,Act,
17,.,.,u--------,,0.0,AuxK,5.8,,,,
1,οὐ,οὐ,d--------,adv indeclform,7.0,AuxZ,5.81,adv indeclform,,,
2,δ',δέ,g--------,particle indeclform,9.0,AuxY,5.81,particle indeclform,,,
3,ἄρ',ἄρα,g--------,particle indeclform,7.0,AuxY,5.81,particle indeclform,,,
4,Ὀδυσσῆα,Ὀδυσσεύς,n-s---ma-,AccObj,7.0,OBJ,5.81,AccObj,,,
5,μεγαλήτορα,μεγαλήτωρ,n-s---ma-,AccObj,4.0,ATR,5.81,AccObj,,,
6,ἔνδον,ἔνδον,d--------,adv indeclform,7.0,ADV,5.81,adv indeclform,,,
7,ἔτετμεν,τέτμον,v3saia---,AorIngr,9.0,PRED_CO,5.81,AorIngr,,,
8,",",",",u--------,,9.0,AuxX,5.81,,,,
9,ἀλλ',ἀλλά,d--------,adv indeclform,0.0,COORD,5.82,adv indeclform,,,
10,ὅ,ὁ,p-s---mn-,"NomSubj, Pron4",14.0,SBJ,5.82,NomSubj,Pron4,,
11,γ',γε,g--------,particle indeclform,10.0,AuxZ,5.82,particle indeclform,,,
12,ἐπ',ἐπί,r--------,Prep3,15.0,AuxP,5.82,Prep3,,,
13,ἀκτῆς,ἀκτή,n-s---fg-,GenTime.1 (Prep3),12.0,OBJ,5.82,GenTime.1 (Prep3),,,
14,κλαῖε,κλαίω,v3siia---,ImpfIter,9.0,PRED_CO,5.82,ImpfIter,,,
15,καθήμενος,κάθημαι,v-srpemn-,"NomSubj, PartCirc.1, Perf, MidDir",14.0,ADV,5.82,NomSubj,PartCirc.1,Perf,MidDir
16,",",",",u--------,,29.0,AuxX,5.82,,,,
17,ἔνθα,ἔνθα,d--------,adv indeclform,29.0,ADV,5.82,adv indeclform,,,
18,πάρος,πάρος,d--------,adv indeclform,29.0,ADV,5.82,adv indeclform,,,
19,περ,πέρ,g--------,particle indeclform- Ebeling164,18.0,AuxZ,5.82,particle indeclform- Ebeling164,,,
20,",",",",u--------,,27.0,AuxX,5.82,,,,
21,δάκρυσι,δάκρυον,n-p---nd-,DatInstr,24.0,ADV_CO,5.83,DatInstr,,,
22,καὶ,καί,c--------,conj indeclform,24.0,AuxY,5.83,conj indeclform,,,
23,στοναχῇσι,στοναχή,n-p---fd-,DatInstr,24.0,ADV_CO,5.83,DatInstr,,,
24,καὶ,καί,c--------,conj indeclform,27.0,COORD,5.83,conj indeclform,,,
25,ἄλγεσι,ἄλγος,n-p---nd-,DatInstr,24.0,ADV_CO,5.83,DatInstr,,,
26,θυμὸν,θυμός,n-s---ma-,AccObj,27.0,OBJ,5.83,AccObj,,,
27,ἐρέχθων,ἐρέχθω,v-sppamn-,"NomSubj, PartCirc.4",14.0,ADV,5.83,NomSubj,PartCirc.4,,
28,.,.,u--------,,0.0,AuxK,5.83,,,,
1,πόντον,πόντος,n-s---ma-,AccDirec.1 (Prep5),2.0,OBJ,5.84,AccDirec.1 (Prep5),,,
2,ἐπ',ἐπί,r--------,Prep5,4.0,AuxP,5.84,Prep5,,,
3,ἀτρύγετον,ἀτρύγετος,a-s---ma-,AccDirec.1 (Prep5),1.0,ATR,5.84,AccDirec.1 (Prep5),,,
4,δερκέσκετο,δέρκομαι,v3siie---,ImpfIter.1,0.0,PRED,5.84,ImpfIter.1,,,
5,δάκρυα,δάκρυον,n-p---na-,AccObj,6.0,OBJ,5.84,AccObj,,,
6,λείβων,λείβω,v-sppamn-,"NomSubj, PartCirc.7",4.0,ADV,5.84,NomSubj,PartCirc.7,,
7,.,.,u--------,,0.0,AuxK,5.84,,,,
1,Ἑρμείαν,Ἑρμῆς,n-s---ma-,AccObj,3.0,OBJ,5.85,AccObj,,,
2,δ',δέ,g--------,particle indeclform,0.0,COORD,5.85,particle indeclform,,,
3,ἐρέεινε,ἐρεείνω,v3siia---,Aor,2.0,PRED_CO,5.85,Aor,,,
4,Καλυψώ,Καλυψώ,n-s---fn-,NomSubj,5.0,SBJ_AP,5.85,NomSubj,,,
5,",",",",u--------,,3.0,APOS,5.85,,,,
6,δῖα,δῖος,a-s---fn-,NomInd,5.0,SBJ_AP,5.85,NomInd,,,
7,θεάων,θεά,n-p---fg-,GenPart,6.0,ATR,5.85,GenPart,,,
8,",",",",u--------,,11.0,AuxX,5.85,,,,
9,ἐν,ἐν,r--------,Prep5,11.0,AuxP,5.86,Prep5,,,
10,θρόνῳ,θρόνος,n-s---md-,DatLoc (Prep5),9.0,OBJ,5.86,DatLoc (Prep5),,,
11,ἱδρύσασα,ἱδρύω,v-sapafn-,"NomSubj, PartCirc.7",3.0,ADV,5.86,NomSubj,PartCirc.7,,
12,φαεινῷ,φαεινός,a-s---md-,DatLoc (Prep5),10.0,ATR,5.86,DatLoc (Prep5),,,
13,σιγαλόεντι,σιγαλόεις,a-s---md-,DatLoc (Prep5),10.0,ATR,5.86,DatLoc (Prep5),,,
14,·,·,u--------,,0.0,AuxK,5.86,,,,
1,&quot;,&quot;,u--------,,8.0,AuxG,5.87,,,,
2,τίπτε,τίπτε,d--------,indeclform,8.0,ADV,5.87,indeclform,,,
3,μοι,ἐγώ,p1s---fd-,"DatVerb, Pron1",8.0,OBJ,5.87,DatVerb,Pron1,,
4,",",",",u--------,,5.0,AuxX,5.87,,,,
5,Ἑρμεία,Ἑρμῆς,n-s---mv-,Voc,8.0,ExD,5.87,Voc,,,
6,χρυσόρραπι,χρυσόρραπις,n-s---mv-,Voc,5.0,ATR,5.87,Voc,,,
7,",",",",u--------,,5.0,AuxX,5.87,,,,
8,εἰλήλουθας,ἔρχομαι,v2sria---,Perf,0.0,PRED,5.87,Perf,,,
9,αἰδοῖός,αἰδοῖος,a-s---mn-,NomInd,12.0,AtvV_CO,5.88,NomInd,,,
10,τε,τε,g--------,particle indeclform,12.0,AuxY,5.88,particle indeclform,,,
11,φίλος,φίλος,a-s---mn-,NomInd,12.0,AtvV_CO,5.88,NomInd,,,
12,τε,τε,g--------,particle indeclform,8.0,COORD,5.88,particle indeclform,,,
13,;,;,u--------,,0.0,AuxK,5.88,,,,
1,πάρος,πάρος,d--------,adv indeclform,6.0,ADV,5.88,adv indeclform,,,
2,γε,γε,g--------,particle indeclform,1.0,AuxZ,5.88,particle indeclform,,,
3,μὲν,μέν,g--------,particle indeclform,6.0,AuxY,5.88,particle indeclform,,,
4,οὔ,οὐ,d--------,adv indeclform,6.0,AuxZ,5.88,adv indeclform,,,
5,τι,τις,p-s---na-,"AccResp, Pron6",6.0,AuxZ,5.88,AccResp,Pron6,,
6,θαμίζεις,θαμίζω,v2spia---,"PresIter, Ind, Act",0.0,PRED,5.88,PresIter,Ind,Act,
7,.,.,u--------,,0.0,AuxK,5.88,,,,
1,αὔδα,αὐδάω,v2spma---,ImprComm,0.0,PRED,5.89,ImprComm,,,
2,ὅ,ὅς,p-s---na-,"AccObj, Pron4",4.0,OBJ,5.89,AccObj,Pron4,,
3,τι,τις,p-s---na-,"AccObj, Pron6",2.0,ATR,5.89,AccObj,Pron6,,
4,φρονέεις,φρονέω,v2spia---,"Pres, Ind, Act",1.0,OBJ,5.89,Pres,Ind,Act,
5,·,·,u--------,,0.0,AuxK,5.89,,,,
1,τελέσαι,τελέω,v--ana---,InfDyn,5.0,OBJ,5.89,InfDyn,,,
2,δέ,δέ,g--------,particle indeclform,0.0,COORD,5.89,particle indeclform,,,
3,με,ἐγώ,p1s---fa-,AccSubj,1.0,SBJ,5.89,AccSubj,,,
4,θυμὸς,θυμός,n-s---mn-,NomSubj,5.0,SBJ,5.89,NomSubj,,,
5,ἄνωγεν,ἄνωγα,v3sria---,Perf,2.0,PRED_CO,5.89,Perf,,,
6,",",",",u--------,,11.0,AuxX,5.89,,,,
7,εἰ,εἰ,c--------,conj indeclform,11.0,AuxC,5.9,conj indeclform,,,
8,δύναμαι,δύναμαι,v1spie---,"Pres.1, Ind, MidIndir",7.0,ADV_CO,5.9,Pres.1,Ind,MidIndir,
9,τελέσαι,τελέω,v--ana---,InfDyn,8.0,OBJ,5.9,InfDyn,,,
10,γε,γε,g--------,particle indeclform,9.0,AuxZ,5.9,particle indeclform,,,
11,καὶ,καί,c--------,conj indeclform,5.0,COORD,5.9,conj indeclform,,,
12,εἰ,εἰ,c--------,conj indeclform,11.0,AuxC,5.9,conj indeclform,,,
13,τετελεσμένον,τελέω,v-srpenn-,"NomPred, PartSupp.2 [hysteron proteron, Smyth 3030]",14.0,PNOM,5.9,NomPred,PartSupp.2 [hysteron proteron,Smyth 3030],
14,ἐστίν,εἰμί,v3spia---,"Pres.1, Ind, Act",12.0,ADV_CO,5.9,Pres.1,Ind,Act,
15,.,.,u--------,,0.0,AuxK,5.9,,,,
1,ἀλλ',ἀλλά,d--------,adv indeclform,2.0,AuxY,5.91,adv indeclform,,,
2,ἕπεο,ἕπομαι,v2spme---,ImprComm,0.0,PRED,5.91,ImprComm,,,
3,προτέρω,προτέρω,d--------,adv indeclform,2.0,ADV,5.91,adv indeclform,,,
4,",",",",u--------,,5.0,AuxX,5.91,,,,
5,ἵνα,ἵνα,c--------,Subcl4,2.0,AuxC,5.91,Subcl4,,,
6,τοι,σύ,p2s----d-,"DatVerb, Pron1",9.0,OBJ,5.91,DatVerb,Pron1,,
7,πὰρ,παρά,r--------,adv indeclform,9.0,AuxZ,5.91,adv indeclform,,,
8,ξείνια,ξένιος,a-p---na-,AccObj,9.0,OBJ,5.91,AccObj,,,
9,θείω,τίθημι,v1sasa---,Subj (Subcl4),5.0,ADV,5.91,Subj (Subcl4),,,
10,.,.,u--------,,0.0,AuxK,5.91,,,,
11,&quot;,&quot;,u--------,,2.0,AuxG,5.91,,,,
1,ὥς,ὡς,d--------,conj indeclform,3.0,ADV,5.92,conj indeclform,,,
2,ἄρα,ἄρα,g--------,particle indeclform,3.0,AuxY,5.92,particle indeclform,,,
3,φωνήσασα,φωνέω,v-sapafn-,"NomSubj, PartCirc.7",5.0,ADV,5.92,NomSubj,PartCirc.7,,
4,θεὰ,θεά,n-s---fn-,NomSubj,11.0,SBJ,5.92,NomSubj,,,
5,παρέθηκε,παρατίθημι,v3saia---,AorComp,11.0,PRED_CO,5.92,AorComp,,,
6,τράπεζαν,τράπεζα,n-s---fa-,AccObj,5.0,OBJ,5.92,AccObj,,,
7,ἀμβροσίης,ἀμβροσίη,n-s---fg-,GenVerb.10,8.0,OBJ,5.93,GenVerb.10,,,
8,πλήσασα,πίμπλημι,v-sapafn-,"NomSubj, PartCirc.7",5.0,ADV,5.93,NomSubj,PartCirc.7,,
9,",",",",u--------,,11.0,AuxX,5.93,,,,
10,κέρασσε,κεράννυμι,v3saia---,AorComp,11.0,PRED_CO,5.93,AorComp,,,
11,δὲ,δέ,g--------,particle indeclform,0.0,COORD,5.93,particle indeclform,,,
12,νέκταρ,νέκταρ,n-s---na-,AccObj,10.0,OBJ,5.93,AccObj,,,
13,ἐρυθρόν,ἐρυθρός,a-s---na-,AccObj,12.0,ATR,5.93,AccObj,,,
14,.,.,u--------,,0.0,AuxK,5.93,,,,
1,αὐτὰρ,ἀτάρ,g--------,particle indeclform,4.0,AuxY,5.94,particle indeclform,,,
2,ὁ,ὁ,p-s---mn-,"NomSubj, Pron4",9.0,SBJ,5.94,NomSubj,Pron4,,
3,πῖνε,πίνω,v3siia---,ImpfCons,4.0,PRED_CO,5.94,ImpfCons,,,
4,καὶ,καί,c--------,conj indeclform,0.0,COORD,5.94,conj indeclform,,,
5,ἦσθε,ἔσθω,v3siia---,ImpfCons,4.0,PRED_CO,5.94,ImpfCons,,,
6,διάκτορος,διάκτορος,n-s---mn-,NomSubj,7.0,ATR,5.94,NomSubj,,,
7,ἀργεϊφόντης,Ἀργειφόντης,n-s---mn-,NomInd,9.0,OBJ_AP,5.94,NomInd,,,
8,.,.,u--------,,0.0,AuxK,5.94,,,,
1,αὐτὰρ,ἀτάρ,g--------,particle indeclform,15.0,AuxY,5.95,particle indeclform,,,
2,ἐπεὶ,ἐπεί,c--------,conj indeclform,15.0,AuxC,5.95,conj indeclform,,,
3,δείπνησε,δειπνέω,v3saia---,AorIngr,4.0,ADV_CO,5.95,AorIngr,,,
4,καὶ,καί,c--------,conj indeclform,2.0,COORD,5.95,conj indeclform,,,
5,ἤραρε,ἀραρίσκω,v3saia---,AorIngr,4.0,ADV_CO,5.95,AorIngr,,,
6,θυμὸν,θυμός,n-s---ma-,AccObj,5.0,OBJ,5.95,AccObj,,,
7,ἐδωδῇ,ἐδωδή,n-s---fd-,DatInstr,5.0,ADV,5.95,DatInstr,,,
8,",",",",u--------,,2.0,AuxX,5.95,,,,
9,καὶ,καί,d--------,conj indeclform,15.0,AuxY,5.96,conj indeclform,,,
10,τότε,τότε,d--------,adv indeclform,15.0,ADV,5.96,adv indeclform,,,
11,δή,δή,g--------,particle indeclform,15.0,AuxY,5.96,particle indeclform,,,
12,μιν,μιν,p-s---fa-,"AccObj, Pron4",15.0,OBJ,5.96,AccObj,Pron4,,
13,ἔπεσσιν,ἔπος,n-p---nd-,DatInstr,15.0,ADV,5.96,DatInstr,,,
14,ἀμειβόμενος,ἀμείβω,v-sppemn-,"NomSubj, PartCirc.5",15.0,ADV,5.96,NomSubj,PartCirc.5,,
15,προσέειπεν,προσεῖπον,v3saia---,Aor,0.0,PRED,5.96,Aor,,,
16,·,·,u--------,,0.0,AuxK,5.96,,,,
1,&quot;,&quot;,u--------,,2.0,AuxG,5.97,,,,
2,εἰρωτᾷς,ἐρωτάω,v2spia---,"Pres, Ind, Act",0.0,PRED,5.97,Pres,Ind,Act,
3,μ',ἐγώ,p1s---ma-,"AccObj, Pron1",2.0,OBJ,5.97,AccObj,Pron1,,
4,ἐλθόντα,ἔρχομαι,v-sapama-,"AccDoubl, PartAttr, AorIngr",2.0,ATV,5.97,AccDoubl,PartAttr,AorIngr,
5,θεὰ,θεά,n-s---fn-,NomInd,2.0,AtvV,5.97,NomInd,,,
6,θεόν,θεός,n-s---ma-,AccObj [paranomasia- Smyth 3040],3.0,ATV,5.97,AccObj [paranomasia- Smyth 3040],,,
7,·,·,u--------,,0.0,AuxK,5.97,,,,
1,αὐτὰρ,ἀτάρ,g--------,particle indeclform,7.0,AuxY,5.97,particle indeclform,,,
2,ἐγώ,ἐγώ,p1s---mn-,"NomSubj, Pron1",7.0,SBJ,5.97,NomSubj,Pron1,,
3,τοι,σύ,p2s----d-,"DatVerb, Pron1",7.0,OBJ,5.97,DatVerb,Pron1,,
4,νημερτέως,νημερτής,d--------,adv,7.0,ADV,5.98,adv,,,
5,τὸν,ὁ,l-s---ma-,"AccObj, ArtSubs",6.0,ATR,5.98,AccObj,ArtSubs,,
6,μῦθον,μῦθος,n-s---ma-,AccObj,7.0,OBJ,5.98,AccObj,,,
7,ἐνισπήσω,ἐνέπω,v1sfia---,FutHypo,0.0,PRED,5.98,FutHypo,,,
8,·,·,u--------,,0.0,AuxK,5.98,,,,
1,κέλεαι,κέλομαι,v2spie---,Pres,0.0,PRED,5.98,Pres,,,
2,γάρ,γάρ,g--------,particle indeclform,1.0,AuxY,5.98,particle indeclform,,,
3,.,.,u--------,,0.0,AuxK,5.98,,,,
1,Ζεὺς,Ζεύς,n-s---mn-,NomSubj,4.0,SBJ,5.99,NomSubj,,,
2,ἐμέ,ἐγώ,p1s---ma-,AccObj,6.0,SBJ,5.99,AccObj,,,
3,γ',γε,g--------,particle indeclform,2.0,AuxZ,5.99,particle indeclform,,,
4,ἠνώγει,ἄνωγα,v3siia---,Pperf,0.0,PRED,5.99,Pperf,,,
5,δεῦρ',δεῦρο,d--------,adv indeclform,6.0,OBJ,5.99,adv indeclform,,,
6,ἐλθέμεν,ἔρχομαι,v--ana---,InfDyn,4.0,OBJ,5.99,InfDyn,,,
7,οὐκ,οὐ,d--------,adv indeclform,8.0,AuxZ,5.99,adv indeclform,,,
8,ἐθέλοντα,ἐθέλω,v-sppama-,"AccResp, PartAttr",2.0,ATV,5.99,AccResp,PartAttr,,
9,·,·,u--------,,0.0,AuxK,5.99,,,,
1,τίς,τις,p-s---mn-,"NomSubj, Pron7",6.0,SBJ,5.1,NomSubj,Pron7,,
2,δ',δέ,g--------,particle indeclform,0.0,COORD,5.1,particle indeclform,,,
3,ἂν,ἄν,g--------,OptPoten (an),6.0,AuxZ,5.1,OptPoten (an),,,
4,ἑκὼν,ἑκών,a-s---mn-,"NomSubj, PartCirc",1.0,ATV,5.1,NomSubj,PartCirc,,
5,τοσσόνδε,τοσόσδε,p-s---na-,"AccDirec, Pron4",8.0,ATR,5.1,AccDirec,Pron4,,
6,διαδράμοι,διατρέχω,v3saoa---,OptPoten,2.0,PRED_CO,5.1,OptPoten,,,
7,ἁλμυρὸν,ἁλμυρός,a-s---na-,AccDirec,8.0,ATR,5.1,AccDirec,,,
8,ὕδωρ,ὕδωρ,n-s---na-,AccDirec,6.0,OBJ,5.1,AccDirec,,,
9,ἄσπετον,ἄσπετος,a-s---na-,AccDirec,8.0,ATR,5.101,AccDirec,,,
10,;,;,u--------,,0.0,AuxK,5.101,,,,
1,οὐ,οὐ,d--------,adv indeclform,18.0,AuxZ,5.101,adv indeclform,,,
2,δέ,δέ,g--------,particle indeclform,0.0,COORD,5.101,particle indeclform,,,
3,τις,τις,p-s---fn-,"NomSubj, Pron6",6.0,ATR,5.101,NomSubj,Pron6,,
4,ἄγχι,ἄγχι,d--------,adv indeclform,18.0,ADV,5.101,adv indeclform,,,
5,βροτῶν,βροτός,n-p---mg-,GenPos,6.0,ATR,5.101,GenPos,,,
6,πόλις,πόλις,n-s---fn-,NomSubj,18.0,SBJ,5.101,NomSubj,,,
7,",",",",u--------,,13.0,AuxX,5.101,,,,
8,οἵ,ὅς,p-p---mn-,"NomSubj, Pron8",13.0,SBJ,5.101,NomSubj,Pron8,,
9,τε,τε,g--------,particle indeclform,13.0,AuxY,5.101,particle indeclform,,,
10,θεοῖσιν,θεός,n-p---md-,DatAdvn,13.0,OBJ,5.101,DatAdvn,,,
11,ἱερά,ἱερός,a-p---na-,AccObj,14.0,OBJ_CO,5.102,AccObj,,,
12,τε,τε,g--------,particle indeclform,14.0,AuxY,5.102,particle indeclform,,,
13,ῥέζουσι,ῥέζω,v3ppia---,"PresIter.1, Ind, Act",5.0,ATR,5.102,PresIter.1,Ind,Act,
14,καὶ,καί,c--------,conj indeclform,13.0,COORD,5.102,conj indeclform,,,
15,ἐξαίτους,ἔξαιτος,a-p---fa-,AccObj,16.0,ATR,5.102,AccObj,,,
16,ἑκατόμβας,ἑκατόμβη,n-p---fa-,AccObj,14.0,OBJ_CO,5.102,AccObj,,,
17,.,.,u--------,,0.0,AuxK,5.102,,,,
1,ἀλλὰ,ἀλλά,d--------,adv indeclform,5.0,AuxY,5.103,adv indeclform,,,
2,μάλ',μάλα,d--------,adv indeclform,3.0,AuxZ,5.103,adv indeclform,,,
3,οὔ,οὐ,d--------,adv indeclform,5.0,AuxZ,5.103,adv indeclform,,,
4,πως,πως,g--------,particle indeclform,5.0,AuxY,5.103,particle indeclform,,,
5,ἔστι,εἰμί,v3spia---,"PresIter.1., Ind, Act",0.0,PRED,5.103,PresIter.1.,Ind,Act,
6,Διὸς,Ζεύς,n-s---mg-,GenPos,7.0,ATR,5.103,GenPos,,,
7,νόον,νόος,n-s---ma-,AccObj,14.0,OBJ,5.103,AccObj,,,
8,αἰγιόχοιο,αἰγίοχος,a-s---mg-,GenPos,6.0,ATR,5.103,GenPos,,,
9,οὔ,οὐ,d--------,adv indeclform,14.0,AuxY,5.104,adv indeclform,,,
10,τε,τε,g--------,particle indeclform,14.0,AuxY,5.104,particle indeclform,,,
11,παρεξελθεῖν,παρεξέρχομαι,v--ana---,"InfDyn, AorGnom",14.0,SBJ_CO,5.104,InfDyn,AorGnom,,
12,ἄλλον,ἄλλος,a-s---ma-,AccSubj,13.0,ATR,5.104,AccSubj,,,
13,θεὸν,θεός,n-s---ma-,AccSubj,14.0,SBJ,5.104,AccSubj,,,
14,οὔθ',οὔτε,c--------,adv indeclform,5.0,COORD,5.104,adv indeclform,,,
15,ἁλιῶσαι,ἁλιόω,v--ana---,"InfDyn, AorGnom",14.0,SBJ_CO,5.104,InfDyn,AorGnom,,
16,.,.,u--------,,0.0,AuxK,5.104,,,,
1,φησί,φημί,v3spia---,PresPerf,0.0,PRED,5.105,PresPerf,,,
2,τοι,σύ,p2s----d-,"DatPos, Pron1",4.0,OBJ,5.105,DatPos,Pron1,,
3,ἄνδρα,ἀνήρ,n-s---ma-,AccSubj,4.0,SBJ,5.105,AccSubj,,,
4,παρεῖναι,πάρειμι,v--pna---,InfDec,1.0,OBJ,5.105,InfDec,,,
5,ὀιζυρώτατον,ὀιζυρός,a-s---mas,AccSubj,3.0,ATR,5.105,AccSubj,,,
6,ἄλλων,ἄλλος,a-p---mg-,GenPart,5.0,ATR,5.105,GenPart,,,
7,",",",",u--------,,9.0,APOS,5.105,,,,
8,τῶν,ὁ,l-p---mg-,"GenPart, ArtSubs",9.0,ATR,5.106,GenPart,ArtSubs,,
9,ἀνδρῶν,ἀνήρ,n-p---mg-,GenPart,6.0,ATR,5.106,GenPart,,,
10,",",",",u--------,,19.0,AuxX,5.106,,,,
11,οἳ,ὅς,p-p---mn-,"NomSubj, Pron8",19.0,SBJ,5.106,NomSubj,Pron8,,
12,ἄστυ,ἄστυ,n-s---na-,AccDirec.1 (Prep3),13.0,ADV,5.106,AccDirec.1 (Prep3),,,
13,πέρι,περί,r--------,Prep3,15.0,AuxP,5.106,Prep3,,,
14,Πριάμοιο,Πρίαμος,n-s---mg-,GenPos,12.0,ATR,5.106,GenPos,,,
15,μάχοντο,μάχομαι,v3piie---,"ImpfDesc, MidRecip",19.0,ATR_CO,5.106,ImpfDesc,MidRecip,,
16,εἰνάετες,εἰναετής,a-s---na-,AccAdv,15.0,ADV,5.107,AccAdv,,,
17,",",",",u--------,,19.0,AuxX,5.107,,,,
18,δεκάτῳ,δέκατος,a-s---nd-,DatTime,22.0,ADV,5.107,DatTime,,,
19,δὲ,δέ,g--------,particle indeclform,9.0,COORD,5.107,particle indeclform,,,
20,πόλιν,πόλις,n-s---fa-,AccObj,21.0,OBJ,5.107,AccObj,,,
21,πέρσαντες,πέρθω,v-papamn-,PartCirc.7,22.0,ADV,5.107,PartCirc.7,,,
22,ἔβησαν,βαίνω,v3paia---,AorIngr,19.0,ATR_CO,5.107,AorIngr,,,
23,οἴκαδ',οἴκαδε,d--------,AccDirec.1,22.0,OBJ,5.108,AccDirec.1,,,
24,·,·,u--------,,0.0,AuxK,5.108,,,,
1,ἀτὰρ,ἀτάρ,g--------,particle indeclform,5.0,AuxY,5.108,particle indeclform,,,
2,ἐν,ἐν,r--------,Prep- temporal,5.0,AuxP,5.108,Prep- temporal,,,
3,νόστῳ,νόστος,n-s---md-,DatTime.2.A,2.0,ADV,5.108,DatTime.2.A,,,
4,Ἀθηναίην,Ἀθήνη,n-s---fa-,AccObj,5.0,OBJ,5.108,AccObj,,,
5,ἀλίτοντο,ἀλιταίνω,v3paim---,"AorIngr, MidIndir",0.0,PRED,5.108,AorIngr,MidIndir,,
6,",",",",u--------,,9.0,AuxX,5.108,,,,
7,ἥ,ὅς,p-s---fn-,"NomSubj, Pron8",9.0,SBJ,5.109,NomSubj,Pron8,,
8,σφιν,σφεῖς,p-p---md-,DatAdvn,9.0,OBJ,5.109,DatAdvn,,,
9,ἐπῶρσ',ἐπόρνυμι,v3saia---,AorComp,4.0,ATR,5.109,AorComp,,,
10,ἄνεμόν,ἄνεμος,n-s---ma-,AccObj,13.0,OBJ_CO,5.109,AccObj,,,
11,τε,τε,g--------,particle indeclform,13.0,AuxY,5.109,particle indeclform,,,
12,κακὸν,κακός,a-s---ma-,AccObj,10.0,ATR,5.109,AccObj,,,
13,καὶ,καί,c--------,conj indeclform,9.0,COORD,5.109,conj indeclform,,,
14,κύματα,κῦμα,n-p---na-,AccObj,13.0,OBJ_CO,5.109,AccObj,,,
15,μακρά,μακρός,a-p---na-,AccObj,14.0,ATR,5.109,AccObj,,,
16,.,.,u--------,,0.0,AuxK,5.109,,,,
1,ἔνθ',ἔνθα,d--------,adv indeclform,5.0,ADV,5.11,adv indeclform,,,
2,ἄλλοι,ἄλλος,a-p---mn-,NomSubj,7.0,ATR,5.11,NomSubj,,,
3,μὲν,μέν,g--------,particle indeclform,10.0,AuxY,5.11,particle indeclform,,,
4,πάντες,πᾶς,a-p---mn-,NomSubj,7.0,ATR,5.11,NomSubj,,,
5,ἀπέφθιθεν,ἀποφθίνω,v3paip---,"AorComp, Pass",10.0,PRED_CO,5.11,AorComp,Pass,,
6,ἐσθλοὶ,ἐσθλός,a-p---mn-,NomSubj,7.0,ATR,5.11,NomSubj,,,
7,ἑταῖροι,ἑταῖρος,n-p---mn-,NomSubj,5.0,SBJ,5.11,NomSubj,,,
8,",",",",u--------,,10.0,AuxX,5.11,,,,
9,τὸν,ὁ,p-s---ma-,"AccObj, Pron4",18.0,OBJ,5.111,AccObj,Pron4,,
10,δ',δέ,g--------,particle indeclform,0.0,COORD,5.111,particle indeclform,,,
11,ἄρα,ἄρα,g--------,particle indeclform,18.0,AuxY,5.111,particle indeclform,,,
12,δεῦρ',δεῦρο,d--------,adv indeclform,18.0,OBJ,5.111,adv indeclform,,,
13,ἄνεμός,ἄνεμος,n-s---mn-,NomSubj,16.0,SBJ_CO,5.111,NomSubj,,,
14,τε,τε,g--------,particle indeclform,16.0,AuxY,5.111,particle indeclform,,,
15,φέρων,φέρω,v-sppamn-,PartCirc.3,18.0,ADV,5.111,PartCirc.3,,,
16,καὶ,καί,c--------,conj indeclform,18.0,COORD,5.111,conj indeclform,,,
17,κῦμα,κῦμα,n-s---nn-,NomSubj,16.0,SBJ_CO,5.111,NomSubj,,,
18,πέλασσε,πελάζω,v3saia---,AorIngr,10.0,PRED_CO,5.111,AorIngr,,,
19,.,.,u--------,,0.0,AuxK,5.111,,,,
1,τὸν,ὁ,p-s---ma-,"AccObj, Pron4",5.0,OBJ,5.112,AccObj,Pron4,,
2,νῦν,νῦν,d--------,adv indeclform,4.0,ADV,5.112,adv indeclform,,,
3,σ',σύ,p2s----a-,"AccSubj, Pron1",5.0,SBJ,5.112,AccSubj,Pron1,,
4,ἠνώγειν,ἄνωγα,v3slia---,Pperf,0.0,PRED,5.112,Pperf,,,
5,ἀποπεμπέμεν,ἀποπέμπω,v--pna---,InfDyn,4.0,OBJ,5.112,InfDyn,,,
6,ὅττι,ὅτι,c--------,conj indeclform,7.0,AuxZ,5.112,conj indeclform,,,
7,τάχιστα,ταχύς,a-p---na-,AccAdv,5.0,ADV,5.112,AccAdv,,,
8,·,·,u--------,,0.0,AuxK,5.112,,,,
1,οὐ,οὐ,d--------,adv indeclform,30.0,AuxZ,5.113,adv indeclform,,,
2,γάρ,γάρ,g--------,particle indeclform,30.0,AuxY,5.113,particle indeclform,,,
3,οἱ,ἕ,p-s---md-,"DatPos, Pron4",5.0,OBJ,5.113,DatPos,Pron4,,
4,τῇδ',τῇδε,d--------,adv indeclform,8.0,ADV,5.113,adv indeclform,,,
5,αἶσα,αἶσα,n-s---fn-,NomSubj,30.0,SBJ,5.113,NomSubj,,,
6,φίλων,φίλος,a-p---mg-,GenVerb.1,7.0,ADV,5.113,GenVerb.1,,,
7,ἀπονόσφιν,ἀπονόσφι,r--------,"adv indeclform, w/ gen",8.0,AuxP,5.113,adv indeclform,w/ gen,,
8,ὀλέσθαι,ὄλλυμι,v--anm---,InfDyn.2,30.0,PNOM,5.113,InfDyn.2,,,
9,",",",",u--------,,10.0,AuxX,5.113,,,,
10,ἀλλ',ἀλλά,c--------,adv indeclform,0.0,COORD,5.114,adv indeclform,,,
11,ἔτι,ἔτι,d--------,adv indeclform,14.0,AuxY,5.114,adv indeclform,,,
12,οἱ,ἕ,p-s---md-,"DatPos, Pron4",13.0,OBJ,5.114,DatPos,Pron4,,
13,μοῖρ',μοῖρα,n-s---fn-,NomSubj,14.0,SBJ,5.114,NomSubj,,,
14,ἐστὶ,εἰμί,v3spia---,"PresIter.1., Ind, Act [introduces hysteron proteron, Smyth 3030]",10.0,PRED_CO,5.114,PresIter.1.,Ind,Act [introduces hysteron proteron,Smyth 3030]
15,φίλους,φίλος,a-p---ma-,AccObj,17.0,OBJ,5.114,AccObj,,,
16,τ',τε,g--------,particle indeclform,18.0,AuxY,5.114,particle indeclform,,,
17,ἰδέειν,εἶδον,v--ana---,InfDyn.2,18.0,PNOM_CO,5.114,InfDyn.2,,,
18,καὶ,καί,c--------,conj indeclform,14.0,COORD,5.114,conj indeclform,,,
19,ἱκέσθαι,ἱκνέομαι,v--anm---,InfDyn.2,18.0,PNOM_CO,5.114,InfDyn.2,,,
20,οἶκον,οἶκος,n-s---ma-,AccDirec.1 (Prep3),21.0,OBJ_CO,5.115,AccDirec.1 (Prep3),,,
21,ἐς,εἰς,r--------,Prep3,23.0,AuxP,5.115,Prep3,,,
22,ὑψόροφον,ὑψόροφος,a-s---ma-,AccDirec.1 (Prep3),20.0,ATR,5.115,AccDirec.1 (Prep3),,,
23,καὶ,καί,c--------,conj indeclform,19.0,COORD,5.115,conj indeclform,,,
24,ἑὴν,ἑός,a-s---fa-,"Pron3, AccDirec.1 (Prep3)",27.0,ATR,5.115,Pron3,AccDirec.1 (Prep3),,
25,ἐς,εἰς,r--------,Prep3,23.0,AuxP,5.115,Prep3,,,
26,πατρίδα,πατρίς,a-s---fa-,AccDirec.1 (Prep3),27.0,ATR,5.115,AccDirec.1 (Prep3),,,
27,γαῖαν,γαῖα,n-s---fa-,AccDirec.1 (Prep3),25.0,OBJ_CO,5.115,AccDirec.1 (Prep3),,,
28,.,.,u--------,,0.0,AuxK,5.115,,,,
29,&quot;,&quot;,u--------,,10.0,AuxG,5.115,,,,
1,ὣς,ὡς,d--------,adv indeclform,2.0,ADV,5.116,adv indeclform,,,
2,φάτο,φημί,v3saim---,Impf.2,11.0,PRED_CO,5.116,Impf.2,,,
3,",",",",u--------,,11.0,AuxX,5.116,,,,
4,ῥίγησεν,ῥιγέω,v3saia---,Aor,11.0,PRED_CO,5.116,Aor,,,
5,δὲ,δέ,g--------,particle indeclform,11.0,AuxY,5.116,particle indeclform,,,
6,Καλυψώ,Καλυψώ,n-s---fn-,NomSubj,7.0,SBJ_AP,5.116,NomSubj,,,
7,",",",",u--------,,4.0,APOS,5.116,,,,
8,δῖα,δῖος,a-s---fn-,NomInd,7.0,SBJ_AP,5.116,NomInd,,,
9,θεάων,θεά,n-p---fg-,GenPart,8.0,ATR,5.116,GenPart,,,
10,",",",",u--------,,11.0,AuxX,5.116,,,,
11,καί,καί,c--------,conj indeclform,0.0,COORD,5.117,conj indeclform,,,
12,μιν,μιν,p-s---ma-,"AccObj, Pron4",16.0,OBJ,5.117,AccObj,Pron4,,
13,φωνήσασ',φωνέω,v-sapafn-,"NomSubj, PartCirc.3",16.0,ADV,5.117,NomSubj,PartCirc.3,,
14,ἔπεα,ἔπος,n-p---na-,AccObj,16.0,OBJ,5.117,AccObj,,,
15,πτερόεντα,πτερόεις,a-p---na-,AccObj,14.0,ATR,5.117,AccObj,,,
16,προσηύδα,προσαυδάω,v3siia---,ImpfCons,11.0,PRED_CO,5.117,ImpfCons,,,
17,·,·,u--------,,0.0,AuxK,5.117,,,,
1,&quot;,&quot;,u--------,,3.0,AuxG,5.118,,,,
2,σχέτλιοί,σχέτλιος,a-p---mn-,NomPred,6.0,PNOM_CO,5.118,NomPred,,,
3,ἐστε,εἰμί,v2ppia---,"PresIter, Ind, Act",0.0,PRED,5.118,PresIter,Ind,Act,
4,",",",",u--------,,5.0,AuxX,5.118,,,,
5,θεοί,θεός,n-p---mv-,Voc,3.0,ExD,5.118,Voc,,,
6,",",",",u--------,,3.0,COORD,5.118,,,,
7,ζηλήμονες,ζηλήμων,a-p---mn-,NomPred,6.0,PNOM_CO,5.118,NomPred,,,
8,ἔξοχον,ἔξοχος,a-s---na-,AccAdv,7.0,ADV,5.118,AccAdv,,,
9,ἄλλων,ἄλλος,a-p---mg-,GenComp,8.0,ATR,5.118,GenComp,,,
10,",",",",u--------,,14.0,AuxX,5.118,,,,
11,οἵ,ὅς,p-p---mn-,"NomSubj, Pron8",14.0,SBJ,5.119,NomSubj,Pron8,,
12,τε,τε,g--------,particle indeclform,14.0,AuxY,5.119,particle indeclform,,,
13,θεαῖς,θεά,n-p---fd-,DatVerb,14.0,OBJ,5.119,DatVerb,,,
14,ἀγάασθε,ἄγαμαι,v2ppie---,"PresIter, Ind, MidMent",5.0,ATR,5.119,PresIter,Ind,MidMent,
15,παρ',παρά,r--------,Prep5,17.0,AuxP,5.119,Prep5,,,
16,ἀνδράσιν,ἀνήρ,n-p---md-,DatLoca (Prep5),15.0,ADV,5.119,DatLoca (Prep5),,,
17,εὐνάζεσθαι,εὐνάζω,v--pne---,InfDyn,14.0,OBJ,5.119,InfDyn,,,
18,ἀμφαδίην,ἀμφάδιος,a-s---fa-,AccAdv,17.0,ADV,5.12,AccAdv,,,
19,",",",",u--------,,20.0,AuxX,5.12,,,,
20,ἤν,ἐάν,c--------,conj indeclform,17.0,AuxC,5.12,conj indeclform,,,
21,τίς,τις,p-s---fn-,"NomSubj, Pron6",24.0,SBJ,5.12,NomSubj,Pron6,,
22,τε,τε,g--------,particle indeclform,24.0,AuxY,5.12,particle indeclform,,,
23,φίλον,φίλος,a-s---ma-,AccObj,25.0,ATR,5.12,AccObj,,,
24,ποιήσετ',ποιέω,v3sasm---,SubjSubor,20.0,ADV,5.12,SubjSubor,,,
25,ἀκοίτην,ἀκοίτης,n-s---ma-,AccObj,24.0,OCOMP,5.12,AccObj,,,
26,.,.,u--------,,0.0,AuxK,5.12,,,,
1,ὣς,ὡς,d--------,adv indeclform,11.0,AuxY,5.121,adv indeclform,,,
2,μὲν,μέν,g--------,particle indeclform,11.0,AuxY,5.121,particle indeclform,,,
3,ὅτ',ὅτε,c--------,conj indeclform,11.0,AuxC,5.121,conj indeclform,,,
4,Ὠρίων',Ὠρίων,n-s---ma-,AccObj,5.0,OBJ,5.121,AccObj,,,
5,ἕλετο,αἱρέω,v3saim---,"Aor, MidIndir",3.0,ADV,5.121,Aor,MidIndir,,
6,ῥοδοδάκτυλος,ῥοδοδάκτυλος,a-s---fn-,NomSubj,7.0,ATR,5.121,NomSubj,,,
7,Ἠώς,ἠώς,n-s---fn-,NomSubj,5.0,SBJ,5.121,NomSubj,,,
8,",",",",u--------,,3.0,AuxX,5.121,,,,
9,τόφρα,τόφρα,d--------,adv indeclform,11.0,ADV,5.122,adv indeclform,,,
10,οἱ,ἕ,p-s---fd-,"DatVerb, Pron4",11.0,OBJ,5.122,DatVerb,Pron4,,
11,ἠγάασθε,ἄγαμαι,v2piie---,"Imp5, MidMent",0.0,PRED,5.122,Imp5,MidMent,,
12,θεοὶ,θεός,n-p---mn-,NomSubj,11.0,SBJ,5.122,NomSubj,,,
13,ῥεῖα,ῥεῖα,d--------,adv indeclform,14.0,ADV,5.122,adv indeclform,,,
14,ζώοντες,ζώω,v-pppamn-,"NomSubj, PartCirc.7",12.0,ATR,5.122,NomSubj,PartCirc.7,,
15,",",",",u--------,,16.0,AuxX,5.122,,,,
16,ἧος,ἕως,c--------,conj indeclform,11.0,AuxC,5.123,conj indeclform,,,
17,ἐν,ἐν,r--------,Prep3,26.0,AuxP,5.123,Prep3,,,
18,Ὀρτυγίῃ,Ὀρτυγία,n-s---fd-,DatLoc.4 (Prep3),17.0,ADV,5.123,DatLoc.4 (Prep3),,,
19,χρυσόθρονος,χρυσόθρονος,a-s---fn-,NomInd,20.0,ATR,5.123,NomInd,,,
20,Ἄρτεμις,Ἄρτεμις,n-s---fn-,NomSubj,26.0,SBJ,5.123,NomSubj,,,
21,ἁγνὴ,ἁγνός,a-s---fn-,NomSubj,20.0,ATR,5.123,NomSubj,,,
22,οἷς,ἑός,a-p---nd-,"DatInstr, Pron3",24.0,ATR,5.124,DatInstr,Pron3,,
23,ἀγανοῖς,ἀγανός,a-p---nd-,DatInstr,24.0,ATR,5.124,DatInstr,,,
24,βελέεσσιν,βέλος,n-p---nd-,DatInstr,26.0,ADV,5.124,DatInstr,,,
25,ἐποιχομένη,ἐποίχομαι,v-sppefn-,"NomSubj, PartCirc.7",26.0,ADV,5.124,NomSubj,PartCirc.7,,
26,κατέπεφνεν,κατέπεφνον,v3saia---,AorIngr,16.0,ADV,5.124,AorIngr,,,
27,.,.,u--------,,0.0,AuxK,5.124,,,,
1,ὣς,ὡς,d--------,adv indeclform,20.0,AuxY,5.125,adv indeclform,,,
2,δ',δέ,g--------,particle indeclform,0.0,COORD,5.125,particle indeclform,,,
3,ὁπότ',ὁπότε,d--------,adv indeclform,2.0,AuxC,5.125,adv indeclform,,,
4,Ἰασίωνι,̓ἰασίων,n-s---md-,DatResp,12.0,OBJ,5.125,DatResp,,,
5,ἐυπλόκαμος,εὐπλόκαμος,a-s---fn-,NomSubj,6.0,ATR,5.125,NomSubj,,,
6,Δημήτηρ,Δημήτηρ,n-s---fn-,NomSubj,12.0,SBJ,5.125,NomSubj,,,
7,",",",",u--------,,10.0,AuxX,5.125,,,,
8,ᾧ,ὅς,p-s---md-,"DatVerb, Pron3",9.0,ATR,5.126,DatVerb,Pron3,,
9,θυμῷ,θυμός,n-s---md-,DatVerb,10.0,OBJ,5.126,DatVerb,,,
10,εἴξασα,εἴκω,v-sapafn-,"NomSubj, PartCirc.4",12.0,ADV,5.126,NomSubj,PartCirc.4,,
11,",",",",u--------,,10.0,AuxX,5.126,,,,
12,μίγη,μίγνυμι,v3saip---,"Aor, Pass",20.0,ADV,5.126,Aor,Pass,,
13,φιλότητι,φιλότης,n-s---fd-,DatMean,14.0,ADV_CO,5.126,DatMean,,,
14,καὶ,καί,c--------,conj indeclform,12.0,COORD,5.126,conj indeclform,,,
15,εὐνῇ,εὐνή,n-s---fd-,DatLoc (Prep3),14.0,ADV_CO,5.126,DatLoc (Prep3),,,
16,νειῷ,νειός,n-s---fd-,DatLoc (Prep3),17.0,ADV,5.127,DatLoc (Prep3),,,
17,ἔνι,ἐν,r--------,Prep3,12.0,AuxP,5.127,Prep3,,,
18,τριπόλῳ,τρίπολος,a-s---fd-,DatLoc (Prep3),16.0,ATR,5.127,DatLoc (Prep3),,,
19,·,·,u--------,,0.0,AuxK,5.127,,,,
1,οὐ,οὐ,d--------,adv indeclform,4.0,AuxZ,5.127,adv indeclform,,,
2,δὲ,δέ,g--------,particle indeclform,0.0,COORD,5.127,particle indeclform,,,
3,δὴν,δήν,d--------,adv indeclform,4.0,ADV,5.127,adv indeclform,,,
4,ἦεν,εἰμί,v3siia---,Impf,2.0,PRED_CO,5.127,Impf,,,
5,ἄπυστος,ἄπυστος,a-s---mn-,NomPred,4.0,PNOM,5.127,NomPred,,,
6,Ζεύς,Ζεύς,n-s---mn-,NomSubj,4.0,SBJ,5.128,NomSubj,,,
7,",",",",u--------,,10.0,AuxX,5.128,,,,
8,ὅς,ὅς,p-s---mn-,"NomSubj, Pron8",10.0,SBJ,5.128,NomSubj,Pron8,,
9,μιν,μιν,p-s---ma-,"AccObj, Pron4",10.0,OBJ,5.128,AccObj,Pron4,,
10,κατέπεφνε,κατέπεφνον,v3saia---,AorComp,6.0,ATR,5.128,AorComp,,,
11,βαλὼν,βάλλω,v-sapamn-,"NomSubj, PartCirc.3",10.0,ADV,5.128,NomSubj,PartCirc.3,,
12,ἀργῆτι,ἀργής,n-s---md-,DatInstr,13.0,ATR,5.128,DatInstr,,,
13,κεραυνῷ,κεραυνός,n-s---md-,DatInstr,10.0,ADV,5.128,DatInstr,,,
14,.,.,u--------,,0.0,AuxK,5.128,,,,
1,ὥς,ὡς,d--------,conj indeclform,6.0,AuxY,5.129,conj indeclform,,,
2,δ',δέ,g--------,particle indeclform,0.0,COORD,5.129,particle indeclform,,,
3,αὖ,αὖ,d--------,adv indeclform,6.0,AuxY,5.129,adv indeclform,,,
4,νῦν,νῦν,d--------,adv indeclform,6.0,ADV,5.129,adv indeclform,,,
5,μοι,ἐγώ,p1s---fd-,"DatVerb, Pron1",6.0,OBJ,5.129,DatVerb,Pron1,,
6,ἄγασθε,ἄγαμαι,v2ppie---,"Pres, MidMent",2.0,PRED_CO,5.129,Pres,MidMent,,
7,",",",",u--------,,8.0,AuxX,5.129,,,,
8,θεοί,θεός,n-p---mv-,Voc,6.0,ExD,5.129,Voc,,,
9,",",",",u--------,,8.0,AuxX,5.129,,,,
10,βροτὸν,βροτός,n-s---ma-,AccSubj,11.0,ATR,5.129,AccSubj,,,
11,ἄνδρα,ἀνήρ,n-s---ma-,AccSubj,12.0,SBJ,5.129,AccSubj,,,
12,παρεῖναι,πάρειμι,v--pna---,InfDyn,6.0,OBJ,5.129,InfDyn,,,
13,.,.,u--------,,0.0,AuxK,5.129,,,,
1,τὸν,ὁ,p-s---ma-,"AccObj, Pron4",4.0,OBJ,5.13,AccObj,Pron4,,
2,μὲν,μέν,g--------,particle indeclform,4.0,AuxY,5.13,particle indeclform,,,
3,ἐγὼν,ἐγώ,p1s---fn-,"NomSubj, Pron1",4.0,SBJ,5.13,NomSubj,Pron1,,
4,ἐσάωσα,σώζω,v1saia---,AorIngr,0.0,PRED,5.13,AorIngr,,,
5,περὶ,περί,r--------,Prep5,7.0,AuxP,5.13,Prep5,,,
6,τρόπιος,τρόπις,n-s---fg-,GenLoc (Prep5),5.0,OBJ,5.13,GenLoc (Prep5),,,
7,βεβαῶτα,βαίνω,v-srpama-,"AccObj, PartCirc.7, PerfNoni",1.0,ATV,5.13,AccObj,PartCirc.7,PerfNoni,
8,οἶον,οἶος,a-s---ma-,AccObj,1.0,ATV,5.131,AccObj,,,
9,",",",",u--------,,10.0,AuxX,5.131,,,,
10,ἐπεί,ἐπεί,c--------,conj indeclform,4.0,AuxC,5.131,conj indeclform,,,
11,οἱ,ἕ,p-s---md-,"DatPos, Pron4",12.0,ATR,5.131,DatPos,Pron4,,
12,νῆα,ναῦς,n-s---fa-,AccObj,17.0,OBJ,5.131,AccObj,,,
13,θοὴν,θοός,a-s---fa-,AccObj,12.0,ATR,5.131,AccObj,,,
14,ἀργῆτι,ἀργής,n-s---md-,DatInstr,15.0,ATR,5.131,DatInstr,,,
15,κεραυνῷ,κεραυνός,n-s---md-,DatInstr,18.0,ADV,5.131,DatInstr,,,
16,Ζεὺς,Ζεύς,n-s---mn-,NomSubj,18.0,SBJ,5.132,NomSubj,,,
17,ἔλσας,εἴλω,v-sapamn-,"NomSubj, PartCirc.3",18.0,ADV,5.132,NomSubj,PartCirc.3,,
18,ἐκέασσε,κεάζω,v3saia---,Aor,10.0,ADV,5.132,Aor,,,
19,μέσῳ,μέσος,a-s---md-,DatLoc (Prep3),22.0,ATR,5.132,DatLoc (Prep3),,,
20,ἐνὶ,ἐν,r--------,Prep3,18.0,AuxP,5.132,Prep3,,,
21,οἴνοπι,οἶνοψ,n-s---md-,DatLoc (Prep3),22.0,ATR,5.132,DatLoc (Prep3),,,
22,πόντῳ,πόντος,n-s---md-,DatLoc (Prep3),20.0,ADV,5.132,DatLoc (Prep3),,,
23,.,.,u--------,,0.0,AuxK,5.132,,,,
1,ἔνθ',ἔνθα,d--------,adv indeclform,5.0,ADV,5.133,adv indeclform,,,
2,ἄλλοι,ἄλλος,a-p---mn-,NomSubj,7.0,ATR,5.133,NomSubj,,,
3,μὲν,μέν,g--------,particle indeclform,5.0,AuxY,5.133,particle indeclform,,,
4,πάντες,πᾶς,a-p---mn-,NomSubj,7.0,ATR,5.133,NomSubj,,,
5,ἀπέφθιθεν,ἀποφθίνω,v3paip---,"AorIngr, Pass",10.0,PRED_CO,5.133,AorIngr,Pass,,
6,ἐσθλοὶ,ἐσθλός,a-p---mn-,NomSubj,7.0,ATR,5.133,NomSubj,,,
7,ἑταῖροι,ἑταῖρος,n-p---mn-,NomSubj,5.0,SBJ,5.133,NomSubj,,,
8,",",",",u--------,,10.0,AuxX,5.133,,,,
9,τὸν,ὁ,p-s---ma-,"AccObj, Pron4",18.0,OBJ,5.134,AccObj,Pron4,,
10,δ',δέ,g--------,particle indeclform,0.0,COORD,5.134,particle indeclform,,,
11,ἄρα,ἄρα,g--------,particle indeclform,18.0,AuxY,5.134,particle indeclform,,,
12,δεῦρ',δεῦρο,d--------,adv indeclform,18.0,OBJ,5.134,adv indeclform,,,
13,ἄνεμός,ἄνεμος,n-s---mn-,NomSubj,16.0,SBJ_CO,5.134,NomSubj,,,
14,τε,τε,g--------,particle indeclform,16.0,AuxY,5.134,particle indeclform,,,
15,φέρων,φέρω,v-sppamn-,"NomSubj, PartCirc.3",18.0,ADV,5.134,NomSubj,PartCirc.3,,
16,καὶ,καί,c--------,conj indeclform,18.0,COORD,5.134,conj indeclform,,,
17,κῦμα,κῦμα,n-s---nn-,NomSubj,16.0,SBJ_CO,5.134,NomSubj,,,
18,πέλασσε,πελάζω,v3saia---,AorIngr,10.0,PRED_CO,5.134,AorIngr,,,
19,.,.,u--------,,0.0,AuxK,5.134,,,,
1,τὸν,ὁ,p-s---ma-,"AccObj, Pron4",6.0,OBJ,5.135,AccObj,Pron4,,
2,μὲν,μέν,g--------,particle indeclform,9.0,AuxY,5.135,particle indeclform,,,
3,ἐγὼ,ἐγώ,p1s---fn-,"NomSubj, Pron1",9.0,SBJ,5.135,NomSubj,Pron1,,
4,φίλεόν,φιλέω,v1siia---,ImpfDesc,6.0,PRED_CO,5.135,ImpfDesc,,,
5,τε,τε,g--------,particle indeclform,6.0,AuxY,5.135,particle indeclform,,,
6,καὶ,καί,c--------,conj indeclform,9.0,COORD,5.135,conj indeclform,,,
7,ἔτρεφον,τρέφω,v1siia---,ImpfDesc,6.0,PRED_CO,5.135,ImpfDesc,,,
8,",",",",u--------,,9.0,AuxX,5.135,,,,
9,ἠδὲ,ἠδέ,c--------,conj indeclform,0.0,COORD,5.135,conj indeclform,,,
10,ἔφασκον,φάσκω,v1siia---,ImpfIter.1,9.0,PRED_CO,5.135,ImpfIter.1,,,
11,θήσειν,τίθημι,v--fna---,InfDec,10.0,OBJ,5.136,InfDec,,,
12,ἀθάνατον,ἀθάνατος,a-s---nn-,AccObj,13.0,OCOMP_CO,5.136,AccObj,,,
13,καὶ,καί,c--------,conj indeclform,11.0,COORD,5.136,conj indeclform,,,
14,ἀγήραον,ἀγήραος,a-s---ma-,AccObj,13.0,OCOMP_CO,5.136,AccObj,,,
15,ἤματα,ἦμαρ,n-p---na-,AccTime,13.0,ADV,5.136,AccTime,,,
16,πάντα,πᾶς,a-p---na-,AccTime,15.0,ATR,5.136,AccTime,,,
17,.,.,u--------,,0.0,AuxK,5.136,,,,
1,ἀλλ',ἀλλά,d--------,adv indeclform,17.0,AuxY,5.137,adv indeclform,,,
2,ἐπεὶ,ἐπεί,c--------,conj indeclform,17.0,AuxC,5.137,conj indeclform,,,
3,οὔ,οὐ,d--------,adv indeclform,5.0,AuxZ,5.137,adv indeclform,,,
4,πως,πως,g--------,particle indeclform,5.0,AuxY,5.137,particle indeclform,,,
5,ἔστι,εἰμί,v3spia---,"PresIter.1., Ind, Act",2.0,ADV,5.137,PresIter.1.,Ind,Act,
6,Διὸς,ζεύς,n-s---mg-,GenPos,7.0,ATR,5.137,GenPos,,,
7,νόον,νόος,n-s---ma-,AccObj,14.0,OBJ,5.137,AccObj,,,
8,αἰγιόχοιο,αἰγίοχος,a-s---mg-,GenPos,6.0,ATR,5.137,GenPos,,,
9,οὔ,οὐ,d--------,adv indeclform,14.0,AuxY,5.138,adv indeclform,,,
10,τε,τε,g--------,particle indeclform,14.0,AuxY,5.138,particle indeclform,,,
11,παρεξελθεῖν,παρεξέρχομαι,v--ana---,InfDyn,14.0,SBJ_CO,5.138,InfDyn,,,
12,ἄλλον,ἄλλος,a-s---ma-,AccSubj,13.0,ATR,5.138,AccSubj,,,
13,θεὸν,θεός,n-s---ma-,AccSubj,14.0,SBJ,5.138,AccSubj,,,
14,οὔθ',οὔτε,c--------,adv indeclform,5.0,COORD,5.138,adv indeclform,,,
15,ἁλιῶσαι,ἁλιόω,v--ana---,InfDyn,14.0,SBJ_CO,5.138,InfDyn,,,
16,",",",",u--------,,2.0,AuxX,5.138,,,,
17,ἐρρέτω,ἔρρω,v3spma---,ImprComm,0.0,PRED,5.139,ImprComm,,,
18,",",",",u--------,,19.0,AuxX,5.139,,,,
19,εἴ,εἰ,c--------,conj indeclform,17.0,AuxC,5.139,conj indeclform,,,
20,μιν,μιν,p-s---ma-,"AccObj, Pron4",23.0,OBJ,5.139,AccObj,Pron4,,
21,κεῖνος,κεῖνος,p-s---mn-,"NomSubj, Pron4",23.0,SBJ,5.139,NomSubj,Pron4,,
22,ἐποτρύνει,ἐποτρύνω,v3spia---,"Pres, Ind, Act",23.0,ADV_CO,5.139,Pres,Ind,Act,
23,καὶ,καί,c--------,conj indeclform,19.0,COORD,5.139,conj indeclform,,,
24,ἀνώγει,ἄνωγα,v3spia---,"Pres, Ind, Act",23.0,ADV_CO,5.139,Pres,Ind,Act,
25,",",",",u--------,,19.0,AuxX,5.139,,,,
26,πόντον,πόντος,n-s---ma-,AccSpac (Prep3),27.0,OBJ,5.14,AccSpac (Prep3),,,
27,ἐπ',ἐπί,r--------,Prep3,17.0,AuxP,5.14,Prep3,,,
28,ἀτρύγετον,ἀτρύγετος,a-s---ma-,AccSpac (Prep3),26.0,ATR,5.14,AccSpac (Prep3),,,
29,·,·,u--------,,0.0,AuxK,5.14,,,,
1,πέμψω,πέμπω,v1sfia---,FutHypo,2.0,PRED_CO,5.14,FutHypo,,,
2,δέ,δέ,g--------,particle indeclform,0.0,COORD,5.14,particle indeclform,,,
3,μιν,μιν,p-s---ma-,"AccObj, Pron4",1.0,OBJ,5.14,AccObj,Pron4,,
4,οὔ,οὐ,d--------,adv indeclform,1.0,AuxZ,5.14,adv indeclform,,,
5,πῃ,πη,g--------,particle indeclform,1.0,AuxY,5.14,particle indeclform,,,
6,ἐγώ,ἐγώ,p1s---fn-,"NomSubj, Pron1",1.0,SBJ,5.14,NomSubj,Pron1,,
7,γε,γε,g--------,particle indeclform,6.0,AuxZ,5.14,particle indeclform,,,
8,·,·,u--------,,0.0,AuxK,5.14,,,,
1,οὐ,οὐ,d--------,adv indeclform,19.0,AuxZ,5.141,adv indeclform,,,
2,γάρ,γάρ,g--------,particle indeclform,19.0,AuxY,5.141,particle indeclform,,,
3,μοι,ἐγώ,p1s---fd-,"DatLoc (Prep5), Pron1",19.0,OBJ,5.141,DatLoc (Prep5),Pron1,,
4,πάρα,παρά,r--------,Prep5,19.0,AuxZ,5.141,Prep5,,,
5,νῆες,ναῦς,n-p---fn-,NomSubj,19.0,SBJ_CO,5.141,NomSubj,,,
6,ἐπήρετμοι,ἐπήρετμος,a-p---fn-,NomSubj,5.0,ATR,5.141,NomSubj,,,
7,καὶ,καί,c--------,conj indeclform,0.0,COORD,5.141,conj indeclform,,,
8,ἑταῖροι,ἑταῖρος,n-p---mn-,NomSubj,19.0,SBJ_CO,5.141,NomSubj,,,
9,",",",",u--------,,13.0,AuxX,5.141,,,,
10,οἵ,ὅς,p-p---mn-,"NomSubj, Pron8",13.0,SBJ,5.142,NomSubj,Pron8,,
11,κέν,ἄν,g--------,OptPoten (an),13.0,AuxZ,5.142,OptPoten (an),,,
12,μιν,μιν,p-s---ma-,"AccObj, Pron4",13.0,OBJ,5.142,AccObj,Pron4,,
13,πέμποιεν,πέμπω,v3ppoa---,OptPoten,7.0,ATR,5.142,OptPoten,,,
14,ἐπ',ἐπί,r--------,Prep5,13.0,AuxP,5.142,Prep5,,,
15,εὐρέα,εὐρύς,a-p---na-,AccDirec.1 (Prep5),16.0,ATR,5.142,AccDirec.1 (Prep5),,,
16,νῶτα,νῶτον,n-p---na-,AccDirec.1 (Prep5),14.0,OBJ,5.142,AccDirec.1 (Prep5),,,
17,θαλάσσης,θάλασσα,n-s---fg-,GenPos,16.0,ATR,5.142,GenPos,,,
18,.,.,u--------,,0.0,AuxK,5.142,,,,
1,αὐτάρ,ἀτάρ,g--------,particle indeclform,4.0,AuxY,5.143,particle indeclform,,,
2,οἱ,ἕ,p-s---md-,"DatAdvn, Pron4",4.0,OBJ,5.143,DatAdvn,Pron4,,
3,πρόφρων,πρόφρων,a-s---fn-,NomSubj,4.0,ADV,5.143,NomSubj,,,
4,ὑποθήσομαι,ὑποτίθημι,v1sfim---,FutHypo,7.0,PRED_CO,5.143,FutHypo,,,
5,",",",",u--------,,7.0,AuxX,5.143,,,,
6,οὐ,οὐ,d--------,adv indeclform,8.0,AuxZ,5.143,adv indeclform,,,
7,δ',δέ,g--------,particle indeclform,0.0,COORD,5.143,particle indeclform,,,
8,ἐπικεύσω,ἐπικεύθω,v1sfia---,FutHypo,7.0,PRED_CO,5.143,FutHypo,,,
9,",",",",u--------,,10.0,AuxX,5.143,,,,
10,ὥς,ὡς,c--------,Subcl4,7.0,AuxC,5.144,Subcl4,,,
11,κε,ἄν,g--------,Subcl4,17.0,AuxZ,5.144,Subcl4,,,
12,μάλ',μάλα,d--------,adv indeclform,13.0,AuxZ,5.144,adv indeclform,,,
13,ἀσκηθὴς,ἀσκηθής,a-s---mn-,NomPred,17.0,AtvV,5.144,NomPred,,,
14,ἣν,ἑός,a-s---fa-," AccDirec, Pron3",16.0,ATR,5.144,AccDirec,Pron3,,
15,πατρίδα,πατρίς,a-s---fa-,AccDirec,16.0,ATR,5.144,AccDirec,,,
16,γαῖαν,γαῖα,n-s---fa-,AccDirec,17.0,OBJ,5.144,AccDirec,,,
17,ἵκηται,ἱκνέομαι,v3sase---,Subj (Subcl4),10.0,ADV,5.144,Subj (Subcl4),,,
18,.,.,u--------,,0.0,AuxK,5.144,,,,
19,&quot;,&quot;,u--------,,7.0,AuxG,5.144,,,,
1,τὴν,ὁ,p-s---fa-,"AccObj, Pron4",4.0,OBJ,5.145,AccObj,Pron4,,
2,δ',δέ,g--------,particle indeclform,0.0,COORD,5.145,particle indeclform,,,
3,αὖτε,αὖτε,d--------,adv indeclform,4.0,AuxY,5.145,adv indeclform,,,
4,προσέειπε,προσεῖπον,v3saia---,Aor,2.0,PRED_CO,5.145,Aor,,,
5,διάκτορος,διάκτορος,n-s---mn-,NomSubj,6.0,ATR,5.145,NomSubj,,,
6,ἀργεϊφόντης,Ἀργειφόντης,n-s---mn-,NomInd,4.0,SBJ,5.145,NomInd,,,
7,·,·,u--------,,0.0,AuxK,5.145,,,,
1,&quot;,&quot;,u--------,,7.0,AuxG,5.146,,,,
2,οὕτω,οὕτως,d--------,adv indeclform,4.0,ADV,5.146,adv indeclform,,,
3,νῦν,νῦν,d--------,adv indeclform,4.0,ADV,5.146,adv indeclform,,,
4,ἀπόπεμπε,ἀποπέμπω,v2spma---,ImprComm,7.0,PRED_CO,5.146,ImprComm,,,
5,",",",",u--------,,7.0,AuxX,5.146,,,,
6,Διὸς,Ζεύς,n-s---mg-,GenPos,9.0,ATR,5.146,GenPos,,,
7,δ',δέ,g--------,particle indeclform,0.0,COORD,5.146,particle indeclform,,,
8,ἐποπίζεο,ἐποπίζομαι,v2spme---,ImprComm,7.0,PRED_CO,5.146,ImprComm,,,
9,μῆνιν,μῆνις,n-s---fa-,AccObj,8.0,OBJ,5.146,AccObj,,,
10,",",",",u--------,,11.0,AuxX,5.146,,,,
11,μή,μή,c--------,Subcl5,8.0,AuxC,5.147,Subcl5,,,
12,πώς,πως,g--------,particle indeclform,16.0,AuxY,5.147,particle indeclform,,,
13,τοι,σύ,p2s----d-,"DatAdvn, Pron1",16.0,OBJ,5.147,DatAdvn,Pron1,,
14,μετόπισθε,μετόπισθε,d--------,adv indeclform,16.0,ADV,5.147,adv indeclform,,,
15,κοτεσσάμενος,κοτέω,v-sapmmn-,"NomSubj, PartCirc.4",16.0,ADV,5.147,NomSubj,PartCirc.4,,
16,χαλεπήνῃ,χαλεπαίνω,v3sasa---,Subj (Subcl5),11.0,ADV,5.147,Subj (Subcl5),,,
17,.,.,u--------,,0.0,AuxK,5.147,,,,
18,&quot;,&quot;,u--------,,7.0,AuxG,5.147,,,,
1,ὣς,ὡς,d--------,adv indeclform,3.0,ADV,5.148,adv indeclform,,,
2,ἄρα,ἄρα,g--------,particle indeclform,3.0,AuxY,5.148,particle indeclform,,,
3,φωνήσας,φωνέω,v-sapamn-,"NomSubj, PartCirc.7",4.0,ADV,5.148,NomSubj,PartCirc.7,,
4,ἀπέβη,ἀποβαίνω,v3saia---,AorIngr,0.0,PRED,5.148,AorIngr,,,
5,κρατὺς,κρατύς,a-s---mn-,NomSubj,6.0,ATR,5.148,NomSubj,,,
6,ἀργεϊφόντης,Ἀργειφόντης,n-s---mn-,NomSubj,4.0,SBJ,5.148,NomSubj,,,
7,·,·,u--------,,0.0,AuxK,5.148,,,,
1,ἡ,ὁ,p-s---fn-,"NomSubj, Pron4",16.0,SBJ_AP,5.149,NomSubj,Pron4,,
2,δ',δέ,g--------,particle indeclform,0.0,COORD,5.149,particle indeclform,,,
3,ἐπ',ἐπί,r--------,Prep5,8.0,AuxP,5.149,Prep5,,,
4,Ὀδυσσῆα,Ὀδυσσεύς,n-s---ma-,AccDirec.1 (Prep5),3.0,OBJ,5.149,AccDirec.1 (Prep5),,,
5,μεγαλήτορα,μεγαλήτωρ,n-s---ma-,AccDirec.1 (Prep5),4.0,ATR,5.149,AccDirec.1 (Prep5),,,
6,πότνια,πότνια,n-s---fn-,NomSubj,7.0,ATR,5.149,NomSubj,,,
7,νύμφη,νύμφη,n-s---fn-,NomSubj,16.0,SBJ_AP,5.149,NomSubj,,,
8,ἤι',εἶμι,v3siia---,ImpfCons,2.0,PRED_CO,5.15,ImpfCons,,,
9,",",",",u--------,,10.0,AuxX,5.15,,,,
10,ἐπεὶ,ἐπεί,c--------,conj indeclform,8.0,AuxC,5.15,conj indeclform,,,
11,δὴ,δή,g--------,particle indeclform,13.0,AuxY,5.15,particle indeclform,,,
12,Ζηνὸς,Ζεύς,n-s---mg-,GenPos,14.0,ATR,5.15,GenPos,,,
13,ἐπέκλυεν,ἐπικλύω,v3saia---,Aor,10.0,ADV,5.15,Aor,,,
14,ἀγγελιάων,ἀγγελία,n-p---fg-,GenVerb,13.0,OBJ,5.15,GenVerb,,,
15,.,.,u--------,,0.0,AuxK,5.15,,,,
1,τὸν,ὁ,p-s---ma-,"AccObj, Pron4",6.0,OBJ,5.151,AccObj,Pron4,,
2,δ',δέ,g--------,particle indeclform,0.0,COORD,5.151,particle indeclform,,,
3,ἄρ',ἄρα,g--------,particle indeclform,6.0,AuxY,5.151,particle indeclform,,,
4,ἐπ',ἐπί,r--------,Prep3,7.0,AuxP,5.151,Prep3,,,
5,ἀκτῆς,ἀκτή,n-s---fg-,GenLoc (Prep3),4.0,OBJ,5.151,GenLoc (Prep3),,,
6,εὗρε,εὑρίσκω,v2sama---,AorIngr,2.0,PRED_CO,5.151,AorIngr,,,
7,καθήμενον,κάθημαι,v-srpema-,"AccObj, PartAttr",1.0,ATV,5.151,AccObj,PartAttr,,
8,·,·,u--------,,0.0,AuxK,5.151,,,,
1,οὐ,οὐ,d--------,adv indeclform,6.0,AuxZ,5.151,adv indeclform,,,
2,δέ,δέ,g--------,particle indeclform,9.0,COORD,5.151,particle indeclform,,,
3,ποτ',ποτέ,g--------,particle indeclform,6.0,ADV,5.151,particle indeclform,,,
4,ὄσσε,ὄσσε,n-d---nn-,NomSubj,6.0,SBJ,5.151,NomSubj,,,
5,δακρυόφιν,δάκρυον,n-p---ng-,GenVerb.1,6.0,OBJ,5.152,GenVerb.1,,,
6,τέρσοντο,τέρσομαι,v3piip---,"ImpfDesc, Pass",9.0,PRED_CO,5.152,ImpfDesc,Pass,,
7,",",",",u--------,,9.0,AuxX,5.152,,,,
8,κατείβετο,κατείβω,v3siie---,"ImpfDesc, MidIndir",9.0,PRED_CO,5.152,ImpfDesc,MidIndir,,
9,δὲ,δέ,g--------,particle indeclform,0.0,COORD,5.152,particle indeclform,,,
10,γλυκὺς,γλυκύς,a-s---mn-,NomSubj,11.0,ATR,5.152,NomSubj,,,
11,αἰὼν,αἰών,n-s---mn-,NomSubj,8.0,SBJ,5.152,NomSubj,,,
12,νόστον,νόστος,n-s---ma-,AccObj,13.0,OBJ,5.153,AccObj,,,
13,ὀδυρομένῳ,ὀδύρομαι,v-sppemd-,"DatAdvn, PartAttr",20.0,ATV,5.153,DatAdvn,PartAttr,,
14,",",",",u--------,,15.0,AuxX,5.153,,,,
15,ἐπεὶ,ἐπεί,c--------,conj indeclform,9.0,AuxC,5.153,conj indeclform,,,
16,οὐκέτι,οὐκέτι,d--------,adv indeclform,17.0,ADV,5.153,adv indeclform,,,
17,ἥνδανε,ἁνδάνω,v3siia---,Impf,15.0,ADV,5.153,Impf,,,
18,νύμφη,νύμφη,n-s---fn-,NomSubj,17.0,SBJ,5.153,NomSubj,,,
19,.,.,u--------,,0.0,AuxK,5.153,,,,
1,ἀλλ',ἀλλά,d--------,adv indeclform,6.0,AuxY,5.154,adv indeclform,,,
2,ἦ,ἦ,d--------,adv indeclform,6.0,AuxY,5.154,adv indeclform,,,
3,τοι,τοι,g--------,particle indeclform,6.0,AuxY,5.154,particle indeclform,,,
4,νύκτας,νύξ,n-p---fa-,AccTime,6.0,ADV,5.154,AccTime,,,
5,μὲν,μέν,g--------,particle indeclform,6.0,AuxY,5.154,particle indeclform,,,
6,ἰαύεσκεν,ἰαύω,v3siia---,ImpfIter.1,0.0,PRED,5.154,ImpfIter.1,,,
7,καὶ,καί,d--------,conj indeclform,8.0,AuxZ,5.154,conj indeclform,,,
8,ἀνάγκῃ,ἀνάγκη,n-s---fd-,DatInstr,6.0,ADV,5.154,DatInstr,,,
9,ἐν,ἐν,r--------,Prep3,6.0,AuxP,5.155,Prep3,,,
10,σπέσσι,σπέος,n-p---nd-,DatLoc (Prep3),9.0,ADV,5.155,DatLoc (Prep3),,,
11,γλαφυροῖσι,γλαφυρός,a-p---nd-,DatLoc (Prep3),10.0,ATR,5.155,DatLoc (Prep3),,,
12,παρ',παρά,r--------,Prep5,6.0,AuxP,5.155,Prep5,,,
13,οὐκ,οὐ,d--------,adv indeclform,14.0,AuxZ,5.155,adv indeclform,,,
14,ἐθέλων,ἐθέλω,v-sppamn-,"NomSubj, PartAttr",6.0,ADV,5.155,NomSubj,PartAttr,,
15,ἐθελούσῃ,ἐθέλω,v-sppafd-,"DatLoc (Prep5), PartAttr",12.0,ADV,5.155,DatLoc (Prep5),PartAttr,,
16,·,·,u--------,,0.0,AuxK,5.155,,,,
1,ἤματα,ἦμαρ,n-p---na-,AccTime,18.0,ADV,5.156,AccTime,,,
2,δ',δέ,g--------,particle indeclform,0.0,COORD,5.156,particle indeclform,,,
3,ἂμ,ἀνά,r--------,Prep5,7.0,AuxP,5.156,Prep5,,,
4,πέτρῃσι,πέτρα,n-p---fd-,DatLoc (Prep5),5.0,ADV_CO,5.156,DatLoc (Prep5),,,
5,καὶ,καί,c--------,conj indeclform,3.0,COORD,5.156,conj indeclform,,,
6,ἠιόνεσσι,ἠιών,n-p---fd-,DatLoc (Prep5),5.0,ADV_CO,5.156,DatLoc (Prep5),,,
7,καθίζων,καθίζω,v-sppamn-,"NomSubj, PartCirc.1",18.0,ADV,5.156,NomSubj,PartCirc.1,,
8,δάκρυσι,δάκρυον,n-p---nd-,DatInstr,11.0,ADV_CO,5.157,DatInstr,,,
9,καὶ,καί,c--------,conj indeclform,11.0,AuxY,5.157,conj indeclform,,,
10,στοναχῇσι,στοναχή,n-p---fd-,DatInstr,11.0,ADV_CO,5.157,DatInstr,,,
11,καὶ,καί,c--------,conj indeclform,14.0,COORD,5.157,conj indeclform,,,
12,ἄλγεσι,ἄλγος,n-p---nd-,DatInstr,11.0,ADV_CO,5.157,DatInstr,,,
13,θυμὸν,θυμός,n-s---ma-,AccObj,14.0,OBJ,5.157,AccObj,,,
14,ἐρέχθων,ἐρέχθω,v-sppamn-,"NomSubj, PartAttr",18.0,ADV,5.157,NomSubj,PartAttr,,
15,πόντον,πόντος,n-s---ma-,AccDirec.1 (Prep5),16.0,OBJ,5.158,AccDirec.1 (Prep5),,,
16,ἐπ',ἐπί,r--------,Prep5,18.0,AuxP,5.158,Prep5,,,
17,ἀτρύγετον,ἀτρύγετος,a-s---ma-,AccDirec.1 (Prep5),15.0,ATR,5.158,AccDirec.1 (Prep5),,,
18,δερκέσκετο,δέρκομαι,v3siie---,ImpfIter.1,2.0,PRED_CO,5.158,ImpfIter.1,,,
19,δάκρυα,δάκρυον,n-p---na-,AccObj,20.0,OBJ,5.158,AccObj,,,
20,λείβων,λείβω,v-sppamn-,"NomSubj, PartCirc.1",18.0,ADV,5.158,NomSubj,PartCirc.1,,
21,.,.,u--------,,0.0,AuxK,5.158,,,,
1,ἀγχοῦ,ἀγχοῦ,d--------,adv indeclform,3.0,ADV,5.159,adv indeclform,,,
2,δ',δέ,g--------,particle indeclform,0.0,COORD,5.159,particle indeclform,,,
3,ἱσταμένη,ἵστημι,v-sppefn-,"NomSubj, PartCirc.7",4.0,ADV,5.159,NomSubj,PartCirc.7,,
4,προσεφώνεε,προσφωνέω,v3siia---,ImpfCons,2.0,PRED_CO,5.159,ImpfCons,,,
5,δῖα,δῖος,a-s---fn-,NomInd,4.0,SBJ,5.159,NomInd,,,
6,θεάων,θεά,n-p---fg-,GenPart,5.0,ATR,5.159,GenPart,,,
7,·,·,u--------,,0.0,AuxK,5.159,,,,
1,&quot;,&quot;,u--------,,11.0,AuxG,5.16,,,,
2,κάμμορε,κάμμορος,a-s---mv-,Voc,11.0,ExD,5.16,Voc,,,
3,",",",",u--------,,2.0,AuxX,5.16,,,,
4,μή,μή,d--------,ImprComm (mh),8.0,AuxZ,5.16,ImprComm (mh),,,
5,μοι,ἐγώ,p1s---fd-,DatAccom,8.0,ADV,5.16,DatAccom,,,
6,ἔτ',ἔτι,d--------,adv indeclform,8.0,ADV,5.16,adv indeclform,,,
7,ἐνθάδ',ἐνθάδε,d--------,adv indeclform,8.0,ADV,5.16,adv indeclform,,,
8,ὀδύρεο,ὀδύρομαι,v2spme---,ImprCommB,11.0,PRED_CO,5.16,ImprCommB,,,
9,",",",",u--------,,11.0,AuxX,5.16,,,,
10,μη,μή,g--------,ImprComm (mh),14.0,AuxZ,5.16,ImprComm (mh),,,
11,δέ,δέ,g--------,particle indeclform,0.0,COORD,5.16,particle indeclform,,,
12,τοι,σύ,p2s----d-,DatPos,13.0,ATR,5.16,DatPos,,,
13,αἰὼν,αἰών,n-s---mn-,NomSubj,14.0,SBJ,5.16,NomSubj,,,
14,φθινέτω,φθίω,v3spma---,ImprCommC,11.0,PRED_CO,5.161,ImprCommC,,,
15,·,·,u--------,,0.0,AuxK,5.161,,,,
1,ἤδη,ἤδη,d--------,adv indeclform,6.0,ADV,5.161,adv indeclform,,,
2,γάρ,γάρ,g--------,particle indeclform,6.0,AuxY,5.161,particle indeclform,,,
3,σε,σύ,p2s----a-,"AccObj, Pron1",6.0,OBJ,5.161,AccObj,Pron1,,
4,μάλα,μάλα,d--------,adv indeclform,5.0,AuxZ,5.161,adv indeclform,,,
5,πρόφρασσ',πρόφρασσα,a-s---fn-,NomSubj,6.0,AtvV,5.161,NomSubj,,,
6,ἀποπέμψω,ἀποπέμπω,v1sfia---,Fut,0.0,PRED,5.161,Fut,,,
7,.,.,u--------,,0.0,AuxK,5.161,,,,
1,ἀλλ',ἀλλά,d--------,adv indeclform,6.0,AuxY,5.162,adv indeclform,,,
2,ἄγε,ἄγε,d--------,adv indeclform,6.0,AuxY,5.162,adv indeclform,,,
3,δούρατα,δόρυ,n-p---na-,AccObj,5.0,OBJ,5.162,AccObj,,,
4,μακρὰ,μακρός,a-p---na-,AccObj,3.0,ATR,5.162,AccObj,,,
5,ταμὼν,τέμνω,v-sapamn-,"NomSubj, PartCirc.7",6.0,ADV,5.162,NomSubj,PartCirc.7,,
6,ἁρμόζεο,ἁρμόζω,v2spme---,"ImprComm, N1",0.0,PRED,5.162,ImprComm,N1,,
7,χαλκῷ,χαλκός,n-s---md-,DatInstr,6.0,ADV,5.162,DatInstr,,,
8,εὐρεῖαν,εὐρύς,a-s---fa-,AccObj,9.0,ATR,5.163,AccObj,,,
9,σχεδίην,σχεδία,n-s---fa-,AccObj,6.0,OBJ,5.163,AccObj,,,
10,·,·,u--------,,0.0,AuxK,5.163,,,,
1,ἀτὰρ,ἀτάρ,g--------,particle indeclform,3.0,AuxY,5.163,particle indeclform,,,
2,ἴκρια,ἴκρια,n-p---na-,AccObj,3.0,OBJ,5.163,AccObj,,,
3,πῆξαι,πήγνυμι,v2samm---,"AorDram, ImprComm, MidIndir",0.0,PRED,5.163,AorDram,ImprComm,MidIndir,
4,ἐπ',ἐπί,r--------,Prep3,3.0,AuxP,5.163,Prep3,,,
5,αὐτῆς,αὐτός,a-s---fg-,GenLoc (Prep3),4.0,OBJ,5.163,GenLoc (Prep3),,,
6,ὑψοῦ,ὑψοῦ,d--------,adv indeclform,3.0,ADV,5.164,adv indeclform,,,
7,",",",",u--------,,8.0,AuxX,5.164,,,,
8,ὥς,ὡς,c--------,Subcl4,3.0,AuxC,5.164,Subcl4,,,
9,σε,σύ,p2s----a-,"AccObj, Pron1",10.0,OBJ,5.164,AccObj,Pron1,,
10,φέρῃσιν,φέρω,v3spsa---,Subj (Subcl4),8.0,ADV,5.164,Subj (Subcl4),,,
11,ἐπ',ἐπί,r--------,Prep5,10.0,AuxP,5.164,Prep5,,,
12,ἠεροειδέα,ἠεροειδής,a-s---ma-,AccDirec.1 (Prep5),13.0,ATR,5.164,AccDirec.1 (Prep5),,,
13,πόντον,πόντος,n-s---ma-,AccDirec.1 (Prep5),11.0,OBJ,5.164,AccDirec.1 (Prep5),,,
14,.,.,u--------,,0.0,AuxK,5.164,,,,
1,αὐτὰρ,ἀτάρ,g--------,particle indeclform,9.0,AuxY,5.165,particle indeclform,,,
2,ἐγὼ,ἐγώ,p1s---fn-,"NomSubj, Pron1",9.0,SBJ,5.165,NomSubj,Pron1,,
3,σῖτον,σῖτος,n-s---ma-,AccObj,6.0,OBJ_CO,5.165,AccObj,,,
4,καὶ,καί,c--------,conj indeclform,6.0,AuxY,5.165,conj indeclform,,,
5,ὕδωρ,ὕδωρ,n-s---na-,AccObj,6.0,OBJ_CO,5.165,AccObj,,,
6,καὶ,καί,c--------,conj indeclform,9.0,COORD,5.165,conj indeclform,,,
7,οἶνον,οἶνος,n-s---ma-,AccObj,6.0,OBJ_CO,5.165,AccObj,,,
8,ἐρυθρὸν,ἐρυθρός,a-s---ma-,AccObj,7.0,ATR,5.165,AccObj,,,
9,ἐνθήσω,ἐντίθημι,v1sfia---,Fut,19.0,PRED_CO,5.166,Fut,,,
10,μενοεικέ',μενοεικής,a-s---ma-,AccObj,7.0,ATR,5.166,AccObj,,,
11,",",",",u--------,,16.0,AuxX,5.166,,,,
12,ἅ,ὅς,p-p---nn-,"NomSubj, Pron8",16.0,SBJ,5.166,NomSubj,Pron8,,
13,κέν,ἄν,g--------,OptSubor (an),16.0,AuxZ,5.166,OptSubor (an),,,
14,τοι,σύ,p2s----d-,DatAdvn,16.0,OBJ,5.166,DatAdvn,,,
15,λιμὸν,λιμός,n-s---ma-,AccObj,16.0,OBJ,5.166,AccObj,,,
16,ἐρύκοι,ἐρύκω,v3spoa---,OptSubor,6.0,ATR,5.166,OptSubor,,,
17,",",",",u--------,,19.0,AuxX,5.166,,,,
18,εἵματά,εἷμα,n-p---na-,AccObj,20.0,OBJ,5.167,AccObj,,,
19,τ',τε,g--------,particle indeclform,0.0,COORD,5.167,particle indeclform,,,
20,ἀμφιέσω,ἀμφιάζω,v1sfia---,Fut,19.0,PRED_CO,5.167,Fut,,,
21,·,·,u--------,,0.0,AuxK,5.167,,,,
1,πέμψω,πέμπω,v1sfia---,Fut,2.0,PRED_CO,5.167,Fut,,,
2,δέ,δέ,g--------,particle indeclform,0.0,COORD,5.167,particle indeclform,,,
3,τοι,σύ,p2s----d-,DatVerb,1.0,OBJ,5.167,DatVerb,,,
4,οὖρον,οὖρος,n-s---ma-,AccObj,1.0,OBJ,5.167,AccObj,,,
5,ὄπισθεν,ὄπισθεν,d--------,adv indeclform,1.0,ADV,5.167,adv indeclform,,,
6,",",",",u--------,,7.0,AuxX,5.167,,,,
7,ὥς,ὡς,c--------,Subcl4,1.0,AuxC,5.168,Subcl4,,,
8,κε,ἄν,g--------,Subcl4,14.0,AuxZ,5.168,Subcl4,,,
9,μάλ',μάλα,d--------,adv indeclform,10.0,AuxZ,5.168,adv indeclform,,,
10,ἀσκηθὴς,ἀσκηθής,a-s---mn-,NomSubj,14.0,AtvV,5.168,NomSubj,,,
11,σὴν,σός,a-s---fa-,"AccDirec, Pron1",13.0,ATR,5.168,AccDirec,Pron1,,
12,πατρίδα,πατρίς,a-s---fa-,AccDirec,13.0,ATR,5.168,AccDirec,,,
13,γαῖαν,γαῖα,n-s---fa-,AccDirec,14.0,OBJ,5.168,AccDirec,,,
14,ἵκηαι,ἱκνέομαι,v2sase---,Subj (Subcl4),7.0,ADV,5.168,Subj (Subcl4),,,
15,",",",",u--------,,16.0,AuxX,5.168,,,,
16,αἴ,εἰ,c--------,Cond2,14.0,AuxC,5.169,Cond2,,,
17,κε,ἄν,g--------,particle indeclform,20.0,AuxZ,5.169,particle indeclform,,,
18,θεοί,θεός,n-p---mn-,NomSubj,20.0,SBJ,5.169,NomSubj,,,
19,γ',γε,g--------,particle indeclform,18.0,AuxZ,5.169,particle indeclform,,,
20,ἐθέλωσι,ἐθέλω,v3ppsa---,SubjSubor (Cond2 protasis--- Subcl4 takes place of apodosis),16.0,ADV,5.169,SubjSubor (Cond2 protasis--- Subcl4 takes place of apodosis),,,
21,",",",",u--------,,25.0,AuxX,5.169,,,,
22,τοὶ,ὁ,p-p---mn-,"NomSubj, Pron8",25.0,SBJ,5.169,NomSubj,Pron8,,
23,οὐρανὸν,οὐρανός,n-s---ma-,AccObj,25.0,OBJ,5.169,AccObj,,,
24,εὐρὺν,εὐρύς,a-s---ma-,AccObj,23.0,ATR,5.169,AccObj,,,
25,ἔχουσιν,ἔχω,v3ppia---,"PresIter.1., Ind, Act",18.0,ATR,5.169,PresIter.1.,Ind,Act,
26,",",",",u--------,,30.0,AuxX,5.169,,,,
27,οἵ,ὅς,p-p---mn-,"NomSubj, Pron8",30.0,SBJ,5.17,NomSubj,Pron8,,
28,μευ,ἐγώ,p1s---fg-,GenComp,29.0,ATR,5.17,GenComp,,,
29,φέρτεροί,φέρτατος,a-p---mn-,NomPred,30.0,PNOM,5.17,NomPred,,,
30,εἰσι,εἰμί,v3ppia---,"PresIter.1., Ind, Act",18.0,ATR,5.17,PresIter.1.,Ind,Act,
31,νοῆσαί,νοέω,v--ana---,InfDyn,34.0,ADV_CO,5.17,InfDyn,,,
32,τε,τε,g--------,particle indeclform,34.0,AuxY,5.17,particle indeclform,,,
33,κρῆναί,κραίνω,v--ana---,InfDyn,34.0,ADV_CO,5.17,InfDyn,,,
34,τε,τε,g--------,particle indeclform,30.0,COORD,5.17,particle indeclform,,,
35,.,.,u--------,,0.0,AuxK,5.17,,,,
36,&quot;,&quot;,u--------,,2.0,AuxG,5.17,,,,
1,ὣς,ὡς,d--------,adv indeclform,2.0,ADV,5.171,adv indeclform,,,
2,φάτο,φημί,v3sai----,Impf.2,10.0,PRED_CO,5.171,Impf.2,,,
3,",",",",u--------,,10.0,AuxX,5.171,,,,
4,ῥίγησεν,ῥιγέω,v3saia---,AorIngr,10.0,PRED_CO,5.171,AorIngr,,,
5,δὲ,δέ,g--------,particle indeclform,10.0,AuxY,5.171,particle indeclform,,,
6,πολύτλας,πολύτλας,n-s---mn-,NomSubj,8.0,ATR,5.171,NomSubj,,,
7,δῖος,δῖος,a-s---mn-,NomSubj,8.0,ATR,5.171,NomSubj,,,
8,Ὀδυσσεύς,Ὀδυσσεύς,n-s---mn-,NomSubj,4.0,SBJ,5.171,NomSubj,,,
9,",",",",u--------,,10.0,AuxX,5.171,,,,
10,καί,καί,c--------,conj indeclform,0.0,COORD,5.172,conj indeclform,,,
11,μιν,μιν,p-s---fa-,"AccObj, Pron4",15.0,OBJ,5.172,AccObj,Pron4,,
12,φωνήσας,φωνέω,v-sapamn-,"NomSubj, PartCirc.3",15.0,ADV,5.172,NomSubj,PartCirc.3,,
13,ἔπεα,ἔπος,n-p---na-,AccObj,15.0,OBJ,5.172,AccObj,,,
14,πτερόεντα,πτερόεις,a-p---na-,AccObj,13.0,ATR,5.172,AccObj,,,
15,προσηύδα,προσαυδάω,v3siia---,ImpfCons,10.0,PRED_CO,5.172,ImpfCons,,,
16,·,·,u--------,,0.0,AuxK,5.172,,,,
1,&quot;,&quot;,u--------,,13.0,AuxG,5.173,,,,
2,ἄλλο,ἄλλος,a-s---na-,AccObj,9.0,ATR,5.173,AccObj,,,
3,τι,τις,p-s---na-,AccObj,9.0,ATR,5.173,AccObj,,,
4,δὴ,δή,g--------,particle indeclform,10.0,AuxY,5.173,particle indeclform,,,
5,σύ,σύ,p2s----n-,"NomSubj, Pron1",10.0,SBJ,5.173,NomSubj,Pron1,,
6,",",",",u--------,,7.0,AuxX,5.173,,,,
7,θεά,θεά,n-s---fv-,Voc,10.0,ExD,5.173,Voc,,,
8,",",",",u--------,,7.0,AuxX,5.173,,,,
9,τόδε,ὅδε,p-s---na-,AccAdv,10.0,OBJ,5.173,AccAdv,,,
10,μήδεαι,μήδομαι,v2spie---,"Pres, Ind, MidIndir",13.0,PRED_CO,5.173,Pres,Ind,MidIndir,
11,",",",",u--------,,13.0,AuxX,5.173,,,,
12,οὐ,οὐ,d--------,adv indeclform,31.0,AuxZ,5.173,adv indeclform,,,
13,δέ,δέ,g--------,particle indeclform,0.0,COORD,5.173,particle indeclform,,,
14,τι,τις,p-s---na-,AccAdv,31.0,AuxZ,5.173,AccAdv,,,
15,πομπήν,πομπή,n-s---fa-,AccObj,31.0,OBJ,5.173,AccObj,,,
16,",",",",u--------,,19.0,AuxX,5.173,,,,
17,ἥ,ὅς,p-s---fn-,"NomSubj, Pron8",19.0,SBJ,5.174,NomSubj,Pron8,,
18,με,ἐγώ,p1s---ma-,AccObj,21.0,SBJ,5.174,AccObj,,,
19,κέλεαι,κέλομαι,v2spie---,Pres,5.0,ATR,5.174,Pres,,,
20,σχεδίῃ,σχεδία,n-s---fd-,DatLoc,21.0,ADV,5.174,DatLoc,,,
21,περάαν,περάω,v--pna---,InfDyn,19.0,OBJ,5.174,InfDyn,,,
22,μέγα,μέγας,a-s---na-,AccSpac,23.0,ATR,5.174,AccSpac,,,
23,λαῖτμα,λαῖτμα,n-s---na-,AccSpac,21.0,OBJ,5.174,AccSpac,,,
24,θαλάσσης,θάλασσα,n-s---fg-,GenExpl,23.0,ATR,5.174,GenExpl,,,
25,",",",",u--------,,29.0,AuxX,5.174,,,,
26,δεινόν,δεινός,a-s---na-,AccSpac,29.0,ATR_CO,5.175,AccSpac,,,
27,τ',τε,g--------,particle indeclform,29.0,AuxY,5.175,particle indeclform,,,
28,ἀργαλέον,ἀργαλέος,a-s---na-,AccSpac,29.0,ATR_CO,5.175,AccSpac,,,
29,τε,τε,g--------,particle indeclform,23.0,COORD,5.175,particle indeclform,,,
30,·,·,u--------,,0.0,AuxK,5.175,,,,
1,τὸ,ὁ,p-s---na-,"AccDirec.1 (Prep5), Pron4",9.0,OBJ,5.175,AccDirec.1 (Prep5),Pron4,,
2,δ',δέ,g--------,particle indeclform,0.0,COORD,5.175,particle indeclform,,,
3,οὐ,οὐ,d--------,adv indeclform,9.0,AuxZ,5.175,adv indeclform,,,
4,δ',δέ,g--------,particle indeclform,9.0,AuxZ,5.175,particle indeclform,,,
5,ἐπὶ,ἐπί,r--------,Prep5,9.0,AuxZ,5.175,Prep5,,,
6,νῆες,ναῦς,n-p---fn-,NomSubj,9.0,SBJ,5.175,NomSubj,,,
7,ἐῖσαι,ἴσος,a-p---fn-,NomSubj,6.0,ATR,5.175,NomSubj,,,
8,ὠκύποροι,ὠκύπορος,a-p---fn-,NomSubj,6.0,ATR,5.176,NomSubj,,,
9,περόωσιν,περάω,v3ppia---,"PresIter.1., Ind, Act",2.0,PRED_CO,5.176,PresIter.1.,Ind,Act,
10,",",",",u--------,,11.0,AuxX,5.176,,,,
11,ἀγαλλόμεναι,ἀγάλλω,v-pppefn-,"NomSubj, PartCirc.7",9.0,ADV,5.176,NomSubj,PartCirc.7,,
12,Διὸς,Ζεύς,n-s---mg-,GenSep,13.0,ATR,5.176,GenSep,,,
13,οὔρῳ,οὖρος,n-s---md-,DatVerb,11.0,OBJ,5.176,DatVerb,,,
14,.,.,u--------,,0.0,AuxK,5.176,,,,
1,οὐ,οὐ,d--------,adv indeclform,8.0,AuxZ,5.177,adv indeclform,,,
2,δ',δέ,g--------,particle indeclform,0.0,COORD,5.177,particle indeclform,,,
3,ἂν,ἄν,g--------,OptPoten (an),8.0,AuxZ,5.177,OptPoten (an),,,
4,ἐγὼν,ἐγώ,p1s---mn-,"NomSubj, Pron1",8.0,SBJ,5.177,NomSubj,Pron1,,
5,ἀέκητι,ἀέκητι,d--------,adv indeclform,8.0,ADV,5.177,adv indeclform,,,
6,σέθεν,σύ,p2s----g-,"GenPos, Pron1",5.0,ATR,5.177,GenPos,Pron1,,
7,σχεδίης,σχεδία,n-s---fg-,GenLoc,8.0,OBJ,5.177,GenLoc,,,
8,ἐπιβαίην,ἐπιβαίνω,v1saoa---,OptPoten,2.0,PRED_CO,5.177,OptPoten,,,
9,",",",",u--------,,10.0,AuxX,5.177,,,,
10,εἰ,εἰ,c--------,conj indeclform,8.0,AuxC,5.178,conj indeclform,,,
11,μή,μή,d--------,OptPoten.4 (mh),13.0,AuxZ,5.178,OptPoten.4 (mh),,,
12,μοι,ἐγώ,p1s---md-,DatVerb,20.0,OBJ,5.178,DatVerb,,,
13,τλαίης,τλάω,v2saoa---,OptPoten.4,10.0,ADV,5.178,OptPoten.4,,,
14,γε,γε,g--------,particle indeclform,13.0,AuxZ,5.178,particle indeclform,,,
15,",",",",u--------,,16.0,AuxX,5.178,,,,
16,θεά,θεά,n-s---fv-,Voc,8.0,ExD,5.178,Voc,,,
17,",",",",u--------,,16.0,AuxX,5.178,,,,
18,μέγαν,μέγας,a-s---ma-,AccObj,19.0,ATR,5.178,AccObj,,,
19,ὅρκον,ὅρκος,n-s---ma-,AccObj,31.0,OBJ_AP,5.178,AccObj,,,
20,ὀμόσσαι,ὄμνυμι,v--ana---,InfDyn,13.0,OBJ,5.178,InfDyn,,,
21,μή,μή,d--------,,27.0,AuxZ,5.179,,,,
22,τί,τις,p-s---na-,AccObj,25.0,ATR,5.179,AccObj,,,
23,μοι,ἐγώ,p1s---md-,"DatAdvn, Pron1",27.0,OBJ,5.179,DatAdvn,Pron1,,
24,αὐτῷ,αὐτός,a-s---md-,"DatAdvn, Pron2",23.0,ATR,5.179,DatAdvn,Pron2,,
25,πῆμα,πῆμα,n-s---na-,AccObj,27.0,OBJ,5.179,AccObj,,,
26,κακὸν,κακός,a-s---na-,AccObj,25.0,ATR,5.179,AccObj,,,
27,βουλευσέμεν,βουλεύω,v--fna---,"Fut, InfDec",31.0,OBJ_AP,5.179,Fut,InfDec,,
28,ἄλλο,ἄλλος,a-s---na-,AccObj,25.0,ATR,5.179,AccObj,,,
29,.,.,u--------,,0.0,AuxK,5.179,,,,
30,&quot;,&quot;,u--------,,2.0,AuxG,5.179,,,,
1,ὣς,ὡς,d--------,adv indeclform,2.0,ADV,5.18,adv indeclform,,,
2,φάτο,φημί,v3sai----,Impf.2,18.0,PRED_CO,5.18,Impf.2,,,
3,",",",",u--------,,18.0,AuxX,5.18,,,,
4,μείδησεν,μειδάω,v3saia---,AorIngr,18.0,PRED_CO,5.18,AorIngr,,,
5,δὲ,δέ,g--------,particle indeclform,18.0,AuxY,5.18,particle indeclform,,,
6,Καλυψὼ,Καλυψώ,n-s---fn-,NomSubj,21.0,SBJ_AP,5.18,NomSubj,,,
7,δῖα,δῖος,a-s---fn-,NomInd,21.0,SBJ_AP,5.18,NomInd,,,
8,θεάων,θεά,n-p---fg-,GenPart,7.0,ATR,5.18,GenPart,,,
9,",",",",u--------,,18.0,AuxX,5.18,,,,
10,χειρί,χείρ,n-s---fd-,DatInstr,13.0,ADV,5.181,DatInstr,,,
11,τέ,τε,g--------,particle indeclform,18.0,AuxY,5.181,particle indeclform,,,
12,μιν,μιν,p-s---ma-,"AccObj, Pron4",13.0,OBJ,5.181,AccObj,Pron4,,
13,κατέρεξεν,καταρρέζω,v3saia---,AorIngr,18.0,PRED_CO,5.181,AorIngr,,,
14,ἔπος,ἔπος,n-s---na-,AccObj,16.0,OBJ,5.181,AccObj,,,
15,τ',τε,g--------,particle indeclform,18.0,AuxY,5.181,particle indeclform,,,
16,ἔφατ',φημί,v3siie---,ImpfDesc,18.0,PRED_CO,5.181,ImpfDesc,,,
17,ἔκ,ἐκ,r--------,adv indeclform,19.0,AuxZ,5.181,adv indeclform,,,
18,τ',τε,g--------,particle indeclform,0.0,COORD,5.181,particle indeclform,,,
19,ὀνόμαζεν,ὀνομάζω,v3siia---,ImpfCons,18.0,PRED_CO,5.181,ImpfCons,,,
20,·,·,u--------,,0.0,AuxK,5.181,,,,
1,&quot;,&quot;,u--------,,6.0,AuxG,5.182,,,,
2,ἦ,ἦ,d--------,adv indeclform,6.0,AuxY,5.182,adv indeclform,,,
3,δὴ,δή,g--------,particle indeclform,6.0,AuxY,5.182,particle indeclform,,,
4,ἀλιτρός,ἀλιτρός,a-s---mn-,NomPred,7.0,PNOM_CO,5.182,NomPred,,,
5,γ',γε,g--------,particle indeclform,4.0,AuxZ,5.182,particle indeclform,,,
6,ἐσσὶ,εἰμί,v2spia---,"PresIter, Ind, Act",0.0,PRED,5.182,PresIter,Ind,Act,
7,καὶ,καί,c--------,conj indeclform,6.0,COORD,5.182,conj indeclform,,,
8,οὐκ,οὐ,d--------,adv indeclform,10.0,AuxZ,5.182,adv indeclform,,,
9,ἀποφώλια,ἀποφώλιος,a-p---na-,AccObj,10.0,OBJ,5.182,AccObj,,,
10,εἰδώς,οἶδα,v-srpamn-,"NomSubj, PartAttr",7.0,PNOM_CO,5.182,NomSubj,PartAttr,,
11,",",",",u--------,,19.0,AuxX,5.182,,,,
12,οἷον,οἷος,a-s---na-,AccObj,15.0,ATR,5.183,AccObj,,,
13,δὴ,δή,g--------,particle indeclform,16.0,AuxY,5.183,particle indeclform,,,
14,τὸν,ὁ,l--------,"AccObj, ArtSubs",15.0,ATR,5.183,AccObj,ArtSubs,,
15,μῦθον,μῦθος,n-s---ma-,AccObj,17.0,OBJ,5.183,AccObj,,,
16,ἐπεφράσθης,ἐπιφράζω,v2saip---,"AorIngr, Pass",19.0,ADV,5.183,AorIngr,Pass,,
17,ἀγορεῦσαι,ἀγορεύω,v--ana---,InfDyn,16.0,OBJ,5.183,InfDyn,,,
18,.,.,u--------,,0.0,AuxK,5.183,,,,
1,ἴστω,οἶδα,v3srma---,"Perf, ImprComm",0.0,PRED,5.184,Perf,ImprComm,,
2,νῦν,νῦν,d--------,adv indeclform,1.0,ADV,5.184,adv indeclform,,,
3,τόδε,ὅδε,p-s---na-,"AccObj, Pron4",24.0,OBJ_AP,5.184,AccObj,Pron4,,
4,γαῖα,γαῖα,n-s---fn-,NomSubj,9.0,SBJ_CO,5.184,NomSubj,,,
5,καὶ,καί,c--------,conj indeclform,9.0,AuxY,5.184,conj indeclform,,,
6,οὐρανὸς,οὐρανός,n-s---mn-,NomSubj,9.0,SBJ_CO,5.184,NomSubj,,,
7,εὐρὺς,εὐρύς,a-s---mn-,NomSubj,6.0,ATR,5.184,NomSubj,,,
8,ὕπερθε,ὕπερθεν,d--------,Prep5,6.0,ATR,5.184,Prep5,,,
9,καὶ,καί,c--------,conj indeclform,1.0,COORD,5.185,conj indeclform,,,
10,τὸ,ὁ,l-s---nn-,"NomSubj, ArtSubs",13.0,ATR,5.185,NomSubj,ArtSubs,,
11,κατειβόμενον,κατείβω,v-sppenn-,"NomSubj, PartAttr",13.0,ATR,5.185,NomSubj,PartAttr,,
12,Στυγὸς,Στύξ,n-s---fg-,GenPos,13.0,ATR,5.185,GenPos,,,
13,ὕδωρ,ὕδωρ,n-s---nn-,NomSubj,9.0,SBJ_CO,5.185,NomSubj,,,
14,",",",",u--------,,21.0,AuxX,5.185,,,,
15,ὅς,ὅς,p-s---mn-,"NomSubj, Pron8",21.0,SBJ,5.185,NomSubj,Pron8,,
16,τε,τε,g--------,particle indeclform,21.0,AuxY,5.185,particle indeclform,,,
17,μέγιστος,μέγας,a-s---mn-,NomPred,20.0,ATR_CO,5.185,NomPred,,,
18,ὅρκος,ὅρκος,n-s---mn-,NomPred,21.0,PNOM,5.186,NomPred,,,
19,δεινότατός,δεινός,a-s---mns,NomPred,20.0,ATR_CO,5.186,NomPred,,,
20,τε,τε,g--------,particle indeclform,18.0,COORD,5.186,particle indeclform,,,
21,πέλει,πέλω,v3spia---,"PresIter.1., Ind, Act",13.0,ATR,5.186,PresIter.1.,Ind,Act,
22,μακάρεσσι,μάκαρ,n-p---md-,DatVerb,23.0,ATR,5.186,DatVerb,,,
23,θεοῖσι,θεός,n-p---md-,DatVerb,21.0,OBJ,5.186,DatVerb,,,
24,",",",",u--------,,1.0,APOS,5.186,,,,
25,μή,μή,c--------,conj indeclform,31.0,AuxZ,5.187,conj indeclform,,,
26,τί,τις,p-s---na-,AccObj,29.0,ATR,5.187,AccObj,,,
27,τοι,σύ,p2s----d-,"DatAdvn, Pron1",31.0,OBJ,5.187,DatAdvn,Pron1,,
28,αὐτῷ,αὐτός,a-s---md-,"DatAdvn, Pron2",27.0,ATR,5.187,DatAdvn,Pron2,,
29,πῆμα,πῆμα,n-s---na-,AccObj,31.0,OBJ,5.187,AccObj,,,
30,κακὸν,κακός,a-s---na-,AccObj,29.0,ATR,5.187,AccObj,,,
31,βουλευσέμεν,βουλεύω,v--fna---,"Fut, InfDec",24.0,OBJ_AP,5.187,Fut,InfDec,,
32,ἄλλο,ἄλλος,a-s---na-,AccObj,29.0,ATR,5.187,AccObj,,,
33,.,.,u--------,,0.0,AuxK,5.187,,,,
1,ἀλλὰ,ἀλλά,d--------,adv indeclform,5.0,AuxY,5.188,adv indeclform,,,
2,τὰ,ὁ,p-p---na-,"AccObj, Pron4",5.0,OBJ,5.188,AccObj,Pron4,,
3,μὲν,μέν,g--------,particle indeclform,5.0,AuxY,5.188,particle indeclform,,,
4,νοέω,νοέω,v1spia---,"Pres, Ind, Act",5.0,PRED_CO,5.188,Pres,Ind,Act,
5,καὶ,καί,c--------,conj indeclform,0.0,COORD,5.188,conj indeclform,,,
6,φράσσομαι,φράζω,v1sfim---,"Fut, MidMent",5.0,PRED_CO,5.188,Fut,MidMent,,
7,",",",",u--------,,13.0,AuxX,5.188,,,,
8,ἅσσ',ὅστις,p-p---na-,"AccObj, Pron8",13.0,OBJ,5.188,AccObj,Pron8,,
9,ἂν,ἄν,g--------,OptPoten (an),13.0,AuxZ,5.188,OptPoten (an),,,
10,ἐμοί,ἐγώ,p1s---fd-,"DatAdvn, Pron1",13.0,ADV,5.188,DatAdvn,Pron1,,
11,περ,πέρ,g--------,particle indeclform,10.0,AuxZ,5.188,particle indeclform,,,
12,αὐτῇ,αὐτός,a-s---fd-,"DatAdvn, Pron2",10.0,ATR,5.189,DatAdvn,Pron2,,
13,μηδοίμην,μήδομαι,v1spoe---,OptPoten,2.0,ATR,5.189,OptPoten,,,
14,",",",",u--------,,15.0,AuxX,5.189,,,,
15,ὅτε,ὅτε,c--------,conj indeclform,13.0,AuxC,5.189,conj indeclform,,,
16,με,ἐγώ,p1s---fa-,AccObj,19.0,OBJ,5.189,AccObj,,,
17,χρειὼ,χρεώ,n-s---nn-,NomSubj,19.0,SBJ,5.189,NomSubj,,,
18,τόσον,τόσος,a-s---nn-,"NomSubj, Pron4",17.0,ATR,5.189,NomSubj,Pron4,,
19,ἵκοι,ἵκω,v3spoa---,OptSubor.B,15.0,ADV,5.189,OptSubor.B,,,
20,·,·,u--------,,0.0,AuxK,5.189,,,,
1,καὶ,καί,d--------,conj indeclform,3.0,AuxZ,5.19,conj indeclform,,,
2,γὰρ,γάρ,g--------,particle indeclform,5.0,AuxY,5.19,particle indeclform,,,
3,ἐμοὶ,ἐγώ,p1s---fd-,"DatPos, Pron1",5.0,OBJ,5.19,DatPos,Pron1,,
4,νόος,νόος,n-s---mn-,NomSubj,5.0,SBJ,5.19,NomSubj,,,
5,ἐστὶν,εἰμί,v3spia---,"Pres, Ind, Act",9.0,PRED_CO,5.19,Pres,Ind,Act,
6,ἐναίσιμος,ἐναίσιμος,a-s---mn-,NomPred,4.0,ATR,5.19,NomPred,,,
7,",",",",u--------,,9.0,AuxX,5.19,,,,
8,οὐ,οὐ,d--------,adv indeclform,21.0,AuxZ,5.19,adv indeclform,,,
9,δέ,δέ,g--------,particle indeclform,0.0,COORD,5.19,particle indeclform,,,
10,μοι,ἐγώ,p1s---fd-,"DatLoc (Prep3), Pron1",9.0,OBJ_ExD_PRED_CO,5.19,DatLoc (Prep3),Pron1,,
11,αὐτῇ,αὐτός,a-s---fd-,"DatLoc (Prep3), Pron2",10.0,ATR,5.19,DatLoc (Prep3),Pron2,,
12,θυμὸς,θυμός,n-s---mn-,NomSubj,21.0,SBJ,5.191,NomSubj,,,
13,ἐνὶ,ἐν,r--------,Prep3,12.0,AuxP,5.191,Prep3,,,
14,στήθεσσι,στῆθος,n-p---nd-,DatLoc (Prep3),13.0,ATR,5.191,DatLoc (Prep3),,,
15,σιδήρεος,σιδήρεος,a-s---mn-,NomPred,17.0,ATR_CO,5.191,NomPred,,,
16,",",",",u--------,,17.0,AuxX,5.191,,,,
17,ἀλλ',ἀλλά,c--------,adv indeclform,12.0,COORD,5.191,adv indeclform,,,
18,ἐλεήμων,ἐλεήμων,a-s---mn-,"NomPred, PartAttr",17.0,ATR_CO,5.191,NomPred,PartAttr,,
19,.,.,u--------,,0.0,AuxK,5.191,,,,
20,&quot;,&quot;,u--------,,9.0,AuxG,5.191,,,,
1,ὣς,ὡς,d--------,adv indeclform,3.0,ADV,5.192,adv indeclform,,,
2,ἄρα,ἄρα,g--------,particle indeclform,3.0,AuxY,5.192,particle indeclform,,,
3,φωνήσασ',φωνέω,v-sapafn-,"NomSubj, PartCirc.7",4.0,ADV,5.192,NomSubj,PartCirc.7,,
4,ἡγήσατο,ἡγέομαι,v3saim---,"Aor, MidIndir",0.0,PRED,5.192,Aor,MidIndir,,
5,δῖα,δῖος,a-s---fn-,NomSubj,4.0,SBJ,5.192,NomSubj,,,
6,θεάων,θεά,n-p---fg-,GenPart,5.0,ATR,5.192,GenPart,,,
7,καρπαλίμως,καρπάλιμος,d--------,adv indeclform,4.0,ADV,5.193,adv indeclform,,,
8,·,·,u--------,,0.0,AuxK,5.193,,,,
1,ὁ,ὁ,p-s---mn-,"NomSubj, Pron4",6.0,SBJ,5.193,NomSubj,Pron4,,
2,δ',δέ,g--------,particle indeclform,0.0,COORD,5.193,particle indeclform,,,
3,ἔπειτα,ἔπειτα,d--------,adv indeclform,6.0,ADV,5.193,adv indeclform,,,
4,μετ',μετά,r--------,Prep5,6.0,AuxP,5.193,Prep5,,,
5,ἴχνια,ἴχνιον,n-p---na-,AccDirec.1 (Prep5),4.0,OBJ,5.193,AccDirec.1 (Prep5),,,
6,βαῖνε,βαίνω,v3siia---,ImpfCons,2.0,PRED_CO,5.193,ImpfCons,,,
7,θεοῖο,θεός,n-s---fg-,GenPos,5.0,ATR,5.193,GenPos,,,
8,.,.,u--------,,0.0,AuxK,5.193,,,,
1,ἷξον,ἵκω,v3paia---,AorIngr,23.0,PRED_CO,5.194,AorIngr,,,
2,δὲ,δέ,g--------,particle indeclform,23.0,AuxY,5.194,particle indeclform,,,
3,σπεῖος,σπέος,n-s---na-,AccObj,1.0,OBJ,5.194,AccObj,,,
4,γλαφυρὸν,γλαφυρός,a-s---na-,AccObj,3.0,ATR,5.194,AccObj,,,
5,θεὸς,θεός,n-s---mn-,NomSubj,6.0,SBJ_CO,5.194,NomSubj,,,
6,ἠδὲ,ἠδέ,c--------,conj indeclform,7.0,AuxY,5.194,conj indeclform,,,
7,καὶ,καί,d--------,conj indeclform,1.0,COORD,5.194,conj indeclform,,,
8,ἀνήρ,ἀνήρ,n-s---mn-,NomSubj,7.0,SBJ_CO,5.194,NomSubj,,,
9,",",",",u--------,,23.0,AuxX,5.194,,,,
10,καί,καί,c--------,conj indeclform,23.0,AuxY,5.195,conj indeclform,,,
11,ῥ',ἄρα,g--------,particle indeclform,15.0,AuxY,5.195,particle indeclform,,,
12,ὁ,ὁ,p-s---mn-,"NomSubj, Pron4",15.0,SBJ,5.195,NomSubj,Pron4,,
13,μὲν,μέν,g--------,particle indeclform,15.0,AuxY,5.195,particle indeclform,,,
14,ἔνθα,ἔνθα,d--------,adv indeclform,15.0,ADV,5.195,adv indeclform,,,
15,καθέζετ',καθέζετο,v3saia---,"Pres, MidIndir",23.0,PRED_CO,5.195,Pres,MidIndir,,
16,ἐπὶ,ἐπί,r--------,Prep3,15.0,AuxP,5.195,Prep3,,,
17,θρόνου,θρόνον,n-s---ng-,GenLoc (Prep3),16.0,OBJ,5.195,GenLoc (Prep3),,,
18,ἔνθεν,ἔνθεν,d--------,adv indeclform,19.0,OBJ,5.195,adv indeclform,,,
19,ἀνέστη,ἀνίστημι,v3saia---,Aor,17.0,ATR,5.195,Aor,,,
20,Ἑρμείας,Ἑρμῆς,n-s---mn-,NomSubj,19.0,SBJ,5.196,NomSubj,,,
21,",",",",u--------,,23.0,AuxX,5.196,,,,
22,νύμφη,νύμφη,n-s---fn-,NomSubj,24.0,SBJ,5.196,NomSubj,,,
23,δ',δέ,g--------,particle indeclform,0.0,COORD,5.196,particle indeclform,,,
24,ἐτίθει,τίθημι,v3siia---,ImpfDesc,23.0,PRED_CO,5.196,ImpfDesc,,,
25,πάρα,παρά,r--------,Prep5,24.0,AuxZ,5.196,Prep5,,,
26,πᾶσαν,πᾶς,a-s---fa-,AccObj,27.0,ATR,5.196,AccObj,,,
27,ἐδωδήν,ἐδωδή,n-s---fa-,AccObj,24.0,OBJ,5.196,AccObj,,,
28,",",",",u--------,,30.0,AuxX,5.196,,,,
29,ἔσθειν,ἔσθω,v--pna---,InfDyn.,30.0,ADV_CO,5.197,InfDyn.,,,
30,καὶ,καί,c--------,conj indeclform,24.0,COORD,5.197,conj indeclform,,,
31,πίνειν,πίνω,v--pna---,InfDyn.,30.0,ADV_CO,5.197,InfDyn.,,,
32,",",",",u--------,,36.0,AuxX,5.197,,,,
33,οἷα,οἷος,a-p---na-,AccObj,36.0,OBJ,5.197,AccObj,,,
34,βροτοὶ,βροτός,n-p---mn-,NomSubj,35.0,ATR,5.197,NomSubj,,,
35,ἄνδρες,ἀνήρ,n-p---mn-,NomSubj,36.0,SBJ,5.197,NomSubj,,,
36,ἔδουσιν,ἔδω,v3ppia---,"PresIter.1., Ind, Act",27.0,ATR,5.197,PresIter.1.,Ind,Act,
37,·,·,u--------,,0.0,AuxK,5.197,,,,
1,αὐτὴ,αὐτός,a-s---fn-,"NomSubj, Pron2",4.0,SBJ,5.198,NomSubj,Pron2,,
2,δ',δέ,g--------,particle indeclform,9.0,AuxY,5.198,particle indeclform,,,
3,ἀντίον,ἀντίος,r--------,AccAdv,4.0,AuxP,5.198,AccAdv,,,
4,ἷζεν,ἵζω,v3siia---,ImpfDesc,9.0,PRED_CO,5.198,ImpfDesc,,,
5,Ὀδυσσῆος,Ὀδυσσεύς,n-s---mg-,GenLoc,3.0,OBJ,5.198,GenLoc,,,
6,θείοιο,θεῖος,a-s---mg-,GenLoc,5.0,ATR,5.198,GenLoc,,,
7,",",",",u--------,,9.0,AuxX,5.198,,,,
8,τῇ,ὁ,p-s---fd-,"DatLoc (Prep5), Pron4",10.0,OBJ,5.199,DatLoc (Prep5),Pron4,,
9,δὲ,δέ,g--------,particle indeclform,0.0,COORD,5.199,particle indeclform,,,
10,παρ',παρά,r--------,Prep5,15.0,AuxP,5.199,Prep5,,,
11,ἀμβροσίην,ἀμβροσίη,n-s---fa-,AccObj,13.0,OBJ_CO,5.199,AccObj,,,
12,δμῳαὶ,δμωή,n-p---fn-,NomSubj,15.0,SBJ,5.199,NomSubj,,,
13,καὶ,καί,c--------,conj indeclform,15.0,COORD,5.199,conj indeclform,,,
14,νέκταρ,νέκταρ,n-s---na-,AccObj,13.0,OBJ_CO,5.199,AccObj,,,
15,ἔθηκαν,τίθημι,v3paia---,AorComp,9.0,PRED_CO,5.199,AorComp,,,
16,.,.,u--------,,0.0,AuxK,5.199,,,,
1,οἱ,ὁ,p-p---mn-,"NomSubj, Pron4",8.0,SBJ,5.2,NomSubj,Pron4,,
2,δ',δέ,g--------,particle indeclform,0.0,COORD,5.2,particle indeclform,,,
3,ἐπ',ἐπί,r--------,Prep5,8.0,AuxP,5.2,Prep5,,,
4,ὀνείαθ',ὄνειαρ,n-p---na-,AccDirec.1 (prep5),3.0,OBJ,5.2,AccDirec.1 (prep5),,,
5,ἑτοῖμα,ἑτοῖμος,a-p---na-,AccDirec.1 (prep5),4.0,ATR,5.2,AccDirec.1 (prep5),,,
6,προκείμενα,πρόκειμαι,v-pppena-,AccDirec.1 (prep5),4.0,ATR,5.2,AccDirec.1 (prep5),,,
7,χεῖρας,χείρ,n-p---fa-,AccObj,8.0,OBJ,5.2,AccObj,,,
8,ἴαλλον,ἰάλλω,v3piia---,Impf,2.0,PRED_CO,5.2,Impf,,,
9,.,.,u--------,,0.0,AuxK,5.2,,,,
1,αὐτὰρ,ἀτάρ,g--------,particle indeclform,11.0,AuxY,5.201,particle indeclform,,,
2,ἐπεὶ,ἐπεί,c--------,conj indeclform,11.0,AuxC,5.201,conj indeclform,,,
3,τάρπησαν,τέρπω,v3paip---,Aor,2.0,ADV,5.201,Aor,,,
4,ἐδητύος,ἐδητύς,n-s---fg-,GenVerb,5.0,OBJ_CO,5.201,GenVerb,,,
5,ἠδὲ,ἠδέ,c--------,conj indeclform,3.0,COORD,5.201,conj indeclform,,,
6,ποτῆτος,ποτής,n-s---fg-,GenVerb,5.0,OBJ_CO,5.201,GenVerb,,,
7,",",",",u--------,,2.0,AuxX,5.201,,,,
8,τοῖς,ὁ,p-p---md-,"DatVerb, Pron4",11.0,OBJ,5.202,DatVerb,Pron4,,
9,ἄρα,ἄρα,g--------,particle indeclform,11.0,AuxY,5.202,particle indeclform,,,
10,μύθων,μῦθος,n-p---mg-,GenVerb,11.0,OBJ,5.202,GenVerb,,,
11,ἦρχε,ἄρχω,v3siia---,ImpfCons,0.0,PRED_CO,5.202,ImpfCons,,,
12,Καλυψώ,Καλυψώ,n-s---fn-,NomSubj,13.0,SBJ_AP,5.202,NomSubj,,,
13,",",",",u--------,,11.0,APOS,5.202,,,,
14,δῖα,δῖος,a-s---fn-,GenPart,13.0,SBJ_AP,5.202,GenPart,,,
15,θεάων,θεά,n-p---fg-,NomInd,14.0,ATR,5.202,NomInd,,,
16,·,·,u--------,,0.0,AuxK,5.202,,,,
1,&quot;,&quot;,u--------,,17.0,AuxG,5.203,,,,
2,διογενὲς,διογενής,a-s---nv-,Voc,3.0,ATR,5.203,Voc,,,
3,Λαερτιάδη,Λαερτιάδης,n-s---mv-,Voc,4.0,ExD_AP,5.203,Voc,,,
4,",",",",u--------,,17.0,APOS,5.203,,,,
5,πολυμήχαν',πολυμήχανος,a-s---mv-,Voc,6.0,ATR,5.203,Voc,,,
6,Ὀδυσσεῦ,Ὀδυσσεύς,n-s---mv-,Voc,4.0,ExD_AP,5.203,Voc,,,
7,",",",",u--------,,4.0,AuxX,5.203,,,,
8,οὕτω,οὕτως,d--------,adv indeclform,17.0,ADV,5.204,adv indeclform,,,
9,δὴ,δή,g--------,particle indeclform,17.0,AuxY,5.204,particle indeclform,,,
10,οἶκόνδε,οἶκόνδε,d--------,AccDirec.1 ,20.0,OBJ_AP,5.204,AccDirec.1,,,
11,φίλην,φίλος,a-s---fa-,AccDirec.1 (Prep3),14.0,ATR,5.204,AccDirec.1 (Prep3),,,
12,ἐς,εἰς,r--------,Prep3,18.0,AuxP,5.204,Prep3,,,
13,πατρίδα,πατρίς,a-s---fa-,AccDirec.1 (Prep3),14.0,ATR,5.204,AccDirec.1 (Prep3),,,
14,γαῖαν,γαῖα,n-s---fa-,AccDirec.1 (Prep3),20.0,OBJ_AP,5.204,AccDirec.1 (Prep3),,,
15,αὐτίκα,αὐτίκα,d--------,adv indeclform,18.0,ADV,5.205,adv indeclform,,,
16,νῦν,νῦν,d--------,adv indeclform,18.0,ADV,5.205,adv indeclform,,,
17,ἐθέλεις,ἐθέλω,v2spia---,"Pres, Ind, Act",0.0,PRED,5.205,Pres,Ind,Act,
18,ἰέναι,εἶμι,v--pna---,InfDyn,17.0,OBJ,5.205,InfDyn,,,
19,;,;,u--------,,0.0,AuxK,5.205,,,,
1,σὺ,σύ,p2s----n-,"NomSubj, Pron1",3.0,SBJ,5.205,NomSubj,Pron1,,
2,δὲ,δέ,g--------,particle indeclform,0.0,COORD,5.205,particle indeclform,,,
3,χαῖρε,χαίρω,v2spma---,ImprAssum,2.0,PRED_CO,5.205,ImprAssum,,,
4,καὶ,καί,d--------,conj indeclform,5.0,AuxZ,5.205,conj indeclform,,,
5,ἔμπης,ἔμπας,d--------,adv indeclform,3.0,ADV,5.205,adv indeclform,,,
6,.,.,u--------,,0.0,AuxK,5.205,,,,
1,εἴ,εἰ,c--------,Cond3,28.0,AuxC,5.206,Cond3,,,
2,γε,γε,g--------,particle indeclform,1.0,AuxZ,5.206,particle indeclform,,,
3,μὲν,μέν,g--------,particle indeclform,4.0,AuxY,5.206,particle indeclform,,,
4,εἰδείης,οἶδα,v2sroa---,"OptSubor, Perf",1.0,ADV,5.206,OptSubor,Perf,,
5,σῇσι,σός,a-p---fd-,"DatLoc, Pron1",6.0,ATR,5.206,DatLoc,Pron1,,
6,φρεσὶν,φρήν,n-p---fd-,DatLoc,4.0,ADV,5.206,DatLoc,,,
7,ὅσσα,ὅσος,a-p---na-,AccObj,10.0,ATR,5.206,AccObj,,,
8,τοι,σύ,p2s----d-,"DatVerb, Pron1",9.0,ATR,5.206,DatVerb,Pron1,,
9,αἶσα,αἶσα,n-s---fn-,AccSubj,44.0,SBJ,5.206,AccSubj,,,
10,κήδε',κῆδος,n-p---na-,AccObj,11.0,OBJ,5.207,AccObj,,,
11,ἀναπλῆσαι,ἀναπίμπλημι,v--ana---,InfDyn.2,44.0,PNOM,5.207,InfDyn.2,,,
12,",",",",u--------,,13.0,AuxX,5.207,,,,
13,πρὶν,πρίν,c--------,adv indeclform,11.0,AuxC,5.207,adv indeclform,,,
14,πατρίδα,πατρίς,a-s---fa-,AccDirec,15.0,ATR,5.207,AccDirec,,,
15,γαῖαν,γαῖα,n-s---fa-,AccDirec,16.0,OBJ,5.207,AccDirec,,,
16,ἱκέσθαι,ἱκνέομαι,v--anm---,InfDyn.2,13.0,ADV,5.207,InfDyn.2,,,
17,",",",",u--------,,1.0,AuxX,5.207,,,,
18,ἐνθάδε,ἐνθάδε,d--------,adv indeclform,21.0,OBJ,5.208,adv indeclform,,,
19,κ',ἄν,g--------,Cond3,28.0,AuxZ,5.208,Cond3,,,
20,αὖθι,αὖθι,d--------,adv indeclform,21.0,ADV,5.208,adv indeclform,,,
21,μένων,μένω,v-sppamn-,"NomSubj, PartCirc.7",28.0,ADV,5.208,NomSubj,PartCirc.7,,
22,σὺν,σύν,r--------,DatAccom,21.0,AuxP,5.208,DatAccom,,,
23,ἐμοὶ,ἐγώ,p1s---fd-,DatAccom,22.0,ADV,5.208,DatAccom,,,
24,τόδε,ὅδε,p-s---na-,D1,25.0,ATR,5.208,D1,,,
25,δῶμα,δῶμα,n-s---na-,D1,26.0,OBJ,5.208,D1,,,
26,φυλάσσοις,φυλάσσω,v2spoa---,OptSubor,28.0,PRED_CO,5.208,OptSubor,,,
27,ἀθάνατός,ἀθάνατος,a-s---mn-,NomPred,29.0,PNOM,5.209,NomPred,,,
28,τ',τε,g--------,particle indeclform,0.0,COORD,5.209,particle indeclform,,,
29,εἴης,εἰμί,v2spoa---,OptSubor,28.0,PRED_CO,5.209,OptSubor,,,
30,",",",",u--------,,31.0,AuxX,5.209,,,,
31,ἱμειρόμενός,ἱμείρω,v-sppemn-,"NomSubj, PartCirc.5",28.0,ADV,5.209,NomSubj,PartCirc.5,,
32,περ,πέρ,g--------,particle indeclform,31.0,AuxZ,5.209,particle indeclform,,,
33,ἰδέσθαι,εἶδον,v--anm---,InfDyn,31.0,OBJ,5.209,InfDyn,,,
34,σὴν,σός,a-s---fa-,"AccObj, Pron1",35.0,ATR,5.21,AccObj,Pron1,,
35,ἄλοχον,ἄλοχος,n-s---fa-,AccObj,33.0,OBJ,5.21,AccObj,,,
36,",",",",u--------,,40.0,AuxX,5.21,,,,
37,τῆς,ὁ,p-s---fg-,"GenVerb, Pron8",40.0,OBJ,5.21,GenVerb,Pron8,,
38,τ',τε,g--------,particle indeclform,40.0,AuxY,5.21,particle indeclform,,,
39,αἰὲν,ἀεί,d--------,adv indeclform,40.0,ADV,5.21,adv indeclform,,,
40,ἐέλδεαι,ἔλδομαι,v2spie---,PresIter,35.0,ATR,5.21,PresIter,,,
41,ἤματα,ἦμαρ,n-p---na-,AccTime,40.0,ADV,5.21,AccTime,,,
42,πάντα,πᾶς,a-p---na-,AccTime,41.0,ATR,5.21,AccTime,,,
43,.,.,u--------,,0.0,AuxK,5.21,,,,
1,οὐ,οὐ,d--------,adv indeclform,7.0,AuxZ,5.211,adv indeclform,,,
2,μέν,μέν,g--------,particle indeclform,7.0,AuxY,5.211,particle indeclform,,,
3,θην,θήν,g--------,particle indeclform,7.0,AuxY,5.211,particle indeclform,,,
4,κείνης,κεῖνος,a-s---fg-,"GenComp, Pron4",6.0,ATR,5.211,GenComp,Pron4,,
5,γε,γε,g--------,particle indeclform,4.0,AuxZ,5.211,particle indeclform,,,
6,χερείων,χείρων,n-s---fnc,NomPred,8.0,PNOM,5.211,NomPred,,,
7,εὔχομαι,εὔχομαι,v1spie---,Pres,0.0,PRED,5.211,Pres,,,
8,εἶναι,εἰμί,v--pna---,InfDec,7.0,OBJ,5.211,InfDec,,,
9,",",",",u--------,,13.0,AuxX,5.211,,,,
10,οὐ,οὐ,d--------,adv indeclform,11.0,AuxZ,5.212,adv indeclform,,,
11,δέμας,δέμας,n-s---na-,AccResp,13.0,ADV_CO,5.212,AccResp,,,
12,οὐ,οὐ,d--------,adv indeclform,14.0,AuxZ,5.212,adv indeclform,,,
13,δὲ,δέ,g--------,particle indeclform,8.0,COORD,5.212,particle indeclform,,,
14,φυήν,φυή,n-s---fa-,AccResp,13.0,ADV_CO,5.212,AccResp,,,
15,",",",",u--------,,16.0,AuxX,5.212,,,,
16,ἐπεὶ,ἐπεί,c--------,conj indeclform,7.0,AuxC,5.212,conj indeclform,,,
17,οὔ,οὐ,d--------,adv indeclform,21.0,AuxZ,5.212,adv indeclform,,,
18,πως,πως,g--------,adv indeclform,21.0,ADV,5.212,adv indeclform,,,
19,οὐ,οὐ,d--------,adv indeclform,21.0,AuxZ,5.212,adv indeclform,,,
20,δὲ,δέ,g--------,particle indeclform,21.0,AuxY,5.212,particle indeclform,,,
21,ἔοικεν,εἴκω1,v3sria---,Perf,16.0,ADV,5.212,Perf,,,
22,θνητὰς,θνητός,a-p---fa-,AccSubj,27.0,SBJ,5.213,AccSubj,,,
23,ἀθανάτῃσι,ἀθάνατος,a-p---fd-,DatVerb,27.0,OBJ,5.213,DatVerb,,,
24,δέμας,δέμας,n-s---na-,AccResp,25.0,ADV_CO,5.213,AccResp,,,
25,καὶ,καί,c--------,conj indeclform,27.0,COORD,5.213,conj indeclform,,,
26,εἶδος,εἶδος,n-s---na-,AccResp,25.0,ADV_CO,5.213,AccResp,,,
27,ἐρίζειν,ἐρίζω,v--pna---,InfDyn,21.0,SBJ,5.213,InfDyn,,,
28,.,.,u--------,,0.0,AuxK,5.213,,,,
29,&quot;,&quot;,u--------,,7.0,AuxG,5.213,,,,
1,τὴν,ὁ,p-s---fa-,"AccObj, Pron4",4.0,OBJ,5.214,AccObj,Pron4,,
2,δ',δέ,g--------,particle indeclform,0.0,COORD,5.214,particle indeclform,,,
3,ἀπαμειβόμενος,ἀπαμείβομαι,v-sppemn-,"NomSubj, PartCirc.7",4.0,ADV,5.214,NomSubj,PartCirc.7,,
4,προσέφη,πρόσφημι,v3siia---,ImpfCons -- do we see efh as an aor? imperf? or neither?,2.0,PRED_CO,5.214,ImpfCons -- do we see efh as an aor? imperf? or neither?,,,
5,πολύμητις,πολύμητις,n-s---mn-,NomSubj,6.0,ATR,5.214,NomSubj,,,
6,Ὀδυσσεύς,Ὀδυσσεύς,n-s---mn-,NomSubj,4.0,SBJ,5.214,NomSubj,,,
7,·,·,u--------,,0.0,AuxK,5.214,,,,
1,&quot;,&quot;,u--------,,8.0,AuxG,5.215,,,,
2,πότνα,πότνα,n-s---fv-,Voc,3.0,ATR,5.215,Voc,,,
3,θεά,θεά,n-s---fv-,Voc,8.0,ExD,5.215,Voc,,,
4,",",",",u--------,,3.0,AuxX,5.215,,,,
5,μή,μή,d--------,ImprComm (mh),8.0,AuxZ,5.215,ImprComm (mh),,,
6,μοι,ἐγώ,p1s---md-,DatAgent,8.0,OBJ,5.215,DatAgent,,,
7,τόδε,ὅδε,p-s---na-,"AccAdv, Pron4",8.0,OBJ,5.215,AccAdv,Pron4,,
8,χώεο,χώομαι,v2spme---,ImprComm,0.0,PRED,5.215,ImprComm,,,
9,·,·,u--------,,0.0,AuxK,5.215,,,,
1,οἶδα,οἶδα,v1sria---,Perf,0.0,PRED,5.215,Perf,,,
2,καὶ,καί,d--------,conj indeclform,3.0,AuxZ,5.215,conj indeclform,,,
3,αὐτὸς,αὐτός,a-s---mn-,"NomSubj, Pron2",1.0,AtvV,5.215,NomSubj,Pron2,,
4,πάντα,πᾶς,a-p---na-,AccObj,1.0,ADV,5.216,AccObj,,,
5,μάλ',μάλα,d--------,adv indeclform,4.0,AuxZ,5.216,adv indeclform,,,
6,",",",",u--------,,7.0,AuxX,5.216,,,,
7,οὕνεκα,οὕνεκα,c--------,conj indeclform,1.0,AuxC,5.216,conj indeclform,,,
8,σεῖο,σύ,p2s----g-,"GenComp, Pron1",12.0,ATR,5.216,GenComp,Pron1,,
9,περίφρων,περίφρων,n-s---fn-,"NomSubj, PartAttr",10.0,ATR,5.216,NomSubj,PartAttr,,
10,Πηνελόπεια,Πηνελόπεια,n-s---fn-,NomSubj,18.0,SBJ,5.216,NomSubj,,,
11,εἶδος,εἶδος,n-s---na-,AccResp,18.0,ADV_CO,5.217,AccResp,,,
12,ἀκιδνοτέρη,ἀκιδνός,a-s---fnc,AccCog,18.0,PNOM,5.217,AccCog,,,
13,μέγεθός,μέγεθος,n-s---na-,AccResp,18.0,ADV_CO,5.217,AccResp,,,
14,τ',τε,g--------,particle indeclform,7.0,COORD,5.217,particle indeclform,,,
15,εἰσάντα,εἰσάντα,d--------,adv indeclform,16.0,ADV,5.217,adv indeclform,,,
16,ἰδέσθαι,εἶδον,v--anm---,InfDyn,12.0,ATR,5.217,InfDyn,,,
17,·,·,u--------,,0.0,AuxK,5.217,,,,
1,ἡ,ὁ,p-s---fn-,"NomSubj, Pron4",5.0,SBJ,5.218,NomSubj,Pron4,,
2,μὲν,μέν,g--------,particle indeclform,8.0,AuxY,5.218,particle indeclform,,,
3,γὰρ,γάρ,g--------,particle indeclform,5.0,AuxY,5.218,particle indeclform,,,
4,βροτός,βροτός,n-s---mn-,NomPred,5.0,PNOM,5.218,NomPred,,,
5,ἐστι,εἰμί,v3spia---,"Pres, Ind, Act",8.0,PRED_CO,5.218,Pres,Ind,Act,
6,",",",",u--------,,8.0,AuxX,5.218,,,,
7,σὺ,σύ,p2s----n-,"NomSubj, Pron1",13.0,SBJ,5.218,NomSubj,Pron1,,
8,δ',δέ,g--------,particle indeclform,0.0,COORD,5.218,particle indeclform,,,
9,ἀθάνατος,ἀθάνατος,a-s---fn-,NomPred,13.0,PNOM_CO,5.218,NomPred,,,
10,καὶ,καί,c--------,conj indeclform,8.0,COORD,5.218,conj indeclform,,,
11,ἀγήρως,ἀγήραος,a-s---fn-,NomPred,13.0,PNOM_CO,5.218,NomPred,,,
12,.,.,u--------,,0.0,AuxK,5.218,,,,
1,ἀλλὰ,ἀλλά,d--------,adv indeclform,5.0,AuxY,5.219,adv indeclform,,,
2,καὶ,καί,d--------,conj indeclform,3.0,AuxZ,5.219,conj indeclform,,,
3,ὣς,ὡς,d--------,conj indeclform,5.0,ADV,5.219,conj indeclform,,,
4,ἐθέλω,ἐθέλω,v1spia---,"PresIter, Ind, Act",5.0,PRED_CO,5.219,PresIter,Ind,Act,
5,καὶ,καί,c--------,conj indeclform,0.0,COORD,5.219,conj indeclform,,,
6,ἐέλδομαι,ἔλδομαι,v1spie---,PresIter,5.0,PRED_CO,5.219,PresIter,,,
7,ἤματα,ἦμαρ,n-p---na-,AccTime,5.0,ADV,5.219,AccTime,,,
8,πάντα,πᾶς,a-p---na-,AccTime,7.0,ATR,5.219,AccTime,,,
9,οἴκαδέ,οἴκαδε,d--------,AccDirec.1,11.0,OBJ,5.22,AccDirec.1,,,
10,τ',τε,g--------,particle indeclform,12.0,AuxY,5.22,particle indeclform,,,
11,ἐλθέμεναι,ἔρχομαι,v--ana---,InfDyn,12.0,OBJ_CO,5.22,InfDyn,,,
12,καὶ,καί,c--------,conj indeclform,5.0,COORD,5.22,conj indeclform,,,
13,νόστιμον,νόστιμος,a-s---na-,"AccObj [poetic periphrasis, Smyth 3041]",14.0,ATR,5.22,AccObj [poetic periphrasis,Smyth 3041],,
14,ἦμαρ,ἦμαρ,n-s---na-,AccObj,15.0,OBJ,5.22,AccObj,,,
15,ἰδέσθαι,εἶδον,v--anm---,InfDyn,12.0,OBJ_CO,5.22,InfDyn,,,
16,.,.,u--------,,0.0,AuxK,5.22,,,,
1,εἰ,εἰ,c--------,Cond2,11.0,AuxC,5.221,Cond2,,,
2,δ',δέ,g--------,particle indeclform,0.0,COORD,5.221,particle indeclform,,,
3,αὖ,αὖ,d--------,adv indeclform,5.0,AuxY,5.221,adv indeclform,,,
4,τις,τις,p-s---mn-,"NomSubj, Pron6",5.0,SBJ,5.221,NomSubj,Pron6,,
5,ῥαίῃσι,ῥαίω,v3spsa---,SubjSubor (Cond2),1.0,ADV,5.221,SubjSubor (Cond2),,,
6,θεῶν,θεός,n-p---mg-,GenPart,4.0,ATR,5.221,GenPart,,,
7,ἐνὶ,ἐν,r--------,Prep3,5.0,AuxP,5.221,Prep3,,,
8,οἴνοπι,οἶνοψ,n-s---md-,DatLoc (Prep3),9.0,ATR,5.221,DatLoc (Prep3),,,
9,πόντῳ,πόντος,n-s---md-,DatLoc (Prep3),7.0,ADV,5.221,DatLoc (Prep3),,,
10,",",",",u--------,,1.0,AuxX,5.221,,,,
11,τλήσομαι,τλάω,v1sfim---,"Fut (Cond2), MidIndir",2.0,PRED_CO,5.222,Fut (Cond2),MidIndir,,
12,ἐν,ἐν,r--------,Prep3,14.0,AuxP,5.222,Prep3,,,
13,στήθεσσιν,στῆθος,n-p---nd-,DatLoc (Prep3),12.0,ADV,5.222,DatLoc (Prep3),,,
14,ἔχων,ἔχω,v-sppamn-,"NomSubj, PartCirc.4",11.0,ADV,5.222,NomSubj,PartCirc.4,,
15,ταλαπενθέα,ταλαπενθής,a-s---ma-,AccObj,16.0,ATR,5.222,AccObj,,,
16,θυμόν,θυμός,n-s---ma-,AccObj,14.0,OBJ,5.222,AccObj,,,
17,·,·,u--------,,0.0,AuxK,5.222,,,,
1,ἤδη,ἤδη,d--------,adv indeclform,6.0,ADV,5.223,adv indeclform,,,
2,γὰρ,γάρ,g--------,particle indeclform,6.0,AuxY,5.223,particle indeclform,,,
3,μάλα,μάλα,d--------,adv indeclform,4.0,AuxZ,5.223,adv indeclform,,,
4,πολλὰ,πολύς,a-p---na-,AccObj,5.0,OBJ,5.223,AccObj,,,
5,πάθον,πάσχω,v1saia---,Aor,6.0,PRED_CO,5.223,Aor,,,
6,καὶ,καί,c--------,conj indeclform,0.0,COORD,5.223,conj indeclform,,,
7,πολλὰ,πολύς,a-p---na-,AccObj,8.0,OBJ,5.223,AccObj,,,
8,μόγησα,μογέω,v1saia---,Aor,6.0,PRED_CO,5.223,Aor,,,
9,κύμασι,κῦμα,n-p---nd-,DatLoc,10.0,ADV_CO,5.224,DatLoc,,,
10,καὶ,καί,c--------,conj indeclform,6.0,COORD,5.224,conj indeclform,,,
11,πολέμῳ,πόλεμος,n-s---md-,DatLoc,10.0,ADV_CO,5.224,DatLoc,,,
12,·,·,u--------,,0.0,AuxK,5.224,,,,
1,μετὰ,μετά,r--------,Prep5,5.0,AuxP,5.224,Prep5,,,
2,καὶ,καί,d--------,conj indeclform,3.0,AuxZ,5.224,conj indeclform,,,
3,τόδε,ὅδε,p-s---nn-,"NomSubj, Pron4",5.0,SBJ,5.224,NomSubj,Pron4,,
4,τοῖσι,ὁ,l--------,"DatLoc (Prep5), ArtPart",1.0,OBJ,5.224,DatLoc (Prep5),ArtPart,,
5,γενέσθω,γίγνομαι,v3samm---,ImprComm,0.0,PRED,5.224,ImprComm,,,
6,.,.,u--------,,0.0,AuxK,5.224,,,,
7,&quot;,&quot;,u--------,,5.0,AuxG,5.224,,,,
1,ὣς,ὡς,d--------,adv indeclform,2.0,ADV,5.225,adv indeclform,,,
2,ἔφατ',φημί,v3siie---,Impf.2,5.0,PRED_CO,5.225,Impf.2,,,
3,",",",",u--------,,5.0,AuxX,5.225,,,,
4,ἠέλιος,ἥλιος,n-s---mn-,NomSubj,7.0,SBJ,5.225,NomSubj,,,
5,δ',δέ,g--------,particle indeclform,8.0,AuxY,5.225,particle indeclform,,,
6,ἄρ',ἄρα,g--------,particle indeclform,7.0,AuxY,5.225,particle indeclform,,,
7,ἔδυ,δύω,v3saia---,AorComp,8.0,PRED_CO,5.225,AorComp,,,
8,καὶ,καί,c--------,conj indeclform,0.0,COORD,5.225,conj indeclform,,,
9,ἐπὶ,ἐπί,r--------,tmesis,11.0,AuxZ,5.225,tmesis,,,
10,κνέφας,κνέφας,n-s---nn-,NomSubj,11.0,SBJ,5.225,NomSubj,,,
11,ἦλθεν,ἔρχομαι,v3saia---,AorComp,8.0,PRED_CO,5.225,AorComp,,,
12,·,·,u--------,,0.0,AuxK,5.225,,,,
1,ἐλθόντες,ἔρχομαι,v-papamn-,"NomSubj, PartCirc.1",9.0,ADV,5.226,NomSubj,PartCirc.1,,
2,δ',δέ,g--------,particle indeclform,0.0,COORD,5.226,particle indeclform,,,
3,ἄρα,ἄρα,g--------,particle indeclform,9.0,AuxY,5.226,particle indeclform,,,
4,τώ,ὁ,p-d---mn-,"NomSubj, Pron4",9.0,SBJ,5.226,NomSubj,Pron4,,
5,γε,γε,g--------,particle indeclform,4.0,AuxZ,5.226,particle indeclform,,,
6,μυχῷ,μυχός,n-s---md-,DatLoc,9.0,ADV,5.226,DatLoc,,,
7,σπείους,σπέος,n-s---ng-,GenPart,6.0,ATR,5.226,GenPart,,,
8,γλαφυροῖο,γλαφυρός,a-s---ng-,GenPart,7.0,ATR,5.226,GenPart,,,
9,τερπέσθην,τέρπω,v3diie---,"ImpfCons, MidRecip",2.0,PRED_CO,5.227,ImpfCons,MidRecip,,
10,φιλότητι,φιλότης,n-s---fd-,DatMean,9.0,ADV,5.227,DatMean,,,
11,",",",",u--------,,14.0,AuxX,5.227,,,,
12,παρ',παρά,r--------,Prep5,14.0,AuxP,5.227,Prep5,,,
13,ἀλλήλοισι,ἀλλήλων,a-p---md-,DatLoc (Prep5),12.0,ADV,5.227,DatLoc (Prep5),,,
14,μένοντες,μένω,v-pppamn-,PartCirc.1,9.0,ADV,5.227,PartCirc.1,,,
15,.,.,u--------,,0.0,AuxK,5.227,,,,
1,ἦμος,ἦμος,d--------,adv indeclform,39.0,AuxC,5.228,adv indeclform,,,
2,δ',δέ,g--------,particle indeclform,1.0,AuxZ,5.228,particle indeclform,,,
3,ἠριγένεια,ἠριγένεια,n-s---fn-,NomSubj,6.0,ATR,5.228,NomSubj,,,
4,φάνη,φαίνω,v3saip---,Aor,1.0,ADV,5.228,Aor,,,
5,ῥοδοδάκτυλος,ῥοδοδάκτυλος,a-s---fn-,NomSubj,6.0,ATR,5.228,NomSubj,,,
6,Ἠώς,ἠώς,n-s---fn-,NomSubj,4.0,SBJ,5.228,NomSubj,,,
7,",",",",u--------,,1.0,AuxX,5.228,,,,
8,αὐτίχ',αὐτίκα,d--------,adv indeclform,15.0,ADV,5.229,adv indeclform,,,
9,ὁ,ὁ,l-s---mn-,"NomSubj, ArtSubs",16.0,ATR,5.229,NomSubj,ArtSubs,,
10,μὲν,μέν,g--------,particle indeclform,39.0,AuxY,5.229,particle indeclform,,,
11,χλαῖνάν,χλαῖνα,n-s---fa-,"AccObj [hysteron proteron, Smyth 3030]",14.0,OBJ_CO,5.229,AccObj [hysteron proteron,Smyth 3030],,
12,τε,τε,g--------,particle indeclform,14.0,AuxY,5.229,particle indeclform,,,
13,χιτῶνά,χιτών,n-s---ma-,AccObj,14.0,OBJ_CO,5.229,AccObj,,,
14,τε,τε,g--------,particle indeclform,15.0,COORD,5.229,particle indeclform,,,
15,ἕννυτ',ἕννυμι,v3siie---,ImpfDesc,39.0,PRED_CO,5.229,ImpfDesc,,,
16,Ὀδυσσεύς,Ὀδυσσεύς,n-s---mn-,NomSubj,15.0,SBJ,5.229,NomSubj,,,
17,",",",",u--------,,39.0,AuxX,5.229,,,,
18,αὐτὴ,αὐτός,a-s---fn-,"NomSubj, Pron2",24.0,ATV,5.23,NomSubj,Pron2,,
19,δ',δέ,g--------,particle indeclform,39.0,AuxY,5.23,particle indeclform,,,
20,ἀργύφεον,ἀργύφεος,a-s---na-,AccObj,21.0,ATR,5.23,AccObj,,,
21,φᾶρος,φᾶρος,n-s---na-,AccObj,23.0,OBJ,5.23,AccObj,,,
22,μέγα,μέγας,a-s---na-,AccObj,21.0,ATR,5.23,AccObj,,,
23,ἕννυτο,ἕννυμι,v3siie---,ImpfDesc,39.0,PRED_CO,5.23,ImpfDesc,,,
24,νύμφη,νύμφη,n-s---fn-,NomSubj,23.0,SBJ,5.23,NomSubj,,,
25,",",",",u--------,,27.0,AuxX,5.23,,,,
26,λεπτὸν,λεπτός,a-s---na-,AccObj,27.0,ATR_CO,5.231,AccObj,,,
27,καὶ,καί,c--------,conj indeclform,21.0,COORD,5.231,conj indeclform,,,
28,χαρίεν,χαρίες,a-s---na-,AccObj,27.0,ATR_CO,5.231,AccObj,,,
29,",",",",u--------,,39.0,AuxX,5.231,,,,
30,περὶ,περί,r--------,Prep5,33.0,AuxZ,5.231,Prep5,,,
31,δὲ,δέ,g--------,particle indeclform,39.0,AuxY,5.231,particle indeclform,,,
32,ζώνην,ζώνη,n-s---fa-,AccObj,33.0,OBJ,5.231,AccObj,,,
33,βάλετ',βάλλω,v3saim---,"AorIngr, MidIndir",39.0,PRED_CO,5.231,AorIngr,MidIndir,,
34,ἰξυῖ,ἰξύς,n-s---fd-,DatLoc (Prep5),33.0,ADV,5.231,DatLoc (Prep5),,,
35,καλὴν,καλός,a-s---fa-,AccObj,32.0,ATR,5.232,AccObj,,,
36,χρυσείην,χρύσεος,a-s---fa-,AccObj,32.0,ATR,5.232,AccObj,,,
37,",",",",u--------,,39.0,AuxX,5.232,,,,
38,κεφαλῇ,κεφαλή,n-s---fd-,DatLoc,43.0,ADV,5.232,DatLoc,,,
39,δ',δέ,g--------,particle indeclform,0.0,COORD,5.232,particle indeclform,,,
40,ἐφύπερθε,ἐφύπερθε,d--------,adv indeclform,43.0,ADV,5.232,adv indeclform,,,
41,καλύπτρην,καλύπτρα,n-s---fa-,AccObj,43.0,OBJ,5.232,AccObj,,,
42,.,.,u--------,,0.0,AuxK,5.232,,,,
1,καὶ,καί,c--------,conj indeclform,0.0,COORD,5.233,conj indeclform,,,
2,τότ',τότε,d--------,adv indeclform,5.0,ADV,5.233,adv indeclform,,,
3,Ὀδυσσῆι,Ὀδυσσεύς,n-s---md-,DatAdvn,5.0,OBJ,5.233,DatAdvn,,,
4,μεγαλήτορι,μεγαλήτωρ,n-s---md-,DatAdvn,3.0,ATR,5.233,DatAdvn,,,
5,μήδετο,μήδομαι,v3siie---,ImpfCons,1.0,PRED_CO,5.233,ImpfCons,,,
6,πομπήν,πομπή,n-s---fa-,AccObj,5.0,OBJ,5.233,AccObj,,,
7,·,·,u--------,,0.0,AuxK,5.233,,,,
1,δῶκέν,δίδωμι,v3saia---,AorIngr,0.0,PRED,5.234,AorIngr,,,
2,οἱ,ἕ,p-s---md-,"DatVerb, Pron4",1.0,OBJ,5.234,DatVerb,Pron4,,
3,πέλεκυν,πέλεκυς,n-s---ma-,AccObj,1.0,OBJ,5.234,AccObj,,,
4,μέγαν,μέγας,a-s---ma-,AccObj,11.0,ATR_CO,5.234,AccObj,,,
5,",",",",u--------,,11.0,AuxX,5.234,,,,
6,ἄρμενον,ἀραρίσκω,v-sapmma-,"AccObj, PartAttr",11.0,ATR_CO,5.234,AccObj,PartAttr,,
7,ἐν,ἐν,r--------,Prep3,6.0,AuxP,5.234,Prep3,,,
8,παλάμῃσι,παλάμη,n-p---fd-,DatLoc (Prep3),7.0,ADV,5.234,DatLoc (Prep3),,,
9,",",",",u--------,,11.0,AuxX,5.234,,,,
10,χάλκεον,χάλκεος,a-s---ma-,AccObj,11.0,ATR_CO,5.235,AccObj,,,
11,",",",",u--------,,3.0,COORD,5.235,,,,
12,ἀμφοτέρωθεν,ἀμφοτέρωθεν,d--------,adv indeclform,13.0,ADV,5.235,adv indeclform,,,
13,ἀκαχμένον,ἀκαχμένος,a-s---ma-,AccObj,11.0,ATR_CO,5.235,AccObj,,,
14,·,·,u--------,,0.0,AuxK,5.235,,,,
1,αὐτὰρ,ἀτάρ,g--------,particle indeclform,11.0,AuxY,5.235,particle indeclform,,,
2,ἐν,ἐν,r--------,Prep3,0.0,AuxP,5.235,Prep3,,,
3,αὐτῷ,αὐτός,a-s---md-,"DatLoc (Prep3), Pron2",11.0,ADV,5.235,DatLoc (Prep3),Pron2,,
4,στειλειὸν,στειλειόν,n-s---nn-,NomSubj,11.0,SBJ,5.236,NomSubj,,,
5,περικαλλὲς,περικαλλής,a-s---nn-,NomSubj,7.0,ATR_CO,5.236,NomSubj,,,
6,ἐλάινον,ἐλάινος,a-s---nn-,NomSubj,7.0,ATR_CO,5.236,NomSubj,,,
7,",",",",u--------,,4.0,COORD,5.236,,,,
8,εὖ,εὖ,d--------,adv indeclform,9.0,ADV,5.236,adv indeclform,,,
9,ἐναρηρός,ἐναραρίσκω,v-srpann-,"NomSubj, PartAttr",4.0,ATR_CO,5.236,NomSubj,PartAttr,,
10,·,·,u--------,,0.0,AuxK,5.236,,,,
1,δῶκε,δίδωμι,v3saia---,AorIngr,2.0,PRED_CO,5.237,AorIngr,,,
2,δ',δέ,g--------,particle indeclform,0.0,COORD,5.237,particle indeclform,,,
3,ἔπειτα,ἔπειτα,d--------,adv indeclform,1.0,AuxY,5.237,adv indeclform,,,
4,σκέπαρνον,σκέπαρνον,n-s---na-,AccObj,1.0,OBJ,5.237,AccObj,,,
5,ἐύξοον,εὔξοος,a-s---na-,AccObj,4.0,ATR,5.237,AccObj,,,
6,·,·,u--------,,0.0,AuxK,5.237,,,,
1,ἦρχε,ἄρχω,v3siia---,ImpfCons,2.0,PRED_CO,5.237,ImpfCons,,,
2,δ',δέ,g--------,particle indeclform,0.0,COORD,5.237,particle indeclform,,,
3,ὁδοῖο,ὁδός,n-s---fg-,GenVerb.11,1.0,OBJ,5.237,GenVerb.11,,,
4,νήσου,νῆσος,n-s---fg-,GenPart,6.0,ATR,5.238,GenPart,,,
5,ἐπ',ἐπί,r--------,Prep5,1.0,AuxP,5.238,Prep5,,,
6,ἐσχατιῆς,ἐσχατιά,n-s---fg-,GenLoc (Prep5),5.0,OBJ,5.238,GenLoc (Prep5),,,
7,",",",",u--------,,11.0,AuxX,5.238,,,,
8,ὅθι,ὅθι,d--------,adv indeclform,19.0,ADV,5.238,adv indeclform,,,
9,δένδρεα,δένδρεον,n-p---nn-,NomSubj,12.0,SBJ_AP,5.238,NomSubj,,,
10,μακρὰ,μακρός,a-p---nn-,NomSubj,9.0,ATR,5.238,NomSubj,,,
11,πεφύκει,φύω,v3slia---,Pperf,19.0,ATR_CO,5.238,Pperf,,,
12,",",",",u--------,,11.0,APOS,5.238,,,,
13,κλήθρη,κλήθρα,n-s---fn-,NomSubj,16.0,SBJ_AP_CO,5.239,NomSubj,,,
14,τ',τε,g--------,particle indeclform,16.0,AuxY,5.239,particle indeclform,,,
15,αἴγειρός,αἴγειρος,n-s---fn-,NomSubj,16.0,SBJ_CO,5.239,NomSubj,,,
16,τ',τε,g--------,particle indeclform,11.0,COORD,5.239,particle indeclform,,,
17,",",",",u--------,,19.0,AuxX,5.239,,,,
18,ἐλάτη,ἐλάτη,n-s---fn-,NomSubj,20.0,SBJ,5.239,NomSubj,,,
19,τ',τε,g--------,particle indeclform,6.0,COORD,5.239,particle indeclform,,,
20,ἦν,εἰμί,v3piia---,ImpfDesc,12.0,ATR_CO,5.239,ImpfDesc,,,
21,οὐρανομήκης,οὐρανομήκης,a-p---fn-,NomPred,18.0,ATR,5.239,NomPred,,,
22,",",",",u--------,,27.0,AuxX,5.239,,,,
23,αὖα,αὖος,a-p---nn-,NomSubj,27.0,ATR_CO,5.24,NomSubj,,,
24,πάλαι,πάλαι,d--------,adv indeclform,23.0,AuxZ,5.24,adv indeclform,,,
25,",",",",u--------,,27.0,AuxX,5.24,,,,
26,περίκηλα,περίκηλος,a-p---nn-,NomSubj,27.0,ATR_CO,5.24,NomSubj,,,
27,",",",",u--------,,19.0,COORD,5.24,,,,
28,τά,ὁ,p-p---nn-,"NomSubj, Pron8",30.0,SBJ,5.24,NomSubj,Pron8,,
29,οἱ,ἕ,p-s---md-,DatAdvn,30.0,OBJ,5.24,DatAdvn,,,
30,πλώοιεν,πλέω,v3ppoa---,OptPoten,27.0,ATR_CO,5.24,OptPoten,,,
31,ἐλαφρῶς,ἐλαφρός,d--------,AccAdv,30.0,ADV,5.24,AccAdv,,,
32,.,.,u--------,,0.0,AuxK,5.24,,,,
1,αὐτὰρ,ἀτάρ,g--------,particle indeclform,21.0,AuxY,5.241,particle indeclform,,,
2,ἐπεὶ,ἐπεί,c--------,conj indeclform,21.0,AuxC,5.241,conj indeclform,,,
3,δὴ,δή,g--------,particle indeclform,4.0,AuxY,5.241,particle indeclform,,,
4,δεῖξ',δείκνυμι,v3saia---,Aor,2.0,ADV,5.241,Aor,,,
5,",",",",u--------,,9.0,AuxX,5.241,,,,
6,ὅθι,ὅθι,d--------,adv indeclform,9.0,ADV,5.241,adv indeclform,,,
7,δένδρεα,δένδρεον,n-p---nn-,NomSubj,9.0,SBJ,5.241,NomSubj,,,
8,μακρὰ,μακρός,a-p---nn-,NomSubj,7.0,ATR,5.241,NomSubj,,,
9,πεφύκει,φύω,v3slia---,Pperf,4.0,OBJ,5.241,Pperf,,,
10,",",",",u--------,,2.0,AuxX,5.241,,,,
11,ἡ,ὁ,p-s---fn-,"NomSubj, Pron",26.0,SBJ_AP,5.242,NomSubj,Pron,,
12,μὲν,μέν,g--------,particle indeclform,21.0,AuxY,5.242,particle indeclform,,,
13,ἔβη,βαίνω,v3saia---,Aor,21.0,PRED_CO,5.242,Aor,,,
14,πρὸς,πρός,r--------,Prep3,13.0,AuxP,5.242,Prep3,,,
15,δῶμα,δῶμα,n-s---na-,AccDirec.1 (Prep3),14.0,OBJ,5.242,AccDirec.1 (Prep3),,,
16,Καλυψώ,Καλυψώ,n-s---fn-,NomSubj,26.0,SBJ_AP,5.242,NomSubj,,,
17,",",",",u--------,,13.0,APOS,5.242,,,,
18,δῖα,δῖος,a-s---fn-,NomInd,26.0,SBJ_AP,5.242,NomInd,,,
19,θεάων,θεά,n-p---fg-,GenPart,18.0,ATR,5.242,GenPart,,,
20,",",",",u--------,,21.0,AuxX,5.242,,,,
21,αὐτὰρ,ἀτάρ,g--------,particle indeclform,0.0,COORD,5.243,particle indeclform,,,
22,ὁ,ὁ,p-s---mn-,"NomSubj, Pron4",23.0,SBJ,5.243,NomSubj,Pron4,,
23,τάμνετο,τέμνω,v3siie---,"Impf, MidIndir",21.0,PRED_CO,5.243,Impf,MidIndir,,
24,δοῦρα,δόρυ,n-p---na-,AccObj,23.0,OBJ,5.243,AccObj,,,
25,·,·,u--------,,0.0,AuxK,5.243,,,,
1,θοῶς,θοός,d--------,AccAdv,4.0,ADV,5.243,AccAdv,,,
2,δέ,δέ,g--------,particle indeclform,0.0,COORD,5.243,particle indeclform,,,
3,οἱ,ἕ,p-s---md-,"DatPos, Pron4",5.0,OBJ,5.243,DatPos,Pron4,,
4,ᾔνυτο,αἴνυμαι,v3siie---,Impf,2.0,PRED_CO,5.243,Impf,,,
5,ἔργον,ἔργον,n-s---nn-,NomSubj,4.0,SBJ,5.243,NomSubj,,,
6,.,.,u--------,,0.0,AuxK,5.243,,,,
1,εἴκοσι,εἴκοσι,m--------,AccObj,3.0,OBJ,5.244,AccObj,,,
2,δ',δέ,g--------,particle indeclform,14.0,AuxY,5.244,particle indeclform,,,
3,ἔκβαλε,ἐκβάλλω,v3saia---,AorComp,14.0,PRED_CO,5.244,AorComp,,,
4,πάντα,πᾶς,a-p---na-,AccAdv,3.0,ADV,5.244,AccAdv,,,
5,",",",",u--------,,14.0,AuxX,5.244,,,,
6,πελέκκησεν,πελεκάω,v3saia---,AorComp,14.0,PRED_CO,5.244,AorComp,,,
7,δ',δέ,g--------,particle indeclform,14.0,AuxY,5.244,particle indeclform,,,
8,ἄρα,ἄρα,g--------,particle indeclform,6.0,AuxY,5.244,particle indeclform,,,
9,χαλκῷ,χαλκός,n-s---md-,DatInstr,6.0,ADV,5.244,DatInstr,,,
10,",",",",u--------,,14.0,AuxX,5.244,,,,
11,ξέσσε,ξέω,v3saia---,AorComp,14.0,PRED_CO,5.245,AorComp,,,
12,δ',δέ,g--------,particle indeclform,14.0,AuxY,5.245,particle indeclform,,,
13,ἐπισταμένως,ἐπισταμένως,d--------,adv indeclform,11.0,ADV,5.245,adv indeclform,,,
14,καὶ,καί,c--------,conj indeclform,0.0,COORD,5.245,conj indeclform,,,
15,ἐπὶ,ἐπί,r--------,Prep5,17.0,AuxP,5.245,Prep5,,,
16,στάθμην,στάθμη,n-s---fa-,AccDirec.1 (Prep5),15.0,OBJ,5.245,AccDirec.1 (Prep5),,,
17,ἴθυνεν,ἰθύνω,v3saia---,AorComp,14.0,PRED_CO,5.245,AorComp,,,
18,.,.,u--------,,0.0,AuxK,5.245,,,,
1,τόφρα,τόφρα,d--------,adv indeclform,3.0,ADV,5.246,adv indeclform,,,
2,δ',δέ,g--------,particle indeclform,0.0,COORD,5.246,particle indeclform,,,
3,ἔνεικε,φέρω,v3saia---,Aor,2.0,PRED_CO,5.246,Aor,,,
4,τέρετρα,τέρετρον,n-p---na-,AccObj,3.0,OBJ,5.246,AccObj,,,
5,Καλυψώ,Καλυψώ,n-s---fn-,NomSubj,6.0,SBJ_AP,5.246,NomSubj,,,
6,",",",",u--------,,3.0,APOS,5.246,,,,
7,δῖα,δῖος,a-s---fn-,NomInd,6.0,SBJ_AP,5.246,NomInd,,,
8,θεάων,θεά,n-p---fg-,GenPart,7.0,ATR,5.246,GenPart,,,
9,·,·,u--------,,0.0,AuxK,5.246,,,,
1,τέτρηνεν,τετραίνω,v3saia---,AorComp,10.0,PRED_CO,5.247,AorComp,,,
2,δ',δέ,g--------,particle indeclform,10.0,AuxY,5.247,particle indeclform,,,
3,ἄρα,ἄρα,g--------,particle indeclform,1.0,AuxY,5.247,particle indeclform,,,
4,πάντα,πᾶς,a-p---na-,AccObj,1.0,OBJ,5.247,AccObj,,,
5,καὶ,καί,c--------,conj indeclform,10.0,AuxY,5.247,conj indeclform,,,
6,ἥρμοσεν,ἁρμόζω,v3saia---,AorComp,10.0,PRED_CO,5.247,AorComp,,,
7,ἀλλήλοισιν,ἀλλήλων,a-p---nd-,DatVerb,6.0,OBJ,5.247,DatVerb,,,
8,",",",",u--------,,10.0,AuxX,5.247,,,,
9,γόμφοισιν,γόμφος,n-p---md-,DatInstr,14.0,ADV_CO,5.248,DatInstr,,,
10,δ',δέ,g--------,particle indeclform,0.0,COORD,5.248,particle indeclform,,,
11,ἄρα,ἄρα,g--------,particle indeclform,16.0,AuxY,5.248,particle indeclform,,,
12,τήν,ὁ,p-s---fa-,AccObj,16.0,OBJ,5.248,AccObj,,,
13,γε,γε,g--------,particle indeclform,12.0,AuxZ,5.248,particle indeclform,,,
14,καὶ,καί,c--------,conj indeclform,16.0,COORD,5.248,conj indeclform,,,
15,ἁρμονίῃσιν,ἁρμονία,n-p---fd-,DatInstr,14.0,ADV_CO,5.248,DatInstr,,,
16,ἄρασσεν,ἀράσσω,v3siia---,ImpfDesc,10.0,PRED_CO,5.248,ImpfDesc,,,
17,.,.,u--------,,0.0,AuxK,5.248,,,,
1,ὅσσον,ὅσος,a-s---na-,AccAdv.2,6.0,ADV,5.249,AccAdv.2,,,
2,τίς,τις,p-s---mn-,"NomSubj, Pron6",7.0,ATR,5.249,NomSubj,Pron6,,
3,τ',τε,g--------,particle indeclform,6.0,AuxY,5.249,particle indeclform,,,
4,ἔδαφος,ἔδαφος,n-s---na-,AccObj,6.0,OBJ,5.249,AccObj,,,
5,νηὸς,ναῦς,n-s---fg-,GenPart,4.0,ATR,5.249,GenPart,,,
6,τορνώσεται,τορνόομαι,v3sase---,SubjSubor,15.0,ATR,5.249,SubjSubor,,,
7,ἀνὴρ,ἀνήρ,n-s---mn-,NomSubj,6.0,SBJ,5.249,NomSubj,,,
8,φορτίδος,φορτίς,n-s---fg-,GenPos,5.0,ATR,5.25,GenPos,,,
9,εὐρείης,εὐρύς,a-s---fg-,GenPart,5.0,ATR,5.25,GenPart,,,
10,",",",",u--------,,12.0,AuxX,5.25,,,,
11,ἐὺ,εὖ,d--------,adv indeclform,12.0,ADV,5.25,adv indeclform,,,
12,εἰδὼς,οἶδα,v-srpamn-,"NomSubj, PartAttr",7.0,ATR,5.25,NomSubj,PartAttr,,
13,τεκτοσυνάων,τεκτοσύνη,n-p---fg-,GenExpl,12.0,OBJ,5.25,GenExpl,,,
14,",",",",u--------,,6.0,AuxX,5.25,,,,
15,τόσσον,τόσος,a-s---na-,AccAdv.2,19.0,ADV,5.251,AccAdv.2,,,
16,ἔπ',ἐπί,r--------,tmesis,19.0,AuxZ,5.251,tmesis,,,
17,εὐρεῖαν,εὐρύς,a-s---fa-,AccObj,19.0,OCOMP,5.251,AccObj,,,
18,σχεδίην,σχεδία,n-s---fa-,AccObj,19.0,OBJ,5.251,AccObj,,,
19,ποιήσατ',ποιέω,v3saim---,"AorComp, MidIndir",0.0,PRED,5.251,AorComp,MidIndir,,
20,Ὀδυσσεύς,Ὀδυσσεύς,n-s---mn-,NomSubj,19.0,SBJ,5.251,NomSubj,,,
21,.,.,u--------,,0.0,AuxK,5.251,,,,
1,ἴκρια,ἴκρια,n-p---na-,AccObj,3.0,OBJ,5.252,AccObj,,,
2,δὲ,δέ,g--------,particle indeclform,0.0,COORD,5.252,particle indeclform,,,
3,στήσας,ἵστημι,v-sapamn-,"NomSubj, PartCirc.7",9.0,ADV,5.252,NomSubj,PartCirc.7,,
4,",",",",u--------,,3.0,AuxX,5.252,,,,
5,ἀραρὼν,ἀραρίσκω,v-sapamn-,"NomSubj, PartCirc.7",9.0,ADV,5.252,NomSubj,PartCirc.7,,
6,θαμέσι,θαμέες,a-p---md-,DatVerb,7.0,ATR,5.252,DatVerb,,,
7,σταμίνεσσι,σταμίνες,n-p---md-,DatVerb,5.0,ADV,5.252,DatVerb,,,
8,",",",",u--------,,5.0,AuxX,5.252,,,,
9,ποίει,ποιέω,v3siia---,ImpfDesc,2.0,PRED_CO,5.253,ImpfDesc,,,
10,·,·,u--------,,0.0,AuxK,5.253,,,,
1,ἀτὰρ,ἀτάρ,g--------,particle indeclform,4.0,AuxY,5.253,particle indeclform,,,
2,μακρῇσιν,μακρός,a-p---fd-,DatInstr,3.0,ATR,5.253,DatInstr,,,
3,ἐπηγκενίδεσσι,ἐπηγκενίδες,n-p---fd-,DatInstr,4.0,ADV,5.253,DatInstr,,,
4,τελεύτα,τελευτάω,v3siia---,ImpfDesc,0.0,PRED,5.253,ImpfDesc,,,
5,.,.,u--------,,0.0,AuxK,5.253,,,,
1,ἐν,ἐν,r--------,Prep3,4.0,AuxZ,5.254,Prep3,,,
2,δ',δέ,g--------,particle indeclform,0.0,COORD,5.254,particle indeclform,,,
3,ἱστὸν,ἱστός,n-s---ma-,AccObj,5.0,OBJ_CO,5.254,AccObj,,,
4,ποίει,ποιέω,v3siia---,ImpfDesc,2.0,PRED_CO,5.254,ImpfDesc,,,
5,καὶ,καί,c--------,conj indeclform,4.0,COORD,5.254,conj indeclform,,,
6,ἐπίκριον,ἐπίκριον,n-s---na-,AccObj,5.0,OBJ_CO,5.254,AccObj,,,
7,ἄρμενον,ἀραρίσκω,v-sapmna-,"AccObj, PartAttr",6.0,ATR,5.254,AccObj,PartAttr,,
8,αὐτῷ,αὐτός,a-s---md-,DatLoc (Prep3),7.0,ADV,5.254,DatLoc (Prep3),,,
9,·,·,u--------,,0.0,AuxK,5.254,,,,
1,πρὸς,πρός,r--------,tmesis,5.0,AuxZ,5.255,tmesis,,,
2,δ',δέ,g--------,particle indeclform,0.0,COORD,5.255,particle indeclform,,,
3,ἄρα,ἄρα,g--------,particle indeclform,5.0,AuxY,5.255,particle indeclform,,,
4,πηδάλιον,πηδάλιον,n-s---na-,AccObj,5.0,OBJ,5.255,AccObj,,,
5,ποιήσατο,ποιέω,v3saim---,"AorComp, MidIndir",2.0,PRED_CO,5.255,AorComp,MidIndir,,
6,",",",",u--------,,7.0,AuxX,5.255,,,,
7,ὄφρ',ὄφρα,c--------,conj indeclform,5.0,AuxC,5.255,conj indeclform,,,
8,ἰθύνοι,ἰθύνω,v3spoa---,OptPoten,7.0,ADV,5.255,OptPoten,,,
9,.,.,u--------,,0.0,AuxK,5.255,,,,
1,φράξε,φράσσω,v3saia---,AorComp,2.0,PRED_CO,5.256,AorComp,,,
2,δέ,δέ,g--------,particle indeclform,0.0,COORD,5.256,particle indeclform,,,
3,μιν,μιν,p-s---na-,AccObj,1.0,OBJ,5.256,AccObj,,,
4,ῥίπεσσι,ῥίψ,n-p---fd-,DatInstr,1.0,ADV,5.256,DatInstr,,,
5,διαμπερὲς,διαμπερές,d--------,adv indeclform,1.0,ADV,5.256,adv indeclform,,,
6,οἰσυΐνῃσι,οἰσύινος,a-p---fd-,DatInstr,4.0,ATR,5.256,DatInstr,,,
7,κύματος,κῦμα,n-s---ng-,GenObj.3,8.0,ATR,5.257,GenObj.3,,,
8,εἶλαρ,εἶλαρ,n-s---na-,NomPred,9.0,PNOM,5.257,NomPred,,,
9,ἔμεν,εἰμί,v--pna---,InfDyn.,1.0,ADV,5.257,InfDyn.,,,
10,·,·,u--------,,0.0,AuxK,5.257,,,,
1,πολλὴν,πολύς,a-s---fa-,AccObj,4.0,ATR,5.257,AccObj,,,
2,δ',δέ,g--------,particle indeclform,0.0,COORD,5.257,particle indeclform,,,
3,ἐπεχεύατο,ἐπιχέω,v3saim---,"AorComp, MidIndir",2.0,PRED_CO,5.257,AorComp,MidIndir,,
4,ὕλην,ὕλη,n-s---fa-,AccObj,3.0,OBJ,5.257,AccObj,,,
5,.,.,u--------,,0.0,AuxK,5.257,,,,
1,τόφρα,τόφρα,d--------,adv incedlform,4.0,ADV,5.258,adv incedlform,,,
2,δὲ,δέ,g--------,particle indeclform,0.0,COORD,5.258,particle indeclform,,,
3,φάρε',φᾶρος,n-p---na-,AccObj,4.0,OBJ,5.258,AccObj,,,
4,ἔνεικε,φέρω,v3saia---,AorIngr,2.0,PRED_CO,5.258,AorIngr,,,
5,Καλυψώ,Καλυψώ,n-s---fn-,NomSubj,6.0,SBJ_AP,5.258,NomSubj,,,
6,",",",",u--------,,4.0,APOS,5.258,,,,
7,δῖα,δῖος,a-s---fn-,NomInd,6.0,SBJ_AP,5.258,NomInd,,,
8,θεάων,θεά,n-p---fg-,GenPart,7.0,ATR,5.258,GenPart,,,
9,",",",",u--------,,11.0,AuxX,5.258,,,,
10,ἱστία,ἱστίον,n-p---na-,AccObj,11.0,OBJ,5.259,AccObj,,,
11,ποιήσασθαι,ποιέω,v--anm---,InfDyn.,4.0,ADV,5.259,InfDyn.,,,
12,·,·,u--------,,0.0,AuxK,5.259,,,,
1,ὁ,ὁ,p-s---mn-,"NomSubj, Pron4",4.0,SBJ,5.259,NomSubj,Pron4,,
2,δ',δέ,g--------,particle indeclform,0.0,COORD,5.259,particle indeclform,,,
3,εὖ,εὖ,d--------,adv indeclform,4.0,ADV,5.259,adv indeclform,,,
4,τεχνήσατο,τεχνάομαι,v3saie---,AorComp,2.0,PRED_CO,5.259,AorComp,,,
5,καὶ,καί,d--------,conj indeclform,6.0,AuxZ,5.259,conj indeclform,,,
6,τά,ὁ,p-p---na-,"AccObj, Pron8",4.0,OBJ,5.259,AccObj,Pron8,,
7,.,.,u--------,,0.0,AuxK,5.259,,,,
1,ἐν,ἐν,r--------,tmesis,9.0,AuxZ,5.26,tmesis,,,
2,δ',δέ,g--------,particle indeclform,14.0,AuxY,5.26,particle indeclform,,,
3,ὑπέρας,ὑπέρα,n-p---fa-,AccObj,8.0,OBJ_CO,5.26,AccObj,,,
4,τε,τε,g--------,particle indeclform,8.0,AuxY,5.26,particle indeclform,,,
5,κάλους,κάλως,n-p---ma-,AccObj,8.0,OBJ_CO,5.26,AccObj,,,
6,τε,τε,g--------,particle indeclform,8.0,AuxY,5.26,particle indeclform,,,
7,πόδας,πούς,n-p---ma-,AccObj,8.0,OBJ_CO,5.26,AccObj,,,
8,τ',τε,g--------,particle indeclform,9.0,COORD,5.26,particle indeclform,,,
9,ἐνέδησεν,ἐνδέω,v3saia---,AorComp,14.0,PRED_CO,5.26,AorComp,,,
10,ἐν,ἐν,r--------,Prep3,9.0,AuxP,5.26,Prep3,,,
11,αὐτῇ,αὐτός,a-s---fd-,DatLoc (Prep3),10.0,ADV,5.26,DatLoc (Prep3),,,
12,",",",",u--------,,14.0,AuxX,5.26,,,,
13,μοχλοῖσιν,μοχλός,n-p---md-,DatInstr,18.0,ADV,5.261,DatInstr,,,
14,δ',δέ,g--------,particle indeclform,0.0,COORD,5.261,particle indeclform,,,
15,ἄρα,ἄρα,g--------,particle indeclform,18.0,AuxY,5.261,particle indeclform,,,
16,τήν,ὁ,p-s---fa-,AccObj,18.0,OBJ,5.261,AccObj,,,
17,γε,γε,g--------,particle indeclform,16.0,AuxZ,5.261,particle indeclform,,,
18,κατείρυσεν,κατερύω,v3saia---,AorComp,14.0,PRED_CO,5.261,AorComp,,,
19,εἰς,εἰς,r--------,Prep3,18.0,AuxP,5.261,Prep3,,,
20,ἅλα,ἅλς,n-s---fa-,AccDirec.1 (Prep3),19.0,OBJ,5.261,AccDirec.1 (Prep3),,,
21,δῖαν,δῖος,a-s---fa-,AccDirec.1 (Prep3),20.0,ATR,5.261,AccDirec.1 (Prep3),,,
22,.,.,u--------,,0.0,AuxK,5.261,,,,
1,τέτρατον,τέτρατος,a-s---nn-,NomPred,2.0,ATR,5.262,NomPred,,,
2,ἦμαρ,ἦμαρ,n-s---nn-,NomPred,3.0,SBJ,5.262,NomPred,,,
3,ἔην,εἰμί,v3siia---,ImpfDesc,5.0,PRED_CO,5.262,ImpfDesc,,,
4,",",",",u--------,,5.0,AuxX,5.262,,,,
5,καὶ,καί,c--------,"conj indeclform [parataxis, Smyth 2169]",0.0,COORD,5.262,conj indeclform [parataxis,Smyth 2169],,
6,τῷ,ὁ,p-s---nd-,"DatAgent, Pron4",8.0,ADV,5.262,DatAgent,Pron4,,
7,τετέλεστο,τελέω,v3slie---,"Pperf, N2- passive meaning",5.0,PRED_CO,5.262,Pperf,N2- passive meaning,,
8,ἅπαντα,ἅπας,a-p---nn-,NomSubj,7.0,SBJ,5.262,NomSubj,,,
9,·,·,u--------,,0.0,AuxK,5.262,,,,
1,τῷ,ὁ,l-s---md-,"DatTime, ArtSubs",4.0,ATR,5.263,DatTime,ArtSubs,,
2,δ',δέ,g--------,particle indeclform,0.0,COORD,5.263,particle indeclform,,,
3,ἄρα,ἄρα,g--------,particle indeclform,5.0,AuxY,5.263,particle indeclform,,,
4,πέμπτῳ,πέμπτος,a-s---md-,DatTime,5.0,ADV,5.263,DatTime,,,
5,πέμπ',πέμπω,v3siia---,ImpfCons,2.0,PRED_CO,5.263,ImpfCons,,,
6,ἀπὸ,ἀπό,r--------,Prep5,5.0,AuxP,5.263,Prep5,,,
7,νήσου,νῆσος,n-s---fg-,GenSep (Prep5),6.0,OBJ,5.263,GenSep (Prep5),,,
8,δῖα,δῖος,a-s---fn-,NomSubj,9.0,ATR,5.263,NomSubj,,,
9,Καλυψώ,Καλυψώ,n-s---fn-,NomSubj,5.0,SBJ,5.263,NomSubj,,,
10,",",",",u--------,,15.0,AuxX,5.263,,,,
11,εἵματά,εἷμα,n-p---na-,AccObj,13.0,OBJ,5.264,AccObj,,,
12,τ',τε,g--------,particle indeclform,15.0,AuxY,5.264,particle indeclform,,,
13,ἀμφιέσασα,ἀμφιάζω,v-sapafn-,"NomSubj, PartCirc.7",15.0,ADV_CO,5.264,NomSubj,PartCirc.7,,
14,θυώδεα,θυώδης,a-p---na-,AccObj,11.0,ATR,5.264,AccObj,,,
15,καὶ,καί,c--------,conj indeclform,5.0,COORD,5.264,conj indeclform,,,
16,λούσασα,λούω,v-sapafn-,"NomSubj, PartCirc.7 [hysteron proteron, Smyth 3030]",15.0,ADV_CO,5.264,NomSubj,PartCirc.7 [hysteron proteron,Smyth 3030],
17,.,.,u--------,,0.0,AuxK,5.264,,,,
1,ἐν,ἐν,r--------,tmesis,5.0,AuxZ,5.265,tmesis,,,
2,δέ,δέ,g--------,particle indeclform,18.0,AuxY,5.265,particle indeclform,,,
3,οἱ,ἕ,p-s---md-,"DatAdvn, Pron4",18.0,ADV,5.265,DatAdvn,Pron4,,
4,ἀσκὸν,ἀσκός,n-s---ma-,AccObj,18.0,OBJ,5.265,AccObj,,,
5,ἔθηκε,τίθημι,v3saia---,AorIngr,18.0,PRED_CO,5.265,AorIngr,,,
6,θεὰ,θεά,n-s---fn-,NomSubj,18.0,SBJ,5.265,NomSubj,,,
7,μέλανος,μέλας,a-s---mg-,GenExpl,8.0,ATR,5.265,GenExpl,,,
8,οἴνοιο,οἶνος,n-s---mg-,GenExpl,4.0,ATR,5.265,GenExpl,,,
9,τὸν,ὁ,l-s---ma-,"AccObj, ArtSubs",4.0,ATR,5.266,AccObj,ArtSubs,,
10,ἕτερον,ἕτερος,a-s---ma-,AccObj,4.0,ATR,5.266,AccObj,,,
11,",",",",u--------,,18.0,AuxX,5.266,,,,
12,ἕτερον,ἕτερος,a-s---ma-,AccObj,23.0,OBJ,5.266,AccObj,,,
13,δ',δέ,g--------,particle indeclform,18.0,AuxY,5.266,particle indeclform,,,
14,ὕδατος,ὕδωρ,n-s---ng-,GenExpl,12.0,ATR,5.266,GenExpl,,,
15,μέγαν,μέγας,a-s---ma-,AccObj,12.0,ATR,5.266,AccObj,,,
16,",",",",u--------,,18.0,AuxX,5.266,,,,
17,ἐν,ἐν,r--------,Prep3,18.0,AuxP,5.266,Prep3,,,
18,δὲ,δέ,g--------,particle indeclform,0.0,COORD,5.266,particle indeclform,,,
19,καὶ,καί,d--------,conj indeclform,24.0,AuxY,5.266,conj indeclform,,,
20,ᾖα,ἤια,n-p---na-,AccObj,24.0,OBJ,5.266,AccObj,,,
21,κωρύκῳ,κώρυκος,n-s---md-,DatLoc (Prep3),24.0,OBJ,5.267,DatLoc (Prep3),,,
22,·,·,u--------,,0.0,AuxK,5.267,,,,
1,ἐν,ἐν,r--------,tmesis,5.0,AuxZ,5.267,tmesis,,,
2,δέ,δέ,g--------,particle indeclform,0.0,COORD,5.267,particle indeclform,,,
3,οἱ,ἕ,p-s---md-,"DatAdvn, Pron4",5.0,ADV,5.267,DatAdvn,Pron4,,
4,ὄψα,ὄψος,n-p---na-,AccObj,5.0,OBJ,5.267,AccObj,,,
5,τίθει,τίθημι,v3siia---,ImpfDesc,2.0,PRED_CO,5.267,ImpfDesc,,,
6,μενοεικέα,μενοεικής,a-p---na-,AccObj,4.0,ATR,5.267,AccObj,,,
7,πολλά,πολύς,a-p---na-,AccObj,4.0,ATR,5.267,AccObj,,,
8,·,·,u--------,,0.0,AuxK,5.267,,,,
1,οὖρον,οὖρος,n-s---ma-,AccObj,3.0,OBJ,5.268,AccObj,,,
2,δὲ,δέ,g--------,particle indeclform,0.0,COORD,5.268,particle indeclform,,,
3,προέηκεν,προίημι,v3saia---,AorComp,2.0,PRED_CO,5.268,AorComp,,,
4,ἀπήμονά,ἀπήμων,a-s---ma-,AccObj,7.0,ATR_CO,5.268,AccObj,,,
5,τε,τε,g--------,particle indeclform,7.0,AuxY,5.268,particle indeclform,,,
6,λιαρόν,λιαρός,a-s---ma-,AccObj,7.0,ATR_CO,5.268,AccObj,,,
7,τε,τε,g--------,particle indeclform,1.0,COORD,5.268,particle indeclform,,,
8,.,.,u--------,,0.0,AuxK,5.268,,,,
1,γηθόσυνος,γηθόσυνος,a-s---mn-,NomSubj,4.0,ADV,5.269,NomSubj,,,
2,δ',δέ,g--------,particle indeclform,0.0,COORD,5.269,particle indeclform,,,
3,οὔρῳ,οὖρος,n-s---md-,DatVerb,4.0,ADV,5.269,DatVerb,,,
4,πέτασ',πετάννυμι,v3saia---,Aor,2.0,PRED_CO,5.269,Aor,,,
5,ἱστία,ἱστίον,n-p---na-,AccObj,4.0,OBJ,5.269,AccObj,,,
6,δῖος,δῖος,a-s---mn-,NomSubj,7.0,ATR,5.269,NomSubj,,,
7,Ὀδυσσεύς,Ὀδυσσεύς,n-s---mn-,NomSubj,4.0,SBJ,5.269,NomSubj,,,
8,.,.,u--------,,0.0,AuxK,5.269,,,,
1,αὐτὰρ,ἀτάρ,g--------,particle indeclform,4.0,AuxY,5.27,particle indeclform,,,
2,ὁ,ὁ,p-s---mn-,"NomSubj, Pron4",4.0,SBJ,5.27,NomSubj,Pron4,,
3,πηδαλίῳ,πηδάλιον,n-s---nd-,DatInstr,4.0,ADV,5.27,DatInstr,,,
4,ἰθύνετο,ἰθύνω,v3siie---,"ImpfCons, MidDir",9.0,PRED_CO,5.27,ImpfCons,MidDir,,
5,τεχνηέντως,τεχνήεις,d--------,adv indeclform,4.0,ADV,5.27,adv indeclform,,,
6,ἥμενος,ἧμαι,v-srpemn-,"NomSubj, PartCirc.7",4.0,ADV,5.271,NomSubj,PartCirc.7,,
7,",",",",u--------,,9.0,AuxX,5.271,,,,
8,οὐ,οὐ,d--------,adv indeclform,14.0,AuxZ,5.271,adv indeclform,,,
9,δέ,δέ,g--------,particle indeclform,0.0,COORD,5.271,particle indeclform,,,
10,οἱ,ἕ,p-s---md-,"DatPos, Pron4",14.0,OBJ,5.271,DatPos,Pron4,,
11,ὕπνος,ὕπνος,n-s---mn-,NomSubj,14.0,SBJ,5.271,NomSubj,,,
12,ἐπὶ,ἐπί,r--------,Prep3,14.0,AuxP,5.271,Prep3,,,
13,βλεφάροισιν,βλέφαρον,n-p---nd-,DatLoc (Prep3),12.0,OBJ,5.271,DatLoc (Prep3),,,
14,ἔπιπτεν,πίπτω,v3siia---,Impf,9.0,PRED_CO,5.271,Impf,,,
15,Πληιάδας,Πλειάδες,n-p---fa-,AccObj,23.0,OBJ_CO,5.272,AccObj,,,
16,τ',τε,g--------,particle indeclform,23.0,AuxY,5.272,particle indeclform,,,
17,ἐσορῶντι,εἰσοράω,v-sppamd-,"DatLoc, PartAttr",10.0,ATV,5.272,DatLoc,PartAttr,,
18,καὶ,καί,c--------,conj indeclform,23.0,AuxY,5.272,conj indeclform,,,
19,ὀψὲ,ὀψέ,d--------,adv indeclform,20.0,ADV,5.272,adv indeclform,,,
20,δύοντα,δύω,v-sppama-,AccObj,21.0,ATR,5.272,AccObj,,,
21,Βοώτην,Βοώτης,n-s---ma-,AccObj,23.0,OBJ_CO,5.272,AccObj,,,
22,Ἄρκτον,ἄρκτος,n-s---fa-,AccObj,23.0,OBJ_CO,5.273,AccObj,,,
23,θ',τε,g--------,particle indeclform,17.0,COORD,5.273,particle indeclform,,,
24,",",",",u--------,,29.0,AuxX,5.273,,,,
25,ἣν,ὅς,p-s---fa-,"AccObj, Pron8",29.0,OBJ,5.273,AccObj,Pron8,,
26,καὶ,καί,d--------,conj indeclform,27.0,AuxZ,5.273,conj indeclform,,,
27,ἄμαξαν,ἄμαξα,n-s---fa-,AccObj,29.0,OCOMP,5.273,AccObj,,,
28,ἐπίκλησιν,ἐπίκλησις,n-s---fa-,AccAdv,29.0,OBJ,5.273,AccAdv,,,
29,καλέουσιν,καλέω,v3ppia---,PresIter.1.,22.0,ATR,5.273,PresIter.1.,,,
30,",",",",u--------,,41.0,AuxX,5.273,,,,
31,ἥ,ὅς,p-s---fn-,"NomSubj, Pron8",41.0,SBJ,5.274,NomSubj,Pron8,,
32,τ',τε,g--------,particle indeclform,31.0,AuxZ,5.274,particle indeclform,,,
33,αὐτοῦ,αὐτοῦ,d--------,adv indeclform,34.0,ADV,5.274,adv indeclform,,,
34,στρέφεται,στρέφω,v3spie---,"PresIter.1., MidMotion",41.0,ATR_CO,5.274,PresIter.1.,MidMotion,,
35,καί,καί,c--------,conj indeclform,41.0,AuxY,5.274,conj indeclform,,,
36,τ',τε,g--------,particle indeclform,38.0,AuxY,5.274,particle indeclform,,,
37,Ὠρίωνα,Ὠρίων,n-s---ma-,AccObj,38.0,OBJ,5.274,AccObj,,,
38,δοκεύει,δοκεύω,v3spia---,PresIter.1.,41.0,ATR_CO,5.274,PresIter.1.,,,
39,",",",",u--------,,41.0,AuxX,5.274,,,,
40,οἴη,οἶος,a-s---fn-,NomSubj,43.0,AtvV,5.275,NomSubj,,,
41,δ',δέ,g--------,particle indeclform,22.0,COORD,5.275,particle indeclform,,,
42,ἄμμορός,ἄμμορος,a-s---fn-,NomPred,43.0,PNOM,5.275,NomPred,,,
43,ἐστι,εἰμί,v3spia---,PresIter.1.,41.0,ATR_CO,5.275,PresIter.1.,,,
44,λοετρῶν,λουτρόν,n-p---ng-,GenVerb.2,42.0,ATR,5.275,GenVerb.2,,,
45,Ὠκεανοῖο,Ὠκεανός,n-s---mg-,GenPos,44.0,ATR,5.275,GenPos,,,
46,·,·,u--------,,0.0,AuxK,5.275,,,,
1,τὴν,ὁ,p-s---fa-,"AccObj, Pron4",15.0,OBJ,5.276,AccObj,Pron4,,
2,γὰρ,γάρ,g--------,particle indeclform,5.0,AuxY,5.276,particle indeclform,,,
3,δή,δή,g--------,particle indeclform,5.0,AuxY,5.276,particle indeclform,,,
4,μιν,μιν,p-s---ma-,AccSubj,11.0,SBJ,5.276,AccSubj,,,
5,ἄνωγε,ἄνωγα,v3siia---,Perf,0.0,PRED,5.276,Perf,,,
6,Καλυψώ,Καλυψώ,n-s---fn-,NomSubj,7.0,SBJ_AP,5.276,NomSubj,,,
7,",",",",u--------,,5.0,APOS,5.276,,,,
8,δῖα,δῖος,a-s---fn-,NomInd,7.0,SBJ_AP,5.276,NomInd,,,
9,θεάων,θεά,n-p---fg-,GenPart,8.0,ATR,5.276,GenPart,,,
10,",",",",u--------,,7.0,AuxX,5.276,,,,
11,ποντοπορευέμεναι,ποντοπορεύω,v--pna---,InfDyn,5.0,OBJ,5.277,InfDyn,,,
12,ἐπ',ἐπί,r--------,Prep5,15.0,AuxP,5.277,Prep5,,,
13,ἀριστερὰ,ἀριστερός,a-p---na-,AccDirec.1 (Prep5),12.0,OBJ,5.277,AccDirec.1 (Prep5),,,
14,χειρὸς,χείρ,n-s---fg-,GenExpl,13.0,ATR,5.277,GenExpl,,,
15,ἔχοντα,ἔχω,v-sppama-,"NomInd, PartCirc.7",4.0,ATV,5.277,NomInd,PartCirc.7,,
16,.,.,u--------,,0.0,AuxK,5.277,,,,
1,ἑπτὰ,ἑπτά,m--------,numeral indeclform,3.0,ATR_CO,5.278,numeral indeclform,,,
2,δὲ,δέ,g--------,particle indeclform,11.0,COORD,5.278,particle indeclform,,,
3,καὶ,καί,c--------,conj indeclform,7.0,COORD,5.278,conj indeclform,,,
4,δέκα,δέκα,m--------,numeral indeclform,3.0,ATR_CO,5.278,numeral indeclform,,,
5,μὲν,μέν,g--------,particle indeclform,6.0,AuxY,5.278,particle indeclform,,,
6,πλέεν,πλέω,v3siia---,Impf,11.0,PRED_CO,5.278,Impf,,,
7,ἤματα,ἦμαρ,n-p---na-,AccTime,6.0,ADV,5.278,AccTime,,,
8,ποντοπορεύων,ποντοπορεύω,v-sppamn-,"NomSubj, PartCirc.1",6.0,ADV,5.278,NomSubj,PartCirc.1,,
9,",",",",u--------,,11.0,AuxX,5.278,,,,
10,ὀκτωκαιδεκάτῃ,ὀκτωκαιδέκατος,a-s---fd-,DatTime,12.0,ADV,5.279,DatTime,,,
11,δ',δέ,g--------,particle indeclform,0.0,COORD,5.279,particle indeclform,,,
12,ἐφάνη,φαίνω,v3saip---,"Aor, Pass",11.0,PRED_CO,5.279,Aor,Pass,,
13,ὄρεα,ὄρος,n-p---nn-,AccObj,12.0,SBJ,5.279,AccObj,,,
14,σκιόεντα,σκιόεις,a-p---nn-,AccObj,13.0,ATR,5.279,AccObj,,,
15,γαίης,γαῖα,n-s---fg-,GenPart,13.0,ATR,5.28,GenPart,,,
16,Φαιήκων,Φαίαξ,n-p---mg-,GenPos,15.0,ATR,5.28,GenPos,,,
17,",",",",u--------,,21.0,AuxX,5.28,,,,
18,ὅθι,ὅθι,d--------,adv indeclform,21.0,ADV,5.28,adv indeclform,,,
19,τ',τε,g--------,particle indeclform,21.0,AuxY,5.28,particle indeclform,,,
20,ἄγχιστον,ἄγχιστος,a-s---nn-,NomPred,21.0,PNOM,5.28,NomPred,,,
21,πέλεν,πέλω,v3siia---,ImpfDesc,12.0,ADV,5.28,ImpfDesc,,,
22,αὐτῷ,αὐτός,a-s---md-,"DatVerb, Pron2",20.0,OBJ,5.28,DatVerb,Pron2,,
23,·,·,u--------,,0.0,AuxK,5.28,,,,
1,εἴσατο,εἴδω,v3saim---,"AorGnom, MidIndir",2.0,PRED_CO,5.281,AorGnom,MidIndir,,
2,δ',δέ,g--------,particle indeclform,0.0,COORD,5.281,particle indeclform,,,
3,ὡς,ὡς,d--------,adv indeclform,10.0,ADV,5.281,adv indeclform,,,
4,ὅτε,ὅτε,c--------,conj indeclform,3.0,AuxC,5.281,conj indeclform,,,
5,ῥινὸν,ῥινόν,n-s---nn-,NomSubj,11.0,SBJ,5.281,NomSubj,,,
6,ἐν,ἐν,r--------,Prep3,1.0,AuxP,5.281,Prep3,,,
7,ἠεροειδέι,ἠεροειδής,a-s----d-,DatLoc (Prep3),8.0,ATR,5.281,DatLoc (Prep3),,,
8,πόντῳ,πόντος,n-s---md-,DatLoc (Prep3),6.0,ADV,5.281,DatLoc (Prep3),,,
9,.,.,u--------,,0.0,AuxK,5.281,,,,
1,τὸν,ὁ,p-s---ma-,"AccObj, Pron4",12.0,OBJ,5.282,AccObj,Pron4,,
2,δ',δέ,g--------,particle indeclform,0.0,COORD,5.282,particle indeclform,,,
3,ἐξ,ἐκ,r--------,Prep3,5.0,AuxP,5.282,Prep3,,,
4,Αἰθιόπων,Αἰθίοψ,n-p---mg-,GenSep (Prep3),3.0,OBJ,5.282,GenSep (Prep3),,,
5,ἀνιὼν,ἄνειμι,v-sppamn-,"NomSubj, PartCirc.7",12.0,ADV,5.282,NomSubj,PartCirc.7,,
6,κρείων,κρείων,n-s---mn-,"NomSubj, PartAttr",7.0,ATR,5.282,NomSubj,PartAttr,,
7,ἐνοσίχθων,Ἐνοσίχθων,n-s---mn-,NomSubj,12.0,SBJ,5.282,NomSubj,,,
8,τηλόθεν,τηλόθεν,d--------,adv indeclform,12.0,ADV,5.283,adv indeclform,,,
9,ἐκ,ἐκ,r--------,Prep3,12.0,AuxP,5.283,Prep3,,,
10,Σολύμων,Σόλυμοι,n-p---mg-,GenPos,11.0,ATR,5.283,GenPos,,,
11,ὀρέων,ὄρος,n-p---ng-,GenSep (Prep3),9.0,ADV,5.283,GenSep (Prep3),,,
12,ἴδεν,εἶδον,v3saia---,AorIngr,2.0,PRED_CO,5.283,AorIngr,,,
13,·,·,u--------,,0.0,AuxK,5.283,,,,
1,εἴσατο,εἴδω,v3saim---,"Aor, MidIndir",0.0,PRED,5.283,Aor,MidIndir,,
2,γάρ,γάρ,g--------,particle indeclform,1.0,AuxY,5.283,particle indeclform,,,
3,οἱ,ἕ,p-s---md-,DatVerb,1.0,OBJ,5.283,DatVerb,,,
4,πόντον,πόντος,n-s---ma-,AccObj,5.0,OBJ,5.284,AccObj,,,
5,ἐπιπλώων,ἐπιπλέω,v-sppamn-,"NomSubj, PartCirc.1",1.0,ADV,5.284,NomSubj,PartCirc.1,,
6,.,.,u--------,,0.0,AuxK,5.284,,,,
1,ὁ,ὁ,p-s---mn-,"NomSubj, Pron4",8.0,SBJ,5.284,NomSubj,Pron4,,
2,δ',δέ,g--------,particle indeclform,8.0,COORD,5.284,particle indeclform,,,
3,ἐχώσατο,χώομαι,v3saim---,"Aor, MidMent",8.0,PRED_CO,5.284,Aor,MidMent,,
4,κηρόθι,κηρόθι,d--------,adv indeclform,3.0,ADV,5.284,adv indeclform,,,
5,μᾶλλον,μᾶλλον,d--------,adv indeclform,3.0,ADV,5.284,adv indeclform,,,
6,",",",",u--------,,8.0,AuxX,5.284,,,,
7,κινήσας,κινέω,v-sapamn-,"NomSubj, PartCirc.7",12.0,ADV,5.285,NomSubj,PartCirc.7,,
8,δὲ,δέ,g--------,particle indeclform,0.0,COORD,5.285,particle indeclform,,,
9,κάρη,κάρα,n-s---na-,AccObj,7.0,OBJ,5.285,AccObj,,,
10,προτὶ,πρός,r--------,Prep5,12.0,AuxP,5.285,Prep5,,,
11,ὃν,ἑός,a-s---ma-,"AccDirec.1 (Prep5), Pron3",13.0,ATR,5.285,AccDirec.1 (Prep5),Pron3,,
12,μυθήσατο,μυθέομαι,v3saie---,"Aor, MidIndir",8.0,PRED_CO,5.285,Aor,MidIndir,,
13,θυμόν,θυμός,n-s---ma-,AccDirec.1 (Prep5),10.0,OBJ,5.285,AccDirec.1 (Prep5),,,
14,·,·,u--------,,0.0,AuxK,5.285,,,,
1,&quot;,&quot;,u--------,,18.0,AuxG,5.286,,,,
2,ὢ,ὦ,i--------,exclam indeclform,3.0,AuxZ,5.286,exclam indeclform,,,
3,πόποι,πόποι,i--------,exclam indeclform,8.0,ExD,5.286,exclam indeclform,,,
4,",",",",u--------,,3.0,AuxX,5.286,,,,
5,ἦ,ἦ,d--------,adv indeclform,8.0,AuxY,5.286,adv indeclform,,,
6,μάλα,μάλα,d--------,adv indeclform,8.0,AuxZ,5.286,adv indeclform,,,
7,δὴ,δή,g--------,particle indeclform,8.0,AuxY,5.286,particle indeclform,,,
8,μετεβούλευσαν,μεταβουλεύω,v3paia---,AorIngr,18.0,PRED_CO,5.286,AorIngr,,,
9,θεοὶ,θεός,n-p---mn-,NomSubj,8.0,SBJ,5.286,NomSubj,,,
10,ἄλλως,ἄλλως,d--------,adv indeclform,8.0,ADV,5.286,adv indeclform,,,
11,ἀμφ',ἀμφί,r--------,Prep5,8.0,AuxP,5.287,Prep5,,,
12,Ὀδυσῆι,Ὀδυσσεύς,n-s---md-,DatAdvn (Prep5),11.0,OBJ,5.287,DatAdvn (Prep5),,,
13,ἐμεῖο,ἐγώ,p1s---mg-,"GenAbs, Pron1",16.0,SBJ,5.287,GenAbs,Pron1,,
14,μετ',μετά,r--------,Prep5,16.0,AuxP,5.287,Prep5,,,
15,Αἰθιόπεσσιν,Αἰθίοψ,n-p---md-,DatLoc (Prep5),14.0,PNOM,5.287,DatLoc (Prep5),,,
16,ἐόντος,εἰμί,v-sppamg-,PartGen,8.0,ADV,5.287,PartGen,,,
17,",",",",u--------,,18.0,AuxX,5.287,,,,
18,καὶ,καί,c--------,conj indeclform,0.0,COORD,5.288,conj indeclform,,,
19,δὴ,δή,g--------,particle indeclform,36.0,AuxY,5.288,particle indeclform,,,
20,Φαιήκων,Φαίαξ,n-p---mg-,GenPos,21.0,ATR,5.288,GenPos,,,
21,γαίης,γαῖα,n-s---fg-,GenLoc,36.0,PNOM,5.288,GenLoc,,,
22,σχεδόν,σχεδόν,d--------,adv indeclform,18.0,AuxP,5.288,adv indeclform,,,
23,",",",",u--------,,37.0,AuxX,5.288,,,,
24,ἔνθα,ἔνθα,d--------,adv indeclform,37.0,ADV,5.288,adv indeclform,,,
25,οἱ,ἕ,p-s---md-,DatVerb,26.0,OBJ,5.288,DatVerb,,,
26,αἶσα,αἶσα,n-s---fn-,NomSubj,37.0,SBJ,5.288,NomSubj,,,
27,ἐκφυγέειν,ἐκφεύγω,v--ana---,InfDyn.2,37.0,PNOM,5.289,InfDyn.2,,,
28,μέγα,μέγας,a-s---na-,AccObj,29.0,ATR,5.289,AccObj,,,
29,πεῖραρ,πεῖραρ,n-s---na-,AccObj,27.0,OBJ,5.289,AccObj,,,
30,ὀιζύος,ὀιζύς,n-s---fg-,GenQual,29.0,ATR,5.289,GenQual,,,
31,",",",",u--------,,34.0,AuxX,5.289,,,,
32,ἥ,ὅς,p-s---fn-,"NomSubj, Pron8",34.0,SBJ,5.289,NomSubj,Pron8,,
33,μιν,μιν,p-s---ma-,AccObj,34.0,OBJ,5.289,AccObj,,,
34,ἱκάνει,ἱκάνω,v3spia---,"PresIter.1., Ind, Act",30.0,ATR,5.289,PresIter.1.,Ind,Act,
35,.,.,u--------,,0.0,AuxK,5.289,,,,
1,ἀλλ',ἀλλά,d--------,adv indeclform,5.0,AuxY,5.29,adv indeclform,,,
2,ἔτι,ἔτι,d--------,adv indeclform,7.0,ADV,5.29,adv indeclform,,,
3,μέν,μέν,g--------,particle indeclform,5.0,AuxY,5.29,particle indeclform,,,
4,μίν,μιν,p-s---ma-,AccObj,7.0,OBJ,5.29,AccObj,,,
5,φημι,φημί,v1spia---,"Pres, Ind, Act",0.0,PRED,5.29,Pres,Ind,Act,
6,ἅδην,ἅδος,n-s---na-,AccDirec,7.0,OBJ,5.29,AccDirec,,,
7,ἐλάαν,ἐλαύνω,v--pna---,InfDec,5.0,OBJ,5.29,InfDec,,,
8,κακότητος,κακότης,n-s---fg-,GenMeas,6.0,ATR,5.29,GenMeas,,,
9,.,.,u--------,,0.0,AuxK,5.29,,,,
10,&quot;,&quot;,u--------,,5.0,AuxG,5.29,,,,
1,ὣς,ὡς,d--------,adv indeclform,2.0,ADV,5.291,adv indeclform,,,
2,εἰπὼν,εἶπον,v-sapamn-,"NomSubj, PartCirc.7",3.0,ADV,5.291,NomSubj,PartCirc.7,,
3,σύναγεν,συνάγω,v3siia---,ImpfCons,7.0,PRED_CO,5.291,ImpfCons,,,
4,νεφέλας,νεφέλη,n-p---fa-,AccObj,3.0,OBJ,5.291,AccObj,,,
5,",",",",u--------,,7.0,AuxX,5.291,,,,
6,ἐτάραξε,ταράσσω,v3saia---,AorComp,7.0,PRED_CO,5.291,AorComp,,,
7,δὲ,δέ,g--------,particle indeclform,0.0,COORD,5.291,particle indeclform,,,
8,πόντον,πόντος,n-s---ma-,AccObj,6.0,OBJ,5.291,AccObj,,,
9,χερσὶ,χείρ,n-p---fd-,DatInstr,11.0,ADV,5.292,DatInstr,,,
10,τρίαιναν,τρίαινα,n-s---fa-,AccObj,11.0,OBJ,5.292,AccObj,,,
11,ἑλών,αἱρέω,v-sapamn-,"NomSubj, PartCirc.7",6.0,ADV,5.292,NomSubj,PartCirc.7,,
12,·,·,u--------,,0.0,AuxK,5.292,,,,
1,πάσας,πᾶς,a-p---fa-,AccObj,4.0,ATR,5.292,AccObj,,,
2,δ',δέ,g--------,particle indeclform,9.0,AuxY,5.292,particle indeclform,,,
3,ὀρόθυνεν,ὀροθύνω,v3siia---,ImpfDesc,9.0,PRED_CO,5.292,ImpfDesc,,,
4,ἀέλλας,ἄελλα,n-p---fa-,AccObj,3.0,OBJ,5.292,AccObj,,,
5,παντοίων,παντοῖος,a-p---mg-,GenExpl,6.0,ATR,5.293,GenExpl,,,
6,ἀνέμων,ἄνεμος,n-p---mg-,GenExpl,4.0,ATR,5.293,GenExpl,,,
7,",",",",u--------,,9.0,AuxX,5.293,,,,
8,σὺν,σύν,r--------,Tmesis -- need a label,11.0,AuxZ,5.293,Tmesis -- need a label,,,
9,δὲ,δέ,g--------,particle indeclform,0.0,COORD,5.293,particle indeclform,,,
10,νεφέεσσι,νέφος,n-p---nd-,DatInstr,11.0,ADV,5.293,DatInstr,,,
11,κάλυψε,καλύπτω,v3saia---,AorIngr,9.0,PRED_CO,5.293,AorIngr,,,
12,γαῖαν,γαῖα,n-s---fa-,AccObj,14.0,OBJ_CO,5.294,AccObj,,,
13,ὁμοῦ,ὁμοῦ,d--------,adv indeclform,14.0,AuxY,5.294,adv indeclform,,,
14,καὶ,καί,c--------,conj indeclform,11.0,COORD,5.294,conj indeclform,,,
15,πόντον,πόντος,n-s---ma-,AccObj,14.0,OBJ_CO,5.294,AccObj,,,
16,·,·,u--------,,0.0,AuxK,5.294,,,,
1,ὀρώρει,ὄρνυμι,v3slia---,Pperf,2.0,PRED_CO,5.294,Pperf,,,
2,δ',δέ,g--------,particle indeclform,0.0,COORD,5.294,particle indeclform,,,
3,οὐρανόθεν,οὐρανόθεν,d--------,adv indeclform,1.0,ADV,5.294,adv indeclform,,,
4,νύξ,νύξ,n-s---fn-,NomSubj,1.0,SBJ,5.294,NomSubj,,,
5,.,.,u--------,,0.0,AuxK,5.294,,,,
1,σὺν,σύν,r--------,tmesis,7.0,AuxZ,5.295,tmesis,,,
2,δ',δέ,g--------,particle indeclform,0.0,COORD,5.295,particle indeclform,,,
3,Εὖρός,Εὖρος,n-s---mn-,NomSubj,11.0,SBJ_CO,5.295,NomSubj,,,
4,τε,τε,g--------,particle indeclform,11.0,AuxY,5.295,particle indeclform,,,
5,Νότος,Νότος,n-s---mn-,NomSubj,11.0,SBJ_CO,5.295,NomSubj,,,
6,τ',τε,g--------,particle indeclform,11.0,AuxY,5.295,particle indeclform,,,
7,ἔπεσον,πίπτω,v3paia---,AorComp,2.0,PRED_CO,5.295,AorComp,,,
8,Ζέφυρός,Ζέφυρος,n-s---mn-,NomSubj,11.0,SBJ_CO,5.295,NomSubj,,,
9,τε,τε,g--------,particle indeclform,11.0,AuxY,5.295,particle indeclform,,,
10,δυσαὴς,δυσαής,a-s---mn-,NomSubj,8.0,ATR,5.295,NomSubj,,,
11,καὶ,καί,c--------,conj indeclform,7.0,COORD,5.296,conj indeclform,,,
12,Βορέης,Βορέας,n-s---mn-,NomSubj,11.0,SBJ_CO,5.296,NomSubj,,,
13,αἰθρηγενέτης,αἰθρηγενής,n-s---mn-,NomInd,12.0,ATR,5.296,NomInd,,,
14,",",",",u--------,,17.0,AuxX,5.296,,,,
15,μέγα,μέγας,a-s---na-,AccObj,16.0,ATR,5.296,AccObj,,,
16,κῦμα,κῦμα,n-s---na-,AccObj,17.0,OBJ,5.296,AccObj,,,
17,κυλίνδων,κυλίνδω,v-sppamn-,"NomSubj, PartCirc.1",12.0,ATR,5.296,NomSubj,PartCirc.1,,
18,.,.,u--------,,0.0,AuxK,5.296,,,,
1,καὶ,καί,c--------,conj indeclform,11.0,AuxY,5.297,conj indeclform,,,
2,τότ',τότε,d--------,adv indeclform,4.0,ADV,5.297,adv indeclform,,,
3,Ὀδυσσῆος,Ὀδυσσεύς,n-s---mg-,GenPos,5.0,ATR,5.297,GenPos,,,
4,λύτο,λύω,v3saip---,"AorIngr, Pass",11.0,PRED_CO,5.297,AorIngr,Pass,,
5,γούνατα,γόνυ,n-p---nn-,NomSubj,6.0,SBJ_CO,5.297,NomSubj,,,
6,καὶ,καί,c--------,conj indeclform,4.0,COORD,5.297,conj indeclform,,,
7,φίλον,φίλος,a-s---nn-,NomSubj,8.0,ATR,5.297,NomSubj,,,
8,ἦτορ,ἦτορ,n-s---nn-,NomSubj,6.0,SBJ_CO,5.297,NomSubj,,,
9,",",",",u--------,,11.0,AuxX,5.297,,,,
10,ὀχθήσας,ὀχθέω,v-sapamn-,"NomSubj, PartCirc.4",13.0,ADV,5.298,NomSubj,PartCirc.4,,
11,δ',δέ,g--------,particle indeclform,0.0,COORD,5.298,particle indeclform,,,
12,ἄρα,ἄρα,g--------,article indeclform,13.0,AuxY,5.298,article indeclform,,,
13,εἶπε,εἶπον,v3saia---,Aor,11.0,PRED_CO,5.298,Aor,,,
14,πρὸς,πρός,r--------,Prep5,13.0,AuxP,5.298,Prep5,,,
15,ὃν,ἑός,a-s---ma-,"AccDirec.1 (Prep5), Pron3",17.0,ATR,5.298,AccDirec.1 (Prep5),Pron3,,
16,μεγαλήτορα,μεγαλήτωρ,n-s---ma-,AccDirec.1 (Prep5),17.0,ATR,5.298,AccDirec.1 (Prep5),,,
17,θυμόν,θυμός,n-s---ma-,AccDirec.1 (Prep5),14.0,OBJ,5.298,AccDirec.1 (Prep5),,,
18,·,·,u--------,,0.0,AuxK,5.298,,,,
1,&quot;,&quot;,u--------,,11.0,AuxG,5.299,,,,
2,ὤ,ὦ,i--------,exclam indeclform,3.0,AuxZ,5.299,exclam indeclform,,,
3,μοι,ἐγώ,p1s---md-,"DatEthic.1, Pron1",13.0,ExD,5.299,DatEthic.1,Pron1,,
4,ἐγὼ,ἐγώ,p1s---mn-,"NomSubj, Pron1",13.0,SBJ,5.299,NomSubj,Pron1,,
5,δειλός,δειλός,a-s---mn-,NomPred,13.0,PNOM,5.299,NomPred,,,
6,",",",",u--------,,0.0,COORD,5.299,,,,
7,τί,τις,p-s---nn-,"NomSubj, Pron6",11.0,SBJ,5.299,NomSubj,Pron6,,
8,νύ,νῦν,d--------,adv indeclform,11.0,ADV,5.299,adv indeclform,,,
9,μοι,ἐγώ,p1s---md-,"DatAdvn, Pron1",11.0,OBJ,5.299,DatAdvn,Pron1,,
10,μήκιστα,μήκιστος,a-p---na-,AccAdv,11.0,ADV,5.299,AccAdv,,,
11,γένηται,γίγνομαι,v3sasm---,SubjHomer,6.0,PRED_CO,5.299,SubjHomer,,,
12,;,;,u--------,,0.0,AuxK,5.299,,,,
1,δείδω,δείδω,v1spia---,"Pres, Ind, Act",0.0,PRED,5.3,Pres,Ind,Act,
2,μὴ,μή,c--------,conj indeclform,1.0,AuxC,5.3,conj indeclform,,,
3,δὴ,δή,g--------,particle indeclform,7.0,AuxY,5.3,particle indeclform,,,
4,πάντα,πᾶς,a-p---na-,AccObj,7.0,OBJ,5.3,AccObj,,,
5,θεὰ,θεά,n-s---fn-,NomSubj,7.0,SBJ,5.3,NomSubj,,,
6,νημερτέα,νημερτής,a-p---na-,AccDoubl.3,4.0,ATR,5.3,AccDoubl.3,,,
7,εἶπεν,εἶπον,v3saia---,Aor,2.0,OBJ,5.3,Aor,,,
8,",",",",u--------,,11.0,AuxX,5.3,,,,
9,ἥ,ὅς,p-s---fn-,"NomSubj, Pron4",11.0,SBJ,5.301,NomSubj,Pron4,,
10,μ',ἐγώ,p1s---ma-,"AccSubj, Pron1",21.0,SBJ,5.301,AccSubj,Pron1,,
11,ἔφατ',φημί,v3siie---,ImpfDesc,5.0,ATR,5.301,ImpfDesc,,,
12,ἐν,ἐν,r--------,Prep3,21.0,AuxP,5.301,Prep3,,,
13,πόντῳ,πόντος,n-s---md-,DatLoc (Prep3),12.0,ADV,5.301,DatLoc (Prep3),,,
14,",",",",u--------,,15.0,AuxX,5.301,,,,
15,πρὶν,πρίν,c--------,adv indeclform,21.0,AuxC,5.301,adv indeclform,,,
16,πατρίδα,πατρίς,a-s---fa-,AccObj,17.0,ATR,5.301,AccObj,,,
17,γαῖαν,γαῖα,n-s---fa-,AccObj,18.0,OBJ,5.301,AccObj,,,
18,ἱκέσθαι,ἱκνέομαι,v--anm---,InfDec,15.0,ADV,5.301,InfDec,,,
19,",",",",u--------,,15.0,AuxX,5.301,,,,
20,ἄλγε',ἄλγος,n-p---na-,AccObj,21.0,OBJ,5.302,AccObj,,,
21,ἀναπλήσειν,ἀναπίμπλημι,v--fna---,InfDec,11.0,OBJ,5.302,InfDec,,,
22,·,·,u--------,,0.0,AuxK,5.302,,,,
1,τὰ,ὁ,p-p---nn-,NomSubj,6.0,SBJ,5.302,NomSubj,,,
2,δὲ,δέ,g--------,particle indeclform,0.0,COORD,5.302,particle indeclform,,,
3,δὴ,δή,g--------,particle indeclform,6.0,AuxY,5.302,particle indeclform,,,
4,νῦν,νῦν,d--------,adv indeclform,6.0,ADV,5.302,adv indeclform,,,
5,πάντα,πᾶς,a-p---nn-,NomSubj,1.0,ATV,5.302,NomSubj,,,
6,τελεῖται,τελέω,v3spie---,"Pres, Ind, Act",2.0,PRED_CO,5.302,Pres,Ind,Act,
7,.,.,u--------,,0.0,AuxK,5.302,,,,
1,οἵοισιν,οἷος,a-p---nd-,DatInstr,2.0,ATR,5.303,DatInstr,,,
2,νεφέεσσι,νέφος,n-p---nd-,DatInstr,3.0,ADV,5.303,DatInstr,,,
3,περιστέφει,περιστέφω,v3spia---,"Pres, Ind, Act",13.0,PRED_CO,5.303,Pres,Ind,Act,
4,οὐρανὸν,οὐρανός,n-s---ma-,AccObj,3.0,OBJ,5.303,AccObj,,,
5,εὐρὺν,εὐρύς,a-s---ma-,AccObj,4.0,ATR,5.303,AccObj,,,
6,Ζεύς,Ζεύς,n-s---mn-,NomSubj,3.0,SBJ,5.304,NomSubj,,,
7,",",",",u--------,,13.0,AuxX,5.304,,,,
8,ἐτάραξε,ταράσσω,v3saia---,AorIngr,13.0,PRED_CO,5.304,AorIngr,,,
9,δὲ,δέ,g--------,particle indeclform,13.0,AuxY,5.304,particle indeclform,,,
10,πόντον,πόντος,n-s---ma-,AccObj,8.0,OBJ,5.304,AccObj,,,
11,",",",",u--------,,13.0,AuxX,5.304,,,,
12,ἐπισπέρχουσι,ἐπισπέρχω,v3ppia---,"Pres, Ind, Act",13.0,PRED_CO,5.304,Pres,Ind,Act,
13,δ',δέ,g--------,particle indeclform,0.0,COORD,5.304,particle indeclform,,,
14,ἄελλαι,ἄελλα,n-p---fn-,NomSubj,12.0,SBJ,5.304,NomSubj,,,
15,παντοίων,παντοῖος,a-p---mg-,GenExpl,16.0,ATR,5.305,GenExpl,,,
16,ἀνέμων,ἄνεμος,n-p---mg-,GenExpl,14.0,ATR,5.305,GenExpl,,,
17,.,.,u--------,,0.0,AuxK,5.305,,,,
1,νῦν,νῦν,d--------,adv indeclform,7.0,ADV,5.305,adv indeclform,,,
2,μοι,ἐγώ,p1s---md-,"DatAdvn, Pron1",7.0,OBJ,5.305,DatAdvn,Pron1,,
3,σῶς,σῶς,a-s---mn-,NomPred,7.0,PNOM,5.305,NomPred,,,
4,αἰπὺς,αἰπύς,a-s---mn-,NomSubj,5.0,ATR,5.305,NomSubj,,,
5,ὄλεθρος,ὄλεθρος,n-s---mn-,NomSubj,7.0,SBJ,5.305,NomSubj,,,
6,.,.,u--------,,0.0,AuxK,5.305,,,,
1,τρὶς,τρίς,d--------,adv indeclform,17.0,ADV_CO,5.306,adv indeclform,,,
2,μάκαρες,μάκαρ,n-p---mn-,NomPred,17.0,PNOM,5.306,NomPred,,,
3,Δαναοὶ,Δαναοί,n-p---mn-,NomSubj,17.0,SBJ,5.306,NomSubj,,,
4,καὶ,καί,c--------,conj indeclform,0.0,COORD,5.306,conj indeclform,,,
5,τετράκις,τετράκις,d--------,adv indeclform,17.0,ADV_CO,5.306,adv indeclform,,,
6,",",",",u--------,,9.0,AuxX,5.306,,,,
7,οἳ,ὅς,p-p---mn-,"NomSubj, Pron8",9.0,SBJ,5.306,NomSubj,Pron8,,
8,τότ',τότε,d--------,adv indeclform,9.0,ADV,5.306,adv indeclform,,,
9,ὄλοντο,ὄλλυμι,v3paim---,"Aor, MidDir",3.0,ATR,5.306,Aor,MidDir,,
10,Τροίῃ,Τροία,n-s---fd-,DatLoc (Prep3),11.0,ADV,5.307,DatLoc (Prep3),,,
11,ἐν,ἐν,r--------,Prep3,9.0,AuxP,5.307,Prep3,,,
12,εὐρείῃ,εὐρύς,a-s---fd-,DatLoc (Prep3),10.0,ATR,5.307,DatLoc (Prep3),,,
13,χάριν,χάρις,n-s---fa-,AccObj,15.0,OBJ,5.307,AccObj,,,
14,Ἀτρεΐδῃσι,Ἀτρείδης,n-p---md-,DatVerb,15.0,OBJ,5.307,DatVerb,,,
15,φέροντες,φέρω,v-pppamn-,"NomSubj, PartCirc.1",9.0,ADV,5.307,NomSubj,PartCirc.1,,
16,.,.,u--------,,0.0,AuxK,5.307,,,,
1,ὡς,ὡς,c--------,adv indeclform,5.0,ADV,5.308,adv indeclform,,,
2,δὴ,δή,g--------,particle indeclform,5.0,AuxY,5.308,particle indeclform,,,
3,ἐγώ,ἐγώ,p1s---mn-,"NomSubj, Pron1",5.0,SBJ,5.308,NomSubj,Pron1,,
4,γ',γε,g--------,particle indeclform,3.0,AuxZ,5.308,particle indeclform,,,
5,ὄφελον,ὀφείλω,v1saia---,Aor,0.0,PRED,5.308,Aor,,,
6,θανέειν,θνήσκω,v--ana---,InfDyn,7.0,OBJ_CO,5.308,InfDyn,,,
7,καὶ,καί,c--------,conj indeclform,5.0,COORD,5.308,conj indeclform,,,
8,πότμον,πότμος,n-s---ma-,AccObj,9.0,OBJ,5.308,AccObj,,,
9,ἐπισπεῖν,ἐφέπω,v--ana---,InfDyn,7.0,OBJ_CO,5.308,InfDyn,,,
10,ἤματι,ἦμαρ,n-s---nd-,DatTime,7.0,ADV,5.309,DatTime,,,
11,τῷ,ὁ,l-s---nd-,"DatTime, ArtSubs",10.0,ATR,5.309,DatTime,ArtSubs,,
12,ὅτε,ὅτε,c--------,conj indeclform,10.0,AuxC,5.309,conj indeclform,,,
13,μοι,ἐγώ,p1s---md-,"DatVerb, Pron1",18.0,OBJ,5.309,DatVerb,Pron1,,
14,πλεῖστοι,πλεῖστος,a-p---mn-,NomSubj,17.0,ATR,5.309,NomSubj,,,
15,χαλκήρεα,χαλκήρης,a-p---na-,AccObj,16.0,ATR,5.309,AccObj,,,
16,δοῦρα,δόρυ,n-p---na-,AccObj,18.0,OBJ,5.309,AccObj,,,
17,Τρῶες,Τρώς,n-p---mn-,NomSubj,18.0,SBJ,5.31,NomSubj,,,
18,ἐπέρριψαν,ἐπιρρίπτω,v3paia---,Aor,12.0,ATR,5.31,Aor,,,
19,περὶ,περί,r--------,Prep5,18.0,AuxP,5.31,Prep5,,,
20,Πηλεΐωνι,Πηλεύς,n-s---md-,DatLoc (Prep5),19.0,ADV,5.31,DatLoc (Prep5),,,
21,θανόντι,θνήσκω,v-sapamd-,"DatLoc (Prep5), PartCirc.7",20.0,ATR,5.31,DatLoc (Prep5),PartCirc.7,,
22,.,.,u--------,,0.0,AuxK,5.31,,,,
1,τῷ,τῷ,d--------,adv indeclform- implied protatis,3.0,AuxY,5.311,adv indeclform- implied protatis,,,
2,κ',ἄν,g--------,"Cond4 apodosis, implied protasis",3.0,AuxZ,5.311,Cond4 apodosis,implied protasis,,
3,ἔλαχον,λαγχάνω,v1saia---,Aor (Cond4),6.0,PRED_CO,5.311,Aor (Cond4),,,
4,κτερέων,κτέρεα,n-p---ng-,GenPart,3.0,OBJ,5.311,GenPart,,,
5,",",",",u--------,,6.0,AuxX,5.311,,,,
6,καί,καί,c--------,conj indeclform,0.0,COORD,5.311,conj indeclform,,,
7,μευ,ἐγώ,p1s---mg-,"GenPos, Pron1",8.0,ATR,5.311,GenPos,Pron1,,
8,κλέος,κλέος,n-s---na-,AccObj,9.0,OBJ,5.311,AccObj,,,
9,ἦγον,ἄγω,v3piia---,ImpfIter.1 (Cond4),6.0,PRED_CO,5.311,ImpfIter.1 (Cond4),,,
10,Ἀχαιοί,Ἀχαιός,a-p---mn-,NomSubj,9.0,SBJ,5.311,NomSubj,,,
11,·,·,u--------,,0.0,AuxK,5.311,,,,
1,νῦν,νῦν,d--------,adv indeclform,5.0,ADV,5.312,adv indeclform,,,
2,δέ,δέ,g--------,particle indeclform,0.0,COORD,5.312,particle indeclform,,,
3,λευγαλέῳ,λευγαλέος,a-s---md-,DatAgent,4.0,ATR,5.312,DatAgent,,,
4,θανάτῳ,θάνατος,n-s---md-,DatAgent,6.0,ADV,5.312,DatAgent,,,
5,εἵμαρτο,μείρομαι,v3slie---,Pperf,2.0,PRED_CO,5.312,Pperf,,,
6,ἁλῶναι,ἁλίσκομαι,v--ana---,InfDyn,5.0,SBJ,5.312,InfDyn,,,
7,.,.,u--------,,0.0,AuxK,5.312,,,,
8,&quot;,&quot;,u--------,,2.0,AuxG,5.312,,,,
1,ὣς,ὡς,d--------,adv indeclform,4.0,ADV,5.313,adv indeclform,,,
2,ἄρα,ἄρα,g--------,particle indeclform,4.0,AuxY,5.313,particle indeclform,,,
3,μιν,μιν,p-s---ma-,AccObj,5.0,OBJ,5.313,AccObj,,,
4,εἰπόντ',εἶπον,v-sapama-,"AccObj, PartCirc.7",3.0,ATV,5.313,AccObj,PartCirc.7,,
5,ἔλασεν,ἐλαύνω,v3saia---,AorIngr,14.0,PRED_CO,5.313,AorIngr,,,
6,μέγα,μέγας,a-s---nn-,NomSubj,7.0,ATR,5.313,NomSubj,,,
7,κῦμα,κῦμα,n-s---nn-,NomSubj,5.0,SBJ,5.313,NomSubj,,,
8,κατ',κατά,r--------,Prep5,5.0,AuxP,5.313,Prep5,,,
9,ἄκρης,ἄκρα,n-s---fg-,GenSep (Prep5),8.0,ADV,5.313,GenSep (Prep5),,,
10,δεινὸν,δεινός,a-s---na-,AccAdv.1,11.0,ADV,5.314,AccAdv.1,,,
11,ἐπεσσύμενον,ἐπισεύω,v-sppenn-,"NomSubj, PartCirc.1",5.0,ADV,5.314,NomSubj,PartCirc.1,,
12,",",",",u--------,,14.0,AuxX,5.314,,,,
13,περὶ,περί,r--------,Prep5,16.0,AuxZ,5.314,Prep5,,,
14,δὲ,δέ,g--------,particle indeclform,0.0,COORD,5.314,particle indeclform,,,
15,σχεδίην,σχεδία,n-s---fa-,AccDirec.1 (Prep5),16.0,OBJ,5.314,AccDirec.1 (Prep5),,,
16,ἐλέλιξε,ἐλελίζω,v3saia---,Aor,14.0,PRED_CO,5.314,Aor,,,
17,.,.,u--------,,0.0,AuxK,5.314,,,,
1,τῆλε,τῆλε,d--------,adv indeclform,6.0,ADV,5.315,adv indeclform,,,
2,δ',δέ,g--------,particle indeclform,9.0,AuxY,5.315,particle indeclform,,,
3,ἀπὸ,ἀπό,r--------,Prep5,6.0,AuxP,5.315,Prep5,,,
4,σχεδίης,σχεδία,n-s---fg-,GenSep (Prep5),3.0,OBJ,5.315,GenSep (Prep5),,,
5,αὐτὸς,αὐτός,a-s---mn-,"NomSubj, Pron2",6.0,SBJ,5.315,NomSubj,Pron2,,
6,πέσε,πίπτω,v3saia---,AorIngr,9.0,PRED_CO,5.315,AorIngr,,,
7,",",",",u--------,,9.0,AuxX,5.315,,,,
8,πηδάλιον,πηδάλιον,n-s---na-,AccObj,12.0,OBJ,5.315,AccObj,,,
9,δὲ,δέ,g--------,particle indeclform,0.0,COORD,5.315,particle indeclform,,,
10,ἐκ,ἐκ,r--------,Prep5,12.0,AuxP,5.316,Prep5,,,
11,χειρῶν,χείρ,n-p---fg-,GenSep (Prep5),10.0,OBJ,5.316,GenSep (Prep5),,,
12,προέηκε,προίημι,v3saia---,AorIngr,9.0,PRED_CO,5.316,AorIngr,,,
13,·,·,u--------,,0.0,AuxK,5.316,,,,
1,μέσον,μέσος,a-s---na-,AccObj,4.0,ATV,5.316,AccObj,,,
2,δέ,δέ,g--------,particle indeclform,13.0,AuxY,5.316,particle indeclform,,,
3,οἱ,ἕ,p-s---md-,"DatPos, Pron4",4.0,ATR,5.316,DatPos,Pron4,,
4,ἱστὸν,ἱστός,n-s---ma-,AccObj,5.0,OBJ,5.316,AccObj,,,
5,ἔαξεν,ἄγνυμι,v3saia---,AorIngr,13.0,PRED_CO,5.316,AorIngr,,,
6,δεινὴ,δεινός,a-s---fn-,NomSubj,10.0,ATR,5.317,NomSubj,,,
7,μισγομένων,μίγνυμι,v-pppemg-,"GenSep, PartCirc.7",8.0,ATR,5.317,GenSep,PartCirc.7,,
8,ἀνέμων,ἄνεμος,n-p---mg-,GenSep,10.0,ATR,5.317,GenSep,,,
9,ἐλθοῦσα,ἔρχομαι,v-sapafn-,"NomSubj, PartCirc",5.0,ADV,5.317,NomSubj,PartCirc,,
10,θύελλα,θύελλα,n-s---fn-,NomSubj,5.0,SBJ,5.317,NomSubj,,,
11,",",",",u--------,,13.0,AuxX,5.317,,,,
12,τηλοῦ,τηλοῦ,d--------,adv indeclform,17.0,ADV,5.318,adv indeclform,,,
13,δὲ,δέ,g--------,particle indeclform,0.0,COORD,5.318,particle indeclform,,,
14,σπεῖρον,σπεῖρον,n-s---nn-,NomSubj,15.0,SBJ_CO,5.318,NomSubj,,,
15,καὶ,καί,c--------,conj indeclform,17.0,COORD,5.318,conj indeclform,,,
16,ἐπίκριον,ἐπίκριον,n-s---nn-,NomSubj,15.0,SBJ_CO,5.318,NomSubj,,,
17,ἔμπεσε,ἐμπίπτω,v3saia---,AorIngr,13.0,PRED_CO,5.318,AorIngr,,,
18,πόντῳ,πόντος,n-s---md-,DatLoc,17.0,OBJ,5.318,DatLoc,,,
19,.,.,u--------,,0.0,AuxK,5.318,,,,
1,τὸν,ὁ,p-s---ma-,"AccObj, Pron4",5.0,OBJ,5.319,AccObj,Pron4,,
2,δ',δέ,g--------,particle indeclform,10.0,AuxY,5.319,particle indeclform,,,
3,ἄρ',ἄρα,g--------,particle indeclform,5.0,AuxY,5.319,particle indeclform,,,
4,ὑπόβρυχα,ὑπόβρυχα,d--------,adv indeclform,5.0,OBJ,5.319,adv indeclform,,,
5,θῆκε,τίθημι,v3saia---,AorComp,10.0,PRED_CO,5.319,AorComp,,,
6,πολὺν,πολύς,a-s---ma-,AccTime,7.0,ATR,5.319,AccTime,,,
7,χρόνον,χρόνος,n-s---ma-,AccTime,5.0,ADV,5.319,AccTime,,,
8,",",",",u--------,,10.0,AuxX,5.319,,,,
9,οὐ,οὐ,d--------,adv indeclform,11.0,AuxZ,5.319,adv indeclform,,,
10,δ',δέ,g--------,particle indeclform,0.0,COORD,5.319,particle indeclform,,,
11,ἐδυνάσθη,δύναμαι,v3saip---,AorComp,10.0,PRED_CO,5.319,AorComp,,,
12,αἶψα,αἶψα,d--------,adv indeclform,14.0,ADV,5.32,adv indeclform,,,
13,μάλ',μάλα,d--------,adv indeclform,12.0,AuxZ,5.32,adv indeclform,,,
14,ἀνσχεθέειν,ἀνέχω,v--ana---,InfDyn,11.0,OBJ,5.32,InfDyn,,,
15,μεγάλου,μέγας,a-s---ng-,GenPart,17.0,ATR,5.32,GenPart,,,
16,ὑπὸ,ὑπό,r--------,Prep3,14.0,AuxP,5.32,Prep3,,,
17,κύματος,κῦμα,n-s---ng-,GenPart,18.0,ATR,5.32,GenPart,,,
18,ὁρμῆς,ὁρμή,n-s---fg-,GenSep (Prep3),16.0,OBJ,5.32,GenSep (Prep3),,,
19,·,·,u--------,,0.0,AuxK,5.32,,,,
1,εἵματα,εἷμα,n-p---na-,NomSubj,4.0,ADV,5.321,NomSubj,,,
2,γάρ,γάρ,g--------,particle indeclform,4.0,AuxY,5.321,particle indeclform,,,
3,ῥ',ἄρα,g--------,particle indeclform,4.0,AuxY,5.321,particle indeclform,,,
4,ἐβάρυνε,βαρύνω,v3siia---,ImpfDesc,0.0,PRED,5.321,ImpfDesc,,,
5,",",",",u--------,,8.0,AuxX,5.321,,,,
6,τά,ὁ,p-p---na-,"NomSubj, Pron8",8.0,OBJ,5.321,NomSubj,Pron8,,
7,οἱ,ἕ,p-s---md-,"DatVerb, Pron4",8.0,OBJ,5.321,DatVerb,Pron4,,
8,πόρε,πόρω,v3saia---,Aor,1.0,ATR,5.321,Aor,,,
9,δῖα,δῖος,a-s---fn-,NomSubj,10.0,ATR,5.321,NomSubj,,,
10,Καλυψώ,καλυψώ,n-s---fn-,NomSubj,8.0,SBJ,5.321,NomSubj,,,
11,.,.,u--------,,0.0,AuxK,5.321,,,,
1,ὀψὲ,ὀψέ,d--------,adv indeclform,5.0,ADV,5.322,adv indeclform,,,
2,δὲ,δέ,g--------,particle indeclform,8.0,AuxY,5.322,particle indeclform,,,
3,δή,δή,g--------,particle indeclform,5.0,AuxY,5.322,particle indeclform,,,
4,ῥ',ἄρα,g--------,particle indeclform,5.0,AuxY,5.322,particle indeclform,,,
5,ἀνέδυ,ἀναδύνω,v3saia---,AorIngr,8.0,PRED_CO,5.322,AorIngr,,,
6,",",",",u--------,,8.0,AuxX,5.322,,,,
7,στόματος,στόμα,n-s---ng-,GenSep,9.0,OBJ,5.322,GenSep,,,
8,δ',δέ,g--------,particle indeclform,0.0,COORD,5.322,particle indeclform,,,
9,ἐξέπτυσεν,ἐκπτύω,v3saia---,AorIngr,8.0,PRED_CO,5.322,AorIngr,,,
10,ἅλμην,ἅλμη,n-s---fa-,AccObj,9.0,OBJ,5.322,AccObj,,,
11,πικρήν,πικρός,a-s---fa-,AccObj,10.0,ATR,5.323,AccObj,,,
12,",",",",u--------,,18.0,AuxX,5.323,,,,
13,ἥ,ὅς,p-s---fn-,"NomSubj, Pron8",18.0,SBJ,5.323,NomSubj,Pron8,,
14,οἱ,ἕ,p-s---md-,"DatPos, Pron4",17.0,ATR,5.323,DatPos,Pron4,,
15,πολλὴ,πολύς,a-s---fn-,NomSubj,13.0,ATV,5.323,NomSubj,,,
16,ἀπὸ,ἀπό,r--------,Prep5,18.0,AuxP,5.323,Prep5,,,
17,κρατὸς,κράς,n-s---fg-,GenSep (Prep5),16.0,OBJ,5.323,GenSep (Prep5),,,
18,κελάρυζεν,κελαρύζω,v3siia---,ImpfDesc,10.0,ATR,5.323,ImpfDesc,,,
19,.,.,u--------,,0.0,AuxK,5.323,,,,
1,ἀλλ',ἀλλά,d--------,adv indeclform,6.0,AuxY,5.324,adv indeclform,,,
2,οὐ,οὐ,d--------,adv indeclform,6.0,AuxZ,5.324,adv indeclform,,,
3,δ',δέ,g--------,particle indeclform,20.0,AuxY,5.324,particle indeclform,,,
4,ὣς,ὡς,d--------,adv indeclform,6.0,ADV,5.324,adv indeclform,,,
5,σχεδίης,σχεδία,n-s---fg-,GenVerb,6.0,OBJ,5.324,GenVerb,,,
6,ἐπελήθετο,ἐπιλήθω,v3siie---,"ImpfDesc, MidIndir",20.0,PRED_CO,5.324,ImpfDesc,MidIndir,,
7,",",",",u--------,,8.0,AuxX,5.324,,,,
8,τειρόμενός,τείρω,v-sppemn-,"NomSubj, PartAttr",6.0,ADV,5.324,NomSubj,PartAttr,,
9,περ,πέρ,g--------,particle indeclform,8.0,AuxZ,5.324,particle indeclform,,,
10,",",",",u--------,,20.0,AuxX,5.324,,,,
11,ἀλλὰ,ἀλλά,c--------,adv indeclform,20.0,AuxY,5.325,adv indeclform,,,
12,μεθορμηθεὶς,μεθορμάομαι,v-sappmn-,"NomSubj, PartCirc.3, Pass",15.0,ADV,5.325,NomSubj,PartCirc.3,Pass,
13,ἐνὶ,ἐν,r--------,Prep3,12.0,AuxP,5.325,Prep3,,,
14,κύμασιν,κῦμα,n-p---nd-,DatLoc (Prep3),13.0,ADV,5.325,DatLoc (Prep3),,,
15,ἐλλάβετ',λαμβάνω,v3saim---,"AorIngr, MidIndir",20.0,PRED_CO,5.325,AorIngr,MidIndir,,
16,αὐτῆς,αὐτός,a-s---fg-,GenVerb.3,15.0,OBJ,5.325,GenVerb.3,,,
17,",",",",u--------,,20.0,AuxX,5.325,,,,
18,ἐν,ἐν,r--------,Prep3,21.0,AuxP,5.326,Prep3,,,
19,μέσσῃ,μέσος,a-s---fd-,DatLoc (Prep3),18.0,ADV,5.326,DatLoc (Prep3),,,
20,δὲ,δέ,g--------,particle indeclform,0.0,COORD,5.326,particle indeclform,,,
21,καθῖζε,καθίζω,v3siia---,ImpfDesc,20.0,PRED_CO,5.326,ImpfDesc,,,
22,τέλος,τέλος,n-s---na-,AccObj,24.0,OBJ,5.326,AccObj,,,
23,θανάτου,θάνατος,n-s---mg-,GenObj.6,22.0,ATR,5.326,GenObj.6,,,
24,ἀλεείνων,ἀλεείνω,v-sppamn-,"NomSubj, PartCirc.5",21.0,ADV,5.326,NomSubj,PartCirc.5,,
25,.,.,u--------,,0.0,AuxK,5.326,,,,
1,τὴν,ὁ,p-s---fa-,"AccObj, Pron4",3.0,OBJ,5.327,AccObj,Pron4,,
2,δ',δέ,g--------,particle indeclform,0.0,COORD,5.327,particle indeclform,,,
3,ἐφόρει,φορέω,v3siia---,ImpfDesc,2.0,PRED_CO,5.327,ImpfDesc,,,
4,μέγα,μέγας,a-s---nn-,NomSubj,5.0,ATR,5.327,NomSubj,,,
5,κῦμα,κῦμα,n-s---nn-,NomSubj,3.0,SBJ,5.327,NomSubj,,,
6,κατὰ,κατά,r--------,Prep5,3.0,AuxP,5.327,Prep5,,,
7,ῥόον,ῥόος,n-s---ma-,AccDirec.1 (Prep5),6.0,OBJ,5.327,AccDirec.1 (Prep5),,,
8,ἔνθα,ἔνθα,d--------,adv indeclform,9.0,ADV_CO,5.327,adv indeclform,,,
9,καὶ,καί,c--------,conj indeclform,3.0,COORD,5.327,conj indeclform,,,
10,ἔνθα,ἔνθα,d--------,adv indeclform,9.0,ADV_CO,5.327,adv indeclform,,,
11,.,.,u--------,,0.0,AuxK,5.327,,,,
1,ὡς,ὡς,c--------,adv indeclform,27.0,ADV,5.328,adv indeclform,,,
2,δ',δέ,g--------,particle indeclform,0.0,COORD,5.328,particle indeclform,,,
3,ὅτ',ὅτε,c--------,conj indeclform,22.0,AuxC,5.328,conj indeclform,,,
4,ὀπωρινὸς,ὀπωρινός,a-s---mn-,NomSubj,5.0,ATV,5.328,NomSubj,,,
5,Βορέης,Βορέας,n-s---mn-,NomSubj,6.0,SBJ,5.328,NomSubj,,,
6,φορέῃσιν,φορέω,v3spsa---,SubjSubor,27.0,ADV_CO,5.328,SubjSubor,,,
7,ἀκάνθας,ἄκανθα,n-p---fa-,AccObj,6.0,OBJ,5.328,AccObj,,,
8,ἂμ,ἀνά,r--------,Prep5,6.0,AuxP,5.329,Prep5,,,
9,πεδίον,πεδίον,n-s---na-,AccDirec.1 (Prep5),8.0,OBJ,5.329,AccDirec.1 (Prep5),,,
10,",",",",u--------,,12.0,AuxX,5.329,,,,
11,πυκιναὶ,πυκνός,a-p---fn-,NomSubj,15.0,AtvV,5.329,NomSubj,,,
12,δὲ,δέ,g--------,particle indeclform,3.0,COORD,5.329,particle indeclform,,,
13,πρὸς,πρός,r--------,Prep5,15.0,AuxP,5.329,Prep5,,,
14,ἀλλήλῃσιν,ἀλλήλων,a-p---fd-,DatLoc (Prep5),13.0,ADV,5.329,DatLoc (Prep5),,,
15,ἔχονται,ἔχω,v3ppie---,"PresIter.1., MidRecip",27.0,ADV_CO,5.329,PresIter.1.,MidRecip,,
16,",",",",u--------,,3.0,AuxX,5.329,,,,
17,ὣς,ὡς,d--------,adv indeclform,22.0,ADV,5.33,adv indeclform,,,
18,τὴν,ὁ,p-s---fa-,"AccObj, Pron4",22.0,OBJ,5.33,AccObj,Pron4,,
19,ἂμ,ἀνά,r--------,Prep5,22.0,AuxP,5.33,Prep5,,,
20,πέλαγος,πέλαγος,n-s---na-,AccDirec.1 (Prep5),19.0,OBJ,5.33,AccDirec.1 (Prep5),,,
21,ἄνεμοι,ἄνεμος,n-p---mn-,NomSubj,22.0,SBJ,5.33,NomSubj,,,
22,φέρον,φέρω,v3piia---,ImpfDesc,2.0,PRED_CO,5.33,ImpfDesc,,,
23,ἔνθα,ἔνθα,d--------,adv indeclform,24.0,ADV_CO,5.33,adv indeclform,,,
24,καὶ,καί,c--------,conj indeclform,22.0,COORD,5.33,conj indeclform,,,
25,ἔνθα,ἔνθα,d--------,adv indeclform,24.0,ADV_CO,5.33,adv indeclform,,,
26,·,·,u--------,,0.0,AuxK,5.33,,,,
1,ἄλλοτε,ἄλλοτε,d--------,adv indeclform,6.0,ADV,5.331,adv indeclform,,,
2,μέν,μέν,g--------,particle indeclform,10.0,AuxY,5.331,particle indeclform,,,
3,τε,τε,g--------,particle indeclform,5.0,AuxY,5.331,particle indeclform,,,
4,Νότος,Νότος,n-s---mn-,NomSubj,6.0,SBJ,5.331,NomSubj,,,
5,Βορέῃ,Βορέας,n-s---md-,DatVerb,6.0,OBJ,5.331,DatVerb,,,
6,προβάλεσκε,προβάλλω,v3saia---,AorIter.1,10.0,PRED_CO,5.331,AorIter.1,,,
7,φέρεσθαι,φέρω,v--pne---,InfDyn.,6.0,ADV,5.331,InfDyn.,,,
8,",",",",u--------,,10.0,AuxX,5.331,,,,
9,ἄλλοτε,ἄλλοτε,d--------,adv indeclform,14.0,ADV,5.332,adv indeclform,,,
10,δ',δέ,g--------,particle indeclform,0.0,COORD,5.332,particle indeclform,,,
11,αὖτ',αὖτε,d--------,adv indeclform,14.0,AuxY,5.332,adv indeclform,,,
12,Εὖρος,Εὖρος,n-s---mn-,NomSubj,14.0,SBJ,5.332,NomSubj,,,
13,Ζεφύρῳ,Ζέφυρος,n-s---md-,DatVerb,14.0,OBJ,5.332,DatVerb,,,
14,εἴξασκε,εἴκω,v3saia---,AorIter.1,10.0,PRED_CO,5.332,AorIter.1,,,
15,διώκειν,διώκω,v--pna---,InfDyn.,14.0,ADV,5.332,InfDyn.,,,
16,.,.,u--------,,0.0,AuxK,5.332,,,,
1,τὸν,ὁ,p-s---ma-,"AccObj, Pron4",3.0,OBJ,5.333,AccObj,Pron4,,
2,δὲ,δέ,g--------,particle indeclform,0.0,COORD,5.333,particle indeclform,,,
3,ἴδεν,εἶδον,v3saia---,AorIngr,2.0,PRED_CO,5.333,AorIngr,,,
4,Κάδμου,Κάδμος,n-s---mg-,GenPos,5.0,ATR,5.333,GenPos,,,
5,θυγάτηρ,θυγάτηρ,n-s---fn-,NomInd,9.0,SBJ_AP,5.333,NomInd,,,
6,",",",",u--------,,9.0,AuxX,5.333,,,,
7,καλλίσφυρος,καλλίσφυρος,a-s---fn-,NomSubj,8.0,ATR,5.333,NomSubj,,,
8,Ἰνώ,Ἰνώ,n-s---fn-,NomSubj,9.0,SBJ_AP,5.333,NomSubj,,,
9,",",",",u--------,,3.0,APOS,5.333,,,,
10,Λευκοθέη,Λευκοθέα,n-s---fn-,NomInd,9.0,SBJ_AP,5.334,NomInd,,,
11,",",",",u--------,,20.0,AuxX,5.334,,,,
12,ἣ,ὅς,p-s---fn-,"NomSubj, Pron8",20.0,SBJ,5.334,NomSubj,Pron8,,
13,πρὶν,πρίν,d--------,adv indeclform,15.0,ADV,5.334,adv indeclform,,,
14,μὲν,μέν,g--------,particle indeclform,20.0,AuxY,5.334,particle indeclform,,,
15,ἔην,εἰμί,v3siia---,ImpfDesc,20.0,ATR_CO,5.334,ImpfDesc,,,
16,βροτὸς,βροτός,n-s---fn-,NomPred,15.0,PNOM,5.334,NomPred,,,
17,αὐδήεσσα,αὐδήεις,a-s---fn-,NomSubj,16.0,ATR,5.334,NomSubj,,,
18,",",",",u--------,,20.0,AuxX,5.334,,,,
19,νῦν,νῦν,d--------,adv indeclform,26.0,ADV,5.335,adv indeclform,,,
20,δ',δέ,g--------,particle indeclform,9.0,COORD,5.335,particle indeclform,,,
21,ἁλὸς,ἅλς,n-s---mg-,GenMat,23.0,ATR,5.335,GenMat,,,
22,ἐν,ἐν,r--------,Prep3,26.0,AuxP,5.335,Prep3,,,
23,πελάγεσσι,πέλαγος,n-p---nd-,DatLoc (Prep3),22.0,ADV,5.335,DatLoc (Prep3),,,
24,θεῶν,θεός,n-p---mg-,GenSep (Prep5),25.0,OBJ,5.335,GenSep (Prep5),,,
25,ἒξ,ἐκ,r--------,Prep5,26.0,AuxP,5.335,Prep5,,,
26,ἔμμορε,μείρομαι,v3sria---,Perf,20.0,ATR_CO,5.335,Perf,,,
27,τιμῆς,τιμή,n-s---fg-,GenVerb.2,26.0,OBJ,5.335,GenVerb.2,,,
28,.,.,u--------,,0.0,AuxK,5.335,,,,
1,ἥ,ὁ,p-s---fn-,"NomSubj, Pron4",23.0,SBJ,5.336,NomSubj,Pron4,,
2,ῥ',ἄρα,g--------,particle indeclform,4.0,AuxY,5.336,particle indeclform,,,
3,Ὀδυσῆ',Ὀδυσσεύς,n-s---ma-,AccObj,4.0,OBJ,5.336,AccObj,,,
4,ἐλέησεν,ἐλεέω,v3saia---,Aor,23.0,PRED_CO,5.336,Aor,,,
5,ἀλώμενον,ἀλάομαι,v-sppema-,"AccObj, PartAttr",6.0,ATV_CO,5.336,AccObj,PartAttr,,
6,",",",",u--------,,3.0,COORD,5.336,,,,
7,ἄλγε',ἄλγος,n-p---na-,AccObj,8.0,OBJ,5.336,AccObj,,,
8,ἔχοντα,ἔχω,v-sppama-,"AccObj, PartCirc.2",6.0,ATV_CO,5.336,AccObj,PartCirc.2,,
9,",",",",u--------,,23.0,AuxX,5.336,,,,
10,αἰθυίῃ,αἴθυια,n-s---fd-,DatVerb9,13.0,ATR,5.337,DatVerb9,,,
11,δ',δέ,g--------,particle indeclform,23.0,AuxY,5.337,particle indeclform,,,
12,ἐικυῖα,εἰκός,v-srpafn-,"NomSubj, PartCirc.2",14.0,ADV,5.337,NomSubj,PartCirc.2,,
13,ποτῇ,ποτή,n-s---fd-,DatVerb9,12.0,OBJ,5.337,DatVerb9,,,
14,ἀνεδύσετο,ἀναδύνω,v3saim---,"AorGnom, MidMotion",23.0,PRED_CO,5.337,AorGnom,MidMotion,,
15,λίμνης,λίμνη,n-s---fg-,GenSep,14.0,OBJ,5.337,GenSep,,,
16,",",",",u--------,,23.0,AuxX,5.337,,,,
17,ἷζε,ἵζω,v3siia---,ImpfDesc,23.0,PRED_CO,5.338,ImpfDesc,,,
18,δ',δέ,g--------,particle indeclform,23.0,AuxY,5.338,particle indeclform,,,
19,ἐπὶ,ἐπί,r--------,Prep3,17.0,AuxP,5.338,Prep3,,,
20,σχεδίης,σχεδία,n-s---fg-,GenTime (Prep3),19.0,OBJ,5.338,GenTime (Prep3),,,
21,πολυδέσμου,πολύδεσμος,a-s---fg-,GenTime (Prep3),20.0,ATR,5.338,GenTime (Prep3),,,
22,εἶπέ,εἶπον,v3saia---,Aor,23.0,PRED_CO,5.338,Aor,,,
23,τε,τε,g--------,particle indeclform,0.0,COORD,5.338,particle indeclform,,,
24,μῦθον,μῦθος,n-s---ma-,AccObj,22.0,OBJ,5.338,AccObj,,,
25,·,·,u--------,,0.0,AuxK,5.338,,,,
1,&quot;,&quot;,u--------,,9.0,AuxG,5.339,,,,
2,κάμμορε,κάμμορος,a-s---mv-,Voc,9.0,ExD,5.339,Voc,,,
3,",",",",u--------,,2.0,AuxX,5.339,,,,
4,τίπτε,τίπτε,d--------,Pron7,9.0,ADV,5.339,Pron7,,,
5,τοι,σύ,p2s----d-,"DatPos, Pron1",9.0,OBJ,5.339,DatPos,Pron1,,
6,ὧδε,ὧδε,d--------,adv indeclform,9.0,ADV,5.339,adv indeclform,,,
7,Ποσειδάων,Ποσειδεών,n-s---mn-,NomSubj,9.0,SBJ,5.339,NomSubj,,,
8,ἐνοσίχθων,Ἐνοσίχθων,n-s---mn-,NomInd,7.0,ATR,5.339,NomInd,,,
9,ὠδύσατ',ὀδύσσομαι,v3saim---,"AorIngr, MidMent",0.0,PRED,5.34,AorIngr,MidMent,,
10,ἐκπάγλως,ἔκπαγλος,d--------,AccAdv,9.0,OBJ,5.34,AccAdv,,,
11,",",",",u--------,,12.0,AuxX,5.34,,,,
12,ὅτι,ὅτι,c--------,conj indeclform,9.0,AuxC,5.34,conj indeclform,,,
13,τοι,σύ,p2s----d-,"DatAdvn, Pron1",16.0,OBJ,5.34,DatAdvn,Pron1,,
14,κακὰ,κακός,a-p---na-,AccObj,16.0,OBJ,5.34,AccObj,,,
15,πολλὰ,πολύς,a-p---na-,AccObj,14.0,ATR,5.34,AccObj,,,
16,φυτεύει,φυτεύω,v3spia---,"Pres, Ind, Act",12.0,ADV,5.34,Pres,Ind,Act,
17,;,;,u--------,,0.0,AuxK,5.34,,,,
1,οὐ,οὐ,d--------,adv indeclform,5.0,AuxZ,5.341,adv indeclform,,,
2,μὲν,μέν,g--------,particle indeclform,5.0,AuxY,5.341,particle indeclform,,,
3,δή,δή,g--------,particle indeclform,5.0,AuxY,5.341,particle indeclform,,,
4,σε,σύ,p2s----a-,"AccObj, Pron1",5.0,OBJ,5.341,AccObj,Pron1,,
5,καταφθίσει,καταφθίω,v3sfia---,"Fut, Ind, Act",0.0,PRED,5.341,Fut,Ind,Act,
6,μάλα,μάλα,d--------,adv indeclform,8.0,AuxZ,5.341,adv indeclform,,,
7,περ,πέρ,g--------,particle indeclform,6.0,AuxZ,5.341,particle indeclform,,,
8,μενεαίνων,μενεαίνω,v-sppamn-,"NomSubj, PartAttr",5.0,ADV,5.341,NomSubj,PartAttr,,
9,.,.,u--------,,0.0,AuxK,5.341,,,,
1,ἀλλὰ,ἀλλά,d--------,adv indeclform,4.0,AuxY,5.342,adv indeclform,,,
2,μάλ',μάλα,d--------,adv indeclform,3.0,AuxZ,5.342,adv indeclform,,,
3,ὧδ',ὧδε,d--------,adv indeclform,4.0,ADV,5.342,adv indeclform,,,
4,ἔρξαι,ἔρδω,v2samm---,ImprComm,7.0,PRED_CO,5.342,ImprComm,,,
5,",",",",u--------,,7.0,AuxX,5.342,,,,
6,δοκέεις,δοκέω,v2spia---,"Pres, Ind, Act",7.0,PRED_CO,5.342,Pres,Ind,Act,
7,δέ,δέ,g--------,particle indeclform,0.0,COORD,5.342,particle indeclform,,,
8,μοι,ἐγώ,p1s---md-,"DatVerb, Pron1",6.0,OBJ,5.342,DatVerb,Pron1,,
9,οὐκ,οὐ,d--------,adv indeclform,10.0,AuxZ,5.342,adv indeclform,,,
10,ἀπινύσσειν,ἀπινύσσω,v--pna---,InfDyn,6.0,OBJ,5.342,InfDyn,,,
11,·,·,u--------,,0.0,AuxK,5.342,,,,
1,εἵματα,εἷμα,n-p---na-,AccObj,3.0,OBJ,5.343,AccObj,,,
2,ταῦτ',οὗτος,a-p---na-,"AccObj, Pron4",1.0,ATR,5.343,AccObj,Pron4,,
3,ἀποδὺς,ἀποδύνω,v-sapamn-,"NomSubj, PartCirc.1",7.0,ADV,5.343,NomSubj,PartCirc.1,,
4,σχεδίην,σχεδία,n-s---fa-,AccObj,6.0,SBJ,5.343,AccObj,,,
5,ἀνέμοισι,ἄνεμος,n-p---md-,DatAgent,6.0,ADV,5.343,DatAgent,,,
6,φέρεσθαι,φέρω,v--pne---,InfDyn.,7.0,OBJ,5.343,InfDyn.,,,
7,κάλλιπ',καταλείπω,v2sama---,ImprComm,9.0,PRED_CO,5.344,ImprComm,,,
8,",",",",u--------,,9.0,AuxX,5.344,,,,
9,ἀτὰρ,ἀτάρ,g--------,particle indeclform,0.0,COORD,5.344,particle indeclform,,,
10,χείρεσσι,χείρ,n-p---fd-,DatInstr,11.0,ADV,5.344,DatInstr,,,
11,νέων,νέω,v-sppamn-,"NomSubj, PartCirc.3",12.0,ADV,5.344,NomSubj,PartCirc.3,,
12,ἐπιμαίεο,ἐπιμαίομαι,v2spme---,"ImprComm, MidIndir",9.0,PRED_CO,5.344,ImprComm,MidIndir,,
13,νόστου,νόστος,n-s---mg-,GenVerb.3,23.0,OBJ_AP,5.344,GenVerb.3,,,
14,γαίης,γαῖα,n-s---fg-,GenSep,23.0,OBJ_AP,5.345,GenSep,,,
15,Φαιήκων,Φαίαξ,n-p---mg-,GenPos,14.0,ATR,5.345,GenPos,,,
16,",",",",u--------,,20.0,AuxX,5.345,,,,
17,ὅθι,ὅθι,d--------,adv indeclform,21.0,ADV,5.345,adv indeclform,,,
18,τοι,σύ,p2s----d-,DatPos,20.0,OBJ,5.345,DatPos,,,
19,μοῖρ',μοῖρα,n-s---fn-,NomSubj,20.0,SBJ,5.345,NomSubj,,,
20,ἐστὶν,εἰμί,v3spia---,"PresIter.1., Ind, Act",14.0,ATR,5.345,PresIter.1.,Ind,Act,
21,ἀλύξαι,ἀλύσκω,v--ana---,InfDyn,20.0,PNOM,5.345,InfDyn,,,
22,.,.,u--------,,0.0,AuxK,5.345,,,,
1,τῆ,τῆ,v2sama---,ImprComm,3.0,PRED_CO,5.346,ImprComm,,,
2,δέ,δέ,g--------,particle indeclform,0.0,COORD,5.346,particle indeclform,,,
3,",",",",u--------,,2.0,COORD,5.346,,,,
4,τόδε,ὅδε,p-s---na-,"AccObj, Pron4",5.0,ATR,5.346,AccObj,Pron4,,
5,κρήδεμνον,κρήδεμνον,n-s---na-,AccObj,8.0,OBJ,5.346,AccObj,,,
6,ὑπὸ,ὑπό,r--------,Prep3,8.0,AuxP,5.346,Prep3,,,
7,στέρνοιο,στέρνον,n-s---ng-,GenTime.1 (Prep3),6.0,OBJ,5.346,GenTime.1 (Prep3),,,
8,τανύσσαι,τανύω,v--ana---,"ImprComm, MidIndir",3.0,PRED_CO,5.346,ImprComm,MidIndir,,
9,ἄμβροτον,ἄμβροτος,a-s---na-,AccObj,5.0,ATR,5.347,AccObj,,,
10,·,·,u--------,,0.0,AuxK,5.347,,,,
1,οὐ,οὐ,d--------,adv indeclform,11.0,AuxZ,5.347,adv indeclform,,,
2,δέ,δέ,g--------,particle indeclform,8.0,AuxY,5.347,particle indeclform,,,
3,τί,τις,p-s---nn-,"NomSubj, Pron6",6.0,ATR,5.347,NomSubj,Pron6,,
4,τοι,σύ,p2s----d-,DatPos,11.0,OBJ,5.347,DatPos,,,
5,παθέειν,πάσχω,v--ana---,InfDyn,6.0,ATR,5.347,InfDyn,,,
6,δέος,δέος,n-s---nn-,NomSubj,11.0,SBJ,5.347,NomSubj,,,
7,οὐ,οὐ,d--------,adv indeclform,12.0,AuxZ,5.347,adv indeclform,,,
8,δ',δέ,g--------,particle indeclform,0.0,COORD,5.347,particle indeclform,,,
9,ἀπολέσθαι,ἀπόλλυμι,v--anm---,InfDyn,12.0,ATR,5.347,InfDyn,,,
10,.,.,u--------,,0.0,AuxK,5.347,,,,
1,αὐτὰρ,ἀτάρ,g--------,particle indeclform,18.0,AuxY,5.348,particle indeclform,,,
2,ἐπὴν,ἐπήν,c--------,conj indeclform,18.0,AuxC,5.348,conj indeclform,,,
3,χείρεσσιν,χείρ,n-p---fd-,DatInstr,4.0,ADV,5.348,DatInstr,,,
4,ἐφάψεαι,ἐφάπτω,v2stie---,"Fut, MidIndir",2.0,ADV,5.348,Fut,MidIndir,,
5,ἠπείροιο,ἤπειρος,n-s---fg-,GenVerb.3,4.0,OBJ,5.348,GenVerb.3,,,
6,",",",",u--------,,2.0,AuxX,5.348,,,,
7,ἂψ,ἄψ,d--------,adv indeclform,8.0,ADV,5.349,adv indeclform,,,
8,ἀπολυσάμενος,ἀπολύω,v-sapmmn-,"NomSubj, PartCirc.7",9.0,ADV,5.349,NomSubj,PartCirc.7,,
9,βαλέειν,βάλλω,v--ana---,InfDyn.,18.0,PRED_CO,5.349,InfDyn.,,,
10,εἰς,εἰς,r--------,Prep3,9.0,AuxP,5.349,Prep3,,,
11,οἴνοπα,ὀ͂νοψ,a-s---ma-,AccDirec.1 (Prep3),12.0,ATR,5.349,AccDirec.1 (Prep3),,,
12,πόντον,πόντος,n-s---ma-,AccDirec.1 (Prep3),10.0,OBJ,5.349,AccDirec.1 (Prep3),,,
13,πολλὸν,πολύς,a-s---na-,AccAdv,9.0,ADV,5.35,AccAdv,,,
14,ἀπ',ἀπό,r--------,Prep5,13.0,AuxP,5.35,Prep5,,,
15,ἠπείρου,ἤπειρος,n-s---fg-,GenSep (Prep5),14.0,ATR,5.35,GenSep (Prep5),,,
16,",",",",u--------,,18.0,AuxX,5.35,,,,
17,αὐτὸς,αὐτός,a-s---mn-,"NomSubj, Pron2",20.0,AtvV,5.35,NomSubj,Pron2,,
18,δ',δέ,g--------,particle indeclform,0.0,COORD,5.35,particle indeclform,,,
19,ἀπονόσφι,ἀπονόσφι,d--------,adv indeclform,20.0,ADV,5.35,adv indeclform,,,
20,τραπέσθαι,τρέπω,v--anm---,InfComm,18.0,PRED_CO,5.35,InfComm,,,
21,.,.,u--------,,0.0,AuxK,5.35,,,,
22,&quot;,&quot;,u--------,,18.0,AuxG,5.35,,,,
1,ὣς,ὡς,d--------,adv indeclform,3.0,ADV,5.351,adv indeclform,,,
2,ἄρα,ἄρα,g--------,particle indeclform,3.0,AuxY,5.351,particle indeclform,,,
3,φωνήσασα,φωνέω,v-sapafn-,"NomSubj, PartCirc.7",6.0,ADV,5.351,NomSubj,PartCirc.7,,
4,θεὰ,θεά,n-s---fn-,NomSubj,6.0,SBJ,5.351,NomSubj,,,
5,κρήδεμνον,κρήδεμνον,n-s---na-,AccObj,6.0,OBJ,5.351,AccObj,,,
6,ἔδωκεν,δίδωμι,v3saia---,AorIngr,9.0,PRED_CO,5.351,AorIngr,,,
7,",",",",u--------,,9.0,AuxX,5.351,,,,
8,αὐτὴ,αὐτός,a-s---fn-,"NomSubj, Pron2",13.0,AtvV,5.352,NomSubj,Pron2,,
9,δ',δέ,g--------,particle indeclform,0.0,COORD,5.352,particle indeclform,,,
10,ἂψ,ἄψ,d--------,adv indeclform,13.0,ADV,5.352,adv indeclform,,,
11,ἐς,εἰς,r--------,Prep3,13.0,AuxP,5.352,Prep3,,,
12,πόντον,πόντος,n-s---ma-,AccDirec.1 (Prep3) ,11.0,OBJ,5.352,AccDirec.1 (Prep3),,,
13,ἐδύσετο,δύω,v3saim---,"AorIngr, MidMotion",9.0,PRED_CO,5.352,AorIngr,MidMotion,,
14,κυμαίνοντα,κυμαίνω,v-sppama-,AccDirec.1 (Prep3) ,12.0,ATR,5.352,AccDirec.1 (Prep3),,,
15,αἰθυίῃ,αἴθυια,n-s---fd-,DatVerb,16.0,OBJ,5.353,DatVerb,,,
16,ἐικυῖα,εἰκός,v-srpafn-,"NomSubj, PartCirc.2",13.0,ADV,5.353,NomSubj,PartCirc.2,,
17,·,·,u--------,,0.0,AuxK,5.353,,,,
1,μέλαν,μέλας,a-s---nn-,NomSubj,4.0,ATR,5.353,NomSubj,,,
2,δέ,δέ,g--------,particle indeclform,0.0,COORD,5.353,particle indeclform,,,
3,ἑ,ἕ,p-s---fa-,"AccObj, Pron4",5.0,OBJ,5.353,AccObj,Pron4,,
4,κῦμα,κῦμα,n-s---nn-,NomSubj,5.0,SBJ,5.353,NomSubj,,,
5,κάλυψεν,καλύπτω,v3saia---,AorIngr,2.0,PRED_CO,5.353,AorIngr,,,
6,.,.,u--------,,0.0,AuxK,5.353,,,,
1,αὐτὰρ,ἀτάρ,g--------,particle indeclform,3.0,AuxY,5.354,particle indeclform,,,
2,ὁ,ὁ,p-s---mn-,"NomSubj, Pron4",17.0,SBJ_AP,5.354,NomSubj,Pron4,,
3,μερμήριξε,μερμηρίζω,v3saia---,AorComp,9.0,PRED_CO,5.354,AorComp,,,
4,πολύτλας,πολύτλας,n-s---mn-,NomInd,6.0,ATR,5.354,NomInd,,,
5,δῖος,δῖος,a-s---mn-,NomSubj,6.0,ATR,5.354,NomSubj,,,
6,Ὀδυσσεύς,Ὀδυσσεύς,n-s---mn-,NomSubj,17.0,SBJ_AP,5.354,NomSubj,,,
7,",",",",u--------,,9.0,AuxX,5.354,,,,
8,ὀχθήσας,ὀχθέω,v-sapamn-,"NomSubj, PartCirc.4",11.0,ADV,5.355,NomSubj,PartCirc.4,,
9,δ',δέ,g--------,particle indeclform,0.0,COORD,5.355,particle indeclform,,,
10,ἄρα,ἄρα,g--------,particle indeclform,11.0,AuxY,5.355,particle indeclform,,,
11,εἶπε,εἶπον,v3saia---,Aor,9.0,PRED_CO,5.355,Aor,,,
12,πρὸς,πρός,r--------,Prep5,11.0,AuxP,5.355,Prep5,,,
13,ὃν,ἑός,a-s---ma-,"AccDirec.1 (Prep5), Pron3",15.0,ATR,5.355,AccDirec.1 (Prep5),Pron3,,
14,μεγαλήτορα,μεγαλήτωρ,n-s---ma-,AccDirec.1 (Prep5),15.0,ATR,5.355,AccDirec.1 (Prep5),,,
15,θυμόν,θυμός,n-s---ma-,AccDirec.1 (Prep5),12.0,OBJ,5.355,AccDirec.1 (Prep5),,,
16,·,·,u--------,,0.0,AuxK,5.355,,,,
1,&quot;,&quot;,u--------,,9.0,AuxG,5.356,,,,
2,ὤ,ὦ,i--------,exclam indeclform,3.0,AuxZ,5.356,exclam indeclform,,,
3,μοι,ἐγώ,p1s---md-,"DatEthic, Pron1",9.0,ExD,5.356,DatEthic,Pron1,,
4,ἐγώ,ἐγώ,p1s---mv-,"NomSubj, Pron1",9.0,ExD,5.356,NomSubj,Pron1,,
5,",",",",u--------,,4.0,AuxX,5.356,,,,
6,μή,μή,d--------,Subcl3,9.0,AuxZ,5.356,Subcl3,,,
7,τίς,τις,p-s---mn-,NomSubj,9.0,SBJ,5.356,NomSubj,,,
8,μοι,ἐγώ,p1s---md-,DatAdvn,9.0,OBJ,5.356,DatAdvn,,,
9,ὑφαίνῃσιν,ὑφαίνω,v3spsa---,SubjDoubt.1 (Subcl3),0.0,PRED,5.356,SubjDoubt.1 (Subcl3),,,
10,δόλον,δόλος,n-s---ma-,AccObj,9.0,OBJ,5.356,AccObj,,,
11,αὖτε,αὖτε,d--------,adv indeclform,9.0,ADV,5.356,adv indeclform,,,
12,ἀθανάτων,ἀθάνατος,a-p---mg-,GenPart,7.0,ATR,5.357,GenPart,,,
13,",",",",u--------,,19.0,AuxX,5.357,,,,
14,ὅ,ὁ,p-s---mn-,ὅτε- conj indeclform,19.0,SBJ,5.357,ὅτε- conj indeclform,,,
15,τέ,τε,g--------,ὅτε- conj indeclform,19.0,AuxY,5.357,ὅτε- conj indeclform,,,
16,με,ἐγώ,p1s---ma-,AccSubj,18.0,SBJ,5.357,AccSubj,,,
17,σχεδίης,σχεδία,n-s---fg-,GenVerb.1,18.0,OBJ,5.357,GenVerb.1,,,
18,ἀποβῆναι,ἀποβαίνω,v--ana---,InfDyn,19.0,OBJ,5.357,InfDyn,,,
19,ἀνώγει,ἄνωγα,v3spia---,"Pres, Ind, Act",7.0,ATR,5.357,Pres,Ind,Act,
20,.,.,u--------,,0.0,AuxK,5.357,,,,
1,ἀλλὰ,ἀλλά,d--------,adv indeclform,5.0,AuxY,5.358,adv indeclform,,,
2,μάλ',μάλα,d--------,adv indeclform,3.0,AuxZ,5.358,adv indeclform,,,
3,οὔ,οὐ,d--------,adv indeclform,5.0,AuxZ,5.358,adv indeclform,,,
4,πω,πω,g--------,particle indeclform,5.0,AuxY,5.358,particle indeclform,,,
5,πείσομ',πείθω,v1sfim---,"FutHypo, MidIndir",0.0,PRED,5.358,FutHypo,MidIndir,,
6,",",",",u--------,,7.0,AuxX,5.358,,,,
7,ἐπεὶ,ἐπεί,c--------,conj indeclform,5.0,AuxC,5.358,conj indeclform,,,
8,ἑκὰς,ἑκάς,d--------,adv indeclform,20.0,ADV,5.358,adv indeclform,,,
9,ὀφθαλμοῖσιν,ὀφθαλμός,n-p---md-,DatInstr,12.0,ADV,5.358,DatInstr,,,
10,γαῖαν,γαῖα,n-s---fa-,AccObj,12.0,OBJ,5.359,AccObj,,,
11,ἐγὼν,ἐγώ,p1s---mn-,"NomSubj, Pron1",12.0,SBJ,5.359,NomSubj,Pron1,,
12,ἰδόμην,εἶδον,v1saim---,"AorIngr, MidIndir",7.0,ADV,5.359,AorIngr,MidIndir,,
13,",",",",u--------,,16.0,AuxX,5.359,,,,
14,ὅθι,ὅθι,d--------,adv indeclform,18.0,ADV,5.359,adv indeclform,,,
15,μοι,ἐγώ,p1s---md-,DatPos,18.0,OBJ,5.359,DatPos,,,
16,φάτο,φημί,v3saim---,Aor,10.0,ATR,5.359,Aor,,,
17,φύξιμον,φύξιμος,a-s---na-,AccSubj,18.0,SBJ,5.359,AccSubj,,,
18,εἶναι,εἰμί,v--pna---,InfDec,16.0,OBJ,5.359,InfDec,,,
19,.,.,u--------,,0.0,AuxK,5.359,,,,
1,ἀλλὰ,ἀλλά,d--------,adv indeclform,4.0,AuxY,5.36,adv indeclform,,,
2,μάλ',μάλα,d--------,adv indeclform,3.0,AuxZ,5.36,adv indeclform,,,
3,ὧδ',ὧδε,d--------,adv indeclform,4.0,ADV,5.36,adv indeclform,,,
4,ἔρξω,ἔρδω,v1sfia---,"FutHypo, Ind, Act",7.0,PRED_CO,5.36,FutHypo,Ind,Act,
5,",",",",u--------,,7.0,AuxX,5.36,,,,
6,δοκέει,δοκέω,v3spia---,"Pres, Ind, Act",7.0,PRED_CO,5.36,Pres,Ind,Act,
7,δέ,δέ,g--------,particle indeclform,0.0,COORD,5.36,particle indeclform,,,
8,μοι,ἐγώ,p1s---md-,DatVerb,6.0,OBJ,5.36,DatVerb,,,
9,εἶναι,εἰμί,v--pna---,InfDyn,6.0,OBJ,5.36,InfDyn,,,
10,ἄριστον,ἄριστος,a-s---nn-,NomPred,9.0,PNOM,5.36,NomPred,,,
11,·,·,u--------,,0.0,AuxK,5.36,,,,
1,ὄφρ',ὄφρα,c--------,conj indeclform,13.0,AuxC,5.361,conj indeclform,,,
2,ἂν,ἄν,g--------,Cond2,8.0,AuxZ,5.361,Cond2,,,
3,μέν,μέν,g--------,particle indeclform,8.0,AuxY,5.361,particle indeclform,,,
4,κεν,ἄν,g--------,particle indeclform,8.0,AuxZ,5.361,particle indeclform,,,
5,δούρατ',δόρυ,n-p---nn-,NomSubj,8.0,SBJ,5.361,NomSubj,,,
6,ἐν,ἐν,r--------,Prep3,8.0,AuxP,5.361,Prep3,,,
7,ἁρμονίῃσιν,ἁρμονία,n-p---fd-,DatLoc (Prep3),6.0,ADV,5.361,DatLoc (Prep3),,,
8,ἀρήρῃ,ἀραρίσκω,v3srsa---,SubjSubor (Cond2),1.0,ADV,5.361,SubjSubor (Cond2),,,
9,",",",",u--------,,1.0,AuxX,5.361,,,,
10,τόφρ',τόφρα,d--------,adv indeclform,13.0,ADV,5.362,adv indeclform,,,
11,αὐτοῦ,αὐτοῦ,d--------,adv indeclform,12.0,OBJ,5.362,adv indeclform,,,
12,μενέω,μένω,v1sfia---,Fut (Cond2),13.0,PRED_CO,5.362,Fut (Cond2),,,
13,καὶ,καί,c--------,conj indeclform,0.0,COORD,5.362,conj indeclform,,,
14,τλήσομαι,τλάω,v1sfim---,"Fut, MidIndir",13.0,PRED_CO,5.362,Fut,MidIndir,,
15,ἄλγεα,ἄλγος,n-p---na-,AccObj,16.0,OBJ,5.362,AccObj,,,
16,πάσχων,πάσχω,v-sppamn-,"NomSubj, PartCirc.5",14.0,ADV,5.362,NomSubj,PartCirc.5,,
17,·,·,u--------,,0.0,AuxK,5.362,,,,
1,αὐτὰρ,ἀτάρ,g--------,particle indeclform,10.0,AuxY,5.363,particle indeclform,,,
2,ἐπὴν,ἐπήν,c--------,Cond2,10.0,AuxC,5.363,Cond2,,,
3,δή,δή,g--------,particle indeclform,8.0,AuxY,5.363,particle indeclform,,,
4,μοι,ἐγώ,p1s---md-,"DatPos, Pron1",5.0,ATR,5.363,DatPos,Pron1,,
5,σχεδίην,σχεδία,n-s---fa-,AccObj,8.0,OBJ,5.363,AccObj,,,
6,διὰ,διά,r--------,tmesis,8.0,AuxZ,5.363,tmesis,,,
7,κῦμα,κῦμα,n-s---nn-,NomSubj,8.0,SBJ,5.363,NomSubj,,,
8,τινάξῃ,τινάσσω,v3sasa---,SubjSubor (Cond2),2.0,ADV,5.363,SubjSubor (Cond2),,,
9,",",",",u--------,,2.0,AuxX,5.363,,,,
10,νήξομ',νήχω,v1sfim---,"Fut (Cond2), MidIndir",0.0,PRED,5.364,Fut (Cond2),MidIndir,,
11,",",",",u--------,,12.0,AuxX,5.364,,,,
12,ἐπεὶ,ἐπεί,c--------,conj indeclform,10.0,AuxC,5.364,conj indeclform,,,
13,οὐ,οὐ,d--------,adv indeclform,21.0,AuxZ,5.364,adv indeclform,,,
14,μέν,μέν,g--------,particle indeclform,21.0,AuxY,5.364,particle indeclform,,,
15,τι,τις,p-s---nn-,"AccObj, Pron6",17.0,OBJ,5.364,AccObj,Pron6,,
16,πάρα,παρά,r--------,"[ellipsis of πάρειμι: missing εστί] Pres, Ind, Act ",21.0,AuxZ,5.364,[ellipsis of πάρειμι: missing εστί] Pres,Ind,Act,
17,προνοῆσαι,προνοέω,v--ana---,InfDyn,21.0,SBJ,5.364,InfDyn,,,
18,ἄμεινον,ἀμείνων,a-s---nnc,AccObj,15.0,ATR,5.364,AccObj,,,
19,.,.,u--------,,0.0,AuxK,5.364,,,,
20,&quot;,&quot;,u--------,,10.0,AuxG,5.364,,,,
1,ἧος,ἕως,c--------,conj indeclform,27.0,AuxC,5.365,conj indeclform,,,
2,ὁ,ὁ,p-s---mn-,"NomSubj, Pron4",4.0,SBJ,5.365,NomSubj,Pron4,,
3,ταῦθ',οὗτος,a-p---na-,"AccObj, Pron4",4.0,OBJ,5.365,AccObj,Pron4,,
4,ὥρμαινε,ὁρμαίνω,v3siia---,ImpfDesc,1.0,ADV,5.365,ImpfDesc,,,
5,κατὰ,κατά,r--------,Prep5,7.0,AuxP,5.365,Prep5,,,
6,φρένα,φρήν,n-s---fa-,AccDirec.1 (Prep5),5.0,ADV_CO,5.365,AccDirec.1 (Prep5),,,
7,καὶ,καί,c--------,conj indeclform,4.0,COORD,5.365,conj indeclform,,,
8,κατὰ,κατά,r--------,Prep5,7.0,AuxP,5.365,Prep5,,,
9,θυμόν,θυμός,n-s---ma-,AccDirec.1 (Prep5),8.0,ADV_CO,5.365,AccDirec.1 (Prep5),,,
10,",",",",u--------,,1.0,AuxX,5.365,,,,
11,ὦρσε,ὄρνυμι,v3saia---,Aor,27.0,PRED_CO,5.366,Aor,,,
12,δ',δέ,g--------,particle indeclform,27.0,AuxY,5.366,particle indeclform,,,
13,ἐπὶ,ἐπί,r--------,tmesis,11.0,AuxZ,5.366,tmesis,,,
14,μέγα,μέγας,a-s---na-,AccObj,15.0,ATR,5.366,AccObj,,,
15,κῦμα,κῦμα,n-s---na-,AccObj,11.0,OBJ,5.366,AccObj,,,
16,Ποσειδάων,Ποσειδεών,n-s---mn-,NomSubj,11.0,SBJ,5.366,NomSubj,,,
17,ἐνοσίχθων,Ἐνοσίχθων,n-s---mn-,NomInd,16.0,ATR,5.366,NomInd,,,
18,",",",",u--------,,22.0,AuxX,5.366,,,,
19,δεινόν,δεινός,a-s---na-,AccObj,22.0,ATR_CO,5.367,AccObj,,,
20,τ',τε,g--------,particle indeclform,22.0,AuxY,5.367,particle indeclform,,,
21,ἀργαλέον,ἀργαλέος,a-s---na-,AccObj,22.0,ATR_CO,5.367,AccObj,,,
22,τε,τε,g--------,particle indeclform,15.0,COORD,5.367,particle indeclform,,,
23,",",",",u--------,,24.0,AuxX,5.367,,,,
24,κατηρεφές,κατηρεφής,a-s---na-,"AccObj, PartAttr",15.0,ATR,5.367,AccObj,PartAttr,,
25,",",",",u--------,,27.0,AuxX,5.367,,,,
26,ἤλασε,ἐλαύνω,v3saia---,AorIngr,27.0,PRED_CO,5.367,AorIngr,,,
27,δ',δέ,g--------,particle indeclform,0.0,COORD,5.367,particle indeclform,,,
28,αὐτόν,αὐτός,a-s---ma-,"AccObj, Pron2",26.0,OBJ,5.367,AccObj,Pron2,,
29,.,.,u--------,,0.0,AuxK,5.367,,,,
1,ὡς,ὡς,c--------,adv indeclform,2.0,ADV,5.368,adv indeclform,,,
2,δ',δέ,g--------,particle indeclform,0.0,COORD,5.368,particle indeclform,,,
3,ἄνεμος,ἄνεμος,n-s---mn-,NomSubj,7.0,SBJ,5.368,NomSubj,,,
4,ζαὴς,ζαής,a-s---mn-,NomSubj,3.0,ATR,5.368,NomSubj,,,
5,ἠΐων,ἤια,n-p---ng-,GenMat,6.0,ATR,5.368,GenMat,,,
6,θημῶνα,θημών,n-s---ma-,AccObj,7.0,OBJ,5.368,AccObj,,,
7,τινάξῃ,τινάσσω,v3sasa---,"AorGnom, SubjSubor",10.0,ADV,5.368,AorGnom,SubjSubor,,
8,καρφαλέων,καρφαλέος,a-p---ng-,GenMat,5.0,ATR,5.369,GenMat,,,
9,·,·,u--------,,0.0,AuxK,5.369,,,,
1,τὰ,ὁ,p-p---na-,"AccObj, Pron8",5.0,OBJ,5.369,AccObj,Pron8,,
2,μὲν,μέν,g--------,particle indeclform,5.0,AuxY,5.369,particle indeclform,,,
3,ἄρ,ἄρα,g--------,particle indeclform,5.0,AuxY,5.369,particle indeclform,,,
4,τε,τε,g--------,particle indeclform,5.0,AuxY,5.369,particle indeclform,,,
5,διεσκέδασ',διασκεδάννυμι,v3saia---,AorGnom,0.0,PRED,5.369,AorGnom,,,
6,ἄλλυδις,ἄλλυδις,d--------,adv indeclform,5.0,ADV,5.369,adv indeclform,,,
7,ἄλλῃ,ἄλλῃ,d--------,adv indeclform,5.0,ADV,5.369,adv indeclform,,,
8,·,·,u--------,,0.0,AuxK,5.369,,,,
1,ὣς,ὡς,d--------,adv indeclform,5.0,ADV,5.37,adv indeclform,,,
2,τῆς,ὁ,p-s---fg-,GenPos,3.0,ATR,5.37,GenPos,,,
3,δούρατα,δόρυ,n-p---na-,AccObj,5.0,OBJ,5.37,AccObj,,,
4,μακρὰ,μακρός,a-p---na-,AccObj,3.0,ATR,5.37,AccObj,,,
5,διεσκέδασ',διασκεδάννυμι,v3saia---,AorGnom,0.0,PRED,5.37,AorGnom,,,
6,.,.,u--------,,0.0,AuxK,5.37,,,,
1,αὐτὰρ,ἀτάρ,g--------,particle indeclform,6.0,AuxY,5.37,particle indeclform,,,
2,Ὀδυσσεὺς,Ὀδυσσεύς,n-s---mn-,NomSubj,6.0,SBJ,5.37,NomSubj,,,
3,ἀμφ',ἀμφί,r--------,Prep5,6.0,AuxP,5.371,Prep5,,,
4,ἑνὶ,εἷς,n-s---nd-,DatLoc (Prep5),5.0,ATR,5.371,DatLoc (Prep5),,,
5,δούρατι,δόρυ,n-s---nd-,DatLoc (Prep5),3.0,OBJ,5.371,DatLoc (Prep5),,,
6,βαῖνε,βαίνω,v3siia---,ImpfDesc,14.0,PRED_CO,5.371,ImpfDesc,,,
7,",",",",u--------,,11.0,AuxX,5.371,,,,
8,κέληθ',κέλης,n-s---ma-,AccObj,10.0,ATR,5.371,AccObj,,,
9,ὡς,ὡς,c--------,adv indeclform,23.0,ADV,5.371,adv indeclform,,,
10,ἵππον,ἵππος,n-s---ma-,AccObj,23.0,OBJ,5.371,AccObj,,,
11,ἐλαύνων,ἐλαύνω,v-sppamn-,"NomSubj, PartCirc.2",6.0,ADV,5.371,NomSubj,PartCirc.2,,
12,",",",",u--------,,14.0,AuxX,5.371,,,,
13,εἵματα,εἷμα,n-p---na-,AccObj,15.0,OBJ,5.372,AccObj,,,
14,δ',δέ,g--------,particle indeclform,0.0,COORD,5.372,particle indeclform,,,
15,ἐξαπέδυνε,ἐξαποδύνω,v3siia---,Aor,14.0,PRED_CO,5.372,Aor,,,
16,",",",",u--------,,19.0,AuxX,5.372,,,,
17,τά,ὁ,p-p---na-,"AccObj, Pron8",19.0,OBJ,5.372,AccObj,Pron8,,
18,οἱ,ἕ,p-s---md-,DatVerb,19.0,OBJ,5.372,DatVerb,,,
19,πόρε,πόρω,v3saia---,Aor,13.0,ATR,5.372,Aor,,,
20,δῖα,δῖος,a-s---fn-,NomSubj,21.0,ATR,5.372,NomSubj,,,
21,Καλυψώ,Καλυψώ,n-s---fn-,NomSubj,19.0,SBJ,5.372,NomSubj,,,
22,.,.,u--------,,0.0,AuxK,5.372,,,,
1,αὐτίκα,αὐτίκα,d--------,adv indeclform,6.0,ADV,5.373,adv indeclform,,,
2,δὲ,δέ,g--------,particle indeclform,9.0,AuxY,5.373,particle indeclform,,,
3,κρήδεμνον,κρήδεμνον,n-s---na-,AccObj,6.0,OBJ,5.373,AccObj,,,
4,ὑπὸ,ὑπό,r--------,Prep3,6.0,AuxP,5.373,Prep3,,,
5,στέρνοιο,στέρνον,n-s---ng-,GenLoc (Prep3),4.0,OBJ,5.373,GenLoc (Prep3),,,
6,τάνυσσεν,τανύω,v3saia---,Aor,9.0,PRED_CO,5.373,Aor,,,
7,",",",",u--------,,9.0,AuxX,5.373,,,,
8,αὐτὸς,αὐτός,a-s---mn-,"NomSubj, Pron2",12.0,AtvV,5.374,NomSubj,Pron2,,
9,δὲ,δέ,g--------,particle indeclform,0.0,COORD,5.374,particle indeclform,,,
10,πρηνὴς,πρηνής,a-s---mn-,NomSubj,8.0,ATV,5.374,NomSubj,,,
11,ἁλὶ,ἅλς,n-s---md-,DatLoc,12.0,OBJ,5.374,DatLoc,,,
12,κάππεσε,καταπίπτω,v3saia---,AorIngr,9.0,PRED_CO,5.374,AorIngr,,,
13,",",",",u--------,,16.0,AuxX,5.374,,,,
14,χεῖρε,χείρ,n-d---fa-,AccObj,15.0,OBJ,5.374,AccObj,,,
15,πετάσσας,πετάννυμι,v-sapamn-,"NomSubj, PartCirc.7",16.0,ADV_CO,5.374,NomSubj,PartCirc.7,,
16,",",",",u--------,,12.0,COORD,5.374,,,,
17,νηχέμεναι,νήχω,v--pna---,InfDyn,18.0,OBJ,5.375,InfDyn,,,
18,μεμαώς,μέμαα,v-srpamn-,"NomSubj, PartCirc.4",16.0,ADV_CO,5.375,NomSubj,PartCirc.4,,
19,.,.,u--------,,0.0,AuxK,5.375,,,,
1,ἴδε,εἶδον,v3saia---,AorIngr,7.0,PRED_CO,5.375,AorIngr,,,
2,δὲ,δέ,g--------,particle indeclform,7.0,AuxY,5.375,particle indeclform,,,
3,κρείων,κρείων,n-s---mn-,NomSubj,4.0,ATR,5.375,NomSubj,,,
4,ἐνοσίχθων,Ἐνοσίχθων,n-s---mn-,NomSubj,7.0,SBJ,5.375,NomSubj,,,
5,",",",",u--------,,7.0,AuxX,5.375,,,,
6,κινήσας,κινέω,v-sapamn-,"NomSubj, PartCirc.1",11.0,ADV,5.376,NomSubj,PartCirc.1,,
7,δὲ,δέ,g--------,particle indeclform,0.0,COORD,5.376,particle indeclform,,,
8,κάρη,κάρα,n-s---na-,AccObj,6.0,OBJ,5.376,AccObj,,,
9,προτὶ,πρός,r--------,Prep5,11.0,AuxP,5.376,Prep5,,,
10,ὃν,ἑός,a-s---ma-,"AccDirec.1 (Prep5), Pron3",12.0,ATR,5.376,AccDirec.1 (Prep5),Pron3,,
11,μυθήσατο,μυθέομαι,v3saie---,Aor,7.0,PRED_CO,5.376,Aor,,,
12,θυμόν,θυμός,n-s---ma-,AccDirec.1 (Prep5),9.0,OBJ,5.376,AccDirec.1 (Prep5),,,
13,·,·,u--------,,0.0,AuxK,5.376,,,,
1,&quot;,&quot;,u--------,,7.0,AuxG,5.377,,,,
2,οὕτω,οὕτως,d--------,adv indeclform,7.0,ADV,5.377,adv indeclform,,,
3,νῦν,νῦν,d--------,adv indeclform,7.0,ADV,5.377,adv indeclform,,,
4,κακὰ,κακός,a-p---na-,AccObj,6.0,OBJ,5.377,AccObj,,,
5,πολλὰ,πολύς,a-p---na-,AccObj,4.0,ATR,5.377,AccObj,,,
6,παθὼν,πάσχω,v-sapamn-,"NomSubj, PartCirc.2",7.0,ADV,5.377,NomSubj,PartCirc.2,,
7,ἀλόω,ἀλάομαι,v2spme---,ImprComm,0.0,PRED,5.377,ImprComm,,,
8,κατὰ,κατά,r--------,Prep5,7.0,AuxP,5.377,Prep5,,,
9,πόντον,πόντος,n-s---ma-,AccDirec.1 (Prep5),8.0,OBJ,5.377,AccDirec.1 (Prep5),,,
10,",",",",u--------,,11.0,AuxX,5.377,,,,
11,εἰς,εἰς,r--------,Prep3,7.0,AuxP,5.378,Prep3,,,
12,ὅ,ὅς,p-s---na-,"AccDirec.1 (Prep3), Pron4",16.0,ADV,5.378,AccDirec.1 (Prep3),Pron4,,
13,κεν,ἄν,g--------,particle indeclform- w/ SubjHomer (Smyth 1813),16.0,AuxZ,5.378,particle indeclform- w/ SubjHomer (Smyth 1813),,,
14,ἀνθρώποισι,ἄνθρωπος,n-p---md-,DatVerb,16.0,OBJ,5.378,DatVerb,,,
15,διοτρεφέεσσι,Διοτρεφής,a-p---md-,DatVerb,14.0,ATR,5.378,DatVerb,,,
16,μιγήῃς,μίγνυμι,v2sasp---,SubjHomer,11.0,ADV,5.378,SubjHomer,,,
17,.,.,u--------,,0.0,AuxK,5.378,,,,
1,ἀλλ',ἀλλά,d--------,adv indeclform,6.0,AuxY,5.379,adv indeclform,,,
2,οὐ,οὐ,d--------,adv indeclform,4.0,AuxZ,5.379,adv indeclform,,,
3,δ',δέ,g--------,particle indeclform,4.0,AuxZ,5.379,particle indeclform,,,
4,ὥς,ὡς,d--------,adv indeclform,6.0,ADV,5.379,adv indeclform,,,
5,σε,σύ,p2s----a-,AccSubj,7.0,SBJ,5.379,AccSubj,,,
6,ἔολπα,ἔλπω,v1sria---,Perf,0.0,PRED,5.379,Perf,,,
7,ὀνόσσεσθαι,ὄνομαι,v--fnm---,InfDec,6.0,OBJ,5.379,InfDec,,,
8,κακότητος,κακότης,n-s---fg-,GenCaus-- Perrin,7.0,OBJ,5.379,GenCaus-- Perrin,,,
9,.,.,u--------,,0.0,AuxK,5.379,,,,
10,&quot;,&quot;,u--------,,6.0,AuxG,5.379,,,,
1,ὣς,ὡς,d--------,adv indeclform,3.0,ADV,5.38,adv indeclform,,,
2,ἄρα,ἄρα,g--------,particle indeclform,3.0,AuxY,5.38,particle indeclform,,,
3,φωνήσας,φωνέω,v-sapamn-,"NomSubj, PartCirc.7",4.0,ADV,5.38,NomSubj,PartCirc.7,,
4,ἵμασεν,ἱμάσσω,v3saia---,AorIngr,9.0,PRED_CO,5.38,AorIngr,,,
5,καλλίτριχας,καλλίθριξ,n-p---ma-,AccObj,6.0,ATR,5.38,AccObj,,,
6,ἵππους,ἵππος,n-p---ma-,AccObj,4.0,OBJ,5.38,AccObj,,,
7,",",",",u--------,,9.0,AuxX,5.38,,,,
8,ἵκετο,ἱκνέομαι,v3saim---,AorComp,9.0,PRED_CO,5.381,AorComp,,,
9,δ',δέ,g--------,particle indeclform,0.0,COORD,5.381,particle indeclform,,,
10,εἰς,εἰς,r--------,Prep3,8.0,AuxP,5.381,Prep3,,,
11,Αἰγάς,Αἰγαί,n-p---fa-,AccDirec.1 (Prep3),10.0,OBJ,5.381,AccDirec.1 (Prep3),,,
12,",",",",u--------,,17.0,AuxX,5.381,,,,
13,ὅθι,ὅθι,d--------,adv indeclform,17.0,ADV,5.381,adv indeclform,,,
14,οἱ,ἕ,p-s---md-,DatPos,16.0,ATR,5.381,DatPos,,,
15,κλυτὰ,κλυτός,a-p---nn-,NomSubj,16.0,ATR,5.381,NomSubj,,,
16,δώματ',δῶμα,n-p---nn-,NomSubj,17.0,SBJ,5.381,NomSubj,,,
17,ἔασιν,εἰμί,v3ppia---,"PresIter.1., Ind, Act",11.0,ATR,5.381,PresIter.1.,Ind,Act,
18,.,.,u--------,,0.0,AuxK,5.381,,,,
1,αὐτὰρ,ἀτάρ,g--------,particle indeclform,6.0,AuxY,5.382,particle indeclform,,,
2,Ἀθηναίη,Ἀθήνη,n-s---fn-,NomSubj,8.0,SBJ_AP,5.382,NomSubj,,,
3,κούρη,κόρη,n-s---fn-,NomInd,8.0,SBJ_AP,5.382,NomInd,,,
4,Διὸς,Ζεύς,n-s---mg-,GenPos,3.0,ATR,5.382,GenPos,,,
5,ἄλλ',ἄλλος,a-p---na-,AccObj,6.0,OBJ,5.382,AccObj,,,
6,ἐνόησεν,νοέω,v3saia---,AorIngr,0.0,PRED,5.382,AorIngr,,,
7,.,.,u--------,,0.0,AuxK,5.382,,,,
1,ἦ,ἦ,d--------,adv indeclform,6.0,AuxY,5.383,adv indeclform,,,
2,τοι,τοι,g--------,particle indeclform,6.0,AuxY,5.383,particle indeclform,,,
3,τῶν,ὁ,l-p---mg-,"GenPos, ArtSubs",5.0,ATR,5.383,GenPos,ArtSubs,,
4,ἄλλων,ἄλλος,a-p---mg-,GenPos,5.0,ATR,5.383,GenPos,,,
5,ἀνέμων,ἄνεμος,n-p---mg-,GenPos,7.0,ATR,5.383,GenPos,,,
6,κατέδησε,καταδέω,v3saia---,AorComp,10.0,PRED_CO,5.383,AorComp,,,
7,κελεύθους,κέλευθος,n-p---fa-,AccObj,6.0,OBJ,5.383,AccObj,,,
8,",",",",u--------,,10.0,AuxX,5.383,,,,
9,παύσασθαι,παύω,v--anm---,InfDyn,12.0,OBJ_CO,5.384,InfDyn,,,
10,δ',δέ,g--------,particle indeclform,0.0,COORD,5.384,particle indeclform,,,
11,ἐκέλευσε,κελεύω,v3saia---,Aor,10.0,PRED_CO,5.384,Aor,,,
12,καὶ,καί,c--------,conj indeclform,11.0,COORD,5.384,conj indeclform,,,
13,εὐνηθῆναι,εὐνάω,v--anp---,InfDyn,12.0,OBJ_CO,5.384,InfDyn,,,
14,ἅπαντας,ἅπας,a-p---ma-,AccSubj,12.0,SBJ,5.384,AccSubj,,,
15,·,·,u--------,,0.0,AuxK,5.384,,,,
1,ὦρσε,ὄρνυμι,v3saia---,Aor,8.0,PRED_CO,5.385,Aor,,,
2,δ',δέ,g--------,particle indeclform,8.0,COORD,5.385,particle indeclform,,,
3,ἐπὶ,ἐπί,r--------,tmesis,1.0,AuxZ,5.385,tmesis,,,
4,κραιπνὸν,κραιπνός,a-s---ma-,AccObj,5.0,ATR,5.385,AccObj,,,
5,Βορέην,Βορέας,n-s---ma-,AccObj,1.0,OBJ,5.385,AccObj,,,
6,",",",",u--------,,8.0,AuxX,5.385,,,,
7,πρὸ,πρό,r--------,tmesis,10.0,AuxZ,5.385,tmesis,,,
8,δὲ,δέ,g--------,particle indeclform,0.0,COORD,5.385,particle indeclform,,,
9,κύματ',κῦμα,n-p---na-,AccObj,10.0,OBJ,5.385,AccObj,,,
10,ἔαξεν,ἄγνυμι,v3saia---,Aor,8.0,PRED_CO,5.385,Aor,,,
11,",",",",u--------,,12.0,AuxX,5.385,,,,
12,ἧος,ἕως,c--------,conj indeclform,8.0,AuxC,5.386,conj indeclform,,,
13,ὃ,ὅς,p-s---mn-,"NomSubj, Pron4",16.0,ADV,5.386,NomSubj,Pron4,,
14,Φαιήκεσσι,Φαίαξ,n-p---md-,DatVerb,16.0,OBJ,5.386,DatVerb,,,
15,φιληρέτμοισι,φιλήρετμος,a-p---md-,DatVerb,14.0,ATR,5.386,DatVerb,,,
16,μιγείη,μίγνυμι,v3saop---,"OptPoten,PURPOSEZZZ",12.0,ADV,5.386,OptPoten,PURPOSEZZZ,,
17,διογενὴς,διογενής,a-s---mn-,NomSubj,18.0,ATR,5.387,NomSubj,,,
18,Ὀδυσεὺς,Ὀδυσσεύς,n-s---mn-,NomSubj,16.0,SBJ,5.387,NomSubj,,,
19,θάνατον,θάνατος,n-s---ma-,AccObj,20.0,OBJ_CO,5.387,AccObj,,,
20,καὶ,καί,c--------,conj indeclform,22.0,COORD,5.387,conj indeclform,,,
21,κῆρας,κήρ,n-p---ma-,AccObj,20.0,OBJ_CO,5.387,AccObj,,,
22,ἀλύξας,ἀλύσκω,v-sapamn-,"NomSubj, PartCirc.5",16.0,ADV,5.387,NomSubj,PartCirc.5,,
23,.,.,u--------,,0.0,AuxK,5.387,,,,
1,ἔνθα,ἔνθα,d--------,adv indeclform,9.0,ADV,5.388,adv indeclform,,,
2,δύω,δύο,m--------,numeral indeclform,3.0,ATR,5.388,numeral indeclform,,,
3,νύκτας,νύξ,n-p---fa-,AccTime,5.0,ADV_CO,5.388,AccTime,,,
4,δύο,δύο,m--------,numeral indeclform,6.0,ATR,5.388,numeral indeclform,,,
5,τ',τε,g--------,particle indeclform,9.0,COORD,5.388,particle indeclform,,,
6,ἤματα,ἦμαρ,n-p---na-,AccTime,5.0,ADV_CO,5.388,AccTime,,,
7,κύματι,κῦμα,n-s---nd-,DatAgent,9.0,ADV,5.388,DatAgent,,,
8,πηγῷ,πηγός,a-s---nd-,DatAgent,7.0,ATR,5.388,DatAgent,,,
9,πλάζετο,πλάζω,v3siie---,ImpfDesc,12.0,PRED_CO,5.389,ImpfDesc,,,
10,",",",",u--------,,12.0,AuxX,5.389,,,,
11,πολλὰ,πολύς,a-p---na-,AccAdv,15.0,ADV,5.389,AccAdv,,,
12,δέ,δέ,g--------,particle indeclform,0.0,COORD,5.389,particle indeclform,,,
13,οἱ,ἕ,p-s---md-,"DatPos, Pron4",14.0,ATR,5.389,DatPos,Pron4,,
14,κραδίη,καρδία,n-s---fn-,NomSubj,15.0,SBJ,5.389,NomSubj,,,
15,προτιόσσετ',προτιόσσομαι,v3siie---,ImpfDesc,12.0,PRED_CO,5.389,ImpfDesc,,,
16,ὄλεθρον,ὄλεθρος,n-s---ma-,AccObj,15.0,OBJ,5.389,AccObj,,,
17,.,.,u--------,,0.0,AuxK,5.389,,,,
1,ἀλλ',ἀλλά,d--------,adv indeclform,16.0,AuxY,5.39,adv indeclform,,,
2,ὅτε,ὅτε,c--------,conj indeclform,16.0,AuxC,5.39,conj indeclform,,,
3,δὴ,δή,g--------,particle indeclform,7.0,AuxY,5.39,particle indeclform,,,
4,τρίτον,τρίτος,a-s---na-,AccObj,5.0,ATR,5.39,AccObj,,,
5,ἦμαρ,ἦμαρ,n-s---na-,AccObj,7.0,OBJ,5.39,AccObj,,,
6,ἐυπλόκαμος,εὐπλόκαμος,a-s---fn-,NomSubj,8.0,ATR,5.39,NomSubj,,,
7,τέλεσ',τελέω,v3saia---,Aor,2.0,ADV,5.39,Aor,,,
8,Ἠώς,ἠώς,n-s---fn-,NomSubj,7.0,SBJ,5.39,NomSubj,,,
9,",",",",u--------,,2.0,AuxX,5.39,,,,
10,καὶ,καί,d--------,conj indeclform,16.0,AuxY,5.391,conj indeclform,,,
11,τότ',τότε,d--------,adv indeclform,16.0,ADV,5.391,adv indeclform,,,
12,ἔπειτ',ἔπειτα,d--------,adv indeclform,16.0,ADV,5.391,adv indeclform,,,
13,ἄνεμος,ἄνεμος,n-s---mn-,NomSubj,15.0,SBJ,5.391,NomSubj,,,
14,μὲν,μέν,g--------,particle indeclform,16.0,AuxY,5.391,particle indeclform,,,
15,ἐπαύσατο,παύω,v3saim---,"AorIngr, MidDir",16.0,PRED_CO,5.391,AorIngr,MidDir,,
16,ἠδὲ,ἠδέ,c--------,conj indeclform,0.0,COORD,5.391,conj indeclform,,,
17,γαλήνη,γαλήνη,n-s---fn-,NomSubj,18.0,SBJ,5.391,NomSubj,,,
18,ἔπλετο,πέλω,v3siie---,ImpfDesc,16.0,PRED_CO,5.392,ImpfDesc,,,
19,νηνεμίη,νηνέμιος,a-s---fn-,NomSubj,17.0,ATR,5.392,NomSubj,,,
20,·,·,u--------,,0.0,AuxK,5.392,,,,
1,ὁ,ὁ,p-s---mn-,"NomSubj, Pron4",5.0,SBJ,5.392,NomSubj,Pron4,,
2,δ',δέ,g--------,particle indeclform,0.0,COORD,5.392,particle indeclform,,,
3,ἄρα,ἄρα,g--------,particle indeclform,5.0,AuxY,5.392,particle indeclform,,,
4,σχεδὸν,σχεδόν,d--------,adv indeclform,16.0,ADV,5.392,adv indeclform,,,
5,εἴσιδε,εἰσοράω,v3saia---,Aor,2.0,PRED_CO,5.392,Aor,,,
6,γαῖαν,γαῖα,n-s---fa-,AccObj,5.0,OBJ,5.392,AccObj,,,
7,ὀξὺ,ὀξύς,a-s---na-,AccAdv; oxys-cunliffe-lex-3.a - very precise word sense,9.0,ADV,5.393,AccAdv; oxys-cunliffe-lex-3.a - very precise word sense,,,
8,μάλα,μάλα,d--------,adv indeclform,7.0,AuxZ,5.393,adv indeclform,,,
9,προϊδών,προεῖδον,v-sapamn-,"NomSubj, PartCirc.3",10.0,ADV_CO,5.393,NomSubj,PartCirc.3,,
10,",",",",u--------,,5.0,COORD,5.393,,,,
11,μεγάλου,μέγας,a-s---ng-,GenSep (Prep5),13.0,ATR,5.393,GenSep (Prep5),,,
12,ὑπὸ,ὑπό,r--------,Prep5; THIS IS HUPO + GEN OF AGENT -- BUT USED OF A THING; See Hainsworth comment; important to mention in learning grammar.,14.0,AuxP,5.393,Prep5; THIS IS HUPO + GEN OF AGENT -- BUT USED OF A THING; See Hainsworth comment; important to mention in learning grammar.,,,
13,κύματος,κῦμα,n-s---ng-,GenSep (Prep5),12.0,OBJ,5.393,GenSep (Prep5),,,
14,ἀρθείς,αἴρω,v-sappmn-,"NomSubj, PartCirc.4",10.0,ADV_CO,5.393,NomSubj,PartCirc.4,,
15,.,.,u--------,,0.0,AuxK,5.393,,,,
1,ὡς,ὡς,c--------,adv indeclform,52.0,ADV,5.394,adv indeclform,,,
2,δ',δέ,g--------,particle indeclform,0.0,COORD,5.394,particle indeclform,,,
3,ὅτ',ὅτε,c--------,conj indeclform,40.0,AuxC,5.394,conj indeclform,,,
4,ἂν,ἄν,g--------,particle indeclform,8.0,AuxZ,5.394,particle indeclform,,,
5,ἀσπάσιος,ἀσπάσιος,a-s---mn-,NomSubj,6.0,ATV,5.394,NomSubj,,,
6,βίοτος,βίοτος,n-s---mn-,NomSubj,8.0,SBJ,5.394,NomSubj,,,
7,παίδεσσι,παῖς,n-p---md-,DatVerb,8.0,OBJ,5.394,DatVerb,,,
8,φανήῃ,φαίνω,v3sasp---,"SubjSubor, Pass",52.0,ADV_CO,5.394,SubjSubor,Pass,,
9,πατρός,πατήρ,n-s---mg-,GenPos,6.0,ATR,5.395,GenPos,,,
10,",",",",u--------,,23.0,AuxX,5.395,,,,
11,ὃς,ὅς,p-s---mn-,"NomSubj, Pron8",14.0,SBJ,5.395,NomSubj,Pron8,,
12,ἐν,ἐν,r--------,Prep5,14.0,AuxP,5.395,Prep5,,,
13,νούσῳ,νόσος,n-s---fd-,DatMean (Prep5),12.0,ADV,5.395,DatMean (Prep5),,,
14,κεῖται,κεῖμαι,v3spie---,"PresIter, MidDir",23.0,ATR_CO,5.395,PresIter,MidDir,,
15,κρατέρ',κρατερός,a-p---na-,AccObj,16.0,ATR,5.395,AccObj,,,
16,ἄλγεα,ἄλγος,n-p---na-,AccObj,17.0,OBJ,5.395,AccObj,,,
17,πάσχων,πάσχω,v-sppamn-,"NomSubj, PartCirc.1",18.0,ADV_CO,5.395,NomSubj,PartCirc.1,,
18,",",",",u--------,,14.0,COORD,5.395,,,,
19,δηρὸν,δηρός,a-s---na-,AccAdv,20.0,ADV,5.396,AccAdv,,,
20,τηκόμενος,τήκω,v-sppemn-,"NomSubj, PartCirc.1",18.0,ADV_CO,5.396,NomSubj,PartCirc.1,,
21,",",",",u--------,,23.0,AuxX,5.396,,,,
22,στυγερὸς,στυγερός,a-s---mn-,NomSubj,26.0,ATR,5.396,NomSubj,,,
23,δέ,δέ,g--------,particle indeclform,9.0,COORD,5.396,particle indeclform,,,
24,οἱ,ἕ,p-s---md-,"DatVerb, Pron4",25.0,OBJ,5.396,DatVerb,Pron4,,
25,ἔχραε,χράω,v3siia---,AorGnom,23.0,ATR_CO,5.396,AorGnom,,,
26,δαίμων,δαίμων,n-s---mn-,NomSubj,25.0,SBJ,5.396,NomSubj,,,
27,",",",",u--------,,29.0,AuxX,5.396,,,,
28,ἀσπάσιον,ἀσπάσιος,a-s---ma-,AccObj,31.0,ATV,5.397,AccObj,,,
29,δ',δέ,g--------,particle indeclform,3.0,COORD,5.397,particle indeclform,,,
30,ἄρα,ἄρα,g--------,particle indeclform,35.0,AuxY,5.397,particle indeclform,,,
31,τόν,ὁ,p-s---ma-,AccObj,35.0,OBJ,5.397,AccObj,,,
32,γε,γε,g--------,particle indeclform,31.0,AuxZ,5.397,particle indeclform,,,
33,θεοὶ,θεός,n-p---mn-,NomSubj,35.0,SBJ,5.397,NomSubj,,,
34,κακότητος,κακότης,n-s---fg-,GenVerb.1,35.0,OBJ,5.397,GenVerb.1,,,
35,ἔλυσαν,λύω,v3paia---,AorGnom,52.0,ADV_CO,5.397,AorGnom,,,
36,",",",",u--------,,3.0,AuxX,5.397,,,,
37,ὣς,ὡς,d--------,adv indeclform,40.0,ADV,5.398,adv indeclform,,,
38,Ὀδυσεῖ,Ὀδυσσεύς,n-s---md-,DatVerb,40.0,OBJ,5.398,DatVerb,,,
39,ἀσπαστὸν,ἀσπαστός,a-s---nn-,NomSubj,40.0,ADV,5.398,NomSubj,,,
40,ἐείσατο,εἶδον,v3saim---,AorGnom,46.0,PRED_CO,5.398,AorGnom,,,
41,γαῖα,γαῖα,n-s---fn-,NomSubj,42.0,SBJ_CO,5.398,NomSubj,,,
42,καὶ,καί,c--------,conj indeclform,40.0,COORD,5.398,conj indeclform,,,
43,ὕλη,ὕλη,n-s---fn-,NomSubj,42.0,SBJ_CO,5.398,NomSubj,,,
44,",",",",u--------,,46.0,AuxX,5.398,,,,
45,νῆχε,νήχω,v3siia---,ImpfDesc,46.0,PRED_CO,5.399,ImpfDesc,,,
46,δ',δέ,g--------,particle indeclform,2.0,COORD,5.399,particle indeclform,,,
47,ἐπειγόμενος,ἐπείγω,v-sppemn-,"NomSubj, PartCirc.1",45.0,ADV,5.399,NomSubj,PartCirc.1,,
48,ποσὶν,πούς,n-p---md-,DatInstr,50.0,ADV,5.399,DatInstr,,,
49,ἠπείρου,ἤπειρος,n-s---fg-,GenVerb.7,50.0,OBJ,5.399,GenVerb.7,,,
50,ἐπιβῆναι,ἐπιβαίνω,v--ana---,InfDyn,47.0,OBJ,5.399,InfDyn,,,
51,.,.,u--------,,0.0,AuxK,5.399,,,,
1,ἀλλ',ἀλλά,d--------,adv indeclform,13.0,AuxY,5.4,adv indeclform,,,
2,ὅτε,ὅτε,c--------,conj indeclform,13.0,AuxC,5.4,conj indeclform,,,
3,τόσσον,τόσος,a-s---na-,AccAdv,4.0,ADV,5.4,AccAdv,,,
4,ἀπῆν,ἄπειμι,v3siia---,ImpfDesc,2.0,ATR,5.4,ImpfDesc,,,
5,ὅσσον,ὅσος,a-s---ma-,AccAdv,7.0,ADV,5.4,AccAdv,,,
6,τε,τε,g--------,particle indeclform,7.0,AuxY,5.4,particle indeclform,,,
7,γέγωνε,γέγωνα,v3sria---,Perf,3.0,ATR,5.4,Perf,,,
8,βοήσας,βοάω,v-sapamn-,"NomSubj, PartCirc.3",7.0,ADV,5.4,NomSubj,PartCirc.3,,
9,",",",",u--------,,2.0,AuxX,5.4,,,,
10,καὶ,καί,d--------,conj indeclform,13.0,AuxY,5.401,conj indeclform,,,
11,δὴ,δή,g--------,particle indeclform,13.0,AuxY,5.401,particle indeclform,,,
12,δοῦπον,δοῦπος,n-s---ma-,AccObj,13.0,OBJ,5.401,AccObj,,,
13,ἄκουσε,ἀκούω,v3saia---,Aor,0.0,PRED,5.401,Aor,,,
14,ποτὶ,πρός,r--------,Prep5,13.0,AuxP,5.401,Prep5,,,
15,σπιλάδεσσι,σπιλάς,n-p---fd-,DatLoc (Prep5),14.0,ATR,5.401,DatLoc (Prep5),,,
16,θαλάσσης,θάλασσα,n-s---fg-,GenSubj,12.0,ATR,5.401,GenSubj,,,
17,·,·,u--------,,0.0,AuxK,5.401,,,,
1,ῥόχθει,ῥοχθέω,v3siia---,ImpfDesc,12.0,PRED_CO,5.402,ImpfDesc,,,
2,γὰρ,γάρ,g--------,particle indeclform,1.0,AuxY,5.402,particle indeclform,,,
3,μέγα,μέγας,a-s---nn-,NomSubj,4.0,ATR,5.402,NomSubj,,,
4,κῦμα,κῦμα,n-s---nn-,NomSubj,1.0,SBJ,5.402,NomSubj,,,
5,ποτὶ,πρός,r--------,Prep5,1.0,AuxP,5.402,Prep5,,,
6,ξερὸν,ξερόν,n-s---na-,AccDirec.1 (Prep5),5.0,OBJ,5.402,AccDirec.1 (Prep5),,,
7,ἠπείροιο,ἤπειρος,n-s---fg-,GenPos,6.0,ATR,5.402,GenPos,,,
8,δεινὸν,δεινός,a-s---na-,AccAdv,9.0,ADV,5.403,AccAdv,,,
9,ἐρευγόμενον,ἐρεύγομαι,v-sppenn-,"NomSubj, PartCirc.1",1.0,ADV,5.403,NomSubj,PartCirc.1,,
10,",",",",u--------,,12.0,AuxX,5.403,,,,
11,εἴλυτο,εἰλύω,v3slie---,"Pperf, MidIndir",12.0,PRED_CO,5.403,Pperf,MidIndir,,
12,δὲ,δέ,g--------,particle indeclform,0.0,COORD,5.403,particle indeclform,,,
13,πάνθ',πᾶς,a-p---nn-,NomSubj,11.0,SBJ,5.403,NomSubj,,,
14,ἁλὸς,ἅλς,n-s---mg-,GenPos,15.0,ATR,5.403,GenPos,,,
15,ἄχνῃ,ἄχνη,n-s---fd-,DatAgent,11.0,ADV,5.403,DatAgent,,,
16,·,·,u--------,,0.0,AuxK,5.403,,,,
1,οὐ,οὐ,d--------,adv indeclform,3.0,AuxZ,5.404,adv indeclform,,,
2,γὰρ,γάρ,g--------,particle indeclform,3.0,AuxY,5.404,particle indeclform,,,
3,ἔσαν,εἰμί,v3piia---,ImpfDesc,9.0,PRED_CO,5.404,ImpfDesc,,,
4,λιμένες,λιμήν,n-p---mn-,NomPred,12.0,SBJ_AP,5.404,NomPred,,,
5,νηῶν,ναῦς,n-p---fg-,GenObj,6.0,ATR,5.404,GenObj,,,
6,ὄχοι,ὄχος,n-p---mn-,NomPred,12.0,SBJ_AP,5.404,NomPred,,,
7,",",",",u--------,,9.0,AuxX,5.404,,,,
8,οὐ,οὐ,d--------,adv indeclform,12.0,AuxZ,5.404,adv indeclform,,,
9,δ',δέ,g--------,particle indeclform,0.0,COORD,5.404,particle indeclform,,,
10,ἐπιωγαί,ἐπιωγαί,n-p---fn-,NomPred,12.0,SBJ,5.404,NomPred,,,
11,.,.,u--------,,0.0,AuxK,5.404,,,,
1,ἀλλ',ἀλλά,c--------,adv indeclform,0.0,COORD,5.405,adv indeclform,,,
2,ἀκταὶ,ἀκτή,n-p---fn-,NomPred,8.0,SBJ_CO,5.405,NomPred,,,
3,προβλῆτες,προβλής,n-p---fn-,NomPred,2.0,ATR,5.405,NomPred,,,
4,ἔσαν,εἰμί,v3piia---,ImpfDesc,1.0,PRED_CO,5.405,ImpfDesc,,,
5,σπιλάδες,σπιλάς,n-p---fn-,NomPred,8.0,SBJ_CO,5.405,NomPred,,,
6,τε,τε,g--------,particle indeclform,8.0,AuxY,5.405,particle indeclform,,,
7,πάγοι,πάγος,n-p---mn-,NomPred,8.0,SBJ_CO,5.405,NomPred,,,
8,τε,τε,g--------,particle indeclform,4.0,COORD,5.405,particle indeclform,,,
9,·,·,u--------,,0.0,AuxK,5.405,,,,
1,καὶ,καί,d--------,conj indeclform,4.0,AuxY,5.406,conj indeclform,,,
2,τότ',τότε,d--------,adv indeclform,4.0,ADV,5.406,adv indeclform,,,
3,Ὀδυσσῆος,Ὀδυσσεύς,n-s---mg-,GenPos,6.0,ATR,5.406,GenPos,,,
4,λύτο,λύω,v3saip---,"AorIngr, Pass",11.0,PRED_CO,5.406,AorIngr,Pass,,
5,γούνατα,γόνυ,n-p---nn-,NomSubj,6.0,SBJ_CO,5.406,NomSubj,,,
6,καὶ,καί,c--------,conj indeclform,4.0,COORD,5.406,conj indeclform,,,
7,φίλον,φίλος,a-s---nn-,NomSubj,8.0,ATR,5.406,NomSubj,,,
8,ἦτορ,ἦτορ,n-s---nn-,NomSubj,6.0,SBJ_CO,5.406,NomSubj,,,
9,",",",",u--------,,11.0,AuxX,5.406,,,,
10,ὀχθήσας,ὀχθέω,v-sapamn-,"NomSubj, PartCirc.4",13.0,ADV,5.407,NomSubj,PartCirc.4,,
11,δ',δέ,g--------,particle indeclform,0.0,COORD,5.407,particle indeclform,,,
12,ἄρα,ἄρα,g--------,particle indeclform,13.0,AuxY,5.407,particle indeclform,,,
13,εἶπε,εἶπον,v3saia---,Aor,11.0,PRED_CO,5.407,Aor,,,
14,πρὸς,πρός,r--------,Prep5,13.0,AuxP,5.407,Prep5,,,
15,ὃν,ἑός,a-s---ma-,"AccDirec.1 (Prep5), Pron3",17.0,ATR,5.407,AccDirec.1 (Prep5),Pron3,,
16,μεγαλήτορα,μεγαλήτωρ,n-s---ma-,AccDirec.1 (Prep5),17.0,ATR,5.407,AccDirec.1 (Prep5),,,
17,θυμόν,θυμός,n-s---ma-,AccDirec.1 (Prep5),14.0,OBJ,5.407,AccDirec.1 (Prep5),,,
18,·,·,u--------,,0.0,AuxK,5.407,,,,
1,&quot;,&quot;,u--------,,23.0,AuxG,5.408,,,,
2,ὤ,ὦ,i--------,exclam indeclform,3.0,AuxZ,5.408,exclam indeclform,,,
3,μοι,ἐγώ,p1s---md-,"DatEthic, Pron1",23.0,AuxY,5.408,DatEthic,Pron1,,
4,",",",",u--------,,3.0,AuxX,5.408,,,,
5,ἐπεὶ,ἐπεί,c--------,conj indeclform,23.0,AuxC,5.408,conj indeclform,,,
6,δὴ,δή,g--------,particle indeclform,9.0,AuxY,5.408,particle indeclform,,,
7,γαῖαν,γαῖα,n-s---fa-,AccObj,10.0,OBJ,5.408,AccObj,,,
8,ἀελπέα,ἀελπής,a-s---fa-,AccObj,7.0,ATR,5.408,AccObj,,,
9,δῶκεν,δίδωμι,v3saia---,Aor,13.0,ADV_CO,5.408,Aor,,,
10,ἰδέσθαι,εἶδον,v--anm---,InfDyn,9.0,OBJ,5.408,InfDyn,,,
11,Ζεύς,Ζεύς,n-s---mn-,NomSubj,9.0,SBJ,5.409,NomSubj,,,
12,",",",",u--------,,13.0,AuxX,5.409,,,,
13,καὶ,καί,c--------,conj indeclform,5.0,COORD,5.409,conj indeclform,,,
14,δὴ,δή,g--------,particle indeclform,18.0,AuxY,5.409,particle indeclform,,,
15,τόδε,ὅδε,p-s---na-,"AccObj, Pron4",16.0,ATR,5.409,AccObj,Pron4,,
16,λαῖτμα,λαῖτμα,n-s---na-,AccObj,18.0,OBJ,5.409,AccObj,,,
17,διατμήξας,διατμήγω,v-sapamn-,"NomSubj, PartCirc.3",18.0,ADV,5.409,NomSubj,PartCirc.3,,
18,ἐπέρησα,περάω,v1saia---,Aor,13.0,ADV_CO,5.409,Aor,,,
19,",",",",u--------,,5.0,AuxX,5.409,,,,
20,ἔκβασις,ἔκβασις,n-s---fn-,NomSubj,23.0,SBJ,5.41,NomSubj,,,
21,οὔ,οὐ,d--------,adv indeclform,23.0,AuxZ,5.41,adv indeclform,,,
22,πῃ,πη,g--------,particle indeclform,23.0,ADV,5.41,particle indeclform,,,
23,φαίνεθ',φαίνω,v3spie---,"Pres, MidDir",0.0,PRED,5.41,Pres,MidDir,,
24,ἁλὸς,ἅλς,n-s---mg-,GenSep,20.0,ATR,5.41,GenSep,,,
25,πολιοῖο,πολιός,a-s---mg-,GenSep,24.0,ATR,5.41,GenSep,,,
26,θύραζε,θύραζε,d--------,adv indeclform,20.0,ATR,5.41,adv indeclform,,,
27,·,·,u--------,,0.0,AuxK,5.41,,,,
1,ἔκτοσθεν,ἔκτοσθε,d--------,adv indeclform,33.0,ADV,5.411,adv indeclform,,,
2,μὲν,μέν,g--------,particle indeclform,33.0,AuxY,5.411,particle indeclform,,,
3,γὰρ,γάρ,g--------,particle indeclform,22.0,AuxY,5.411,particle indeclform,,,
4,πάγοι,πάγος,n-p---mn-,NomPred,33.0,SBJ,5.411,NomPred,,,
5,ὀξέες,ὀξύς,a-p---mn-,NomPred,4.0,ATR,5.411,NomPred,,,
6,",",",",u--------,,22.0,AuxX,5.411,,,,
7,ἀμφὶ,ἀμφί,d--------,adv indeclform,10.0,ADV,5.411,adv indeclform,,,
8,δὲ,δέ,g--------,particle indeclform,22.0,AuxY,5.411,particle indeclform,,,
9,κῦμα,κῦμα,n-s---nn-,NomSubj,10.0,SBJ,5.411,NomSubj,,,
10,βέβρυχεν,βρυχάομαι,v3sria---,PerfInten,22.0,PRED_CO,5.412,PerfInten,,,
11,ῥόθιον,ῥόθιος,a-s---nn-,NomSubj,9.0,ATR,5.412,NomSubj,,,
12,",",",",u--------,,22.0,AuxX,5.412,,,,
13,λισσὴ,λισσός,a-s---fn-,NomSubj,16.0,ATR,5.412,NomSubj,,,
14,δ',δέ,g--------,particle indeclform,22.0,AuxY,5.412,particle indeclform,,,
15,ἀναδέδρομε,ἀνατρέχω,v3sria---,Perf,22.0,PRED_CO,5.412,Perf,,,
16,πέτρη,πέτρα,n-s---fn-,NomSubj,15.0,SBJ,5.412,NomSubj,,,
17,",",",",u--------,,22.0,AuxX,5.412,,,,
18,ἀγχιβαθὴς,ἀγχιβαθής,a-s---fn-,NomPred,34.0,PNOM,5.413,NomPred,,,
19,δὲ,δέ,g--------,particle indeclform,22.0,AuxY,5.413,particle indeclform,,,
20,θάλασσα,θάλασσα,n-s---fn-,NomSubj,34.0,SBJ,5.413,NomSubj,,,
21,",",",",u--------,,22.0,AuxX,5.413,,,,
22,καὶ,καί,c--------,conj indeclform,0.0,COORD,5.413,conj indeclform,,,
23,οὔ,οὐ,d--------,adv indeclform,25.0,AuxZ,5.413,adv indeclform,,,
24,πως,πως,g--------,particle indeclform,25.0,ADV,5.413,particle indeclform,,,
25,ἔστι,εἰμί,v3spia---,"PresCona, Ind, Act",22.0,PRED_CO,5.413,PresCona,Ind,Act,
26,πόδεσσι,πούς,n-p---md-,DatInstr,27.0,ADV,5.413,DatInstr,,,
27,στήμεναι,ἵστημι,v--ana---,InfDyn,29.0,SBJ_CO,5.414,InfDyn,,,
28,ἀμφοτέροισι,ἀμφότερος,a-p---md-,DatInstr,26.0,ATR,5.414,DatInstr,,,
29,καὶ,καί,c--------,conj indeclform,25.0,COORD,5.414,conj indeclform,,,
30,ἐκφυγέειν,ἐκφεύγω,v--ana---,InfDyn,29.0,SBJ_CO,5.414,InfDyn,,,
31,κακότητα,κακότης,n-s---fa-,AccObj,30.0,OBJ,5.414,AccObj,,,
32,·,·,u--------,,0.0,AuxK,5.414,,,,
1,μή,μή,d--------,Subcl3 ,5.0,AuxZ,5.415,Subcl3,,,
2,πώς,πως,g--------,particle indeclform,5.0,ADV,5.415,particle indeclform,,,
3,μ',ἐγώ,p1s---ma-,"AccObj, Pron1",5.0,OBJ,5.415,AccObj,Pron1,,
4,ἐκβαίνοντα,ἐκβαίνω,v-sppama-,"AccObj, PartCirc.7",3.0,ATV,5.415,AccObj,PartCirc.7,,
5,βάλῃ,βάλλω,v3sasa---,Subcl3,0.0,PRED,5.415,Subcl3,,,
6,λίθακι,λίθαξ,n-s---fd-,DatLoc (Prep5),8.0,ATR,5.415,DatLoc (Prep5),,,
7,ποτὶ,πρός,r--------,Prep5,5.0,AuxP,5.415,Prep5,,,
8,πέτρῃ,πέτρα,n-s---fd-,DatLoc (Prep5),7.0,ADV,5.415,DatLoc (Prep5),,,
9,κῦμα,κῦμα,n-s---nn-,NomSubj,5.0,SBJ,5.416,NomSubj,,,
10,μέγ',μέγας,a-s---nn-,NomSubj,9.0,ATR,5.416,NomSubj,,,
11,ἁρπάξαν,ἁρπάζω,v-sapana-,"NomSubj, PartCirc.3",5.0,ADV,5.416,NomSubj,PartCirc.3,,
12,·,·,u--------,,0.0,AuxK,5.416,,,,
1,μελέη,μέλεος,a-s---fn-,NomPred,4.0,PNOM,5.416,NomPred,,,
2,δέ,δέ,g--------,particle indeclform,0.0,COORD,5.416,particle indeclform,,,
3,μοι,ἐγώ,p1s---md-,"DatPos, Pron1",5.0,ATR,5.416,DatPos,Pron1,,
4,ἔσσεται,εἰμί,v3sfi----,Fut,2.0,PRED_CO,5.416,Fut,,,
5,ὁρμή,ὁρμή,n-s---fn-,NomSubj,4.0,SBJ,5.416,NomSubj,,,
6,.,.,u--------,,0.0,AuxK,5.416,,,,
1,εἰ,εἰ,c--------,conj indeclform,18.0,AuxC,5.417,conj indeclform,,,
2,δέ,δέ,g--------,particle indeclform,0.0,COORD,5.417,particle indeclform,,,
3,κ',ἄν,g--------,particle indeclform,6.0,AuxZ,5.417,particle indeclform,,,
4,ἔτι,ἔτι,d--------,adv indeclform,5.0,AuxZ,5.417,adv indeclform,,,
5,προτέρω,προτέρω,d--------,adv indeclform,6.0,OBJ,5.417,adv indeclform,,,
6,παρανήξομαι,παρανήχομαι,v1sasm---,SubjSubor- mixed conditional?,1.0,ADV,5.417,SubjSubor- mixed conditional?,,,
7,",",",",u--------,,8.0,AuxX,5.417,,,,
8,ἤν,ἐάν,c--------,conj indeclform,6.0,AuxC,5.417,conj indeclform,,,
9,που,πού,d--------,adv indeclform,10.0,ADV,5.417,adv indeclform,,,
10,ἐφεύρω,ἐφευρίσκω,v1sasa---,SubjSubor- mixed conditional?,8.0,ADV,5.417,SubjSubor- mixed conditional?,,,
11,ἠιόνας,ἠιών,n-p---fa-,AccObj,15.0,OBJ_CO,5.418,AccObj,,,
12,τε,τε,g--------,particle indeclform,15.0,AuxY,5.418,particle indeclform,,,
13,παραπλῆγας,παραπλήξ,n-p---fa-,AccObj,11.0,ATR,5.418,AccObj,,,
14,λιμένας,λιμήν,n-p---ma-,AccObj,15.0,OBJ_CO,5.418,AccObj,,,
15,τε,τε,g--------,particle indeclform,10.0,COORD,5.418,particle indeclform,,,
16,θαλάσσης,θάλασσα,n-s---fg-,GenSep,14.0,ATR,5.418,GenSep,,,
17,",",",",u--------,,1.0,AuxX,5.418,,,,
18,δείδω,δείδω,v1spia---,"Pres, Ind, Act",2.0,PRED_CO,5.419,Pres,Ind,Act,
19,μή,μή,c--------,Subcl3,18.0,AuxC,5.419,Subcl3,,,
20,μ',ἐγώ,p1s---ma-,"AccObj, Pron1",27.0,OBJ,5.419,AccObj,Pron1,,
21,ἐξαῦτις,ἐξαῦτις,d--------,adv indeclform,22.0,ADV,5.419,adv indeclform,,,
22,ἀναρπάξασα,ἀναρπάζω,v-sapafn-,"NomSubj, PartCirc.3",27.0,ADV,5.419,NomSubj,PartCirc.3,,
23,θύελλα,θύελλα,n-s---fn-,NomSubj,27.0,SBJ,5.419,NomSubj,,,
24,πόντον,πόντος,n-s---ma-,AccDirec.1 (Prep5),25.0,OBJ,5.42,AccDirec.1 (Prep5),,,
25,ἐπ',ἐπί,r--------,Prep5,27.0,AuxP,5.42,Prep5,,,
26,ἰχθυόεντα,ἰχθυόεις,a-s---ma-,AccDirec.1 (Prep5),24.0,ATR,5.42,AccDirec.1 (Prep5),,,
27,φέρῃ,φέρω,v3spsa---,"SubjSubor (Subcl3), Pres.1",31.0,OBJ_CO,5.42,SubjSubor (Subcl3),Pres.1,,
28,βαρέα,βαρύς,a-p---na-,AccAdv,29.0,ADV,5.42,AccAdv,,,
29,στενάχοντα,στενάχω,v-sppama-,"AccObj, PartCirc.1",20.0,ATV,5.42,AccObj,PartCirc.1,,
30,",",",",u--------,,31.0,AuxX,5.42,,,,
31,ἠέ,ἤ,c--------,conj indeclform,19.0,COORD,5.421,conj indeclform,,,
32,τί,τις,p-s---na-,"AccObj, Pron6",35.0,ATR,5.421,AccObj,Pron6,,
33,μοι,ἐγώ,p1s---md-,DatVerb,36.0,OBJ,5.421,DatVerb,,,
34,καὶ,καί,d--------,conj indeclform,35.0,AuxZ,5.421,conj indeclform,,,
35,κῆτος,κῆτος,n-s---na-,AccObj,36.0,OBJ,5.421,AccObj,,,
36,ἐπισσεύῃ,ἐπισεύω,v3spsa---,"SubjSubor (Subcl3), Pres.1",31.0,OBJ_CO,5.421,SubjSubor (Subcl3),Pres.1,,
37,μέγα,μέγας,a-s---na-,AccObj,35.0,ATR,5.421,AccObj,,,
38,δαίμων,δαίμων,n-s---mn-,NomSubj,36.0,SBJ,5.421,NomSubj,,,
39,ἐξ,ἐκ,r--------,Prep3,36.0,AuxP,5.422,Prep3,,,
40,ἁλός,ἅλς,n-s---mg-,GenSep (Prep3),39.0,OBJ,5.422,GenSep (Prep3),,,
41,",",",",u--------,,45.0,AuxX,5.422,,,,
42,οἷά,οἷος,a-p---na-,"AccObj, Pron8",45.0,OBJ,5.422,AccObj,Pron8,,
43,τε,τε,g--------,particle indeclform,45.0,AuxY,5.422,particle indeclform,,,
44,πολλὰ,πολύς,a-p---na-,AccObj,42.0,ATV,5.422,AccObj,,,
45,τρέφει,τρέφω,v3spia---,PresIter.1.,35.0,ATR,5.422,PresIter.1.,,,
46,κλυτὸς,κλυτός,a-s---fn-,NomSubj,47.0,ATR,5.422,NomSubj,,,
47,Ἀμφιτρίτη,Ἀμφιτρίτη,n-s---fn-,NomSubj,45.0,SBJ,5.422,NomSubj,,,
48,·,·,u--------,,0.0,AuxK,5.422,,,,
1,οἶδα,οἶδα,v1sria---,Perf,0.0,PRED,5.423,Perf,,,
2,γάρ,γάρ,g--------,particle indeclform,1.0,AuxY,5.423,particle indeclform,,,
3,",",",",u--------,,4.0,AuxX,5.423,,,,
4,ὥς,ὡς,c--------,adv indeclform,1.0,AuxC,5.423,adv indeclform,,,
5,μοι,ἐγώ,p1s---md-,"DatVerb, Pron1",6.0,OBJ,5.423,DatVerb,Pron1,,
6,ὀδώδυσται,ὀδύσσομαι,v3srie---,"Perf, MidMent",4.0,OBJ,5.423,Perf,MidMent,,
7,κλυτὸς,κλυτός,a-s---mn-,NomSubj,8.0,ATR,5.423,NomSubj,,,
8,ἐννοσίγαιος,Ἐννοσίγαιος,n-s---mn-,NomSubj,6.0,SBJ,5.423,NomSubj,,,
9,.,.,u--------,,0.0,AuxK,5.423,,,,
10,&quot;,&quot;,u--------,,1.0,AuxG,5.423,,,,
1,ἧος,ἕως,c--------,conj indeclform,16.0,AuxC,5.424,conj indeclform,,,
2,ὁ,ὁ,p-s---mn-,"NomSubj, Pron4",4.0,SBJ,5.424,NomSubj,Pron4,,
3,ταῦθ',οὗτος,a-p---na-,"AccObj, Pron4",4.0,OBJ,5.424,AccObj,Pron4,,
4,ὥρμαινε,ὁρμαίνω,v3siia---,Impf,1.0,ADV,5.424,Impf,,,
5,κατὰ,κατά,r--------,Prep5,7.0,AuxP,5.424,Prep5,,,
6,φρένα,φρήν,n-s---fa-,AccDirec.1 (Prep5),5.0,ADV_CO,5.424,AccDirec.1 (Prep5),,,
7,καὶ,καί,c--------,conj indeclform,4.0,COORD,5.424,conj indeclform,,,
8,κατὰ,κατά,r--------,Prep5,7.0,AuxP,5.424,Prep5,,,
9,θυμόν,θυμός,n-s---ma-,AccDirec.1 (Prep5),8.0,ADV_CO,5.424,AccDirec.1 (Prep5),,,
10,",",",",u--------,,1.0,AuxX,5.424,,,,
11,τόφρα,τόφρα,d--------,adv indeclform,16.0,ADV,5.425,adv indeclform,,,
12,δέ,δέ,g--------,particle indeclform,0.0,COORD,5.425,particle indeclform,,,
13,μιν,μιν,p-s---ma-,"AccObj, Pron4",16.0,OBJ,5.425,AccObj,Pron4,,
14,μέγα,μέγας,a-s---nn-,NomSubj,15.0,ATR,5.425,NomSubj,,,
15,κῦμα,κῦμα,n-s---nn-,NomSubj,16.0,SBJ,5.425,NomSubj,,,
16,φέρε,φέρω,v3siia---,ImpfCons,12.0,PRED_CO,5.425,ImpfCons,,,
17,τρηχεῖαν,τραχύς,a-s---fa-,AccDirec.1 (Prep5),19.0,ATR,5.425,AccDirec.1 (Prep5),,,
18,ἐπ',ἐπί,r--------,Prep5,16.0,AuxP,5.425,Prep5,,,
19,ἀκτήν,ἀκτή,n-s---fa-,AccDirec.1 (Prep5),18.0,OBJ,5.425,AccDirec.1 (Prep5),,,
20,.,.,u--------,,0.0,AuxK,5.425,,,,
1,ἔνθα,ἔνθα,d--------,adv indeclform,8.0,ADV,5.426,adv indeclform,,,
2,κ',ἄν,g--------,particle indeclform,8.0,AuxZ,5.426,particle indeclform,,,
3,ἀπὸ,ἀπό,r--------,tmesis,5.0,AuxZ,5.426,tmesis,,,
4,ῥινοὺς,ῥινός,n-p---fa-,AccResp,5.0,OBJ,5.426,AccResp,,,
5,δρύφθη,δρύπτω,v3saip---,"AorIngr, Pass",8.0,PRED_CO,5.426,AorIngr,Pass,,
6,",",",",u--------,,8.0,AuxX,5.426,,,,
7,σὺν,σύν,r--------,tmesis,10.0,AuxZ,5.426,tmesis,,,
8,δ',δέ,g--------,particle indeclform,0.0,COORD,5.426,particle indeclform,,,
9,ὀστέ',ὀστέον,n-p---nn-,NomSubj,10.0,SBJ,5.426,NomSubj,,,
10,ἀράχθη,ἀράσσω,v3saip---,"AorIngr, Pass",8.0,PRED_CO,5.426,AorIngr,Pass,,
11,",",",",u--------,,12.0,AuxX,5.426,,,,
12,εἰ,εἰ,c--------,Cond1,8.0,AuxC,5.427,Cond1,,,
13,μὴ,μή,g--------,adv indeclform,16.0,AuxZ,5.427,adv indeclform,,,
14,ἐπὶ,ἐπί,r--------,Prep3,16.0,AuxP,5.427,Prep3,,,
15,φρεσὶ,φρήν,n-p----d-,DatLoc (Prep3),14.0,OBJ,5.427,DatLoc (Prep3),,,
16,θῆκε,τίθημι,v3saia---,AorIngr,12.0,ADV,5.427,AorIngr,,,
17,θεά,θεά,n-s---fn-,NomSubj,18.0,SBJ_AP,5.427,NomSubj,,,
18,",",",",u--------,,16.0,APOS,5.427,,,,
19,γλαυκῶπις,γλαυκῶπις,a-s---fn-,NomInd,20.0,ATR,5.427,NomInd,,,
20,Ἀθήνη,Ἀθήνη,n-s---fn-,NomInd,18.0,SBJ_AP,5.427,NomInd,,,
21,·,·,u--------,,0.0,AuxK,5.427,,,,
1,ἀμφοτέρῃσι,ἀμφότερος,a-p---fd-,DatInstr,3.0,ATR,5.428,DatInstr,,,
2,δὲ,δέ,g--------,particle indeclform,0.0,COORD,5.428,particle indeclform,,,
3,χερσὶν,χείρ,n-p---fd-,DatInstr,5.0,ADV,5.428,DatInstr,,,
4,ἐπεσσύμενος,ἐπισεύω,v-srpemn-,"NomSubj, PartAttr",5.0,ADV,5.428,NomSubj,PartAttr,,
5,λάβε,λαμβάνω,v3saia---,AorIngr,2.0,PRED_CO,5.428,AorIngr,,,
6,πέτρης,πέτρα,n-s---fg-,GenVerb.3,5.0,OBJ,5.428,GenVerb.3,,,
7,",",",",u--------,,9.0,AuxX,5.428,,,,
8,τῆς,ὁ,p-s---fg-,"GenVerb.3, Pron8",9.0,OBJ,5.429,GenVerb.3,Pron8,,
9,ἔχετο,ἔχω,v3siie---,"Impf, MidIndir",6.0,ATR,5.429,Impf,MidIndir,,
10,στενάχων,στενάχω,v-sppamn-,"NomSubj, PartAttr",9.0,ADV,5.429,NomSubj,PartAttr,,
11,",",",",u--------,,12.0,AuxX,5.429,,,,
12,ἧος,ἕως,c--------,conj indeclform,9.0,AuxC,5.429,conj indeclform,,,
13,μέγα,μέγας,a-s---nn-,NomSubj,14.0,ATR,5.429,NomSubj,,,
14,κῦμα,κῦμα,n-s---nn-,NomSubj,15.0,SBJ,5.429,NomSubj,,,
15,παρῆλθε,παρέρχομαι,v3saia---,Aor,12.0,ADV,5.429,Aor,,,
16,.,.,u--------,,0.0,AuxK,5.429,,,,
1,καὶ,καί,d--------,conj indeclform,5.0,AuxY,5.43,conj indeclform,,,
2,τὸ,ὁ,p-s---na-,"AccObj, Pron4",5.0,OBJ,5.43,AccObj,Pron4,,
3,μὲν,μέν,g--------,particle indeclform,15.0,AuxY,5.43,particle indeclform,,,
4,ὣς,ὡς,d--------,adv indeclform,5.0,ADV,5.43,adv indeclform,,,
5,ὑπάλυξε,ὑπαλύσκω,v3saia---,Aor,15.0,PRED_CO,5.43,Aor,,,
6,",",",",u--------,,15.0,AuxX,5.43,,,,
7,παλιρρόθιον,παλιρρόθιος,a-s---nn-,"NomSubj, PartCirc.7",11.0,AtvV,5.43,NomSubj,PartCirc.7,,
8,δέ,δέ,g--------,particle indeclform,15.0,AuxY,5.43,particle indeclform,,,
9,μιν,μιν,p-s---ma-,"AccObj, Pron4",11.0,OBJ,5.43,AccObj,Pron4,,
10,αὖτις,αὖθις,d--------,adv indeclform,11.0,ADV,5.43,adv indeclform,,,
11,πλῆξεν,πλήσσω,v3saia---,AorIngr,15.0,PRED_CO,5.431,AorIngr,,,
12,ἐπεσσύμενον,ἐπισεύω,v-sppenn-,"NomSubj, PartCirc.4",11.0,ADV,5.431,NomSubj,PartCirc.4,,
13,",",",",u--------,,15.0,AuxX,5.431,,,,
14,τηλοῦ,τηλοῦ,d--------,adv indeclform,17.0,ADV,5.431,adv indeclform,,,
15,δέ,δέ,g--------,particle indeclform,0.0,COORD,5.431,particle indeclform,,,
16,μιν,μιν,p-s---ma-,"AccObj, Pron4",17.0,OBJ,5.431,AccObj,Pron4,,
17,ἔμβαλε,ἐμβάλλω,v3saia---,AorIngr,15.0,PRED_CO,5.431,AorIngr,,,
18,πόντῳ,πόντος,n-s---md-,DatLoc,17.0,OBJ,5.431,DatLoc,,,
19,.,.,u--------,,0.0,AuxK,5.431,,,,
1,ὡς,ὡς,c--------,adv indeclform,11.0,ADV,5.432,adv indeclform,,,
2,δ',δέ,g--------,particle indeclform,0.0,COORD,5.432,particle indeclform,,,
3,ὅτε,ὅτε,c--------,conj indeclform,21.0,AuxC,5.432,conj indeclform,,,
4,πουλύποδος,πολύπους,n-s---mg-,GenAbs,8.0,SBJ,5.432,GenAbs,,,
5,θαλάμης,θαλάμη,n-s---fg-,GenSep,6.0,OBJ,5.432,GenSep,,,
6,ἐξελκομένοιο,ἐξέλκω,v-sppemg-,PartGen,4.0,ATV,5.432,PartGen,,,
7,πρὸς,πρός,r--------,Prep5,11.0,AuxP,5.433,Prep5,,,
8,κοτυληδονόφιν,κοτυληδών,n-p----d-,DatLoc (Prep5),7.0,ADV,5.433,DatLoc (Prep5),,,
9,πυκιναὶ,πυκνός,a-p---fn-,DatLoc (Prep5),10.0,ATR,5.433,DatLoc (Prep5),,,
10,λάιγγες,λᾶιγξ,n-p---fn-,NomSubj,11.0,SBJ,5.433,NomSubj,,,
11,ἔχονται,ἔχω,v3ppie---,"PresIter.1., MidDir",21.0,ADV,5.433,PresIter.1.,MidDir,,
12,",",",",u--------,,3.0,AuxX,5.433,,,,
13,ὣς,ὡς,d--------,adv indeclform,21.0,ADV,5.434,adv indeclform,,,
14,τοῦ,ὁ,p-s---mg-,"GenPos, Pron4",19.0,ATR,5.434,GenPos,Pron4,,
15,πρὸς,πρός,r--------,Prep5,21.0,AuxP,5.434,Prep5,,,
16,πέτρῃσι,πέτρα,n-p---fd-,DatLoc (Prep5),15.0,ADV,5.434,DatLoc (Prep5),,,
17,θρασειάων,θρασύς,a-p---fg-,GenSep (Prep5),19.0,ATR,5.434,GenSep (Prep5),,,
18,ἀπὸ,ἀπό,r--------,Prep5,21.0,AuxP,5.434,Prep5,,,
19,χειρῶν,χείρ,n-p---fg-,GenSep (Prep5),18.0,OBJ,5.434,GenSep (Prep5),,,
20,ῥινοὶ,ῥινός,n-p---fn-,NomSubj,21.0,SBJ,5.435,NomSubj,,,
21,ἀπέδρυφθεν,ἀποδρύπτω,v3paip---,"AorGnom, Pass",2.0,PRED_CO,5.435,AorGnom,Pass,,
22,·,·,u--------,,0.0,AuxK,5.435,,,,
1,τὸν,ὁ,p-s---ma-,"AccObj, Pron4",5.0,OBJ,5.435,AccObj,Pron4,,
2,δὲ,δέ,g--------,particle indeclform,0.0,COORD,5.435,particle indeclform,,,
3,μέγα,μέγας,a-s---nn-,NomSubj,4.0,ATR,5.435,NomSubj,,,
4,κῦμα,κῦμα,n-s---nn-,NomSubj,5.0,SBJ,5.435,NomSubj,,,
5,κάλυψεν,καλύπτω,v3saia---,AorIngr,2.0,PRED_CO,5.435,AorIngr,,,
6,.,.,u--------,,0.0,AuxK,5.435,,,,
1,ἔνθα,ἔνθα,d--------,adv indeclform,7.0,ADV,5.436,adv indeclform,,,
2,κε,ἄν,g--------,Cond4,7.0,AuxZ,5.436,Cond4,,,
3,δὴ,δή,g--------,particle indeclform,7.0,AuxY,5.436,particle indeclform,,,
4,δύστηνος,δύστηνος,a-s---mn-,NomSubj,8.0,ATR,5.436,NomSubj,,,
5,ὑπὲρ,ὑπέρ,r--------,Prep5,7.0,AuxP,5.436,Prep5,,,
6,μόρον,μόρος,n-s---ma-,AccDirec.1 (Prep5),5.0,ADV,5.436,AccDirec.1 (Prep5),,,
7,ὤλετ',ὄλλυμι,v3saim---,"AorIngr, MidDir",0.0,PRED,5.436,AorIngr,MidDir,,
8,Ὀδυσσεύς,Ὀδυσσεύς,n-s---mn-,NomSubj,7.0,SBJ,5.436,NomSubj,,,
9,",",",",u--------,,10.0,AuxX,5.436,,,,
10,εἰ,εἰ,c--------,Cond4,7.0,AuxC,5.437,Cond4,,,
11,μὴ,μή,g--------,particle indeclform,13.0,AuxZ,5.437,particle indeclform,,,
12,ἐπιφροσύνην,ἐπιφροσύνη,n-s---fa-,AccObj,13.0,OBJ,5.437,AccObj,,,
13,δῶκε,δίδωμι,v3saia---,Aor,10.0,ADV,5.437,Aor,,,
14,γλαυκῶπις,γλαυκῶπις,a-s---fn-,NomSubj,15.0,ATR,5.437,NomSubj,,,
15,Ἀθήνη,Ἀθήνη,n-s---fn-,NomSubj,13.0,SBJ,5.437,NomSubj,,,
16,.,.,u--------,,0.0,AuxK,5.437,,,,
1,κύματος,κῦμα,n-s---ng-,GenSep,2.0,OBJ,5.438,GenSep,,,
2,ἐξαναδύς,ἐξαναδύομαι,v-sapamn-,"NomSubj, PartCirc.7",9.0,ADV,5.438,NomSubj,PartCirc.7,,
3,",",",",u--------,,6.0,AuxX,5.438,,,,
4,τά,ὁ,p-p---nn-,"NomSubj, Pron8",6.0,SBJ,5.438,NomSubj,Pron8,,
5,τ',τε,g--------,particle indeclform,6.0,AuxY,5.438,particle indeclform,,,
6,ἐρεύγεται,ἐρεύγομαι,v3spie---,PresIter,1.0,ATR,5.438,PresIter,,,
7,ἤπειρόνδε,ἤπειρόνδε,d--------,AccDirec.1,6.0,OBJ,5.438,AccDirec.1,,,
8,",",",",u--------,,2.0,AuxX,5.438,,,,
9,νῆχε,νήχω,v3siia---,ImpfCons,0.0,PRED,5.439,ImpfCons,,,
10,παρέξ,παρέξ,d--------,adv indeclform,9.0,ADV,5.439,adv indeclform,,,
11,",",",",u--------,,14.0,AuxX,5.439,,,,
12,ἐς,εἰς,r--------,Prep3,14.0,AuxP,5.439,Prep3,,,
13,γαῖαν,γαῖα,n-s---fa-,AccDirec.1 (Prep3),12.0,OBJ,5.439,AccDirec.1 (Prep3),,,
14,ὁρώμενος,ὁράω,v-sppemn-,"NomSubj, PartCirc.2",9.0,ADV,5.439,NomSubj,PartCirc.2,,
15,",",",",u--------,,16.0,AuxX,5.439,,,,
16,εἴ,εἰ,c--------,conj indeclform,14.0,AuxC,5.439,conj indeclform,,,
17,που,πού,d--------,adv indeclform,16.0,AuxY,5.439,adv indeclform,,,
18,ἐφεύροι,ἐφευρίσκω,v3saoa---,OptPoten,16.0,OBJ,5.439,OptPoten,,,
19,ἠιόνας,ἠιών,n-p---fa-,AccObj,23.0,OBJ_CO,5.44,AccObj,,,
20,τε,τε,g--------,particle indeclform,23.0,AuxY,5.44,particle indeclform,,,
21,παραπλῆγας,παραπλήξ,n-p---fa-,AccObj,19.0,ATR,5.44,AccObj,,,
22,λιμένας,λιμήν,n-p---ma-,AccObj,23.0,OBJ_CO,5.44,AccObj,,,
23,τε,τε,g--------,particle indeclform,18.0,COORD,5.44,particle indeclform,,,
24,θαλάσσης,θάλασσα,n-s---fg-,GenSep,22.0,ATR,5.44,GenSep,,,
25,.,.,u--------,,0.0,AuxK,5.44,,,,
1,ἀλλ',ἀλλά,d--------,adv indeclform,30.0,AuxY,5.441,adv indeclform,,,
2,ὅτε,ὅτε,c--------,conj indeclform,30.0,AuxC,5.441,conj indeclform,,,
3,δὴ,δή,g--------,particle indeclform,8.0,AuxY,5.441,particle indeclform,,,
4,ποταμοῖο,ποταμός,n-s---mg-,GenPos,6.0,ATR,5.441,GenPos,,,
5,κατὰ,κατά,r--------,Prep5,8.0,AuxP,5.441,Prep5,,,
6,στόμα,στόμα,n-s---na-,AccDirec.1 (Prep5),5.0,OBJ,5.441,AccDirec.1 (Prep5),,,
7,καλλιρόοιο,καλλίρους,a-s---mg-,GenPos,4.0,ATR,5.441,GenPos,,,
8,ἷξε,ἵκω,v3saia---,Aor,2.0,ADV,5.442,Aor,,,
9,νέων,νέω,v-sppamn-,"NomSubj, PartCirc.3",8.0,ADV,5.442,NomSubj,PartCirc.3,,
10,",",",",u--------,,21.0,AuxX,5.442,,,,
11,τῇ,τῇ,d--------,adv indeclform,14.0,ADV,5.442,adv indeclform,,,
12,δή,δή,g--------,particle indeclform,13.0,AuxY,5.442,particle indeclform,,,
13,οἱ,ἕ,p-s---md-,"DatVerb, Pron4",14.0,OBJ,5.442,DatVerb,Pron4,,
14,ἐείσατο,εἶδον,v3saim---,AorIngr,21.0,ATR_CO,5.442,AorIngr,,,
15,χῶρος,χῶρος,n-s---mn-,NomSubj,14.0,SBJ,5.442,NomSubj,,,
16,ἄριστος,ἄριστος,a-s---mn-,NomPred,15.0,ATR,5.442,NomPred,,,
17,",",",",u--------,,18.0,AuxX,5.442,,,,
18,λεῖος,λεῖος,a-s---mn-,NomPred,15.0,ATR,5.443,NomPred,,,
19,πετράων,πέτρα,n-p---fg-,GenObj.6,18.0,ATR,5.443,GenObj.6,,,
20,",",",",u--------,,21.0,AuxX,5.443,,,,
21,καὶ,καί,c--------,conj indeclform,6.0,COORD,5.443,conj indeclform,,,
22,ἐπὶ,ἐπί,r--------,prep indeclform [adverbial use],24.0,AuxZ,5.443,prep indeclform [adverbial use],,,
23,σκέπας,σκέπας,n-s---nn-,NomPred,24.0,SBJ,5.443,NomPred,,,
24,ἦν,εἰμί,v3siia---,ImpfDesc,21.0,ATR_CO,5.443,ImpfDesc,,,
25,ἀνέμοιο,ἄνεμος,n-s---mg-,GenObj.6 ,23.0,ATR,5.443,GenObj.6,,,
26,",",",",u--------,,2.0,AuxX,5.443,,,,
27,ἔγνω,γιγνώσκω,v3saia---,AorIngr,30.0,PRED_CO,5.444,AorIngr,,,
28,δὲ,δέ,g--------,particle indeclform,30.0,AuxY,5.444,particle indeclform,,,
29,προρέοντα,προρέω,v-sppama-,"AccObj, PartAttr",27.0,AtvV,5.444,AccObj,PartAttr,,
30,καὶ,καί,c--------,conj indeclform,0.0,COORD,5.444,conj indeclform,,,
31,εὔξατο,εὔχομαι,v3saim---,Aor,30.0,PRED_CO,5.444,Aor,,,
32,ὃν,ἑός,a-s---ma-,"AccDirec.1 (Prep5), Pron3",34.0,ATR,5.444,AccDirec.1 (Prep5),Pron3,,
33,κατὰ,κατά,r--------,Prep5,31.0,AuxP,5.444,Prep5,,,
34,θυμόν,θυμός,n-s---ma-,AccDirec.1 (Prep5),33.0,ADV,5.444,AccDirec.1 (Prep5),,,
35,·,·,u--------,,0.0,AuxK,5.444,,,,
1,&quot;,&quot;,u--------,,2.0,AuxG,5.445,,,,
2,κλῦθι,κλύω,v2sama---,ImprComm,0.0,PRED,5.445,ImprComm,,,
3,",",",",u--------,,4.0,AuxX,5.445,,,,
4,ἄναξ,ἄναξ,n-s---mv-,Voc,2.0,ExD,5.445,Voc,,,
5,",",",",u--------,,7.0,AuxX,5.445,,,,
6,ὅτις,ὅστις,p-s---mn-,"NomSubj, Pron6",7.0,PNOM,5.445,NomSubj,Pron6,,
7,ἐσσί,εἰμί,v2spia---,"Pres, Ind, Act",4.0,ATR,5.445,Pres,Ind,Act,
8,·,·,u--------,,0.0,AuxK,5.445,,,,
1,πολύλλιστον,πολύλλιστος,a-s---ma-,AccDirec,3.0,ATV,5.445,AccDirec,,,
2,δέ,δέ,g--------,particle indeclform,0.0,COORD,5.445,particle indeclform,,,
3,σ',σύ,p2s----a-,AccDirec,4.0,OBJ,5.445,AccDirec,,,
4,ἱκάνω,ἱκάνω,v1spia---,"PresCona, Ind, Act",2.0,PRED_CO,5.445,PresCona,Ind,Act,
5,",",",",u--------,,6.0,AuxX,5.445,,,,
6,φεύγων,φεύγω,v-sppamn-,"NomSubj, PartCirc.4",4.0,ADV,5.446,NomSubj,PartCirc.4,,
7,ἐκ,ἐκ,r--------,Prep3,6.0,AuxP,5.446,Prep3,,,
8,πόντοιο,πόντος,n-s---mg-,GenSep (Prep3),7.0,OBJ,5.446,GenSep (Prep3),,,
9,Ποσειδάωνος,Ποσειδεών,n-s---mg-,GenSubj,10.0,ATR,5.446,GenSubj,,,
10,ἐνιπάς,ἐνιπή,n-p---fa-,AccObj,6.0,OBJ,5.446,AccObj,,,
11,.,.,u--------,,0.0,AuxK,5.446,,,,
1,αἰδοῖος,αἰδοῖος,a-s---mn-,NomPred,4.0,PNOM,5.447,NomPred,,,
2,μέν,μέν,g--------,particle indeclform,4.0,AuxY,5.447,particle indeclform,,,
3,τ',τε,g--------,particle indeclform,4.0,AuxY,5.447,particle indeclform,,,
4,ἐστὶ,εἰμί,v3spia---,"PresIter.1., Ind, Act",0.0,PRED,5.447,PresIter.1.,Ind,Act,
5,καὶ,καί,d--------,conj indeclform,7.0,AuxZ,5.447,conj indeclform,,,
6,ἀθανάτοισι,ἀθάνατος,a-p---md-,DatVerb,7.0,ATR,5.447,DatVerb,,,
7,θεοῖσιν,θεός,n-p---md-,DatVerb,4.0,OBJ,5.447,DatVerb,,,
8,ἀνδρῶν,ἀνήρ,n-p---mg-,GenPart,9.0,ATR,5.448,GenPart,,,
9,ὅς,ὅς,p-s---mn-,"NomSubj, Pron8",11.0,SBJ,5.448,NomSubj,Pron8,,
10,τις,τις,p-s---mn-,"NomSubj, Pron6",9.0,ATR,5.448,NomSubj,Pron6,,
11,ἵκηται,ἱκνέομαι,v3sase---,SubjSubor,4.0,SBJ,5.448,SubjSubor,,,
12,ἀλώμενος,ἀλάομαι,v-sppemn-,"NomSubj, PartCirc.3",11.0,ADV,5.448,NomSubj,PartCirc.3,,
13,",",",",u--------,,14.0,AuxX,5.448,,,,
14,ὡς,ὡς,d--------,adv indeclform,24.0,ADV,5.448,adv indeclform,,,
15,καὶ,καί,d--------,conj indeclform,24.0,AuxY,5.448,conj indeclform,,,
16,ἐγὼ,ἐγώ,p1s---mn-,"NomSubj, Pron1",24.0,SBJ,5.448,NomSubj,Pron1,,
17,νῦν,νῦν,d--------,adv indeclform,24.0,ADV,5.448,adv indeclform,,,
18,σόν,σός,a-s---ma-,"AccDirec, Pron1",20.0,ATR,5.449,AccDirec,Pron1,,
19,τε,τε,g--------,particle indeclform,22.0,AuxY,5.449,particle indeclform,,,
20,ῥόον,ῥόος,n-s---ma-,AccDirec,22.0,OBJ_CO,5.449,AccDirec,,,
21,σά,σός,a-p---na-,"AccDirec, Pron1",23.0,ATR,5.449,AccDirec,Pron1,,
22,τε,τε,g--------,particle indeclform,24.0,COORD,5.449,particle indeclform,,,
23,γούναθ',γόνυ,n-p---na-,AccDirec,22.0,OBJ_CO,5.449,AccDirec,,,
24,ἱκάνω,ἱκάνω,v1spia---,PresCona,4.0,ADV,5.449,PresCona,,,
25,πολλὰ,πολύς,a-p---na-,AccObj,26.0,OBJ,5.449,AccObj,,,
26,μογήσας,μογέω,v-sapamn-,"NomSubj, PartCirc.7",24.0,ADV,5.449,NomSubj,PartCirc.7,,
27,.,.,u--------,,0.0,AuxK,5.449,,,,
1,ἀλλ',ἀλλά,d--------,adv indeclform,2.0,AuxY,5.45,adv indeclform,,,
2,ἐλέαιρε,ἐλεαίρω,v2spma---,ImprComm,0.0,PRED,5.45,ImprComm,,,
3,",",",",u--------,,4.0,AuxX,5.45,,,,
4,ἄναξ,ἄναξ,n-s---mv-,Voc,2.0,ExD,5.45,Voc,,,
5,·,·,u--------,,0.0,AuxK,5.45,,,,
1,ἱκέτης,ἱκέτης,n-s---mn-,NomPred,5.0,PNOM,5.45,NomPred,,,
2,δέ,δέ,g--------,particle indeclform,0.0,COORD,5.45,particle indeclform,,,
3,τοι,σύ,p2s----d-,DatPos,1.0,ATR,5.45,DatPos,,,
4,εὔχομαι,εὔχομαι,v1spie---,PresIter,2.0,PRED_CO,5.45,PresIter,,,
5,εἶναι,εἰμί,v--pna---,InfDec,4.0,OBJ,5.45,InfDec,,,
6,.,.,u--------,,0.0,AuxK,5.45,,,,
7,&quot;,&quot;,u--------,,2.0,AuxG,5.45,,,,
1,ὣς,ὡς,d--------,adv indeclform,2.0,ADV,5.451,adv indeclform,,,
2,φάθ',φημί,v3saim---,AorIngr,22.0,PRED_CO,5.451,AorIngr,,,
3,",",",",u--------,,22.0,AuxX,5.451,,,,
4,ὁ,ὁ,p-s---mn-,"NomSubj, Pron4",7.0,SBJ,5.451,NomSubj,Pron4,,
5,δ',δέ,g--------,particle indeclform,22.0,AuxY,5.451,particle indeclform,,,
6,αὐτίκα,αὐτίκα,d--------,adv indeclform,7.0,ADV,5.451,adv indeclform,,,
7,παῦσεν,παύω,v3saia---,AorIngr,22.0,PRED_CO,5.451,AorIngr,,,
8,ἑὸν,ἑός,a-s---ma-,"AccObj, Pron3",9.0,ATR,5.451,AccObj,Pron3,,
9,ῥόον,ῥόος,n-s---ma-,AccObj,7.0,OBJ,5.451,AccObj,,,
10,",",",",u--------,,22.0,AuxX,5.451,,,,
11,ἔσχε,ἔχω,v3saia---,AorIngr,22.0,PRED_CO,5.451,AorIngr,,,
12,δὲ,δέ,g--------,particle indeclform,22.0,AuxY,5.451,particle indeclform,,,
13,κῦμα,κῦμα,n-s---na-,AccObj,11.0,OBJ,5.451,AccObj,,,
14,",",",",u--------,,22.0,AuxX,5.451,,,,
15,πρόσθε,πρόσθεν,d--------,adv indeclform,18.0,ADV,5.452,adv indeclform,,,
16,δέ,δέ,g--------,particle indeclform,22.0,AuxY,5.452,particle indeclform,,,
17,οἱ,ἕ,p-s---md-,DatAdvn,18.0,OBJ,5.452,DatAdvn,,,
18,ποίησε,ποιέω,v3saia---,AorIngr,22.0,PRED_CO,5.452,AorIngr,,,
19,γαλήνην,γαλήνη,n-s---fa-,AccObj,18.0,OBJ,5.452,AccObj,,,
20,",",",",u--------,,22.0,AuxX,5.452,,,,
21,τὸν,ὁ,p-s---ma-,"AccObj, Pron4",23.0,OBJ,5.452,AccObj,Pron4,,
22,δ',δέ,g--------,particle indeclform,0.0,COORD,5.452,particle indeclform,,,
23,ἐσάωσεν,σώζω,v3saia---,AorComp,22.0,PRED_CO,5.452,AorComp,,,
24,ἐς,εἰς,r--------,Prep3,23.0,AuxP,5.453,Prep3,,,
25,ποταμοῦ,ποταμός,n-s---mg-,GenPos,26.0,ATR,5.453,GenPos,,,
26,προχοάς,προχοή,n-p---fa-,AccDirec.1 (Prep3),24.0,OBJ,5.453,AccDirec.1 (Prep3),,,
27,.,.,u--------,,0.0,AuxK,5.453,,,,
1,ὁ,ὁ,p-s---mn-,"NomSubj, Pron4",6.0,SBJ,5.453,NomSubj,Pron4,,
2,δ',δέ,g--------,particle indeclform,0.0,COORD,5.453,particle indeclform,,,
3,ἄρ',ἄρα,g--------,particle indeclform,6.0,AuxY,5.453,particle indeclform,,,
4,ἄμφω,ἄμφω,a-d---na-,AccObj,5.0,ATR,5.453,AccObj,,,
5,γούνατ',γόνυ,n-d---na-,AccObj,8.0,OBJ_CO,5.453,AccObj,,,
6,ἔκαμψε,κάμπτω,v3saia---,Aor,2.0,PRED_CO,5.453,Aor,,,
7,χεῖράς,χείρ,n-p---fa-,AccObj,8.0,OBJ_CO,5.454,AccObj,,,
8,τε,τε,g--------,particle indeclform,6.0,COORD,5.454,particle indeclform,,,
9,στιβαράς,στιβαρός,a-p---fa-,AccObj,7.0,ATR,5.454,AccObj,,,
10,.,.,u--------,,0.0,AuxK,5.454,,,,
1,ἁλὶ,ἅλς,n-s---md-,DatAgent,3.0,ADV,5.454,DatAgent,,,
2,γὰρ,γάρ,g--------,particle indeclform,0.0,AuxC,5.454,particle indeclform,,,
3,δέδμητο,δαμάζω,v3slie---,"Pperf, MidDir",2.0,PRED,5.454,Pperf,MidDir,,
4,φίλον,φίλος,a-s---nn-,NomSubj,5.0,ATR,5.454,NomSubj,,,
5,κῆρ,κῆρ,n-s---nn-,NomSubj,3.0,SBJ,5.454,NomSubj,,,
6,.,.,u--------,,0.0,AuxK,5.454,,,,
1,ᾤδεε,οἰδέω,v3siia---,ImpfDesc,7.0,PRED_CO,5.455,ImpfDesc,,,
2,δὲ,δέ,g--------,particle indeclform,7.0,AuxY,5.455,particle indeclform,,,
3,χρόα,χρώς,n-s---ma-,AccResp,1.0,OBJ,5.455,AccResp,,,
4,πάντα,πᾶς,a-s---ma-,AccResp,3.0,ATR,5.455,AccResp,,,
5,",",",",u--------,,7.0,AuxX,5.455,,,,
6,θάλασσα,θάλασσα,n-s---fn-,NomSubj,8.0,SBJ,5.455,NomSubj,,,
7,δὲ,δέ,g--------,particle indeclform,0.0,COORD,5.455,particle indeclform,,,
8,κήκιε,κηκίω,v3siia---,ImpfDesc,7.0,PRED_CO,5.455,ImpfDesc,,,
9,πολλὴ,πολύς,a-s---fn-,NomSubj,6.0,ATV,5.455,NomSubj,,,
10,ἂν,ἀνά,r--------,Prep5,8.0,AuxP,5.456,Prep5,,,
11,στόμα,στόμα,n-s---na-,AccDirec.1 (Prep5),14.0,OBJ_CO,5.456,AccDirec.1 (Prep5),,,
12,τε,τε,g--------,particle indeclform,14.0,AuxY,5.456,particle indeclform,,,
13,ῥῖνάς,ῥίς,n-p---fa-,AccDirec.1 (Prep5),14.0,OBJ_CO,5.456,AccDirec.1 (Prep5),,,
14,θ',τε,g--------,particle indeclform,10.0,COORD,5.456,particle indeclform,,,
15,·,·,u--------,,0.0,AuxK,5.456,,,,
1,ὁ,ὁ,p-s---mn-,"NomSubj, Pron4",7.0,SBJ,5.456,NomSubj,Pron4,,
2,δ',δέ,g--------,particle indeclform,11.0,AuxY,5.456,particle indeclform,,,
3,ἄρ',ἄρα,g--------,particle indeclform,7.0,AuxY,5.456,particle indeclform,,,
4,ἄπνευστος,ἄπνευστος,a-s---mn-,NomSubj,5.0,ATV_CO,5.456,NomSubj,,,
5,καὶ,καί,c--------,conj indeclform,1.0,COORD,5.456,conj indeclform,,,
6,ἄναυδος,ἄναυδος,a-s---mn-,NomSubj,5.0,ATV_CO,5.456,NomSubj,,,
7,κεῖτ',κεῖμαι,v3siie---,"ImpfDesc, MidDir",11.0,PRED_CO,5.457,ImpfDesc,MidDir,,
8,ὀλιγηπελέων,ὀλιγηπελέων,v-sppamn-,"NomSubj, PartCirc.2",7.0,ADV,5.457,NomSubj,PartCirc.2,,
9,",",",",u--------,,11.0,AuxX,5.457,,,,
10,κάματος,κάματος,n-s---mn-,NomSubj,14.0,SBJ,5.457,NomSubj,,,
11,δέ,δέ,g--------,particle indeclform,0.0,COORD,5.457,particle indeclform,,,
12,μιν,μιν,p-s---ma-,"AccObj, Pron4",14.0,OBJ,5.457,AccObj,Pron4,,
13,αἰνὸς,αἰνός,a-s---mn-,NomSubj,10.0,ATR,5.457,NomSubj,,,
14,ἵκανεν,ἱκάνω,v3siia---,ImpfDesc,11.0,PRED_CO,5.457,ImpfDesc,,,
15,.,.,u--------,,0.0,AuxK,5.457,,,,
1,ἀλλ',ἀλλά,d--------,adv indeclform,18.0,AuxY,5.458,adv indeclform,,,
2,ὅτε,ὅτε,c--------,conj indeclform,18.0,AuxC,5.458,conj indeclform,,,
3,δή,δή,g--------,particle indeclform,6.0,AuxY,5.458,particle indeclform,,,
4,ῥ',ἄρα,g--------,particle indeclform,5.0,AuxY,5.458,particle indeclform,,,
5,ἄμπνυτο,ἀναπνέω,v3saim---,"Aor, MidIndir",6.0,ADV_CO,5.458,Aor,MidIndir,,
6,καὶ,καί,c--------,conj indeclform,2.0,COORD,5.458,conj indeclform,,,
7,ἐς,εἰς,r--------,Prep3,10.0,AuxP,5.458,Prep3,,,
8,φρένα,φρήν,n-s---fa-,AccDirec.1 (Prep3),7.0,OBJ,5.458,AccDirec.1 (Prep3),,,
9,θυμὸς,θυμός,n-s---mn-,NomSubj,10.0,SBJ,5.458,NomSubj,,,
10,ἀγέρθη,ἀγείρω,v3saip---,"Aor, Pass",6.0,ADV_CO,5.458,Aor,Pass,,
11,",",",",u--------,,2.0,AuxX,5.458,,,,
12,καὶ,καί,d--------,conj indeclform,18.0,AuxY,5.459,conj indeclform,,,
13,τότε,τότε,d--------,adv indeclform,18.0,ADV,5.459,adv indeclform,,,
14,δὴ,δή,g--------,particle indeclform,18.0,AuxY,5.459,particle indeclform,,,
15,κρήδεμνον,κρήδεμνον,n-s---na-,AccObj,18.0,OBJ,5.459,AccObj,,,
16,ἀπὸ,ἀπό,r--------,Prep5,18.0,AuxP,5.459,Prep5,,,
17,ἕο,ἕ,p-s---mg-,"GenSep (Prep5), Pron3",16.0,OBJ,5.459,GenSep (Prep5),Pron3,,
18,λῦσε,λύω,v3saia---,Aor,0.0,PRED,5.459,Aor,,,
19,θεοῖο,θεός,n-s---fg-,GenPos,15.0,ATR,5.459,GenPos,,,
20,.,.,u--------,,0.0,AuxK,5.459,,,,
1,καὶ,καί,c--------,conj indeclform,18.0,AuxY,5.46,conj indeclform,,,
2,τὸ,ὁ,p-s---na-,"AccObj, Pron4",7.0,OBJ,5.46,AccObj,Pron4,,
3,μὲν,μέν,g--------,particle indeclform,7.0,AuxY,5.46,particle indeclform,,,
4,ἐς,εἰς,r--------,Prep3,7.0,AuxP,5.46,Prep3,,,
5,ποταμὸν,ποταμός,n-s---ma-,AccDirec.1 (Prep3),4.0,OBJ,5.46,AccDirec.1 (Prep3),,,
6,ἁλιμυρήεντα,ἁλιμυρήεις,a-s---ma-,AccDirec.1 (Prep3),5.0,ATR,5.46,AccDirec.1 (Prep3),,,
7,μεθῆκεν,μεθίημι,v3saia---,AorIngr,18.0,PRED_CO,5.46,AorIngr,,,
8,",",",",u--------,,18.0,AuxX,5.46,,,,
9,ἂψ,ἄψ,d--------,adv indeclform,11.0,ADV,5.461,adv indeclform,,,
10,δ',δέ,g--------,particle indeclform,18.0,AuxY,5.461,particle indeclform,,,
11,ἔφερεν,φέρω,v3siia---,ImpfDesc,18.0,PRED_CO,5.461,ImpfDesc,,,
12,μέγα,μέγας,a-s---nn-,NomSubj,13.0,ATR,5.461,NomSubj,,,
13,κῦμα,κῦμα,n-s---nn-,NomSubj,11.0,SBJ,5.461,NomSubj,,,
14,κατὰ,κατά,r--------,Prep5,11.0,AuxP,5.461,Prep5,,,
15,ῥόον,ῥόος,n-s---ma-,AccDirec.1 (Prep5),14.0,OBJ,5.461,AccDirec.1 (Prep5),,,
16,",",",",u--------,,18.0,AuxX,5.461,,,,
17,αἶψα,αἶψα,d--------,adv indeclform,21.0,ADV,5.461,adv indeclform,,,
18,δ',δέ,g--------,particle indeclform,0.0,COORD,5.461,particle indeclform,,,
19,ἄρ',ἄρα,g--------,particle indeclform,21.0,AuxY,5.461,particle indeclform,,,
20,Ἰνὼ,Ἰνώ,n-s---fn-,NomSubj,21.0,SBJ,5.461,NomSubj,,,
21,δέξατο,δέχομαι,v3saim---,"AorIngr, MidIndir",18.0,PRED_CO,5.462,AorIngr,MidIndir,,
22,χερσὶ,χείρ,n-p---fd-,DatInstr,21.0,ADV,5.462,DatInstr,,,
23,φίλῃσιν,φίλος,a-p---fd-,DatInstr,22.0,ATR,5.462,DatInstr,,,
24,·,·,u--------,,0.0,AuxK,5.462,,,,
1,ὁ,ὁ,p-s---mn-,"NomSubj, Pron4",10.0,SBJ,5.462,NomSubj,Pron4,,
2,δ',δέ,g--------,particle indeclform,10.0,AuxY,5.462,particle indeclform,,,
3,ἐκ,ἐκ,r--------,Prep3,5.0,AuxP,5.462,Prep3,,,
4,ποταμοῖο,ποταμός,n-s---mg-,GenSep (Prep3),3.0,OBJ,5.462,GenSep (Prep3),,,
5,λιασθεὶς,λιάζομαι,v-sapemn-,"NomSubj, PartCirc.1",7.0,ADV,5.462,NomSubj,PartCirc.1,,
6,σχοίνῳ,σχοῖνος,n-s---md-,DatVerb,7.0,OBJ,5.463,DatVerb,,,
7,ὑπεκλίνθη,ὑποκλίνομαι,v3saip---,"Aor, Pass",10.0,PRED_CO,5.463,Aor,Pass,,
8,",",",",u--------,,10.0,AuxX,5.463,,,,
9,κύσε,κυνέω,v3saia---,AorIngr,10.0,PRED_CO,5.463,AorIngr,,,
10,δὲ,δέ,g--------,particle indeclform,0.0,COORD,5.463,particle indeclform,,,
11,ζείδωρον,ζείδωρος,a-s---fa-,AccObj,12.0,ATR,5.463,AccObj,,,
12,ἄρουραν,ἄρουρα,n-s---fa-,AccObj,9.0,OBJ,5.463,AccObj,,,
13,.,.,u--------,,0.0,AuxK,5.463,,,,
1,ὀχθήσας,ὀχθέω,v-sapamn-,"NomSubj, PartCirc.4",4.0,ADV,5.464,NomSubj,PartCirc.4,,
2,δ',δέ,g--------,particle indeclform,0.0,COORD,5.464,particle indeclform,,,
3,ἄρα,ἄρα,g--------,particle indeclform,4.0,AuxY,5.464,particle indeclform,,,
4,εἶπε,εἶπον,v3saia---,Aor,2.0,PRED_CO,5.464,Aor,,,
5,πρὸς,πρός,r--------,Prep5,4.0,AuxP,5.464,Prep5,,,
6,ὃν,ἑός,a-s---ma-,"AccDirec.1 (Prep5), Pron3",8.0,ATR,5.464,AccDirec.1 (Prep5),Pron3,,
7,μεγαλήτορα,μεγαλήτωρ,a-s---ma-,AccDirec.1 (Prep5),8.0,ATR,5.464,AccDirec.1 (Prep5),,,
8,θυμόν,θυμός,n-s---ma-,AccDirec.1 (Prep5),5.0,OBJ,5.464,AccDirec.1 (Prep5),,,
9,·,·,u--------,,0.0,AuxK,5.464,,,,
1,&quot;,&quot;,u--------,,7.0,AuxG,5.465,,,,
2,ὤ,ὦ,i--------,exclam indeclform,4.0,AuxZ,5.465,exclam indeclform,,,
3,μοι,ἐγώ,p1s---md-,DatEthic,7.0,ExD,5.465,DatEthic,,,
4,ἐγώ,ἐγώ,p1s---mv-,Voc,7.0,ExD,5.465,Voc,,,
5,",",",",u--------,,4.0,AuxX,5.465,,,,
6,τί,τις,p-s---na-,"AccObj, Pron6",7.0,OBJ,5.465,AccObj,Pron6,,
7,πάθω,πάσχω,v1sasa---,SubjHomer.1,0.0,PRED,5.465,SubjHomer.1,,,
8,;,;,u--------,,0.0,AuxK,5.465,,,,
1,τί,τις,p-s---nn-,"NomSubj, Pron6",5.0,SBJ,5.465,NomSubj,Pron6,,
2,νύ,νῦν,d--------,adv indeclform,5.0,ADV,5.465,adv indeclform,,,
3,μοι,ἐγώ,p1s---md-,DatVerb,5.0,OBJ,5.465,DatVerb,,,
4,μήκιστα,μήκιστος,a-p---na-,AccAdv,5.0,ADV,5.465,AccAdv,,,
5,γένηται,γίγνομαι,v3sasm---,SubjHomer.1,0.0,PRED,5.465,SubjHomer.1,,,
6,;,;,u--------,,0.0,AuxK,5.465,,,,
1,εἰ,εἰ,c--------,Cond1,21.0,AuxC,5.466,Cond1,,,
2,μέν,μέν,g--------,particle indeclform,8.0,AuxY,5.466,particle indeclform,,,
3,κ',ἄν,g--------,particle indeclform,8.0,AuxZ,5.466,particle indeclform,,,
4,ἐν,ἐν,r--------,Prep3,8.0,AuxP,5.466,Prep3,,,
5,ποταμῷ,ποταμός,n-s---md-,DatLoc (Prep3),4.0,ADV,5.466,DatLoc (Prep3),,,
6,δυσκηδέα,δυσκηδής,a-s---fa-,AccTime,7.0,ATR,5.466,AccTime,,,
7,νύκτα,νύξ,n-s---fa-,AccTime,8.0,OBJ,5.466,AccTime,,,
8,φυλάσσω,φυλάσσω,v1spsa---,"SubjSubor (Cond1), Pres.1",1.0,ADV,5.466,SubjSubor (Cond1),Pres.1,,
9,",",",",u--------,,1.0,AuxX,5.466,,,,
10,μή,μή,d--------,Subcl3,21.0,AuxZ,5.467,Subcl3,,,
11,μ',ἐγώ,p1s---ma-,"AccObj, Pron1",21.0,OBJ,5.467,AccObj,Pron1,,
12,ἄμυδις,ἄμυδις,d--------,adv indeclform,21.0,ADV,5.467,adv indeclform,,,
13,στίβη,στίβη,n-s---fn-,NomSubj,16.0,SBJ_CO,5.467,NomSubj,,,
14,τε,τε,g--------,particle indeclform,16.0,AuxY,5.467,particle indeclform,,,
15,κακὴ,κακός,a-s---fn-,NomSubj,13.0,ATR,5.467,NomSubj,,,
16,καὶ,καί,c--------,conj indeclform,21.0,COORD,5.467,conj indeclform,,,
17,θῆλυς,θῆλυς,a-s---fn-,NomSubj,18.0,ATR,5.467,NomSubj,,,
18,ἐέρση,ἔρσα,n-s---fn-,NomSubj,16.0,SBJ_CO,5.467,NomSubj,,,
19,ἐξ,ἐκ,r--------,Prep1,22.0,AuxP,5.468,Prep1,,,
20,ὀλιγηπελίης,ὀλιγηπελία,n-s---fg-,GenCaus (Prep1),19.0,ADV,5.468,GenCaus (Prep1),,,
21,δαμάσῃ,δαμάζω,v3sasa---,SubjDoubt.1 (Subcl3),0.0,PRED,5.468,SubjDoubt.1 (Subcl3),,,
22,κεκαφηότα,κεκαφηώς,v-srpama-,"AccObj, PartCirc.7",11.0,ATV,5.468,AccObj,PartCirc.7,,
23,θυμόν,θυμός,n-s---ma-,AccObj,22.0,OBJ,5.468,AccObj,,,
24,·,·,u--------,,0.0,AuxK,5.468,,,,
1,αὔρη,αὔρα,n-s---fn-,NomSubj,6.0,SBJ,5.469,NomSubj,,,
2,δ',δέ,g--------,particle indeclform,0.0,COORD,5.469,particle indeclform,,,
3,ἐκ,ἐκ,r--------,Prep3,6.0,AuxP,5.469,Prep3,,,
4,ποταμοῦ,ποταμός,n-s---mg-,"GenSep, Prep3",3.0,ADV,5.469,GenSep,Prep3,,
5,ψυχρὴ,ψυχρός,a-s---fn-,NomSubj,1.0,ATR,5.469,NomSubj,,,
6,πνέει,πνέω,v3spia---,"PresIter, Ind, Act",2.0,PRED_CO,5.469,PresIter,Ind,Act,
7,ἠῶθι,ἠώς,n-s---fg-,"GenTime, Prep5",8.0,ADV,5.469,GenTime,Prep5,,
8,πρό,πρό,r--------,Prep5,6.0,AuxP,5.469,Prep5,,,
9,.,.,u--------,,0.0,AuxK,5.469,,,,
1,εἰ,εἰ,c--------,Cond,28.0,AuxC,5.47,Cond,,,
2,δέ,δέ,g--------,particle indeclform,0.0,COORD,5.47,particle indeclform,,,
3,κεν,ἄν,g--------,particle indeclform,23.0,AuxZ,5.47,particle indeclform,,,
4,ἐς,εἰς,r--------,Prep3,6.0,AuxP,5.47,Prep3,,,
5,κλιτὺν,κλιτύς,n-s---fa-,AccDirec.1 (Prep3),7.0,OBJ_CO,5.47,AccDirec.1 (Prep3),,,
6,ἀναβὰς,ἀναβαίνω,v-sapamn-,"NomSubj, PartCirc.3",13.0,ADV,5.47,NomSubj,PartCirc.3,,
7,καὶ,καί,c--------,conj indeclform,4.0,COORD,5.47,conj indeclform,,,
8,δάσκιον,δάσκιος,a-s---fa-,AccDirec.1 (Prep3),9.0,ATR,5.47,AccDirec.1 (Prep3),,,
9,ὕλην,ὕλη,n-s---fa-,AccDirec.1 (Prep3),7.0,OBJ_CO,5.47,AccDirec.1 (Prep3),,,
10,θάμνοις,θάμνος,n-p---md-,DatLoc (Prep3),11.0,ADV,5.471,DatLoc (Prep3),,,
11,ἐν,ἐν,r--------,Prep3,13.0,AuxP,5.471,Prep3,,,
12,πυκινοῖσι,πυκινός,a-p---md-,DatLoc (Prep3),10.0,ATR,5.471,DatLoc (Prep3),,,
13,καταδράθω,καταδαρθάνω,v1sasa---,SubjSubor (Cond),23.0,ADV_CO,5.471,SubjSubor (Cond),,,
14,",",",",u--------,,15.0,AuxX,5.471,,,,
15,εἴ,εἰ,c--------,conj indeclform,13.0,AuxC,5.471,conj indeclform,,,
16,με,ἐγώ,p1s---ma-,"AccObj, Pron1",17.0,OBJ,5.471,AccObj,Pron1,,
17,μεθείη,μεθίημι,v3saoa---,OptPoten,15.0,ADV,5.471,OptPoten,,,
18,ῥῖγος,ῥῖγος,n-s---nn-,NomSubj,19.0,SBJ_CO,5.472,NomSubj,,,
19,καὶ,καί,c--------,conj indeclform,17.0,COORD,5.472,conj indeclform,,,
20,κάματος,κάματος,n-s---mn-,NomSubj,19.0,SBJ_CO,5.472,NomSubj,,,
21,",",",",u--------,,23.0,AuxX,5.472,,,,
22,γλυκερὸς,γλυκύς,a-s---mn-,NomSubj,25.0,ATR,5.472,NomSubj,,,
23,δέ,δέ,g--------,particle indeclform,1.0,COORD,5.472,particle indeclform,,,
24,μοι,ἐγώ,p1s---md-,"DatVerb, Pron1",26.0,OBJ,5.472,DatVerb,Pron1,,
25,ὕπνος,ὕπνος,n-s---mn-,NomSubj,26.0,SBJ,5.472,NomSubj,,,
26,ἐπέλθῃ,ἐπέρχομαι,v3sasa---,SubjSubor (Cond),23.0,ADV_CO,5.472,SubjSubor (Cond),,,
27,",",",",u--------,,1.0,AuxX,5.472,,,,
28,δείδω,δείδω,v1spia---,"Pres, Ind, Act",2.0,PRED_CO,5.473,Pres,Ind,Act,
29,",",",",u--------,,30.0,AuxX,5.473,,,,
30,μὴ,μή,c--------,Subcl3,28.0,AuxC,5.473,Subcl3,,,
31,θήρεσσιν,θήρ,n-p---md-,DatVerb,35.0,OBJ,5.473,DatVerb,,,
32,ἕλωρ,ἕλωρ,n-s---nn-,NomPred,33.0,PNOM_CO,5.473,NomPred,,,
33,καὶ,καί,c--------,conj indeclform,35.0,COORD,5.473,conj indeclform,,,
34,κύρμα,κύρμα,n-s---nn-,NomPred,33.0,PNOM_CO,5.473,NomPred,,,
35,γένωμαι,γίγνομαι,v1sasm---,SubjDoubt.1 (Subcl3),30.0,OBJ,5.473,SubjDoubt.1 (Subcl3),,,
36,.,.,u--------,,0.0,AuxK,5.473,,,,
37,&quot;,&quot;,u--------,,2.0,AuxG,5.473,,,,
1,ὣς,ὡς,d--------,adv indeclform,4.0,AuxY,5.474,adv indeclform,,,
2,ἄρα,ἄρα,g--------,particle indeclform,4.0,AuxY,5.474,particle indeclform,,,
3,οἱ,ἕ,p-s---md-,"DatVerb, Pron4",5.0,OBJ,5.474,DatVerb,Pron4,,
4,φρονέοντι,φρονέω,v-sppamd-,"DatVerb, PartCirc.1",3.0,ATV,5.474,DatVerb,PartCirc.1,,
5,δοάσσατο,δοάσσατο,v3saim---,AorIngr,0.0,PRED,5.474,AorIngr,,,
6,κέρδιον,κερδίων,a-s---nnc,NomPred,7.0,PNOM,5.474,NomPred,,,
7,εἶναι,εἰμί,v--pna---,InfDyn,5.0,OBJ,5.474,InfDyn,,,
8,·,·,u--------,,0.0,AuxK,5.474,,,,
1,βῆ,βαίνω,v3saia---,Aor,0.0,PRED,5.475,Aor,,,
2,ῥ',ἄρα,g--------,particle indeclform,1.0,AuxY,5.475,particle indeclform,,,
3,ἴμεν,εἶμι,v--pna---,InfDyn,1.0,OBJ,5.475,InfDyn,,,
4,εἰς,εἰς,r--------,Prep3,1.0,AuxP,5.475,Prep3,,,
5,ὕλην,ὕλη,n-s---fa-,AccDirec.1 (Prep3),4.0,OBJ,5.475,AccDirec.1 (Prep3),,,
6,·,·,u--------,,0.0,AuxK,5.475,,,,
1,τὴν,ὁ,p-s---fa-,"AccObj, Pron4",5.0,OBJ,5.475,AccObj,Pron4,,
2,δὲ,δέ,g--------,particle indeclform,0.0,COORD,5.475,particle indeclform,,,
3,σχεδὸν,σχεδόν,r--------,Prep5,5.0,AuxP,5.475,Prep5,,,
4,ὕδατος,ὕδωρ,n-s---ng-,GenLoc (Prep5),3.0,ADV,5.475,GenLoc (Prep5),,,
5,εὗρεν,εὑρίσκω,v3saia---,AorIngr,2.0,PRED_CO,5.475,AorIngr,,,
6,ἐν,ἐν,r--------,Prep3,5.0,AuxP,5.476,Prep3,,,
7,περιφαινομένῳ,περιφαίνομαι,v-sppend-,DatLoc (Prep2),9.0,ATR,5.476,DatLoc (Prep2),,,
8,·,·,u--------,,0.0,AuxK,5.476,,,,
1,δοιοὺς,δοιοί,a-p---ma-,AccObj,5.0,ATR,5.476,AccObj,,,
2,δ',δέ,g--------,particle indeclform,0.0,COORD,5.476,particle indeclform,,,
3,ἄρ',ἄρα,g--------,particle indeclform,4.0,AuxY,5.476,particle indeclform,,,
4,ὑπήλυθε,ὑπέρχομαι,v3saia---,AorIngr,2.0,PRED_CO,5.476,AorIngr,,,
5,θάμνους,θάμνος,n-p---ma-,AccObj,4.0,OBJ,5.476,AccObj,,,
6,",",",",u--------,,9.0,AuxX,5.476,,,,
7,ἐξ,ἐκ,r--------,Prep5,9.0,AuxP,5.477,Prep5,,,
8,ὁμόθεν,ὁμόθεν,d--------,adv indeclform,7.0,OBJ,5.477,adv indeclform,,,
9,πεφυῶτας,φύω,v-prpama-,"AccObj, PartAttr",5.0,ATR,5.477,AccObj,PartAttr,,
10,·,·,u--------,,0.0,AuxK,5.477,,,,
1,ὁ,ὁ,p-s---mn-,"NomSubj, Pron4",9.0,SBJ,5.477,NomSubj,Pron4,,
2,μὲν,μέν,g--------,particle indeclform,6.0,AuxY,5.477,particle indeclform,,,
3,φυλίης,φυλία,n-s---fg-,GenMat,9.0,PNOM,5.477,GenMat,,,
4,",",",",u--------,,6.0,AuxX,5.477,,,,
5,ὁ,ὁ,p-s---mn-,"NomSubj, Pron4",10.0,SBJ,5.477,NomSubj,Pron4,,
6,δ',δέ,g--------,particle indeclform,0.0,COORD,5.477,particle indeclform,,,
7,ἐλαίης,ἐλαία,n-s---fg-,GenMat,10.0,PNOM,5.477,GenMat,,,
8,.,.,u--------,,0.0,AuxK,5.477,,,,
1,τοὺς,ὁ,p-p---ma-,"AccObj, Pron4",21.0,OBJ,5.478,AccObj,Pron4,,
2,μὲν,μέν,g--------,particle indeclform,7.0,AuxY,5.478,particle indeclform,,,
3,ἄρ',ἄρα,g--------,particle indeclform,7.0,AuxY,5.478,particle indeclform,,,
4,οὔ,οὐ,d--------,adv indeclform,7.0,AuxZ,5.478,adv indeclform,,,
5,τ',τε,g--------,particle indeclform,21.0,AuxY,5.478,particle indeclform,,,
6,ἀνέμων,ἄνεμος,n-p---mg-,GenSubj,8.0,ATR,5.478,GenSubj,,,
7,διάη,διάημι,v3siia---,ImpfIter,21.0,PRED_CO,5.478,ImpfIter,,,
8,μένος,μένος,n-s---nn-,NomSubj,7.0,SBJ,5.478,NomSubj,,,
9,ὑγρὸν,ὑγρός,a-s---nn-,NomSubj,8.0,ATR,5.478,NomSubj,,,
10,ἀέντων,ἄημι,v-pppamg-,"GenSubj, PartAttr",6.0,ATV,5.478,GenSubj,PartAttr,,
11,",",",",u--------,,21.0,AuxX,5.478,,,,
12,οὔ,οὐ,d--------,adv indeclform,18.0,AuxZ,5.479,adv indeclform,,,
13,τε,τε,g--------,particle indeclform,21.0,AuxY,5.479,particle indeclform,,,
14,ποτ',ποτέ,g--------,particle indeclform,18.0,ADV,5.479,particle indeclform,,,
15,ἠέλιος,ἥλιος,n-s---mn-,NomSubj,18.0,SBJ,5.479,NomSubj,,,
16,φαέθων,φαέθω,v-sppamn-,"NomSubj, PartCirc.3",18.0,ADV,5.479,NomSubj,PartCirc.3,,
17,ἀκτῖσιν,ἀκτίς,n-p---fd-,DatInstr,18.0,ADV,5.479,DatInstr,,,
18,ἔβαλλεν,βάλλω,v3siia---,ImpfIter,21.0,PRED_CO,5.479,ImpfIter,,,
19,",",",",u--------,,21.0,AuxX,5.479,,,,
20,οὔ,οὐ,d--------,adv indeclform,23.0,AuxZ,5.48,adv indeclform,,,
21,τ',τε,g--------,particle indeclform,0.0,COORD,5.48,particle indeclform,,,
22,ὄμβρος,ὄμβρος,n-s---mn-,NomSubj,23.0,SBJ,5.48,NomSubj,,,
23,περάασκε,περάω,v3siia---,ImpfIter.1,21.0,PRED_CO,5.48,ImpfIter.1,,,
24,διαμπερές,διαμπερές,d--------,adv indeclform,23.0,ADV,5.48,adv indeclform,,,
25,·,·,u--------,,0.0,AuxK,5.48,,,,
1,ὣς,ὡς,d--------,adv indeclform,5.0,ADV,5.48,adv indeclform,,,
2,ἄρα,ἄρα,g--------,particle indeclform,5.0,AuxY,5.48,particle indeclform,,,
3,πυκνοὶ,πυκνός,a-p---mn-,NomSubj,5.0,AtvV,5.48,NomSubj,,,
4,ἀλλήλοισιν,ἀλλήλων,a-p---md-,DatVerb,5.0,OBJ,5.481,DatVerb,,,
5,ἔφυν,φύω,v3paia---,AorIngr,0.0,PRED,5.481,AorIngr,,,
6,ἐπαμοιβαδίς,ἐπαμοιβαδίς,d--------,adv indeclform,5.0,ADV,5.481,adv indeclform,,,
7,·,·,u--------,,0.0,AuxK,5.481,,,,
1,οὓς,ὅς,p-p---ma-,AccDirec.1 (Prep3),2.0,OBJ,5.481,AccDirec.1 (Prep3),,,
2,ὑπ',ὑπό,r--------,Prep3,4.0,AuxP,5.481,Prep3,,,
3,Ὀδυσσεὺς,Ὀδυσσεύς,n-s---mn-,NomSubj,4.0,SBJ,5.481,NomSubj,,,
4,δύσετ',δύω,v3saim---,"AorIngr, MidDir",0.0,PRED,5.482,AorIngr,MidDir,,
5,.,.,u--------,,0.0,AuxK,5.482,,,,
1,ἄφαρ,ἄφαρ,d--------,adv indeclform,4.0,ADV,5.482,adv indeclform,,,
2,δ',δέ,g--------,particle indeclform,0.0,COORD,5.482,particle indeclform,,,
3,εὐνὴν,εὐνή,n-s---fa-,AccObj,4.0,OBJ,5.482,AccObj,,,
4,ἐπαμήσατο,ἐπαμάω,v3saim---,"Aor, MidIndir",2.0,PRED_CO,5.482,Aor,MidIndir,,
5,χερσὶ,χείρ,n-p---fd-,DatInstr,4.0,ADV,5.482,DatInstr,,,
6,φίλῃσιν,φίλος,a-p---fd-,DatInstr,5.0,ATR,5.482,DatInstr,,,
7,εὐρεῖαν,εὐρύς,a-s---fa-,AccObj,3.0,ATR,5.483,AccObj,,,
8,·,·,u--------,,0.0,AuxK,5.483,,,,
1,φύλλων,φύλλον,n-p---ng-,GenMat,4.0,ATR,5.483,GenMat,,,
2,γὰρ,γάρ,g--------,particle indeclform,3.0,AuxY,5.483,particle indeclform,,,
3,ἔην,εἰμί,v3siia---,ImpfDesc,0.0,PRED,5.483,ImpfDesc,,,
4,χύσις,χύσις,n-s---fn-,NomSubj,3.0,SBJ,5.483,NomSubj,,,
5,ἤλιθα,ἤλιθα,d--------,adv indeclform,3.0,ADV,5.483,adv indeclform,,,
6,πολλή,πολύς,a-s---fn-,NomPred,7.0,ATR_AP,5.483,NomPred,,,
7,",",",",u--------,,4.0,APOS,5.483,,,,
8,ὅσσον,ὅσος,a-s---na-,AccAdv,7.0,ATR_AP,5.484,AccAdv,,,
9,τ',τε,g--------,particle indeclform,8.0,AuxY,5.484,particle indeclform,,,
10,ἠὲ,ἤ,c--------,conj indeclform,12.0,AuxY,5.484,conj indeclform,,,
11,δύω,δύο,m--------,"AccObj, numeral indeclform",12.0,ATR_CO,5.484,AccObj,numeral indeclform,,
12,ἠὲ,ἤ,c--------,conj indeclform,14.0,COORD,5.484,conj indeclform,,,
13,τρεῖς,τρεῖς,m--------,"AccObj, numeral indeclform",12.0,ATR_CO,5.484,AccObj,numeral indeclform,,
14,ἄνδρας,ἀνήρ,n-p---ma-,AccObj,15.0,OBJ,5.484,AccObj,,,
15,ἔρυσθαι,ἐρύω2,v--pne---,InfDyn,8.0,ATR,5.484,InfDyn,,,
16,ὥρῃ,ὥρα,n-s---fd-,DatTime,15.0,ADV,5.485,DatTime,,,
17,χειμερίῃ,χειμέριος,a-s---fd-,DatTime,16.0,ATR,5.485,DatTime,,,
18,",",",",u--------,,19.0,AuxX,5.485,,,,
19,εἰ,εἰ,c--------,conj indeclform,15.0,AuxC,5.485,conj indeclform,,,
20,καὶ,καί,d--------,conj indeclform,23.0,AuxY,5.485,conj indeclform,,,
21,μάλα,μάλα,d--------,adv indeclform,23.0,ADV,5.485,adv indeclform,,,
22,περ,πέρ,g--------,particle indeclform,21.0,AuxZ,5.485,particle indeclform,,,
23,χαλεπαίνοι,χαλεπαίνω,v3spoa---,OptPoten.1,19.0,ADV,5.485,OptPoten.1,,,
24,.,.,u--------,,0.0,AuxK,5.485,,,,
1,τὴν,ὁ,p-s---fa-,"AccObj, Pron4",3.0,OBJ,5.486,AccObj,Pron4,,
2,μὲν,μέν,g--------,particle indeclform,16.0,AuxY,5.486,particle indeclform,,,
3,ἰδὼν,εἶδον,v-sapamn-,"NomSubj, PartCirc.4",4.0,ADV,5.486,NomSubj,PartCirc.4,,
4,γήθησε,γηθέω,v3saia---,Aor,16.0,PRED_CO,5.486,Aor,,,
5,πολύτλας,πολύτλας,a-s---mn-,NomSubj,7.0,ATR,5.486,NomSubj,,,
6,δῖος,δῖος,a-s---mn-,NomSubj,7.0,ATR,5.486,NomSubj,,,
7,Ὀδυσσεύς,Ὀδυσσεύς,n-s---mn-,NomSubj,16.0,SBJ,5.486,NomSubj,,,
8,",",",",u--------,,16.0,AuxX,5.486,,,,
9,ἐν,ἐν,r--------,Prep3,13.0,AuxP,5.487,Prep3,,,
10,δ',δέ,g--------,particle indeclform,16.0,AuxY,5.487,particle indeclform,,,
11,ἄρα,ἄρα,g--------,particle indeclform,13.0,AuxY,5.487,particle indeclform,,,
12,μέσσῃ,μέσος,a-s---fd-,DatLoc (Prep3),9.0,AtvV,5.487,DatLoc (Prep3),,,
13,λέκτο,λέγω,v3saim---,"Aor, MidDir",16.0,PRED_CO,5.487,Aor,MidDir,,
14,",",",",u--------,,16.0,AuxX,5.487,,,,
15,χύσιν,χύσις,n-s---fa-,AccObj,17.0,OBJ,5.487,AccObj,,,
16,δ',δέ,g--------,particle indeclform,0.0,COORD,5.487,particle indeclform,,,
17,ἐπεχεύατο,ἐπιχέω,v3saim---,"Aor, MidIndir",16.0,PRED_CO,5.487,Aor,MidIndir,,
18,φύλλων,φύλλον,n-p---ng-,GenMat,15.0,ATR,5.487,GenMat,,,
19,.,.,u--------,,0.0,AuxK,5.487,,,,
1,ὡς,ὡς,c--------,adv indeclform,34.0,ADV,5.488,adv indeclform,,,
2,δ',δέ,g--------,particle indeclform,0.0,COORD,5.488,particle indeclform,,,
3,ὅτε,ὅτε,c--------,conj indeclform,32.0,AuxC,5.488,conj indeclform,,,
4,τις,τις,p-s---mn-,"NomSubj, Pron6",7.0,SBJ,5.488,NomSubj,Pron6,,
5,δαλὸν,δαλός,n-s---ma-,AccObj,7.0,OBJ,5.488,AccObj,,,
6,σποδιῇ,σποδιά,n-s---fd-,DatVerb,7.0,ADV,5.488,DatVerb,,,
7,ἐνέκρυψε,ἐγκρύπτω,v3saia---,AorGnom,34.0,ADV,5.488,AorGnom,,,
8,μελαίνῃ,μέλας,a-s---fd-,DatVerb,6.0,ATR,5.488,DatVerb,,,
9,ἀγροῦ,ἀγρός,n-s---mg-,GenPart,11.0,ATR,5.489,GenPart,,,
10,ἐπ',ἐπί,r--------,Prep3,7.0,AuxP,5.489,Prep3,,,
11,ἐσχατιῆς,ἐσχατιά,n-s---fg-,GenLoc (Prep3),10.0,ADV,5.489,GenLoc (Prep3),,,
12,",",",",u--------,,35.0,AuxX,5.489,,,,
13,ᾧ,ὅς,p-s---md-,"DatVerb (Prep5), Pron8",35.0,OBJ,5.489,DatVerb (Prep5),Pron8,,
14,μὴ,μή,g--------,particle indeclform,35.0,AuxZ,5.489,particle indeclform,,,
15,πάρα,πάρειμι,v3ppia---,Prep5,35.0,AuxZ,5.489,Prep5,,,
16,γείτονες,γείτων,n-p---mn-,NomSubj,35.0,SBJ,5.489,NomSubj,,,
17,ἄλλοι,ἄλλος,a-p---mn-,NomSubj,16.0,ATR,5.489,NomSubj,,,
18,",",",",u--------,,35.0,AuxX,5.489,,,,
19,σπέρμα,σπέρμα,n-s---na-,AccObj,21.0,OBJ,5.49,AccObj,,,
20,πυρὸς,πῦρ,n-s---ng-,GenPart,19.0,ATR,5.49,GenPart,,,
21,σώζων,σώζω,v-sppamn-,"NomSubj, PartCirc.5",7.0,ADV,5.49,NomSubj,PartCirc.5,,
22,",",",",u--------,,23.0,AuxX,5.49,,,,
23,ἵνα,ἵνα,c--------,conj indeclform,21.0,AuxC,5.49,conj indeclform,,,
24,μή,μή,d--------,particle indeclform,27.0,AuxZ,5.49,particle indeclform,,,
25,ποθεν,ποθεν,g--------,particle indeclform,26.0,AuxY,5.49,particle indeclform,,,
26,ἄλλοθεν,ἄλλοθεν,d--------,adv indeclform,27.0,ADV,5.49,adv indeclform,,,
27,αὔοι,αὔω,v3spoa---,"OptPoten.1, PresIter",23.0,ADV,5.49,OptPoten.1,PresIter,,
28,",",",",u--------,,34.0,AuxX,5.49,,,,
29,ὣς,ὡς,d--------,adv indeclform,32.0,ADV,5.491,adv indeclform,,,
30,Ὀδυσεὺς,Ὀδυσσεύς,n-s---mn-,NomSubj,32.0,SBJ,5.491,NomSubj,,,
31,φύλλοισι,φύλλον,n-p---nd-,DatInstr,32.0,ADV,5.491,DatInstr,,,
32,καλύψατο,καλύπτω,v3saim---,"AorComp, MidDir",2.0,PRED_CO,5.491,AorComp,MidDir,,
33,·,·,u--------,,0.0,AuxK,5.491,,,,
1,τῷ,ὁ,p-s---md-,"DatPos, Pron4",8.0,OBJ,5.491,DatPos,Pron4,,
2,δ',δέ,g--------,particle indeclform,0.0,COORD,5.491,particle indeclform,,,
3,ἄρ',ἄρα,g--------,particle indeclform,8.0,AuxY,5.491,particle indeclform,,,
4,Ἀθήνη,Ἀθήνη,n-s---fn-,NomSubj,8.0,SBJ,5.491,NomSubj,,,
5,ὕπνον,ὕπνος,n-s---ma-,AccObj,8.0,OBJ,5.492,AccObj,,,
6,ἐπ',ἐπί,r--------,Prep3,8.0,AuxP,5.492,Prep3,,,
7,ὄμμασι,ὄμμα,n-p---nd-,DatLoc (Prep3),6.0,ADV,5.492,DatLoc (Prep3),,,
8,χεῦ',χέω,v3siia---,ImpfDesc,2.0,PRED_CO,5.492,ImpfDesc,,,
9,",",",",u--------,,10.0,AuxX,5.492,,,,
10,ἵνα,ἵνα,c--------,conj indeclform,8.0,AuxC,5.492,conj indeclform,,,
11,μιν,μιν,p-s---ma-,"AccObj, Pron4",12.0,OBJ,5.492,AccObj,Pron4,,
12,παύσειε,παύω,v3saoa---,OptPoten.1,10.0,ADV,5.492,OptPoten.1,,,
13,τάχιστα,ταχύς,a-p---na-,AccAdv,12.0,ADV,5.492,AccAdv,,,
1,δυσπονέος,δυσπονής,a-s---mg-,GenVerb.1,,ATV,5.493,GenVerb.1,,,
2,καμάτοιο,κάματος,n-s---mg-,GenVerb.1,,OBJ,5.493,GenVerb.1,,,
3,φίλα,φίλος,a-p---na-,AccObj,,ATV,5.493,AccObj,,,
4,βλέφαρ᾽,βλέφαρον,n-p---na-,AccObj,,OBJ,5.493,AccObj,,,
5,ἀμφικαλύψας,ἀμφικαλύπτω,v-spaamn-,"NomSubj, PartCirc.3",,ADV,5.493,NomSubj,PartCirc.3,,
6,.,.,u--------,,0.0,AuxK,5.493,,,,
